{
"label": "a",
"gestures": [
{
"l_hand_position": null,
"l_wrist": null,
"l_thumb_cmc": null,
"l_thumb_mcp": null,
"l_thumb_ip": null,
"l_thumb_tip": null,
"l_index_mcp": null,
"l_index_pip": null,
"l_index_dip": null,
"l_index_tip": null,
"l_middle_mcp": null,
"l_middle_pip": null,
"l_middle_dip": null,
"l_middle_tip": null,
"l_ring_mcp": null,
"l_ring_pip": null,
"l_ring_dip": null,
"l_ring_tip": null,
"l_pinky_mcp": null,
"l_pinky_pip": null,
"l_pinky_dip": null,
"l_pinky_tip": null,
"r_hand_position": [
-0.31944647431373596,
0.015370428562164307,
-0.5143902497366071
],
"r_wrist": [
-0.13098298513906279,
0.9848618955273579,
0.11353635691847581
],
"r_thumb_cmc": [
0.21703668850157498,
0.7759883210020262,
0.017337064781926263
],
"r_thumb_mcp": [
0.5525078361223037,
0.440297673521092,
-0.026850765689253635
],
"r_thumb_ip": [
0.7711691998076919,
0.13461513761961322,
-0.07320860416846842
],
"r_thumb_tip": [
0.7551020922043714,
-0.16020574103229826,
-0.10459260188959602
],
"r_index_mcp": [
0.23608685446214955,
-0.035978695886190445,
0.02544498048052276
],
"r_index_pip": [
0.26401306806382324,
-0.29119860190154706,
-0.15995246235388966
],
"r_index_dip": [
0.2926596221279923,
0.04506013520151504,
-0.28124523995259093
],
"r_index_tip": [
0.314246087223121,
0.31560106091828327,
-0.33709913675864456
],
"r_middle_mcp": [
0.0,
0.0,
0.0
],
"r_middle_pip": [
0.03704515717806178,
-0.2391492713655411,
-0.2251298420409872
],
"r_middle_dip": [
0.11628872159981254,
0.20516453243119032,
-0.31246933020325146
],
"r_middle_tip": [
0.1463743106339414,
0.5086772293289454,
-0.3336146499580181
],
"r_ring_mcp": [
-0.21271770250023167,
0.0900661890234401,
-0.04579801537230952
],
"r_ring_pip": [
-0.18187027142318293,
-0.1218437022612202,
-0.25166748682963375
],
"r_ring_dip": [
-0.07084778294505406,
0.2692707187057024,
-0.2506837641701243
],
"r_ring_tip": [
-0.022882889818473966,
0.5422965662464143,
-0.20370094774802264
],
"r_pinky_mcp": [
-0.40827879273483747,
0.20954512417797966,
-0.09981896489902019
],
"r_pinky_pip": [
-0.37154189942043864,
0.045122211219827034,
-0.22826150662389724
],
"r_pinky_dip": [
-0.2727302810444309,
0.3031063811415312,
-0.2139933690853512
],
"r_pinky_tip": [
-0.21683435360097852,
0.5070261012964197,
-0.17573772955020558
],
"l_hand_velocity": null,
"r_hand_velocity": null,
"m_nose_point": [
0.0,
0.0,
0.0
],
"m_top_nose": [
-0.022299694760211604,
-0.34489030838350865,
0.2276629048961771
],
"m_eyebrows": [
-0.048557174779393475,
-0.6104103639959495,
0.31717002940494265
],
"m_forehead": [
-0.08414601476432372,
-0.9756063101516117,
0.461957092529353
],
"m_top_chin": [
0.10442918682007275,
0.6039072130683562,
0.06492780191258168
],
"m_bot_up_lip": [
0.0688625878943829,
0.3735410611712556,
0.09058482949656388
],
"m_top_low_lip": [
0.06910364503140255,
0.3795012157333536,
0.08399013077462242
],
"m_bot_nose": [
-4.178623251225918e-05,
0.08483616157226813,
0.07878086470119729
],
"m_chin": [
0.16545640680407897,
0.9834034863441008,
0.07444300164388214
],
"m_nose": [
-0.019680416884617895,
-0.2832953797459622,
0.16819125674950078
],
"l_eye_exterior": [
-0.347887010294697,
-0.2187084669976724,
0.47394134469886523
],
"l_temple": [
-0.5203900137061928,
-0.39698291295346894,
0.8167466520660961
],
"l_mid_chin": [
-0.051690018931992696,
0.8031931696057336,
0.11573833017055879
],
"l_up_lip": [
-0.07370619635118027,
0.32195820370651207,
0.11163309960661164
],
"l_ext_nostril": [
-0.14061920937598582,
0.055369678621875994,
0.14569552053151494
],
"l_mid_cheek": [
-0.36128466492964906,
0.13661581871271455,
0.35819574827315687
],
"l_mid_eyebrow": [
-0.35558983047828746,
-0.5043984674551839,
0.4125336818486226
],
"l_ext_eyebrow": [
-0.4154135620345078,
-0.45337837618637167,
0.4592851325487909
],
"l_ext_lips": [
-0.18220639564090166,
0.48191972093522895,
0.22722507265533187
],
"l_jaw_angle": [
-0.33836738762547935,
0.6676105491904594,
0.689556745903047
],
"l_mid_ext_face": [
-0.4402013348865112,
0.32631318283151284,
0.8710169146914297
],
"l_int_eyebrow": [
-0.17376467804476914,
-0.583836117375465,
0.33550195570345676
],
"l_mid_jaw": [
-0.21837709768070693,
0.8520138672385512,
0.4368717612635728
],
"l_mid_bot_eyelid": [
-0.26134704879031606,
-0.20186906460956006,
0.41575953406713617
],
"l_ext_mouth": [
-0.10681729247386477,
0.4967673129069236,
0.1746142050695303
],
"l_top_eyelid": [
-0.28415851257022084,
-0.34184957366816765,
0.4233215784553073
],
"l_eye_int": [
-0.16491588166738813,
-0.2938672965715638,
0.4240187738817736
],
"l_pupil": [
-0.26207651060196824,
-0.2603670942407544,
0.4376499175155316
],
"r_eye_exterior": [
0.41701267172817585,
-0.4012053443516835,
0.4136877457003187
],
"r_temple": [
0.5649453704224632,
-0.6424981467364118,
0.6829150938338203
],
"r_mid_chin": [
0.3284460779469504,
0.7371527250060765,
0.07693464616815313
],
"r_up_lip": [
0.18956122187738736,
0.2639851978676895,
0.0804937772895266
],
"r_ext_nostril": [
0.19920710187279791,
-0.003626865256332861,
0.15225876725049017
],
"r_mid_cheek": [
0.4658985199385663,
-0.03657598356374136,
0.2665858213005641
],
"r_mid_eyebrow": [
0.3794832431602301,
-0.6323896976402338,
0.37086764793966354
],
"r_ext_eyebrow": [
0.2958788768184174,
-0.6589484429163992,
0.34243191311951626
],
"r_ext_lips": [
0.33422021637721966,
0.45360483060772844,
0.13763786839838907
],
"r_jaw_angle": [
0.6688547005649372,
0.4665277846550547,
0.5648662349364286
],
"r_mid_ext_face": [
0.6923924809561975,
0.08736804781104857,
0.7300715592775424
],
"r_int_eyebrow": [
0.06945882800775675,
-0.6704223582556391,
0.3108664653059936
],
"r_mid_jaw": [
0.5698577239714582,
0.7116676163168794,
0.34242393076965627
],
"r_mid_bot_eyelid": [
0.2794892380727219,
-0.33531002827999906,
0.34834465097892814
],
"r_ext_mouth": [
0.3666503766356856,
0.3773063152406398,
0.16346138098200091
],
"r_top_eyelid": [
0.2722305651024472,
-0.45368795375842486,
0.35542579564585314
],
"r_eye_int": [
0.15114978928340322,
-0.3709927749594999,
0.37903741101818395
],
"r_pupil": [
0.28026834911762794,
-0.39158058212969316,
0.3713284689268732
],
"l_shoulder": [
0.44450647676185556,
-0.012408203654334603,
-0.22860452444961477
],
"l_elbow": [
0.799813990859263,
0.8181418466342237,
-0.9156048404000409
],
"l_hip": [
0.3704186400709573,
1.6924264943784435,
-0.03664120487493063
],
"l_knee": [
0.34829805962715454,
3.117523016153578,
-0.43954889023808863
],
"l_ankle": [
0.3664937764957332,
4.449513208856571,
0.4198371608222669
],
"l_body_wrist": [
0.6549252588428532,
0.9479220902543546,
-2.5339819101284067
],
"r_shoulder": [
-0.44450647676185556,
0.012408203654334603,
0.22860452444961477
],
"r_elbow": [
-0.7588739622457418,
0.8357757223950932,
-0.8085092472699609
],
"r_hip": [
-0.2578778243882593,
1.7071544286681783,
0.32567201164618925
],
"r_knee": [
-0.29800429043507654,
3.1096459473570524,
-0.20385528248891818
],
"r_ankle": [
-0.2424297943545524,
4.410188789194006,
0.08435781031760774
],
"r_body_wrist": [
-0.8660525461874208,
0.15247068935038302,
-3.3582142570222646
],
"m_face_position": [
-0.025875449180603027,
-0.1712448000907898,
-0.5365278609097004
],
"m_body_position": [
-0.00888030230998993,
0.14887487888336182,
-0.5559093728661537
],
"m_face_scale": [
0.13265689751965706,
0.13265689751965706,
0.13265689751965706
],
"m_body_scale": [
0.40111903312779296,
0.40111903312779296,
0.40111903312779296
],
"l_hand_scale": null,
"r_hand_scale": [
0.12674480941751767,
0.12674480941751767,
0.12674480941751767
]
}
],
"framerate": 30,
"mirrorable": true,
"invalid": false
}