{
"label": "a",
"gestures": [
{
"l_hand_position": [
0.2273883819580078,
-0.049009859561920166,
-0.50794174708426
],
"l_wrist": [
0.24007732578983496,
0.9700229620224741,
0.03766073274310102
],
"l_thumb_cmc": [
-0.07468309800274028,
0.8651208168671417,
-0.06650890143225908
],
"l_thumb_mcp": [
-0.35148774958109535,
0.6056693136934292,
-0.1352405195827517
],
"l_thumb_ip": [
-0.5858700135704231,
0.4284558823066518,
-0.21205635081503907
],
"l_thumb_tip": [
-0.7580433096105237,
0.3432936783812292,
-0.27372518816976327
],
"l_index_mcp": [
-0.17654154524920518,
0.042614597338101426,
0.009777175970356492
],
"l_index_pip": [
-0.2113298138632425,
-0.3629643675691931,
-0.10640232634715217
],
"l_index_dip": [
-0.20466352750711972,
-0.21685075624400024,
-0.1879350342874621
],
"l_index_tip": [
-0.190931554242754,
-0.006307871706378739,
-0.22397392058042448
],
"l_middle_mcp": [
0.0,
0.0,
0.0
],
"l_middle_pip": [
-0.029760570368771208,
-0.4130036317880729,
-0.10997714501853467
],
"l_middle_dip": [
-0.02819434357521302,
-0.21069778298246356,
-0.1690790812399209
],
"l_middle_tip": [
-0.004437501251050359,
0.008370734572176913,
-0.18419353372430441
],
"l_ring_mcp": [
0.18385710483124443,
0.012513843979608637,
-0.03423938876602074
],
"l_ring_pip": [
0.1606333618993667,
-0.3676000144586272,
-0.1191117366799088
],
"l_ring_dip": [
0.14315584248061736,
-0.17974862144478562,
-0.13205208137295005
],
"l_ring_tip": [
0.1481210725574344,
0.028318855920017635,
-0.12030596341039225
],
"l_pinky_mcp": [
0.3719349096230395,
0.0740465445396302,
-0.08264465370513965
],
"l_pinky_pip": [
0.35695696492644047,
-0.22386047619589514,
-0.13776668214243484
],
"l_pinky_dip": [
0.32008265521215784,
-0.12488800179949865,
-0.13683810412489508
],
"l_pinky_tip": [
0.3104393790365521,
0.032472989121881554,
-0.12138901588068055
],
"r_hand_position": null,
"r_wrist": null,
"r_thumb_cmc": null,
"r_thumb_mcp": null,
"r_thumb_ip": null,
"r_thumb_tip": null,
"r_index_mcp": null,
"r_index_pip": null,
"r_index_dip": null,
"r_index_tip": null,
"r_middle_mcp": null,
"r_middle_pip": null,
"r_middle_dip": null,
"r_middle_tip": null,
"r_ring_mcp": null,
"r_ring_pip": null,
"r_ring_dip": null,
"r_ring_tip": null,
"r_pinky_mcp": null,
"r_pinky_pip": null,
"r_pinky_dip": null,
"r_pinky_tip": null,
"l_hand_velocity": null,
"r_hand_velocity": null,
"m_nose_point": [
0.0,
0.0,
0.0
],
"m_top_nose": [
-0.018799721964743065,
-0.3225081049250252,
0.2389892893111248
],
"m_eyebrows": [
-0.029563665850052667,
-0.5626228771661093,
0.33600368737721836
],
"m_forehead": [
-0.03903471476208149,
-0.857177150214718,
0.49591852425504257
],
"m_top_chin": [
0.0021415114812746265,
0.613978037575809,
0.05940852989584319
],
"m_bot_up_lip": [
-0.001808596311887227,
0.40969076416363265,
0.0781529813640454
],
"m_top_low_lip": [
-0.0024969812422366133,
0.4163826644950803,
0.07388075112598008
],
"m_bot_nose": [
-0.023082509983630085,
0.08309769378332256,
0.0744855107965526
],
"m_chin": [
0.01019631999734915,
0.9981844626967803,
0.05936171737114281
],
"m_nose": [
-0.014437992875344993,
-0.26681893877807106,
0.17711813134165744
],
"l_eye_exterior": [
-0.40998138947381774,
-0.2545771992573015,
0.42343557044753133
],
"l_temple": [
-0.6251817959968231,
-0.4373098013213639,
0.7395184801496826
],
"l_mid_chin": [
-0.20119987874674253,
0.7799340175506364,
0.07319881246236327
],
"l_up_lip": [
-0.13118525773865408,
0.3312660998221699,
0.07700174273511362
],
"l_ext_nostril": [
-0.1761102450566364,
0.03926989336797901,
0.12266374832152804
],
"l_mid_cheek": [
-0.43517228388234724,
0.08163798880985473,
0.29457449839403194
],
"l_mid_eyebrow": [
-0.37686044163386057,
-0.5326499394564427,
0.3773469071704976
],
"l_ext_eyebrow": [
-0.4511235488861497,
-0.4864715277004351,
0.40972093974025103
],
"l_ext_lips": [
-0.28575375334859937,
0.47615421171703476,
0.165869160949642
],
"l_jaw_angle": [
-0.5750175650109939,
0.6041947485366695,
0.5866645152828571
],
"l_mid_ext_face": [
-0.653125995183088,
0.25337522748130575,
0.7685875014868566
],
"l_int_eyebrow": [
-0.15934161105191738,
-0.600043294024972,
0.3364736885025253
],
"l_mid_jaw": [
-0.4466210885430727,
0.8110645226841362,
0.35070805497161206
],
"l_mid_bot_eyelid": [
-0.3105043633341,
-0.24128126752408222,
0.3790655934796432
],
"l_ext_mouth": [
-0.19189563983490077,
0.503722266100061,
0.12171917201148996
],
"l_top_eyelid": [
-0.3279566833959237,
-0.3541467931999399,
0.3878597623587827
],
"l_eye_int": [
-0.20104716536628958,
-0.30553295544120135,
0.40437958368320515
],
"l_pupil": [
-0.32645304395761787,
-0.2944201202174724,
0.40201822366999385
],
"r_eye_exterior": [
0.37884360108678866,
-0.28755271697033497,
0.48896661470939495
],
"r_temple": [
0.49615097164086663,
-0.43483936871295986,
0.8036664404399249
],
"r_mid_chin": [
0.20001482291442774,
0.7720568264432118,
0.0901988219224474
],
"r_up_lip": [
0.12229264012304851,
0.3304026818634553,
0.08949424056338266
],
"r_ext_nostril": [
0.16122327484275978,
0.05160725495927832,
0.18025753666031866
],
"r_mid_cheek": [
0.38342312295107883,
0.07682305339600479,
0.3329093912417063
],
"r_mid_eyebrow": [
0.3827469550911657,
-0.5009774192941661,
0.44476754457180406
],
"r_ext_eyebrow": [
0.31543277653680957,
-0.5448404612588449,
0.40437698461894167
],
"r_ext_lips": [
0.21998597397907593,
0.5286580116914029,
0.15665725489705867
],
"r_jaw_angle": [
0.48833016701237847,
0.5897490025204708,
0.6473661457276855
],
"r_mid_ext_face": [
0.5302084049184936,
0.2469734825727187,
0.8354187827114459
],
"r_int_eyebrow": [
0.11161351089980585,
-0.6073509816951383,
0.3453386304889185
],
"r_mid_jaw": [
0.40404647762209217,
0.7923954293955959,
0.396098458342493
],
"r_mid_bot_eyelid": [
0.24038519239631684,
-0.24505892666916337,
0.4061275938981934
],
"r_ext_mouth": [
0.2550019773986229,
0.46796219610221484,
0.19146307918476782
],
"r_top_eyelid": [
0.26430010777524654,
-0.3786314469597902,
0.4152769168327488
],
"r_eye_int": [
0.13474183489757183,
-0.3091818654593776,
0.42220985467767097
],
"r_pupil": [
0.2469499882064952,
-0.30222306912763064,
0.4287455762096477
],
"l_shoulder": [
0.47854618773831986,
-0.05786874702649322,
0.1328335587067684
],
"l_elbow": [
0.9273346838744408,
0.7479596718103438,
-0.961357724888125
],
"l_hip": [
0.3890488611855539,
1.7471210142635327,
0.07471468624499841
],
"l_knee": [
0.3691552186426786,
3.3189927688675507,
-0.2220962132586333
],
"l_ankle": [
0.3717715283363708,
4.698418383193742,
0.9771758976707132
],
"l_body_wrist": [
0.8062412575327922,
-0.052369369117977314,
-2.656678905767771
],
"r_shoulder": [
-0.47854618773831986,
0.05786874702649322,
-0.1328335587067684
],
"r_elbow": [
-0.6480288391075958,
1.1441187249990705,
-0.7884804297792727
],
"r_hip": [
-0.3039222220061388,
1.7772936679343492,
0.32270702656519873
],
"r_knee": [
-0.29473399527916894,
3.304692561777788,
-0.03357845003208424
],
"r_ankle": [
-0.25803771164228445,
4.677126145857293,
0.5368241116259687
],
"r_body_wrist": [
-0.46719298597354636,
0.6916747248596371,
-2.9350801151370405
],
"m_face_position": [
-0.016278952360153198,
-0.0921931266784668,
-0.535017192363739
],
"m_body_position": [
0.01815517246723175,
0.2264101803302765,
-0.5724564921110868
],
"m_face_scale": [
0.12684880325841538,
0.12684880325841538,
0.12684880325841538
],
"m_body_scale": [
0.37895500811093796,
0.37895500811093796,
0.37895500811093796
],
"l_hand_scale": [
0.210869420737035,
0.210869420737035,
0.210869420737035
],
"r_hand_scale": null
}
],
"framerate": 30,
"mirrorable": true,
"invalid": false
}