{
"label": "a",
"gestures": [
{
"l_hand_position": null,
"l_wrist": null,
"l_thumb_cmc": null,
"l_thumb_mcp": null,
"l_thumb_ip": null,
"l_thumb_tip": null,
"l_index_mcp": null,
"l_index_pip": null,
"l_index_dip": null,
"l_index_tip": null,
"l_middle_mcp": null,
"l_middle_pip": null,
"l_middle_dip": null,
"l_middle_tip": null,
"l_ring_mcp": null,
"l_ring_pip": null,
"l_ring_dip": null,
"l_ring_tip": null,
"l_pinky_mcp": null,
"l_pinky_pip": null,
"l_pinky_dip": null,
"l_pinky_tip": null,
"r_hand_position": [
-0.1241031289100647,
-0.0856119692325592,
-0.500473157298984
],
"r_wrist": [
-0.3381234376610914,
0.9410969864229867,
0.0030005082600920423
],
"r_thumb_cmc": [
0.035034378738063,
0.8035054327983354,
-0.08273893578978701
],
"r_thumb_mcp": [
0.3978752672032157,
0.4449715819696583,
-0.10168787986711766
],
"r_thumb_ip": [
0.6547396647368112,
0.13307298267026768,
-0.12900966923983104
],
"r_thumb_tip": [
0.817658883240776,
-0.16774346360942724,
-0.14640438573277706
],
"r_index_mcp": [
0.21647174185531565,
0.0612737730117199,
0.01779450212464399
],
"r_index_pip": [
0.3108027470706929,
-0.2280968114871935,
-0.13876018079794863
],
"r_index_dip": [
0.2393937114676966,
0.02630952730399102,
-0.24012292023395446
],
"r_index_tip": [
0.1849230314362034,
0.2875363505546225,
-0.27890721853026285
],
"r_middle_mcp": [
0.0,
0.0,
0.0
],
"r_middle_pip": [
0.1111470533188852,
-0.3019132436974807,
-0.17810611045038274
],
"r_middle_dip": [
0.04659252898250614,
0.06291632260895202,
-0.2449349960299082
],
"r_middle_tip": [
-0.008381180681653057,
0.3769518053986306,
-0.24444323777711735
],
"r_ring_mcp": [
-0.22281698524128565,
-0.020507389568020763,
-0.04569336303413687
],
"r_ring_pip": [
-0.10894362851679777,
-0.2648261032979672,
-0.241312086255371
],
"r_ring_dip": [
-0.16367196709369639,
0.1504459361844611,
-0.22699398387379022
],
"r_ring_tip": [
-0.20617409577871043,
0.4554675287169387,
-0.15976085273616475
],
"r_pinky_mcp": [
-0.4507606760962133,
0.002380931312825249,
-0.09746375894339218
],
"r_pinky_pip": [
-0.3555324973984487,
-0.14613776432107978,
-0.2432403192544695
],
"r_pinky_dip": [
-0.36935702203824416,
0.16493644105570418,
-0.2244537409401723
],
"r_pinky_tip": [
-0.3813720766878559,
0.40377267999926253,
-0.16975551845059206
],
"l_hand_velocity": null,
"r_hand_velocity": null,
"m_nose_point": [
0.0,
0.0,
0.0
],
"m_top_nose": [
0.04746894824119007,
-0.2460588097513056,
0.264458388051322
],
"m_eyebrows": [
0.06771917922776459,
-0.4739825746538131,
0.3867578516183798
],
"m_forehead": [
0.09091193682878075,
-0.7585754707835614,
0.5722654206804797
],
"m_top_chin": [
-0.006413849763327391,
0.6067568783173588,
-0.018718808998569977
],
"m_bot_up_lip": [
0.015169908260370598,
0.3923338057386149,
0.024067884719128435
],
"m_top_low_lip": [
0.015391855147864156,
0.4110260249463495,
0.021799201659745367
],
"m_bot_nose": [
-0.007166438897427173,
0.10130975629401956,
0.06046299257645489
],
"m_chin": [
-0.014325494946205912,
0.998120993028806,
-0.05957569529377371
],
"m_nose": [
0.03716156867189459,
-0.20653703665211465,
0.19910864361411756
],
"l_eye_exterior": [
-0.2607312985839879,
-0.12064774404447191,
0.5059612393782441
],
"l_temple": [
-0.38858285719716973,
-0.2579551167781563,
0.874715495460871
],
"l_mid_chin": [
-0.18999207283097314,
0.7778878492777644,
0.01526099703949591
],
"l_up_lip": [
-0.10268804185107416,
0.33021682435089045,
0.06487558566913723
],
"l_ext_nostril": [
-0.130396334256689,
0.0680624816899168,
0.14081357695850877
],
"l_mid_cheek": [
-0.3408379749877444,
0.15576195650054753,
0.3535871740690045
],
"l_mid_eyebrow": [
-0.22274700371583342,
-0.41697867738317,
0.48204454444051964
],
"l_ext_eyebrow": [
-0.2846891038761981,
-0.3717402722898882,
0.527681089834645
],
"l_ext_lips": [
-0.2430046175510564,
0.47363788790753936,
0.16473709237945727
],
"l_jaw_angle": [
-0.4012716668836258,
0.7222303990293796,
0.5871378808902254
],
"l_mid_ext_face": [
-0.43536520051405536,
0.4175552317198087,
0.812052760058213
],
"l_int_eyebrow": [
-0.04613680548818819,
-0.47693479125710586,
0.40876691651880737
],
"l_mid_jaw": [
-0.3352343928635827,
0.8635055914835569,
0.3196374257418911
],
"l_mid_bot_eyelid": [
-0.1857649305517039,
-0.10886933188197587,
0.44528300504050955
],
"l_ext_mouth": [
-0.1520003951141702,
0.5059980671037286,
0.10928747220445106
],
"l_top_eyelid": [
-0.1841757723801284,
-0.19944327267107048,
0.4633655480300714
],
"l_eye_int": [
-0.08809584149744355,
-0.16796557460238934,
0.4538756603327011
],
"l_pupil": [
-0.18037591246638732,
-0.1522860190712565,
0.47010943419938583
],
"r_eye_exterior": [
0.48431071848493235,
-0.14464361715002558,
0.4026902552960952
],
"r_temple": [
0.6843277769243983,
-0.27912958812990674,
0.6796530494458177
],
"r_mid_chin": [
0.1928317009923772,
0.7970564929373433,
-0.04406663742361566
],
"r_up_lip": [
0.14284750850227365,
0.324757899917434,
0.01841516050865058
],
"r_ext_nostril": [
0.19438256063658896,
0.0938443120263308,
0.12403843264327555
],
"r_mid_cheek": [
0.46211003117104954,
0.15780308343781937,
0.21731295313768664
],
"r_mid_eyebrow": [
0.4738879819055051,
-0.3852926445541909,
0.39857154860634986
],
"r_ext_eyebrow": [
0.3971515759097589,
-0.42635028088627647,
0.3804520625342933
],
"r_ext_lips": [
0.2443607545621657,
0.5434807896918301,
0.04291910914570344
],
"r_jaw_angle": [
0.602923103442639,
0.7447282460013618,
0.402639325176122
],
"r_mid_ext_face": [
0.6992282112091011,
0.42740187539063784,
0.6060250822843353
],
"r_int_eyebrow": [
0.18722442744389128,
-0.47832968822361943,
0.3732663301769216
],
"r_mid_jaw": [
0.45189078435749475,
0.8998762724939879,
0.17858030129574157
],
"r_mid_bot_eyelid": [
0.34224256194310904,
-0.1220666352690929,
0.3468853787887619
],
"r_ext_mouth": [
0.28975050805274044,
0.4871556530688025,
0.07121999051236529
],
"r_top_eyelid": [
0.35108906033609555,
-0.22283928932393887,
0.3645006898382243
],
"r_eye_int": [
0.23563376603167568,
-0.17693711999435874,
0.3883526334441992
],
"r_pupil": [
0.3563959442301983,
-0.16561183016766035,
0.37323801003093426
],
"l_shoulder": [
0.3243719699787841,
-0.0012655645241587375,
-0.3805012791549037
],
"l_elbow": [
0.25073018763446403,
0.6222116196392172,
-1.0631230631974076
],
"l_hip": [
0.14843378436833435,
1.2681645706382554,
-0.28741437122853825
],
"l_knee": [
0.049308250957754984,
2.293925159094205,
-0.7148912995861091
],
"l_ankle": [
-0.050289795502928156,
3.274684557700615,
-0.2805819566644831
],
"l_body_wrist": [
-0.4194464610744362,
0.7372770089303946,
-1.273291946800437
],
"r_shoulder": [
-0.3243719699787841,
0.0012655645241587375,
0.3805012791549037
],
"r_elbow": [
-0.5721043606927558,
0.515562395871943,
-0.6252961896177738
],
"r_hip": [
-0.33374802505534273,
1.1875236052367313,
0.1201297071171778
],
"r_knee": [
-0.41815623546625347,
2.210725007790305,
-0.32958245900427907
],
"r_ankle": [
-0.4638290084256487,
3.1913125024972424,
-0.36155650080357615
],
"r_body_wrist": [
-0.5608929754148693,
-0.07428876003851259,
-2.0615749803693197
],
"m_face_position": [
0.11629301309585571,
-0.18076074123382568,
-0.5326320044696331
],
"m_body_position": [
0.15606707334518433,
0.13594037294387817,
-0.45331306010484695
],
"m_face_scale": [
0.12917430138683453,
0.12917430138683453,
0.12917430138683453
],
"m_body_scale": [
0.5353547640032333,
0.5353547640032333,
0.5353547640032333
],
"l_hand_scale": null,
"r_hand_scale": [
0.1576527002064643,
0.1576527002064643,
0.1576527002064643
]
}
],
"framerate": 30,
"mirrorable": true,
"invalid": false
}