{
"label": "a",
"gestures": [
{
"l_hand_position": [
-0.016332507133483887,
-0.07332155108451843,
-0.5038167031016201
],
"l_wrist": [
0.08244644694465138,
0.9964429792949777,
0.017434804270520212
],
"l_thumb_cmc": [
-0.17481787564105716,
0.7553599374046153,
-0.09012284682138083
],
"l_thumb_mcp": [
-0.33953758101553405,
0.31406702389525903,
-0.13039058912125773
],
"l_thumb_ip": [
-0.45193229788476735,
-0.0031702212100672175,
-0.16987416663923582
],
"l_thumb_tip": [
-0.5989561399861285,
-0.19062745457109304,
-0.19481554230398015
],
"l_index_mcp": [
-0.19762443395544943,
0.006718407292112901,
-0.0006663454062375443
],
"l_index_pip": [
-0.22894881733863592,
-0.0798625069805277,
-0.14128487172647888
],
"l_index_dip": [
-0.17749862144955286,
0.2225565000567494,
-0.2406001965743655
],
"l_index_tip": [
-0.12798290859399647,
0.46026222975351466,
-0.2856023539553887
],
"l_middle_mcp": [
0.0,
0.0,
0.0
],
"l_middle_pip": [
-0.04816683029550933,
-0.024990612533198658,
-0.14439957594211195
],
"l_middle_dip": [
-0.026315395748022313,
0.3305245620564712,
-0.19807533615099004
],
"l_middle_tip": [
-0.007377939655176189,
0.5857863243622593,
-0.19905501878453186
],
"l_ring_mcp": [
0.18085428507879683,
0.06166927134525878,
-0.023727202019706
],
"l_ring_pip": [
0.12792259215369153,
0.08405293380505265,
-0.168203363800304
],
"l_ring_dip": [
0.10576181459859102,
0.4322620583117382,
-0.15675464308114
],
"l_ring_tip": [
0.08999457971581211,
0.6781233059719898,
-0.1058828314774188
],
"l_pinky_mcp": [
0.34151958196704363,
0.16397208105458,
-0.06053064642440598
],
"l_pinky_pip": [
0.2779150106613015,
0.16914227560920475,
-0.1594152890826379
],
"l_pinky_dip": [
0.22694094703349674,
0.4238844723705152,
-0.142688216083641
],
"l_pinky_tip": [
0.20732734772946723,
0.6052479752523378,
-0.09926190229248605
],
"r_hand_position": null,
"r_wrist": null,
"r_thumb_cmc": null,
"r_thumb_mcp": null,
"r_thumb_ip": null,
"r_thumb_tip": null,
"r_index_mcp": null,
"r_index_pip": null,
"r_index_dip": null,
"r_index_tip": null,
"r_middle_mcp": null,
"r_middle_pip": null,
"r_middle_dip": null,
"r_middle_tip": null,
"r_ring_mcp": null,
"r_ring_pip": null,
"r_ring_dip": null,
"r_ring_tip": null,
"r_pinky_mcp": null,
"r_pinky_pip": null,
"r_pinky_dip": null,
"r_pinky_tip": null,
"l_hand_velocity": null,
"r_hand_velocity": null,
"m_nose_point": null,
"m_top_nose": null,
"m_eyebrows": null,
"m_forehead": null,
"m_top_chin": null,
"m_bot_up_lip": null,
"m_top_low_lip": null,
"m_bot_nose": null,
"m_chin": null,
"m_nose": null,
"l_eye_exterior": null,
"l_temple": null,
"l_mid_chin": null,
"l_up_lip": null,
"l_ext_nostril": null,
"l_mid_cheek": null,
"l_mid_eyebrow": null,
"l_ext_eyebrow": null,
"l_ext_lips": null,
"l_jaw_angle": null,
"l_mid_ext_face": null,
"l_int_eyebrow": null,
"l_mid_jaw": null,
"l_mid_bot_eyelid": null,
"l_ext_mouth": null,
"l_top_eyelid": null,
"l_eye_int": null,
"l_pupil": null,
"r_eye_exterior": null,
"r_temple": null,
"r_mid_chin": null,
"r_up_lip": null,
"r_ext_nostril": null,
"r_mid_cheek": null,
"r_mid_eyebrow": null,
"r_ext_eyebrow": null,
"r_ext_lips": null,
"r_jaw_angle": null,
"r_mid_ext_face": null,
"r_int_eyebrow": null,
"r_mid_jaw": null,
"r_mid_bot_eyelid": null,
"r_ext_mouth": null,
"r_top_eyelid": null,
"r_eye_int": null,
"r_pupil": null,
"l_shoulder": [
0.4892662628285837,
0.0818333755795356,
0.0626244576743778
],
"l_elbow": [
0.983703187818625,
1.0317447562631146,
-1.4117069017172488
],
"l_hip": [
0.5096852929339926,
2.001722305995562,
0.05125970681094309
],
"l_knee": [
0.5277947181618023,
3.709685899125843,
-0.04918687816540986
],
"l_ankle": [
0.5464974670147656,
5.185582996526672,
0.8759349860442139
],
"l_body_wrist": [
0.672716431927898,
0.20239235326890628,
-2.7120545106328566
],
"r_shoulder": [
-0.4892662628285837,
-0.0818333755795356,
-0.0626244576743778
],
"r_elbow": [
-0.6733138431599048,
0.898275789263488,
-0.9987611917917039
],
"r_hip": [
-0.21732738795662218,
2.077002413146823,
0.11800887412883125
],
"r_knee": [
-0.1302389764458928,
3.7520898337777666,
0.1432989405331251
],
"r_ankle": [
-0.08819239707794009,
5.17118982656003,
0.3840164762986243
],
"r_body_wrist": [
-0.6593772010958667,
1.1206537579048421,
-2.490561348367146
],
"m_face_position": null,
"m_body_position": [
-0.24410665407776833,
0.11464646458625793,
-0.5272902701981366
],
"m_face_scale": null,
"m_body_scale": [
0.3481403532780509,
0.3481403532780509,
0.3481403532780509
],
"l_hand_scale": [
0.2188860740290059,
0.2188860740290059,
0.2188860740290059
],
"r_hand_scale": null
}
],
"framerate": 30,
"mirrorable": true,
"invalid": false
}