{
"label": "a",
"gestures": [
{
"l_hand_position": null,
"l_wrist": null,
"l_thumb_cmc": null,
"l_thumb_mcp": null,
"l_thumb_ip": null,
"l_thumb_tip": null,
"l_index_mcp": null,
"l_index_pip": null,
"l_index_dip": null,
"l_index_tip": null,
"l_middle_mcp": null,
"l_middle_pip": null,
"l_middle_dip": null,
"l_middle_tip": null,
"l_ring_mcp": null,
"l_ring_pip": null,
"l_ring_dip": null,
"l_ring_tip": null,
"l_pinky_mcp": null,
"l_pinky_pip": null,
"l_pinky_dip": null,
"l_pinky_tip": null,
"r_hand_position": [
-0.1315256953239441,
-0.1522674560546875,
-0.5043533425778151
],
"r_wrist": [
-0.2786323021965276,
0.9601893082138716,
0.020013309682047876
],
"r_thumb_cmc": [
0.03212240489702489,
0.844156522954745,
-0.05915175762627821
],
"r_thumb_mcp": [
0.35018915508950865,
0.5161253191860363,
-0.08502408893900841
],
"r_thumb_ip": [
0.5725185336078152,
0.24939659787009527,
-0.12135798671159598
],
"r_thumb_tip": [
0.7573250520726835,
0.04568232082900892,
-0.1383470412975064
],
"r_index_mcp": [
0.190120245183236,
0.06669238770439508,
0.024728450179400323
],
"r_index_pip": [
0.3412585921823089,
-0.08677995446388585,
-0.1363227440637606
],
"r_index_dip": [
0.2656119385378833,
0.21574240160284758,
-0.21941268093759617
],
"r_index_tip": [
0.2101476637842717,
0.44496018288764094,
-0.24296224348142226
],
"r_middle_mcp": [
0.0,
0.0,
0.0
],
"r_middle_pip": [
0.17797374246907116,
-0.13468830520273467,
-0.19020127907040293
],
"r_middle_dip": [
0.10514144719099139,
0.2615350168909826,
-0.2402811290424057
],
"r_middle_tip": [
0.05224107332387172,
0.5464384839181424,
-0.22183921041777593
],
"r_ring_mcp": [
-0.1932937113475563,
-0.02159634015563511,
-0.05308393535980805
],
"r_ring_pip": [
-0.014825356459298692,
-0.053977286225791524,
-0.2616870228648915
],
"r_ring_dip": [
-0.068086071230147,
0.36488859775012805,
-0.24811960553956935
],
"r_ring_tip": [
-0.10977299240378316,
0.6421650316640327,
-0.1742819180365616
],
"r_pinky_mcp": [
-0.38731495509009317,
0.00690772142330264,
-0.11099104399190499
],
"r_pinky_pip": [
-0.21600423105799033,
0.021938184473050668,
-0.2601798079774087
],
"r_pinky_dip": [
-0.2264560354306269,
0.3416683943279562,
-0.2475146130289128
],
"r_pinky_tip": [
-0.24657388178697093,
0.56779505351046,
-0.19363306376376022
],
"l_hand_velocity": null,
"r_hand_velocity": null,
"m_nose_point": [
0.0,
0.0,
0.0
],
"m_top_nose": [
0.018774735325196953,
-0.2613140414259783,
0.26532303718946004
],
"m_eyebrows": [
0.03317951677396084,
-0.47157967957666613,
0.38902290527798983
],
"m_forehead": [
0.051499267899600396,
-0.7143977436025284,
0.5766087082423021
],
"m_top_chin": [
-0.05742962533367046,
0.6226802068880276,
-0.001271976073988997
],
"m_bot_up_lip": [
-0.03524525489529136,
0.39137269383426787,
0.033626347647507555
],
"m_top_low_lip": [
-0.03508047188539129,
0.4490115020443948,
0.031152285237929882
],
"m_bot_nose": [
-0.02561643435013098,
0.08890890185687078,
0.06133652750901977
],
"m_chin": [
-0.08886289993327368,
0.9953209632066142,
-0.037941602719265465
],
"m_nose": [
0.01615010816195539,
-0.219355023203717,
0.19938114103151944
],
"l_eye_exterior": [
-0.34731452315811295,
-0.22308964703086873,
0.4481234761051052
],
"l_temple": [
-0.5285547784413622,
-0.36317626105274325,
0.7858800411339472
],
"l_mid_chin": [
-0.2699237248279651,
0.7473550321784157,
0.004062416140942503
],
"l_up_lip": [
-0.1373507583269504,
0.29871932694270964,
0.044798321028956006
],
"l_ext_nostril": [
-0.16271727177873296,
0.03959758614427678,
0.11931398483020435
],
"l_mid_cheek": [
-0.4060111467456817,
0.07821539997552276,
0.28745330780654416
],
"l_mid_eyebrow": [
-0.2873312189015746,
-0.519571129153019,
0.4298686082896138
],
"l_ext_eyebrow": [
-0.3607480003096326,
-0.47774874350979973,
0.460364035836778
],
"l_ext_lips": [
-0.31309138065478503,
0.45304548167286496,
0.12179246720072465
],
"l_jaw_angle": [
-0.5820973556637234,
0.6010052905885895,
0.5116131396686577
],
"l_mid_ext_face": [
-0.6143144938868096,
0.28044100043483666,
0.7274297624245467
],
"l_int_eyebrow": [
-0.07907158503112852,
-0.5564120328608425,
0.3929889262189569
],
"l_mid_jaw": [
-0.49620444061860686,
0.7852855635392035,
0.26536031183580755
],
"l_mid_bot_eyelid": [
-0.256872452713297,
-0.19437849620869793,
0.40235523827473485
],
"l_ext_mouth": [
-0.20430987666925815,
0.4447516323731866,
0.07498314976735544
],
"l_top_eyelid": [
-0.2625359532174456,
-0.31233852827830416,
0.4203834865393715
],
"l_eye_int": [
-0.14789915961346975,
-0.25048047398621526,
0.4288188461096177
],
"l_pupil": [
-0.2672414236112585,
-0.2518490884295519,
0.4278959182133701
],
"r_eye_exterior": [
0.4244201553350171,
-0.13909814482776567,
0.47974396251317825
],
"r_temple": [
0.5550701956566146,
-0.23303086869896464,
0.7941316647873385
],
"r_mid_chin": [
0.13052050256659278,
0.7985489937791179,
0.007659806617661823
],
"r_up_lip": [
0.09280075613930214,
0.35400402676418097,
0.04767913427790158
],
"r_ext_nostril": [
0.16286603421822607,
0.10671004423190819,
0.16024107806112795
],
"r_mid_cheek": [
0.3888293138495187,
0.18304966427806857,
0.29398486575329646
],
"r_mid_eyebrow": [
0.4400905618459301,
-0.36272654075489097,
0.46414846647299846
],
"r_ext_eyebrow": [
0.3745430846217662,
-0.4186648798489659,
0.4322389518098872
],
"r_ext_lips": [
0.1830400519358244,
0.5786444650104425,
0.08893143078400555
],
"r_jaw_angle": [
0.46186068610664377,
0.7348356430012584,
0.5218696804921561
],
"r_mid_ext_face": [
0.5377940702603422,
0.42459065997720535,
0.7363162011803136
],
"r_int_eyebrow": [
0.17787135819195907,
-0.5042939132129508,
0.3934080786963095
],
"r_mid_jaw": [
0.3466274695529463,
0.8896902476895515,
0.2728816406480143
],
"r_mid_bot_eyelid": [
0.2855854344578,
-0.1345629502108495,
0.4052868024020767
],
"r_ext_mouth": [
0.22386046533273457,
0.5267439962547937,
0.1264464429039438
],
"r_top_eyelid": [
0.3113025695362033,
-0.25012138434380804,
0.42314353043479397
],
"r_eye_int": [
0.1941720597157398,
-0.20030107222285606,
0.4302279267973126
],
"r_pupil": [
0.29882849568676845,
-0.1850710025328427,
0.4306963568327472
],
"l_shoulder": [
0.4696265422890218,
0.015957781656726473,
-0.1708691311567243
],
"l_elbow": [
0.5368035572423451,
0.9302763879126574,
-1.1641702610220361
],
"l_hip": [
0.2766904331926139,
1.8091487840358054,
-0.1658322168959417
],
"l_knee": [
0.23973448223202842,
3.2685320716237416,
-0.5158340135908974
],
"l_ankle": [
0.19389531360544723,
4.558245183285909,
0.4842670444637008
],
"l_body_wrist": [
-0.3443621903325149,
1.0151086898347754,
-1.8648945591680324
],
"r_shoulder": [
-0.4696265422890218,
-0.015957781656726473,
0.1708691311567243
],
"r_elbow": [
-0.842665413569051,
0.8335091272495418,
-1.2809210589320976
],
"r_hip": [
-0.40950583542772484,
1.7378240875503126,
0.12124523612462658
],
"r_knee": [
-0.40281706476624307,
3.1962536693938794,
0.018824956695579157
],
"r_ankle": [
-0.448440608500897,
4.476197162525244,
0.6215932299913585
],
"r_body_wrist": [
-0.6208441103688415,
-0.09488001131150048,
-3.049123475144711
],
"m_face_position": [
0.05949687957763672,
-0.21149450540542603,
-0.5338316559791565
],
"m_body_position": [
0.05883404612541199,
0.1327889859676361,
-0.4885637331753969
],
"m_face_scale": [
0.13021774594452507,
0.13021774594452507,
0.13021774594452507
],
"m_body_scale": [
0.40648660439338713,
0.40648660439338713,
0.40648660439338713
],
"l_hand_scale": null,
"r_hand_scale": [
0.21751654355251282,
0.21751654355251282,
0.21751654355251282
]
}
],
"framerate": 30,
"mirrorable": true,
"invalid": false
}