{
"label": "a",
"gestures": [
{
"l_hand_position": null,
"l_wrist": null,
"l_thumb_cmc": null,
"l_thumb_mcp": null,
"l_thumb_ip": null,
"l_thumb_tip": null,
"l_index_mcp": null,
"l_index_pip": null,
"l_index_dip": null,
"l_index_tip": null,
"l_middle_mcp": null,
"l_middle_pip": null,
"l_middle_dip": null,
"l_middle_tip": null,
"l_ring_mcp": null,
"l_ring_pip": null,
"l_ring_dip": null,
"l_ring_tip": null,
"l_pinky_mcp": null,
"l_pinky_pip": null,
"l_pinky_dip": null,
"l_pinky_tip": null,
"r_hand_position": [
-0.30609726905822754,
0.1080518364906311,
-0.49891803110949695
],
"r_wrist": [
-0.1926924683256828,
0.9812380723627919,
-0.006438788419264047
],
"r_thumb_cmc": [
0.13386504203390304,
0.7852731669427713,
-0.08319262157330518
],
"r_thumb_mcp": [
0.33140258306800924,
0.2759995898919129,
-0.09758680109169164
],
"r_thumb_ip": [
0.3552476905193855,
-0.16190183439599304,
-0.12518010360401463
],
"r_thumb_tip": [
0.3601961630883042,
-0.4978070113892071,
-0.14047532400579427
],
"r_index_mcp": [
0.20182047676510273,
0.006801688936526767,
0.0249569400020251
],
"r_index_pip": [
0.2526973760476999,
-0.3079371996326201,
-0.1426253494069167
],
"r_index_dip": [
0.2646541599158847,
-0.07534568702459385,
-0.2500820471175145
],
"r_index_tip": [
0.2635682840224327,
0.18130624595186057,
-0.2909285170084058
],
"r_middle_mcp": [
0.0,
0.0,
0.0
],
"r_middle_pip": [
0.07365129497100563,
-0.3322491140013611,
-0.1889217834071071
],
"r_middle_dip": [
0.11047831698295585,
0.026604801841268167,
-0.26586198762003804
],
"r_middle_tip": [
0.11953148024033632,
0.33915260657412166,
-0.268588249979564
],
"r_ring_mcp": [
-0.20379376466882626,
0.031857443811129364,
-0.053072501597464114
],
"r_ring_pip": [
-0.07965088121612582,
-0.17362415065598782,
-0.2711930662765271
],
"r_ring_dip": [
-0.04330857930491947,
0.24554008381735992,
-0.2821170930475178
],
"r_ring_tip": [
-0.04164194381765632,
0.5400562298592406,
-0.2217666914520104
],
"r_pinky_mcp": [
-0.4086454713065282,
0.11742251327438481,
-0.10939812348160143
],
"r_pinky_pip": [
-0.25088495207788586,
0.0006243010444999797,
-0.27474080771641185
],
"r_pinky_dip": [
-0.20158982235931516,
0.310952289904353,
-0.2790998523069882
],
"r_pinky_tip": [
-0.19174049791194597,
0.5420444158560715,
-0.23621600167431767
],
"l_hand_velocity": null,
"r_hand_velocity": null,
"m_nose_point": [
0.0,
0.0,
0.0
],
"m_top_nose": [
0.037944601175039866,
-0.45845877084430114,
0.15429567851545942
],
"m_eyebrows": [
0.06065893967806315,
-0.7644247836742571,
0.17428258814001818
],
"m_forehead": [
0.09839606990749279,
-1.2022769917836684,
0.24024218113128878
],
"m_top_chin": [
-0.02128341401225967,
0.6289845647230125,
0.25220681470109185
],
"m_bot_up_lip": [
-0.005273875145118191,
0.3759357404548943,
0.1862613889359268
],
"m_top_low_lip": [
-0.003114483670399537,
0.40513531021695826,
0.18785033612214427
],
"m_bot_nose": [
-0.019932937439181654,
0.05776563737533554,
0.10740239323356565
],
"m_chin": [
-0.029784077314371073,
0.9369428228528466,
0.34821122245423236
],
"m_nose": [
0.029408855322358804,
-0.3680131327417669,
0.10771716587389595
],
"l_eye_exterior": [
-0.33376853090870295,
-0.5142795445254129,
0.4133889464936325
],
"l_temple": [
-0.4920531357487033,
-0.8668005052090139,
0.7073161124237056
],
"l_mid_chin": [
-0.21243452164426874,
0.710365194356513,
0.3245030736748439
],
"l_up_lip": [
-0.13786031006898966,
0.26670037216450004,
0.1816580895257274
],
"l_ext_nostril": [
-0.15230827218807363,
-0.0331618817378969,
0.1584979354788631
],
"l_mid_cheek": [
-0.385841117146769,
-0.10413226854948586,
0.37370782207284886
],
"l_mid_eyebrow": [
-0.28593710243634246,
-0.7865981653774047,
0.2844890745721016
],
"l_ext_eyebrow": [
-0.359686269201673,
-0.7641580353156154,
0.3374823666876492
],
"l_ext_lips": [
-0.26296186266643906,
0.3819989729878298,
0.32979529659066226
],
"l_jaw_angle": [
-0.47922481804758527,
0.27796025790652973,
0.8710579693038996
],
"l_mid_ext_face": [
-0.5270116876482452,
-0.13469360582044335,
0.9653567400654077
],
"l_int_eyebrow": [
-0.06410368322106672,
-0.8026369397033541,
0.19274464176090159
],
"l_mid_jaw": [
-0.38998589871033496,
0.5770099676779168,
0.656929000791887
],
"l_mid_bot_eyelid": [
-0.24236013890404154,
-0.46966401652193784,
0.3561832059589437
],
"l_ext_mouth": [
-0.2094938377358867,
0.4231512080537473,
0.2793448640424307
],
"l_top_eyelid": [
-0.24401587399184635,
-0.5882799346126388,
0.3449145842333715
],
"l_eye_int": [
-0.12089446926304422,
-0.5210416053357878,
0.35496633669276756
],
"l_pupil": [
-0.24654625335764646,
-0.5367345947523869,
0.3712455348629407
],
"r_eye_exterior": [
0.4971854709484198,
-0.4477648432600245,
0.3696662530202171
],
"r_temple": [
0.711293470579632,
-0.7450313916679744,
0.5963946646555023
],
"r_mid_chin": [
0.17501192462684292,
0.7626228712924121,
0.29431982425057907
],
"r_up_lip": [
0.13851639408941305,
0.2991331820468804,
0.1565595615524351
],
"r_ext_nostril": [
0.1927895030683829,
0.0027102278434330664,
0.17863635282809823
],
"r_mid_cheek": [
0.4568457800135122,
-0.005701922586838797,
0.298245392838726
],
"r_mid_eyebrow": [
0.514235590525274,
-0.6665347896399244,
0.264789746720958
],
"r_ext_eyebrow": [
0.4347022386407344,
-0.7054621054786224,
0.22693007959435185
],
"r_ext_lips": [
0.22430290817721354,
0.5213763009331764,
0.2711003087151114
],
"r_jaw_angle": [
0.5685881393026602,
0.4017520619493785,
0.7698050406052622
],
"r_mid_ext_face": [
0.6714900990959618,
-0.0014436267935560745,
0.8523710168755388
],
"r_int_eyebrow": [
0.1977792902034284,
-0.7592573659239711,
0.1725658366334424
],
"r_mid_jaw": [
0.4189505766826653,
0.6798728124435718,
0.5804105807999093
],
"r_mid_bot_eyelid": [
0.3493363119120621,
-0.4035642571477699,
0.30131683296670153
],
"r_ext_mouth": [
0.2647381688188453,
0.44819087446320666,
0.2803674088683421
],
"r_top_eyelid": [
0.36440850148266135,
-0.5222438883762871,
0.28924155909469224
],
"r_eye_int": [
0.22406418553425678,
-0.4754151353291157,
0.3181575299420477
],
"r_pupil": [
0.351428764267303,
-0.471254022233388,
0.31709485251810227
],
"l_shoulder": [
0.4781751245662606,
-0.021477731077551694,
-0.1445242447266254
],
"l_elbow": [
0.7390414376905518,
0.9136721261322103,
-0.2281603414723857
],
"l_hip": [
0.2953930766185294,
1.7528585679491535,
0.15526296498559256
],
"l_knee": [
0.23916775673752813,
3.220886627770706,
-0.2181912409999627
],
"l_ankle": [
0.23672502203418624,
4.554082240503216,
0.93029333480496
],
"l_body_wrist": [
0.7725037360265061,
1.64100764323743,
-0.7671684803321129
],
"r_shoulder": [
-0.4781751245662606,
0.021477731077551694,
0.1445242447266254
],
"r_elbow": [
-0.9212104774855084,
0.8912522554952931,
-0.9708994408537581
],
"r_hip": [
-0.38673434225791814,
1.7355330790838186,
0.7293717044239141
],
"r_knee": [
-0.3752878187710051,
3.2254861865138844,
0.6457962438383065
],
"r_ankle": [
-0.3707582122557116,
4.5128338161002395,
1.3693245945969044
],
"r_body_wrist": [
-0.8439515469021259,
0.03180465571878229,
-3.2463092867734713
],
"m_face_position": [
-0.01146477460861206,
0.0616532564163208,
-0.5439220555126667
],
"m_body_position": [
0.014774203300476074,
0.334227979183197,
-0.6791701316833496
],
"m_face_scale": [
0.14781149064868057,
0.14781149064868057,
0.14781149064868057
],
"m_body_scale": [
0.4102748022052198,
0.4102748022052198,
0.4102748022052198
],
"l_hand_scale": null,
"r_hand_scale": [
0.16803459761741743,
0.16803459761741743,
0.16803459761741743
]
}
],
"framerate": 30,
"mirrorable": true,
"invalid": false
}