{
"label": "a",
"gestures": [
{
"l_hand_position": [
0.25585436820983887,
0.02608346939086914,
-0.5169389918446541
],
"l_wrist": [
0.29744839138703427,
0.9507966822239334,
0.08666096891465115
],
"l_thumb_cmc": [
-0.08426396189105281,
0.8112517726392628,
-0.04526564242037796
],
"l_thumb_mcp": [
-0.44505037277270265,
0.5432779741084278,
-0.12778594095939527
],
"l_thumb_ip": [
-0.6286144435322806,
0.2948892548458748,
-0.21087811518297442
],
"l_thumb_tip": [
-0.6358350387445748,
0.035456483036297316,
-0.27518471159522867
],
"l_index_mcp": [
-0.23119901863235565,
0.04888920533152274,
0.005534138488061148
],
"l_index_pip": [
-0.3360903773200131,
-0.14261193958499363,
-0.16114174096949568
],
"l_index_dip": [
-0.24484703530294552,
0.14536456660939492,
-0.2619437263233891
],
"l_index_tip": [
-0.15540990941234212,
0.41710327216324644,
-0.3028782085433357
],
"l_middle_mcp": [
0.0,
0.0,
0.0
],
"l_middle_pip": [
-0.11895136218702551,
-0.15807577829256325,
-0.18664579551586827
],
"l_middle_dip": [
-0.03340142808504929,
0.21075459155985676,
-0.2665229629747538
],
"l_middle_tip": [
0.03565927448051455,
0.5149728627388047,
-0.28217880553655694
],
"l_ring_mcp": [
0.22175412147401558,
-0.003719469541530217,
-0.02968992535025618
],
"l_ring_pip": [
0.09672877434575869,
-0.10855410761471489,
-0.21312576482819004
],
"l_ring_dip": [
0.15291267762783847,
0.28629913124864886,
-0.21748753433871656
],
"l_ring_tip": [
0.19649423621259288,
0.5889792369469475,
-0.17317171443925644
],
"l_pinky_mcp": [
0.42923538466962,
0.04871904348810437,
-0.07174475406211799
],
"l_pinky_pip": [
0.3029847502889348,
-0.0602866943956116,
-0.2065116951919602
],
"l_pinky_dip": [
0.29605660168566966,
0.23561285827686726,
-0.19519955388042817
],
"l_pinky_tip": [
0.3118227978623241,
0.4734344660732314,
-0.15067183216923805
],
"r_hand_position": null,
"r_wrist": null,
"r_thumb_cmc": null,
"r_thumb_mcp": null,
"r_thumb_ip": null,
"r_thumb_tip": null,
"r_index_mcp": null,
"r_index_pip": null,
"r_index_dip": null,
"r_index_tip": null,
"r_middle_mcp": null,
"r_middle_pip": null,
"r_middle_dip": null,
"r_middle_tip": null,
"r_ring_mcp": null,
"r_ring_pip": null,
"r_ring_dip": null,
"r_ring_tip": null,
"r_pinky_mcp": null,
"r_pinky_pip": null,
"r_pinky_dip": null,
"r_pinky_tip": null,
"l_hand_velocity": null,
"r_hand_velocity": null,
"m_nose_point": [
0.0,
0.0,
0.0
],
"m_top_nose": [
-0.032879111755563246,
-0.2984914462324368,
0.2394580788006155
],
"m_eyebrows": [
-0.05795397885790911,
-0.5481300111673552,
0.34221020169597427
],
"m_forehead": [
-0.08929372621265771,
-0.8402432105890871,
0.5023284626538019
],
"m_top_chin": [
0.05789691732999349,
0.6110364551356077,
0.03473339527066979
],
"m_bot_up_lip": [
0.02991601900482358,
0.38761333943489407,
0.06364040867817479
],
"m_top_low_lip": [
0.030553206066548034,
0.3913115316418498,
0.0625178068715185
],
"m_bot_nose": [
-0.010883838023451447,
0.09179492318629251,
0.06700678215639198
],
"m_chin": [
0.0935454584688252,
0.9953471425002339,
0.02309357305564304
],
"m_nose": [
-0.02673656796073718,
-0.24680753503855915,
0.17825934188535839
],
"l_eye_exterior": [
-0.38278169778706894,
-0.15407995846985786,
0.4124522603614411
],
"l_temple": [
-0.588759548180488,
-0.29863388391007467,
0.7242612782220222
],
"l_mid_chin": [
-0.11715401721746051,
0.8107332146152844,
0.04855569934850906
],
"l_up_lip": [
-0.09911003815135438,
0.3256639729121354,
0.06876640891815933
],
"l_ext_nostril": [
-0.15722958189707928,
0.07113627251717394,
0.11425725308936897
],
"l_mid_cheek": [
-0.3964105411307038,
0.16128203108984449,
0.280698117762853
],
"l_mid_eyebrow": [
-0.37837542389279666,
-0.44110398287061525,
0.38179688660179983
],
"l_ext_eyebrow": [
-0.44392615093877547,
-0.38953441087472,
0.41255798089114465
],
"l_ext_lips": [
-0.22920578281379908,
0.5024738722860187,
0.1539971017270855
],
"l_jaw_angle": [
-0.45006891087575274,
0.7205859430475555,
0.5416483403373032
],
"l_mid_ext_face": [
-0.548380736062742,
0.39667963810894225,
0.7243355230509579
],
"l_int_eyebrow": [
-0.1844634929477174,
-0.5293762212767229,
0.34302650981105975
],
"l_mid_jaw": [
-0.3253579156260425,
0.8929236451710518,
0.312778081063803
],
"l_mid_bot_eyelid": [
-0.2943231448466308,
-0.15018486076316304,
0.3695124271752746
],
"l_ext_mouth": [
-0.13459193369161435,
0.5071386521931208,
0.11390887246829512
],
"l_top_eyelid": [
-0.3115985224230856,
-0.25723423241223203,
0.3805565278493953
],
"l_eye_int": [
-0.19419118660442392,
-0.2282707518677272,
0.3949363165707057
],
"l_pupil": [
-0.3081601330818669,
-0.19452166795360187,
0.39271742826430117
],
"r_eye_exterior": [
0.3545725533502366,
-0.2848779489815369,
0.4729606882154858
],
"r_temple": [
0.46759803933771105,
-0.45946417790392047,
0.7728360926420277
],
"r_mid_chin": [
0.2581013947228285,
0.745384148196371,
0.062459326910735656
],
"r_up_lip": [
0.14240050118785563,
0.2863412313451307,
0.07921682789292592
],
"r_ext_nostril": [
0.1692202838768031,
0.035833774962406285,
0.16669380502592065
],
"r_mid_cheek": [
0.39276660060369817,
0.03705713953817305,
0.31284680751344096
],
"r_mid_eyebrow": [
0.3351396448205479,
-0.5158710112435719,
0.44206523456140406
],
"r_ext_eyebrow": [
0.2650421514820197,
-0.5499300430025116,
0.4052040549010587
],
"r_ext_lips": [
0.2734842316234152,
0.48020063974746946,
0.14144286987809934
],
"r_jaw_angle": [
0.5296148422116428,
0.564327703977949,
0.5893532906698222
],
"r_mid_ext_face": [
0.5542844427804969,
0.22521731169778778,
0.7768619563501958
],
"r_int_eyebrow": [
0.0636787198744742,
-0.584101468680073,
0.3510428169323689
],
"r_mid_jaw": [
0.45205093440221583,
0.761866067935787,
0.34783164702759456
],
"r_mid_bot_eyelid": [
0.23436920266370936,
-0.2357583482694431,
0.39222721786538967
],
"r_ext_mouth": [
0.3053262933375422,
0.4122526801025809,
0.17552850738496278
],
"r_top_eyelid": [
0.23136914960511526,
-0.3490924852488248,
0.40330548926272597
],
"r_eye_int": [
0.12099421481775169,
-0.28046864909714786,
0.4099457003606798
],
"r_pupil": [
0.22734112447543517,
-0.2891759356580602,
0.41523228071011814
],
"l_shoulder": [
0.48087789861816765,
-0.04753135680262788,
0.128441491509078
],
"l_elbow": [
0.9455112441232096,
0.815123108652882,
-1.091880425907628
],
"l_hip": [
0.371844475086572,
1.7875963543169417,
0.36829089319468916
],
"l_knee": [
0.3509359242760177,
3.358033262675245,
0.2594195869151337
],
"l_ankle": [
0.3669842167555726,
4.7370671255809675,
1.5132175682940197
],
"l_body_wrist": [
0.835319733635777,
0.040504142328576236,
-3.272653191906242
],
"r_shoulder": [
-0.48087789861816765,
0.04753135680262788,
-0.128441491509078
],
"r_elbow": [
-0.6985057312989417,
0.8883585612068824,
-0.18400834295546528
],
"r_hip": [
-0.28030188717876076,
1.8252956738094435,
0.6146175142565224
],
"r_knee": [
-0.3106054243087161,
3.328949305928932,
0.127669721502635
],
"r_ankle": [
-0.24915338480007024,
4.7219355014147535,
0.9542621790657575
],
"r_body_wrist": [
-0.8323751565790385,
1.5946455279254195,
-1.568213543971929
],
"m_face_position": [
-0.03433537483215332,
-0.14897215366363525,
-0.5362296104431152
],
"m_body_position": [
0.007981449365615845,
0.20953160524368286,
-0.6838535144925117
],
"m_face_scale": [
0.13788297295483837,
0.13788297295483837,
0.13788297295483837
],
"m_body_scale": [
0.3794749985862752,
0.3794749985862752,
0.3794749985862752
],
"l_hand_scale": [
0.1954574017095855,
0.1954574017095855,
0.1954574017095855
],
"r_hand_scale": null
}
],
"framerate": 30,
"mirrorable": true,
"invalid": false
}