{
"label": "a",
"gestures": [
{
"l_hand_position": null,
"l_wrist": null,
"l_thumb_cmc": null,
"l_thumb_mcp": null,
"l_thumb_ip": null,
"l_thumb_tip": null,
"l_index_mcp": null,
"l_index_pip": null,
"l_index_dip": null,
"l_index_tip": null,
"l_middle_mcp": null,
"l_middle_pip": null,
"l_middle_dip": null,
"l_middle_tip": null,
"l_ring_mcp": null,
"l_ring_pip": null,
"l_ring_dip": null,
"l_ring_tip": null,
"l_pinky_mcp": null,
"l_pinky_pip": null,
"l_pinky_dip": null,
"l_pinky_tip": null,
"r_hand_position": [
-0.23952114582061768,
0.00321274995803833,
-0.4977580669801682
],
"r_wrist": [
-0.2767772064968595,
0.96083815587915,
-0.013579991551875448
],
"r_thumb_cmc": [
0.13326229049921473,
0.7938849798754202,
-0.08352108364066775
],
"r_thumb_mcp": [
0.39596054834067734,
0.2526311904242366,
-0.07815483598927339
],
"r_thumb_ip": [
0.4826008294254821,
-0.21779861730920086,
-0.0865220862391084
],
"r_thumb_tip": [
0.43449616040114075,
-0.5209120750511823,
-0.08516811467831936
],
"r_index_mcp": [
0.23654070552668294,
0.013577147618677945,
0.02535853315895082
],
"r_index_pip": [
0.2897049008313235,
-0.3704865645604497,
-0.13247882006818038
],
"r_index_dip": [
0.2163993505334292,
-0.1636609640941196,
-0.2283184859862155
],
"r_index_tip": [
0.17010188725715616,
0.10195586243896475,
-0.2648407567648217
],
"r_middle_mcp": [
0.0,
0.0,
0.0
],
"r_middle_pip": [
0.053416720358730393,
-0.3533982537164996,
-0.19057146192637464
],
"r_middle_dip": [
0.0034564705223492243,
0.00038952756735232265,
-0.25906783366892094
],
"r_middle_tip": [
-0.02336533640218786,
0.32502663970517515,
-0.257002732873654
],
"r_ring_mcp": [
-0.22501462451960114,
0.018170251640386565,
-0.052570631972338376
],
"r_ring_pip": [
-0.17491430360246676,
-0.23244651447817258,
-0.260529870700275
],
"r_ring_dip": [
-0.20182257192865433,
0.16927012496319901,
-0.26202672243485103
],
"r_ring_tip": [
-0.21046185294284195,
0.4697875746080252,
-0.2026699548669565
],
"r_pinky_mcp": [
-0.44349121474028264,
0.07751634691105229,
-0.10990327878691471
],
"r_pinky_pip": [
-0.3921424381143474,
-0.09480104607440897,
-0.2547740503555358
],
"r_pinky_dip": [
-0.39979318913659573,
0.1970543790560042,
-0.24843330689587295
],
"r_pinky_tip": [
-0.3935090336715413,
0.42731318541725827,
-0.20702777196371436
],
"l_hand_velocity": null,
"r_hand_velocity": null,
"m_nose_point": null,
"m_top_nose": null,
"m_eyebrows": null,
"m_forehead": null,
"m_top_chin": null,
"m_bot_up_lip": null,
"m_top_low_lip": null,
"m_bot_nose": null,
"m_chin": null,
"m_nose": null,
"l_eye_exterior": null,
"l_temple": null,
"l_mid_chin": null,
"l_up_lip": null,
"l_ext_nostril": null,
"l_mid_cheek": null,
"l_mid_eyebrow": null,
"l_ext_eyebrow": null,
"l_ext_lips": null,
"l_jaw_angle": null,
"l_mid_ext_face": null,
"l_int_eyebrow": null,
"l_mid_jaw": null,
"l_mid_bot_eyelid": null,
"l_ext_mouth": null,
"l_top_eyelid": null,
"l_eye_int": null,
"l_pupil": null,
"r_eye_exterior": null,
"r_temple": null,
"r_mid_chin": null,
"r_up_lip": null,
"r_ext_nostril": null,
"r_mid_cheek": null,
"r_mid_eyebrow": null,
"r_ext_eyebrow": null,
"r_ext_lips": null,
"r_jaw_angle": null,
"r_mid_ext_face": null,
"r_int_eyebrow": null,
"r_mid_jaw": null,
"r_mid_bot_eyelid": null,
"r_ext_mouth": null,
"r_top_eyelid": null,
"r_eye_int": null,
"r_pupil": null,
"l_shoulder": [
0.4286641164746161,
0.02028782389819509,
-0.25658425409310015
],
"l_elbow": [
0.5244332011307113,
0.7839733582180749,
-0.4762038481984436
],
"l_hip": [
0.25798163365023236,
1.627922226534322,
0.1147568752301474
],
"l_knee": [
0.21289154712608122,
2.9765527903944196,
0.1484186697553228
],
"l_ankle": [
0.2179509608070322,
4.163335892572584,
1.448596730326831
],
"l_body_wrist": [
0.5613228245926855,
1.6372005726687773,
-0.7169983752503337
],
"r_shoulder": [
-0.4286641164746161,
-0.02028782389819509,
0.25658425409310015
],
"r_elbow": [
-0.7510770042957751,
0.4887526219812536,
-0.8439986563032839
],
"r_hip": [
-0.3360768723454611,
1.6072333771440985,
0.6623907782677304
],
"r_knee": [
-0.33314600885171686,
2.9455620125509214,
0.8727564550196131
],
"r_ankle": [
-0.30050673096028396,
4.082126623711618,
1.8899011834263097
],
"r_body_wrist": [
-0.7628984357172099,
-0.14342934126333537,
-2.732658607628965
],
"m_face_position": null,
"m_body_position": [
0.06503412127494812,
0.25886771082878113,
-0.6745131257921457
],
"m_face_scale": null,
"m_body_scale": [
0.45443794727094794,
0.45443794727094794,
0.45443794727094794
],
"l_hand_scale": null,
"r_hand_scale": [
0.1651061878618615,
0.1651061878618615,
0.1651061878618615
]
}
],
"framerate": 30,
"mirrorable": true,
"invalid": false
}