{
"label": "a",
"gestures": [
{
"l_hand_position": [
0.13121408224105835,
-0.025366902351379395,
-0.5039282920770347
],
"l_wrist": [
0.3724307538376283,
0.9269365792338756,
0.04564988142522323
],
"l_thumb_cmc": [
-0.06871299819383672,
0.8093891746015178,
-0.08367253662668155
],
"l_thumb_mcp": [
-0.40939840920947657,
0.4624022146714233,
-0.12952466940751814
],
"l_thumb_ip": [
-0.5822272375109623,
0.0853424512019555,
-0.16762002893560785
],
"l_thumb_tip": [
-0.6896458911015309,
-0.17758598859279248,
-0.16141478783939134
],
"l_index_mcp": [
-0.23547441229924587,
0.02215378549056091,
-0.006312394096953526
],
"l_index_pip": [
-0.27895281387830084,
-0.2737048711965476,
-0.15355447664674035
],
"l_index_dip": [
-0.23222977614278706,
0.1274745781503363,
-0.1940405170330919
],
"l_index_tip": [
-0.1932262570510771,
0.1636795639217872,
-0.21210036518923112
],
"l_middle_mcp": [
0.0,
0.0,
0.0
],
"l_middle_pip": [
-0.0557496931058841,
-0.3021387317072741,
-0.16885059997255686
],
"l_middle_dip": [
-0.045549593318553634,
0.1814363963800846,
-0.16152308813488372
],
"l_middle_tip": [
-0.027569016735888987,
0.16801244162431705,
-0.12505348856928952
],
"l_ring_mcp": [
0.228018814743318,
0.00035362654950303596,
-0.025641750958743898
],
"l_ring_pip": [
0.17479957763221274,
-0.2513103702780684,
-0.1942199928975587
],
"l_ring_dip": [
0.15373438004085657,
0.21647555750351666,
-0.09794508903060918
],
"l_ring_tip": [
0.18357616604005497,
0.21909190907545195,
-0.000981553957357426
],
"l_pinky_mcp": [
0.44756583183644577,
0.023838100779721795,
-0.06465294393707231
],
"l_pinky_pip": [
0.38960502032505,
-0.09998522263519727,
-0.13593011343854602
],
"l_pinky_dip": [
0.3454498447227542,
0.22367173656230663,
-0.06411408340225479
],
"l_pinky_tip": [
0.37402051472129033,
0.25622200406700335,
-0.0005489643051395456
],
"r_hand_position": null,
"r_wrist": null,
"r_thumb_cmc": null,
"r_thumb_mcp": null,
"r_thumb_ip": null,
"r_thumb_tip": null,
"r_index_mcp": null,
"r_index_pip": null,
"r_index_dip": null,
"r_index_tip": null,
"r_middle_mcp": null,
"r_middle_pip": null,
"r_middle_dip": null,
"r_middle_tip": null,
"r_ring_mcp": null,
"r_ring_pip": null,
"r_ring_dip": null,
"r_ring_tip": null,
"r_pinky_mcp": null,
"r_pinky_pip": null,
"r_pinky_dip": null,
"r_pinky_tip": null,
"l_hand_velocity": null,
"r_hand_velocity": null,
"m_nose_point": null,
"m_top_nose": null,
"m_eyebrows": null,
"m_forehead": null,
"m_top_chin": null,
"m_bot_up_lip": null,
"m_top_low_lip": null,
"m_bot_nose": null,
"m_chin": null,
"m_nose": null,
"l_eye_exterior": null,
"l_temple": null,
"l_mid_chin": null,
"l_up_lip": null,
"l_ext_nostril": null,
"l_mid_cheek": null,
"l_mid_eyebrow": null,
"l_ext_eyebrow": null,
"l_ext_lips": null,
"l_jaw_angle": null,
"l_mid_ext_face": null,
"l_int_eyebrow": null,
"l_mid_jaw": null,
"l_mid_bot_eyelid": null,
"l_ext_mouth": null,
"l_top_eyelid": null,
"l_eye_int": null,
"l_pupil": null,
"r_eye_exterior": null,
"r_temple": null,
"r_mid_chin": null,
"r_up_lip": null,
"r_ext_nostril": null,
"r_mid_cheek": null,
"r_mid_eyebrow": null,
"r_ext_eyebrow": null,
"r_ext_lips": null,
"r_jaw_angle": null,
"r_mid_ext_face": null,
"r_int_eyebrow": null,
"r_mid_jaw": null,
"r_mid_bot_eyelid": null,
"r_ext_mouth": null,
"r_top_eyelid": null,
"r_eye_int": null,
"r_pupil": null,
"l_shoulder": null,
"l_elbow": null,
"l_hip": null,
"l_knee": null,
"l_ankle": null,
"l_body_wrist": null,
"r_shoulder": null,
"r_elbow": null,
"r_hip": null,
"r_knee": null,
"r_ankle": null,
"r_body_wrist": null,
"m_face_position": null,
"m_body_position": null,
"m_face_scale": null,
"m_body_scale": null,
"l_hand_scale": [
0.08604605960892561,
0.08604605960892561,
0.08604605960892561
],
"r_hand_scale": null
}
],
"framerate": 30,
"mirrorable": true,
"invalid": false
}