{
"label": "a",
"gestures": [
{
"l_hand_position": [
0.22063696384429932,
-0.03873792290687561,
-0.5065066707320511
],
"l_wrist": [
0.2618866633185938,
0.96459031211057,
0.031319408651610245
],
"l_thumb_cmc": [
-0.06676251256006747,
0.8853568830940315,
-0.10518291777133246
],
"l_thumb_mcp": [
-0.34926255496295217,
0.6478491184174124,
-0.1864810488167522
],
"l_thumb_ip": [
-0.550000554827364,
0.3962654146993115,
-0.27012038174847053
],
"l_thumb_tip": [
-0.6237595771721098,
0.137224983780308,
-0.3302475432973459
],
"l_index_mcp": [
-0.17919643914577865,
0.05030314080251732,
-0.007698435937892311
],
"l_index_pip": [
-0.23597906243619393,
-0.38493471271420854,
-0.1385880779562846
],
"l_index_dip": [
-0.23809508702762322,
-0.2392757570199936,
-0.22175598571440902
],
"l_index_tip": [
-0.21299344046079285,
-0.024137456649610277,
-0.2559618280858639
],
"l_middle_mcp": [
0.0,
0.0,
0.0
],
"l_middle_pip": [
-0.048171048770122606,
-0.44216048176482214,
-0.12153123410265615
],
"l_middle_dip": [
-0.04816588423552657,
-0.19701508771714524,
-0.1786830319546287
],
"l_middle_tip": [
-0.01863966611284116,
0.017965263970176136,
-0.18935132858055526
],
"l_ring_mcp": [
0.182779765399658,
-0.0009416668080096157,
-0.021844342767082806
],
"l_ring_pip": [
0.14980593351553337,
-0.40023823293730815,
-0.13037445951847498
],
"l_ring_dip": [
0.1282738411103263,
-0.1717355516253405,
-0.13641452618782732
],
"l_ring_tip": [
0.14247372898211297,
0.04775673832808546,
-0.1128875515990503
],
"l_pinky_mcp": [
0.37977778146077745,
0.04757282351274904,
-0.059521823848674923
],
"l_pinky_pip": [
0.3488536959740997,
-0.2749051639015384,
-0.13708804964231455
],
"l_pinky_dip": [
0.3040978391648968,
-0.1442421517033705,
-0.13772518823327626
],
"l_pinky_tip": [
0.30412308800069965,
0.03151399010497993,
-0.11791080568877961
],
"r_hand_position": null,
"r_wrist": null,
"r_thumb_cmc": null,
"r_thumb_mcp": null,
"r_thumb_ip": null,
"r_thumb_tip": null,
"r_index_mcp": null,
"r_index_pip": null,
"r_index_dip": null,
"r_index_tip": null,
"r_middle_mcp": null,
"r_middle_pip": null,
"r_middle_dip": null,
"r_middle_tip": null,
"r_ring_mcp": null,
"r_ring_pip": null,
"r_ring_dip": null,
"r_ring_tip": null,
"r_pinky_mcp": null,
"r_pinky_pip": null,
"r_pinky_dip": null,
"r_pinky_tip": null,
"l_hand_velocity": null,
"r_hand_velocity": null,
"m_nose_point": [
0.0,
0.0,
0.0
],
"m_top_nose": [
-0.013315735836399575,
-0.3447689579748918,
0.2248949465098893
],
"m_eyebrows": [
-0.019894924985282413,
-0.6021758288442167,
0.31167672264596297
],
"m_forehead": [
-0.029362446985090215,
-0.9469941078386803,
0.4558452224822093
],
"m_top_chin": [
0.007594967290064369,
0.6015158666299462,
0.07461396868161459
],
"m_bot_up_lip": [
-0.0055746843836034345,
0.3937541248896276,
0.09339263862721275
],
"m_top_low_lip": [
-0.006489237003663755,
0.3974461554975752,
0.09036654453560876
],
"m_bot_nose": [
-0.020753815311825963,
0.08296805398571368,
0.07704289678565288
],
"m_chin": [
0.01600608002304338,
0.9962580559449958,
0.0849334525790261
],
"m_nose": [
-0.010372680139949682,
-0.2838842730714616,
0.16600526015095202
],
"l_eye_exterior": [
-0.4062668675549983,
-0.2753355312076774,
0.4110607091897556
],
"l_temple": [
-0.6074444880444768,
-0.4780176776560944,
0.715866415645213
],
"l_mid_chin": [
-0.18658611428015454,
0.7847371130653127,
0.09492217738893408
],
"l_up_lip": [
-0.13358480720028484,
0.31139906071859225,
0.09109037453444983
],
"l_ext_nostril": [
-0.16921384201497175,
0.03399627420486169,
0.12219978377587382
],
"l_mid_cheek": [
-0.4305220055324276,
0.07039095913290161,
0.2939528656395512
],
"l_mid_eyebrow": [
-0.3776991935710083,
-0.555807024586767,
0.3566895181307161
],
"l_ext_eyebrow": [
-0.4525898737228456,
-0.5128838807014038,
0.39017846106223214
],
"l_ext_lips": [
-0.2758010276876362,
0.46134012718088035,
0.1840834615270688
],
"l_jaw_angle": [
-0.5412082376555062,
0.6063514403059661,
0.6026133473886683
],
"l_mid_ext_face": [
-0.622813152605054,
0.24500897572095706,
0.7704129678829177
],
"l_int_eyebrow": [
-0.1577363710366133,
-0.6201070726645468,
0.3128225519487967
],
"l_mid_jaw": [
-0.41539477910575445,
0.8186173654431816,
0.37426992950215443
],
"l_mid_bot_eyelid": [
-0.3077908758439166,
-0.2574381075150537,
0.36679491797754865
],
"l_ext_mouth": [
-0.18731630023181545,
0.49495662953503905,
0.1421964920795226
],
"l_top_eyelid": [
-0.3213083581365648,
-0.37559154200130584,
0.37341200798135243
],
"l_eye_int": [
-0.19327240050010763,
-0.33017698204157186,
0.3904752532332806
],
"l_pupil": [
-0.31887730159566996,
-0.3134954389123925,
0.38894534016025
],
"r_eye_exterior": [
0.384604840897057,
-0.3118152361789792,
0.4763874271338724
],
"r_temple": [
0.5138367158271318,
-0.5067450577986979,
0.7762014941156646
],
"r_mid_chin": [
0.20083519169645134,
0.7667128638937901,
0.11100833067440731
],
"r_up_lip": [
0.11712403434918889,
0.3057294920878125,
0.10308686117055246
],
"r_ext_nostril": [
0.16677667906212995,
0.03227802382777866,
0.1797178540484063
],
"r_mid_cheek": [
0.40011136945043724,
0.04483656458275182,
0.33083873507857686
],
"r_mid_eyebrow": [
0.37643305254000026,
-0.5414950041550166,
0.424723879315514
],
"r_ext_eyebrow": [
0.3061181886944381,
-0.5842067722422148,
0.3837638074217959
],
"r_ext_lips": [
0.23083599359199966,
0.5022577844656542,
0.17614721773565473
],
"r_jaw_angle": [
0.5032378635831456,
0.571025142606651,
0.6600089811658888
],
"r_mid_ext_face": [
0.5504869306089533,
0.2107449588384198,
0.8341606792569926
],
"r_int_eyebrow": [
0.10050496451146718,
-0.6396431285169447,
0.32189285258539674
],
"r_mid_jaw": [
0.4087148341597463,
0.7839930702557721,
0.4172765815066676
],
"r_mid_bot_eyelid": [
0.25228124262582297,
-0.2746711066154456,
0.39318630197293214
],
"r_ext_mouth": [
0.2700006409239922,
0.4378870429264881,
0.20879115655625669
],
"r_top_eyelid": [
0.26339867016130714,
-0.3991472609488071,
0.40029740951057213
],
"r_eye_int": [
0.1409435033204004,
-0.33124137661633135,
0.40798833260567846
],
"r_pupil": [
0.25313379167842154,
-0.33300730397900047,
0.41514340337356176
],
"l_shoulder": [
0.4594390208220473,
-0.06180267395420485,
0.18733983996520492
],
"l_elbow": [
0.9422868592364589,
0.7395008095435722,
-0.9955175678662996
],
"l_hip": [
0.40369047293270693,
1.7125316031780315,
0.07153489108203129
],
"l_knee": [
0.38336878194400437,
3.293473397270916,
-0.15057390607352245
],
"l_ankle": [
0.3853716318759016,
4.642717341969764,
0.9615190512725542
],
"l_body_wrist": [
0.7676075851088165,
-0.15170084687097202,
-2.649619297628397
],
"r_shoulder": [
-0.4594390208220473,
0.06180267395420485,
-0.18733983996520492
],
"r_elbow": [
-0.6001204342000239,
1.1915531857505062,
-0.6847737094420433
],
"r_hip": [
-0.2843909861247574,
1.7587760110597617,
0.22049579269102698
],
"r_knee": [
-0.2824831259085073,
3.2796924490766997,
-0.1105122480059976
],
"r_ankle": [
-0.24671797092741146,
4.6193064883241375,
0.4752069073876924
],
"r_body_wrist": [
-0.5016895536108509,
1.2019686945220913,
-2.4258645618679315
],
"m_face_position": [
-0.02144169807434082,
-0.08876904845237732,
-0.5349620170891285
],
"m_body_position": [
0.00930798053741455,
0.22798120975494385,
-0.5526775810867548
],
"m_face_scale": [
0.12689291007665723,
0.12689291007665723,
0.12689291007665723
],
"m_body_scale": [
0.38056979968822213,
0.38056979968822213,
0.38056979968822213
],
"l_hand_scale": [
0.20774061747627667,
0.20774061747627667,
0.20774061747627667
],
"r_hand_scale": null
}
],
"framerate": 30,
"mirrorable": true,
"invalid": false
}