{
"label": "a",
"gestures": [
{
"l_hand_position": null,
"l_wrist": null,
"l_thumb_cmc": null,
"l_thumb_mcp": null,
"l_thumb_ip": null,
"l_thumb_tip": null,
"l_index_mcp": null,
"l_index_pip": null,
"l_index_dip": null,
"l_index_tip": null,
"l_middle_mcp": null,
"l_middle_pip": null,
"l_middle_dip": null,
"l_middle_tip": null,
"l_ring_mcp": null,
"l_ring_pip": null,
"l_ring_dip": null,
"l_ring_tip": null,
"l_pinky_mcp": null,
"l_pinky_pip": null,
"l_pinky_dip": null,
"l_pinky_tip": null,
"r_hand_position": null,
"r_wrist": null,
"r_thumb_cmc": null,
"r_thumb_mcp": null,
"r_thumb_ip": null,
"r_thumb_tip": null,
"r_index_mcp": null,
"r_index_pip": null,
"r_index_dip": null,
"r_index_tip": null,
"r_middle_mcp": null,
"r_middle_pip": null,
"r_middle_dip": null,
"r_middle_tip": null,
"r_ring_mcp": null,
"r_ring_pip": null,
"r_ring_dip": null,
"r_ring_tip": null,
"r_pinky_mcp": null,
"r_pinky_pip": null,
"r_pinky_dip": null,
"r_pinky_tip": null,
"l_hand_velocity": null,
"r_hand_velocity": null,
"m_nose_point": [
0.0,
0.0,
0.0
],
"m_top_nose": [
0.050535354952327353,
-0.4175941245618558,
0.19113013916711377
],
"m_eyebrows": [
0.05885327691459307,
-0.7177213561332455,
0.24976899751163548
],
"m_forehead": [
0.06572220650533325,
-1.127386088650822,
0.35567521288786197
],
"m_top_chin": [
0.07983573037572764,
0.6249924607591338,
0.16291557759061223
],
"m_bot_up_lip": [
0.07562365437742445,
0.37191943694206725,
0.14480696359439466
],
"m_top_low_lip": [
0.07655693485213357,
0.38524377090336337,
0.14814360670156781
],
"m_bot_nose": [
0.006377110262201068,
0.07225774287411156,
0.09700155281717185
],
"m_chin": [
0.11683980496768,
0.9698963869610587,
0.21365733906186987
],
"m_nose": [
0.03625458310399179,
-0.3380892143622755,
0.13815087313712096
],
"l_eye_exterior": [
-0.2547440332845844,
-0.3580139622046722,
0.5148972291590354
],
"l_temple": [
-0.36471270319368326,
-0.6406248168160182,
0.8652571841424476
],
"l_mid_chin": [
-0.07902264789835206,
0.7629488851482749,
0.25974891753766244
],
"l_up_lip": [
-0.06020522870111538,
0.29966867804945213,
0.1772169452922753
],
"l_ext_nostril": [
-0.11723825949095085,
0.009808266855809683,
0.18003075467939555
],
"l_mid_cheek": [
-0.304801904449339,
0.009273992271331659,
0.4432573389111257
],
"l_mid_eyebrow": [
-0.24737813827367616,
-0.6646691947963836,
0.4050853427424447
],
"l_ext_eyebrow": [
-0.3023060500092938,
-0.6231554898365821,
0.4697865669659547
],
"l_ext_lips": [
-0.1705675746198296,
0.4282695078571451,
0.3429315027961395
],
"l_jaw_angle": [
-0.2516677732243872,
0.445543099565694,
0.8789021379911266
],
"l_mid_ext_face": [
-0.30516801211094213,
0.06791830110799163,
1.0243048191256316
],
"l_int_eyebrow": [
-0.0640339208730611,
-0.7374566175303044,
0.2855571579097687
],
"l_mid_jaw": [
-0.18671159921582192,
0.7004529105163256,
0.6253643577738196
],
"l_mid_bot_eyelid": [
-0.1749163896242737,
-0.33777916234163075,
0.4424713308488605
],
"l_ext_mouth": [
-0.09760959570620607,
0.4606632357165102,
0.28150900230365056
],
"l_top_eyelid": [
-0.18073919230244115,
-0.4422723907575169,
0.441164568179455
],
"l_eye_int": [
-0.06183249638978701,
-0.41069670767816957,
0.4280317653159742
],
"l_pupil": [
-0.17327111061490072,
-0.3923569560574924,
0.460004340712205
],
"r_eye_exterior": [
0.5634161662168743,
-0.48389434743051324,
0.3267779498898654
],
"r_temple": [
0.8126491029448168,
-0.7772064995842801,
0.5437040162848991
],
"r_mid_chin": [
0.31471070388090017,
0.7685581250238405,
0.16511545135431063
],
"r_up_lip": [
0.21599469847446784,
0.2879144534019488,
0.10568342292044638
],
"r_ext_nostril": [
0.25233639755817844,
-0.013438099344093478,
0.14099198667558505
],
"r_mid_cheek": [
0.5586876431658078,
-0.04833540078094725,
0.22277576544273056
],
"r_mid_eyebrow": [
0.56150586348861,
-0.7285634360395158,
0.254091725966773
],
"r_ext_eyebrow": [
0.47095302971760106,
-0.7571615537445499,
0.23444042741962895
],
"r_ext_lips": [
0.3642708744695397,
0.4837107422327514,
0.18736153450702314
],
"r_jaw_angle": [
0.7985517525052563,
0.4078516541633021,
0.5795021824139241
],
"r_mid_ext_face": [
0.886028326216068,
-0.010890600198771874,
0.6898633107306011
],
"r_int_eyebrow": [
0.20864902025210194,
-0.7699968252121081,
0.22546362768327552
],
"r_mid_jaw": [
0.6252777012665676,
0.699316727000246,
0.39927074164781085
],
"r_mid_bot_eyelid": [
0.4052076657999375,
-0.4120971797571935,
0.28168895325944926
],
"r_ext_mouth": [
0.4092186766467378,
0.4017235779781453,
0.19539840864811533
],
"r_top_eyelid": [
0.41486099853991815,
-0.5317129335807236,
0.2791924483786931
],
"r_eye_int": [
0.2713581901086795,
-0.4607935421081149,
0.32211501940514764
],
"r_pupil": [
0.4055226801232245,
-0.4785569314663487,
0.30148105140066017
],
"l_shoulder": [
0.4187633004347978,
0.08584569225681371,
-0.2593603966103995
],
"l_elbow": [
0.6037942877344252,
0.9705055525056197,
-0.5582929010362238
],
"l_hip": [
0.20964899545029891,
1.5598713443510597,
0.2951300094966601
],
"l_knee": [
0.11696236439072942,
2.7832841483887596,
0.4182258042042074
],
"l_ankle": [
0.07678153379792749,
3.839914773263524,
1.712701210061576
],
"l_body_wrist": [
0.5408769065561617,
1.597870685698066,
-1.2613906677537219
],
"r_shoulder": [
-0.4187633004347978,
-0.08584569225681371,
0.2593603966103995
],
"r_elbow": [
-0.6883318954155387,
0.5250462688799228,
-0.7129295653320948
],
"r_hip": [
-0.37300967975467436,
1.500425135734854,
0.7115188353409394
],
"r_knee": [
-0.4261968395492314,
2.7347339920328393,
1.245056388176369
],
"r_ankle": [
-0.4379876601709099,
3.7803986056795487,
2.5231113618106114
],
"r_body_wrist": [
-0.91044458230863,
0.03207219883335959,
-2.883162709456646
],
"m_face_position": [
0.10214632749557495,
-0.10864073038101196,
-0.5476378425955772
],
"m_body_position": [
0.17094309628009796,
0.2515835165977478,
-0.761184424161911
],
"m_face_scale": [
0.16215510469335018,
0.16215510469335018,
0.16215510469335018
],
"m_body_scale": [
0.5231245265449288,
0.5231245265449288,
0.5231245265449288
],
"l_hand_scale": null,
"r_hand_scale": null
}
],
"framerate": 30,
"mirrorable": true,
"invalid": false
}