{
"label": "a",
"gestures": [
{
"l_hand_position": [
0.28072893619537354,
0.022545993328094482,
-0.5087256310507655
],
"l_wrist": [
0.30297555756278793,
0.9518303321424009,
0.047168107161560203
],
"l_thumb_cmc": [
-0.07866336822271579,
0.7826558701658729,
-0.05362975053188173
],
"l_thumb_mcp": [
-0.4106919370860914,
0.4026557578387487,
-0.11154139361698012
],
"l_thumb_ip": [
-0.6491573396282598,
0.14866544942985127,
-0.17996412111720908
],
"l_thumb_tip": [
-0.8509186051189124,
-0.016573411370772773,
-0.23812836493481404
],
"l_index_mcp": [
-0.2234924603903833,
0.04309183622550648,
0.02085250211605592
],
"l_index_pip": [
-0.3565917597296219,
-0.18618448212356978,
-0.14438525860364546
],
"l_index_dip": [
-0.25387044238323536,
0.12223209078687773,
-0.2559076261070933
],
"l_index_tip": [
-0.14865094950739216,
0.36566774452753303,
-0.306009892898647
],
"l_middle_mcp": [
0.0,
0.0,
0.0
],
"l_middle_pip": [
-0.12167690486694302,
-0.20295605910128384,
-0.17729490691907843
],
"l_middle_dip": [
-0.022341480525010227,
0.18014542552959634,
-0.24599501592207224
],
"l_middle_tip": [
0.05494020619760108,
0.4752639584425365,
-0.25348559530932824
],
"l_ring_mcp": [
0.22040558800908647,
-0.0019107675596127646,
-0.046341203397556124
],
"l_ring_pip": [
0.11033377663742394,
-0.16107947748810106,
-0.22013327644448705
],
"l_ring_dip": [
0.16740579365701458,
0.26568852362841533,
-0.20512120464084346
],
"l_ring_tip": [
0.20906729308705377,
0.5717348425475456,
-0.14811028868339307
],
"l_pinky_mcp": [
0.4322381774193437,
0.04352941166327278,
-0.10414333179052578
],
"l_pinky_pip": [
0.321922767350368,
-0.0872015670076431,
-0.22393737137919925
],
"l_pinky_dip": [
0.3214877696765945,
0.22632993410538332,
-0.19660312449832817
],
"l_pinky_tip": [
0.3394934511658291,
0.466126751749798,
-0.1439045257577821
],
"r_hand_position": null,
"r_wrist": null,
"r_thumb_cmc": null,
"r_thumb_mcp": null,
"r_thumb_ip": null,
"r_thumb_tip": null,
"r_index_mcp": null,
"r_index_pip": null,
"r_index_dip": null,
"r_index_tip": null,
"r_middle_mcp": null,
"r_middle_pip": null,
"r_middle_dip": null,
"r_middle_tip": null,
"r_ring_mcp": null,
"r_ring_pip": null,
"r_ring_dip": null,
"r_ring_tip": null,
"r_pinky_mcp": null,
"r_pinky_pip": null,
"r_pinky_dip": null,
"r_pinky_tip": null,
"l_hand_velocity": null,
"r_hand_velocity": null,
"m_nose_point": [
0.0,
0.0,
0.0
],
"m_top_nose": [
0.060874650337500384,
-0.37041297900888953,
0.1639375349338862
],
"m_eyebrows": [
0.06836484154161136,
-0.6519233307522456,
0.20919093432230418
],
"m_forehead": [
0.08332888765494977,
-1.0617075461943306,
0.32212558745988673
],
"m_top_chin": [
0.10519757090266665,
0.575594034945685,
0.1400112841781962
],
"m_bot_up_lip": [
0.1210784915663447,
0.27650404312536847,
0.1326672900505627
],
"m_top_low_lip": [
0.1188373561120067,
0.28233839769026636,
0.11983792226679864
],
"m_bot_nose": [
0.014309573299565894,
0.06861167274711762,
0.08824863305415011
],
"m_chin": [
0.12559496659243316,
0.97681343728585,
0.17338227448170215
],
"m_nose": [
0.04486993118915788,
-0.2878825277663736,
0.11930081871226278
],
"l_eye_exterior": [
-0.28310135371225,
-0.4256562021944987,
0.4474433475485145
],
"l_temple": [
-0.30045049887858777,
-0.6764081184727996,
0.7494625136178351
],
"l_mid_chin": [
-0.06531684627279016,
0.7236350707081257,
0.2338459688893913
],
"l_up_lip": [
-0.011300376731093143,
0.23032133748955222,
0.1512442577394817
],
"l_ext_nostril": [
-0.10097617020291244,
0.02564058058356571,
0.15894858362921235
],
"l_mid_cheek": [
-0.2784271313386922,
0.016840677988087038,
0.39203700071526437
],
"l_mid_eyebrow": [
-0.3243318647068804,
-0.6762383741587752,
0.34653203594604065
],
"l_ext_eyebrow": [
-0.3739944564075019,
-0.6478433411050771,
0.40573314933263527
],
"l_ext_lips": [
-0.13471317168353364,
0.4473140451363746,
0.2949581456042819
],
"l_jaw_angle": [
-0.23454784328145753,
0.40505230552721966,
0.7582679680010281
],
"l_mid_ext_face": [
-0.24602153789108092,
0.01417454361216899,
0.8857864375955223
],
"l_int_eyebrow": [
-0.12982223814816116,
-0.7083728872131624,
0.23965978443217578
],
"l_mid_jaw": [
-0.19907791827014149,
0.6716754427941116,
0.5352258856892681
],
"l_mid_bot_eyelid": [
-0.18108680776580144,
-0.41046140591593,
0.3864272542516024
],
"l_ext_mouth": [
-0.08873722227983744,
0.35444067719570654,
0.2319759536926729
],
"l_top_eyelid": [
-0.1987412374427757,
-0.4757940779743886,
0.38209260824986485
],
"l_eye_int": [
-0.0696265650667586,
-0.4420394639258461,
0.37304718262874365
],
"l_pupil": [
-0.25557673887031657,
-0.49420712434501807,
0.400110352977162
],
"r_eye_exterior": [
0.5620977028257912,
-0.540739784047793,
0.2740686210253248
],
"r_temple": [
0.8715632839340269,
-0.8406527167228687,
0.4876483412504644
],
"r_mid_chin": [
0.33192390249940606,
0.7386892216979313,
0.14839518557701117
],
"r_up_lip": [
0.25804658245302436,
0.20264280411926275,
0.08993031422237817
],
"r_ext_nostril": [
0.26834100077574097,
-0.002145414976504662,
0.1263652691610905
],
"r_mid_cheek": [
0.5824542577783488,
-0.05023487253076109,
0.1863226700430464
],
"r_mid_eyebrow": [
0.48156181108671453,
-0.7336206309557001,
0.20878693408054882
],
"r_ext_eyebrow": [
0.3723516377532741,
-0.748991042404267,
0.19125857226123436
],
"r_ext_lips": [
0.39632463998567924,
0.4663340869637712,
0.14985839273129112
],
"r_jaw_angle": [
0.8597245752355991,
0.3496304041163216,
0.5143920205739946
],
"r_mid_ext_face": [
0.9867811297108955,
-0.10066475958169464,
0.6126758768503016
],
"r_int_eyebrow": [
0.1335226641938944,
-0.7390963527969824,
0.18575178513654186
],
"r_mid_jaw": [
0.6465277588577357,
0.6641630444391432,
0.3446311150000418
],
"r_mid_bot_eyelid": [
0.36065229807057164,
-0.4600303191755786,
0.23900516205515668
],
"r_ext_mouth": [
0.4390951020276925,
0.40225471502841054,
0.1601630292150164
],
"r_top_eyelid": [
0.3728769517356235,
-0.5895916871148179,
0.23663646211360445
],
"r_eye_int": [
0.25313497329443985,
-0.5012710403545112,
0.2758793912287943
],
"r_pupil": [
0.22870506531451026,
-0.5458244558303001,
0.25610332962424787
],
"l_shoulder": [
0.4858919656280844,
-0.029260360017461646,
0.11424897841873684
],
"l_elbow": [
0.8736169866952167,
0.8205466506621619,
-1.0273422952148479
],
"l_hip": [
0.3564267188904463,
1.8214478604576416,
0.4384855878154595
],
"l_knee": [
0.33944407848154745,
3.4099866783749473,
0.29660110210232565
],
"l_ankle": [
0.37170092373933405,
4.807854280109397,
1.5467668170797662
],
"l_body_wrist": [
0.8321659107319705,
0.19058112784476156,
-3.1583970398523546
],
"r_shoulder": [
-0.4858919656280844,
0.029260360017461646,
-0.11424897841873684
],
"r_elbow": [
-0.8073687595207989,
0.8947341993478201,
-0.2235409231506777
],
"r_hip": [
-0.3119937110268309,
1.8494687346574674,
0.726955920801313
],
"r_knee": [
-0.33492637374466266,
3.3874581081236017,
0.22337968954470164
],
"r_ankle": [
-0.2483557519242411,
4.788060472261891,
0.9294581125579253
],
"r_body_wrist": [
-0.8864054968985272,
1.5419383115311653,
-1.385851644509491
],
"m_face_position": [
-0.026498019695281982,
-0.12302106618881226,
-0.529613358899951
],
"m_body_position": [
0.03530052304267883,
0.20416322350502014,
-0.7167495936155319
],
"m_face_scale": [
0.11675527690996093,
0.11675527690996093,
0.11675527690996093
],
"m_body_scale": [
0.37679510930459176,
0.37679510930459176,
0.37679510930459176
],
"l_hand_scale": [
0.18498092127422217,
0.18498092127422217,
0.18498092127422217
],
"r_hand_scale": null
}
],
"framerate": 30,
"mirrorable": true,
"invalid": false
}