{
"label": "a",
"gestures": [
{
"l_hand_position": null,
"l_wrist": null,
"l_thumb_cmc": null,
"l_thumb_mcp": null,
"l_thumb_ip": null,
"l_thumb_tip": null,
"l_index_mcp": null,
"l_index_pip": null,
"l_index_dip": null,
"l_index_tip": null,
"l_middle_mcp": null,
"l_middle_pip": null,
"l_middle_dip": null,
"l_middle_tip": null,
"l_ring_mcp": null,
"l_ring_pip": null,
"l_ring_dip": null,
"l_ring_tip": null,
"l_pinky_mcp": null,
"l_pinky_pip": null,
"l_pinky_dip": null,
"l_pinky_tip": null,
"r_hand_position": [
-0.11268314719200134,
-0.08639723062515259,
-0.5095268907025456
],
"r_wrist": [
-0.30993382636114747,
0.9496145864194891,
0.046617169975029925
],
"r_thumb_cmc": [
0.044342697581070886,
0.8079503512648717,
-0.057486387353319304
],
"r_thumb_mcp": [
0.38222352994659514,
0.42406171706205537,
-0.08087578477155413
],
"r_thumb_ip": [
0.6096111763302567,
0.12353752347621148,
-0.10388467130517298
],
"r_thumb_tip": [
0.7791029814771783,
-0.11368616703721073,
-0.10504079622514789
],
"r_index_mcp": [
0.2105088149925638,
0.038239065286458686,
0.010526959676017987
],
"r_index_pip": [
0.2846625370228371,
-0.11881156151865671,
-0.14492015618107093
],
"r_index_dip": [
0.17963817874394786,
0.1882327591731295,
-0.22748531248465087
],
"r_index_tip": [
0.13459373990513163,
0.3882080178921679,
-0.26015640286580655
],
"r_middle_mcp": [
0.0,
0.0,
0.0
],
"r_middle_pip": [
0.07960957072827189,
-0.16418528792189294,
-0.19061132133800568
],
"r_middle_dip": [
0.01162845929994939,
0.22945947473960254,
-0.2435747396476038
],
"r_middle_tip": [
-0.021254943540395838,
0.4969141844699551,
-0.2377987907707293
],
"r_ring_mcp": [
-0.197644141926632,
0.01565399248340796,
-0.03754773731044357
],
"r_ring_pip": [
-0.13292323988279725,
-0.06884807979434414,
-0.23200532388292655
],
"r_ring_dip": [
-0.16520290024453363,
0.32151532791276066,
-0.21813073110685324
],
"r_ring_tip": [
-0.18328877909829933,
0.5696896528371047,
-0.1572293570003793
],
"r_pinky_mcp": [
-0.3786723866865459,
0.06676341826494477,
-0.08371657359991048
],
"r_pinky_pip": [
-0.3321299665095002,
0.03401563873501166,
-0.2145940980827029
],
"r_pinky_dip": [
-0.33082010782764887,
0.308963171786843,
-0.20599319221148993
],
"r_pinky_tip": [
-0.3208738150713596,
0.5030321082531913,
-0.1663099574164169
],
"l_hand_velocity": null,
"r_hand_velocity": null,
"m_nose_point": [
0.0,
0.0,
0.0
],
"m_top_nose": [
0.018750066256429568,
-0.3133348309830544,
0.2560621149550126
],
"m_eyebrows": [
0.01733748630232824,
-0.5511111584610169,
0.3672437531483805
],
"m_forehead": [
0.02208356754114962,
-0.8389270180841993,
0.5435071210961531
],
"m_top_chin": [
0.06876055032299142,
0.6068286529491073,
0.030136210314322613
],
"m_bot_up_lip": [
0.05660018126537948,
0.37796797729090303,
0.06429878593873775
],
"m_top_low_lip": [
0.06347989073338078,
0.41271346176391516,
0.054352791155567654
],
"m_bot_nose": [
0.0014786409071787037,
0.09366295278747458,
0.0757238755053156
],
"m_chin": [
0.09978436684727919,
0.9949201199110698,
0.013305454859957131
],
"m_nose": [
0.012161774609805066,
-0.25862277483045387,
0.1903015474148294
],
"l_eye_exterior": [
-0.3060945973775139,
-0.2051818063778456,
0.5323876220022328
],
"l_temple": [
-0.44908657567657834,
-0.34088787062509257,
0.9095996171895904
],
"l_mid_chin": [
-0.11772202393607635,
0.7964029735156757,
0.08524044481114541
],
"l_up_lip": [
-0.07986816078794474,
0.33557207223065355,
0.10029563645753228
],
"l_ext_nostril": [
-0.13580257883117564,
0.07349257603988144,
0.16073502497378708
],
"l_mid_cheek": [
-0.34451396102468373,
0.15177058877999205,
0.39812861766132496
],
"l_mid_eyebrow": [
-0.3017125541567146,
-0.4946412250322013,
0.48165465482606185
],
"l_ext_eyebrow": [
-0.36163452377187133,
-0.4385714054610317,
0.5319287970581861
],
"l_ext_lips": [
-0.20017827482898154,
0.5200360392816797,
0.22104786620886147
],
"l_jaw_angle": [
-0.35753077988531295,
0.6905672359595498,
0.7003996299149434
],
"l_mid_ext_face": [
-0.41953577785069673,
0.35004715149166105,
0.9140534021369142
],
"l_int_eyebrow": [
-0.11246619576854444,
-0.5840165408545156,
0.39497983668123715
],
"l_mid_jaw": [
-0.27834852856761844,
0.8685565268328965,
0.42084291210797553
],
"l_mid_bot_eyelid": [
-0.22384355710480647,
-0.18811137499221314,
0.46796753398099367
],
"l_ext_mouth": [
-0.11749573003298151,
0.5281772318430202,
0.15667909914413267
],
"l_top_eyelid": [
-0.2353016185832483,
-0.3141465373745903,
0.47958057222989736
],
"l_eye_int": [
-0.11181589362052036,
-0.27010590198967327,
0.47132443185326195
],
"l_pupil": [
-0.20361063328461879,
-0.24205693668215708,
0.4910013719340524
],
"r_eye_exterior": [
0.5048898088484499,
-0.3517143706514188,
0.4029282562951723
],
"r_temple": [
0.6797264461525934,
-0.5035856906719189,
0.6945312152499032
],
"r_mid_chin": [
0.2977292192413682,
0.7576345644072104,
0.011060788007519497
],
"r_up_lip": [
0.1901299822002548,
0.2946925237280986,
0.04442474644519738
],
"r_ext_nostril": [
0.21637351571568822,
0.037682151521870204,
0.1392827260613795
],
"r_mid_cheek": [
0.49047212296866216,
0.03496475061514128,
0.22957578327909148
],
"r_mid_eyebrow": [
0.4749323379213544,
-0.5839329104990241,
0.37541793226275366
],
"r_ext_eyebrow": [
0.38965420674203055,
-0.6172571474460772,
0.35586498091891705
],
"r_ext_lips": [
0.3224139953746142,
0.5042151437957448,
0.07841114488690418
],
"r_jaw_angle": [
0.7286424735781003,
0.5539407692844979,
0.49208739526194856
],
"r_mid_ext_face": [
0.7802065613354747,
0.19847099743171945,
0.6817904702658758
],
"r_int_eyebrow": [
0.15651713853621113,
-0.6294001813599738,
0.34980433502971253
],
"r_mid_jaw": [
0.593997132719273,
0.7743461114661957,
0.2614469354788942
],
"r_mid_bot_eyelid": [
0.34648360816466445,
-0.3009193542023884,
0.34972063146837756
],
"r_ext_mouth": [
0.35913966862905555,
0.4383746281539927,
0.10375754079156274
],
"r_top_eyelid": [
0.36272616930854,
-0.4275300902078546,
0.36180347553783687
],
"r_eye_int": [
0.2442090713485466,
-0.3456972017126051,
0.39253463706199454
],
"r_pupil": [
0.38272811405165574,
-0.36908418465418913,
0.37475225688761715
],
"l_shoulder": [
0.29933018654718463,
0.015496474147904532,
-0.40020157259887296
],
"l_elbow": [
0.22822829196469036,
0.539525274087319,
-0.9008148940599142
],
"l_hip": [
0.10127356859251843,
1.217967041476446,
-0.25318384295558033
],
"l_knee": [
-0.027082367651486604,
2.1928876743234182,
-0.6066636355178371
],
"l_ankle": [
-0.09200428840449938,
3.1433107966794664,
-0.017534987414176573
],
"l_body_wrist": [
-0.37964210057754566,
0.6926676954562054,
-0.7560654582417601
],
"r_shoulder": [
-0.29933018654718463,
-0.015496474147904532,
0.40020157259887296
],
"r_elbow": [
-0.6961159166861952,
0.3670087787268203,
-0.47501768118583887
],
"r_hip": [
-0.3529882739321424,
1.1290581320858355,
0.21071478010680694
],
"r_knee": [
-0.44887576368140625,
2.116971315757848,
0.2266599501945038
],
"r_ankle": [
-0.5013290048343817,
3.0564617738643958,
0.23922668223827365
],
"r_body_wrist": [
-0.6648844596164165,
-0.13588058442998005,
-1.792647048268579
],
"m_face_position": [
0.18438905477523804,
-0.15022334456443787,
-0.5352618284523487
],
"m_body_position": [
0.21696233749389648,
0.1495611071586609,
-0.4862778037786484
],
"m_face_scale": [
0.1272197042553471,
0.1272197042553471,
0.1272197042553471
],
"m_body_scale": [
0.5692846369484738,
0.5692846369484738,
0.5692846369484738
],
"l_hand_scale": null,
"r_hand_scale": [
0.20436132797771234,
0.20436132797771234,
0.20436132797771234
]
}
],
"framerate": 30,
"mirrorable": true,
"invalid": false
}