{
"label": "a",
"gestures": [
{
"l_hand_position": null,
"l_wrist": null,
"l_thumb_cmc": null,
"l_thumb_mcp": null,
"l_thumb_ip": null,
"l_thumb_tip": null,
"l_index_mcp": null,
"l_index_pip": null,
"l_index_dip": null,
"l_index_tip": null,
"l_middle_mcp": null,
"l_middle_pip": null,
"l_middle_dip": null,
"l_middle_tip": null,
"l_ring_mcp": null,
"l_ring_pip": null,
"l_ring_dip": null,
"l_ring_tip": null,
"l_pinky_mcp": null,
"l_pinky_pip": null,
"l_pinky_dip": null,
"l_pinky_tip": null,
"r_hand_position": [
-0.19440793991088867,
0.0004634261131286621,
-0.5031547441612929
],
"r_wrist": [
0.017167911121077923,
0.9996022274891979,
0.022375201147087704
],
"r_thumb_cmc": [
0.29054914944726434,
0.7368207695868819,
-0.08294937945710967
],
"r_thumb_mcp": [
0.47939849708045296,
0.3373251224216131,
-0.12242467914917958
],
"r_thumb_ip": [
0.5575383458043426,
-0.006612100031474824,
-0.16493265401323937
],
"r_thumb_tip": [
0.565644769027815,
-0.2835660581579092,
-0.18801632990060044
],
"r_index_mcp": [
0.19534306868778994,
-0.04053761228414595,
0.0003478043042627936
],
"r_index_pip": [
0.1606155388668009,
-0.3548944651089102,
-0.15159485769547293
],
"r_index_dip": [
0.17907716309228197,
-0.03769017510827825,
-0.23250161682468962
],
"r_index_tip": [
0.19822432842847865,
0.20308209430089436,
-0.2527044425414829
],
"r_middle_mcp": [
0.0,
0.0,
0.0
],
"r_middle_pip": [
-0.03721623641872402,
-0.32414341195571983,
-0.15936222291855434
],
"r_middle_dip": [
0.01563765145395793,
0.05639489901841023,
-0.19305085831002403
],
"r_middle_tip": [
0.05336460860147901,
0.2866775227304108,
-0.16812074783416353
],
"r_ring_mcp": [
-0.18156713803619776,
0.08433064643231288,
-0.027320690348304023
],
"r_ring_pip": [
-0.229448897489163,
-0.2197885388031958,
-0.1845602451012274
],
"r_ring_dip": [
-0.1453008929068835,
0.13816137225523126,
-0.14047172592875515
],
"r_ring_tip": [
-0.09185870379734633,
0.36304295514737883,
-0.05914219134524568
],
"r_pinky_mcp": [
-0.3510659621622035,
0.21300225256289285,
-0.06414419195990782
],
"r_pinky_pip": [
-0.39120446818146165,
-0.060629061351938816,
-0.17134514806451276
],
"r_pinky_dip": [
-0.3011559057751291,
0.1882306060879945,
-0.12764190225639407
],
"r_pinky_tip": [
-0.23582698765028254,
0.3869195720007016,
-0.056771586273657124
],
"l_hand_velocity": null,
"r_hand_velocity": [
-0.000311046838760376,
0.0005955398082733154,
-0.0012852471554651856
],
"m_nose_point": null,
"m_top_nose": null,
"m_eyebrows": null,
"m_forehead": null,
"m_top_chin": null,
"m_bot_up_lip": null,
"m_top_low_lip": null,
"m_bot_nose": null,
"m_chin": null,
"m_nose": null,
"l_eye_exterior": null,
"l_temple": null,
"l_mid_chin": null,
"l_up_lip": null,
"l_ext_nostril": null,
"l_mid_cheek": null,
"l_mid_eyebrow": null,
"l_ext_eyebrow": null,
"l_ext_lips": null,
"l_jaw_angle": null,
"l_mid_ext_face": null,
"l_int_eyebrow": null,
"l_mid_jaw": null,
"l_mid_bot_eyelid": null,
"l_ext_mouth": null,
"l_top_eyelid": null,
"l_eye_int": null,
"l_pupil": null,
"r_eye_exterior": null,
"r_temple": null,
"r_mid_chin": null,
"r_up_lip": null,
"r_ext_nostril": null,
"r_mid_cheek": null,
"r_mid_eyebrow": null,
"r_ext_eyebrow": null,
"r_ext_lips": null,
"r_jaw_angle": null,
"r_mid_ext_face": null,
"r_int_eyebrow": null,
"r_mid_jaw": null,
"r_mid_bot_eyelid": null,
"r_ext_mouth": null,
"r_top_eyelid": null,
"r_eye_int": null,
"r_pupil": null,
"l_shoulder": null,
"l_elbow": null,
"l_hip": null,
"l_knee": null,
"l_ankle": null,
"l_body_wrist": null,
"r_shoulder": null,
"r_elbow": null,
"r_hip": null,
"r_knee": null,
"r_ankle": null,
"r_body_wrist": null,
"m_face_position": null,
"m_body_position": null,
"m_face_scale": null,
"m_body_scale": null,
"l_hand_scale": null,
"r_hand_scale": [
0.14098196299622498,
0.14098196299622498,
0.14098196299622498
]
}
],
"framerate": 30,
"mirrorable": true,
"invalid": false
}