{
"label": "a",
"gestures": [
{
"l_hand_position": [
0.18073517084121704,
0.009730339050292969,
-0.5155675690621138
],
"l_wrist": [
0.07639790239129181,
0.994447424232917,
0.07237182426004887
],
"l_thumb_cmc": [
-0.15137091953098217,
0.8306213671282804,
-0.030529281872064388
],
"l_thumb_mcp": [
-0.29382508339762514,
0.5048835094958377,
-0.0737373354923664
],
"l_thumb_ip": [
-0.3321747809131604,
0.20813355954227064,
-0.10512713915326624
],
"l_thumb_tip": [
-0.38158465832896205,
-0.05309845143059494,
-0.11714614462358267
],
"l_index_mcp": [
-0.18966270164053053,
0.028958534315073624,
-0.005151769337579903
],
"l_index_pip": [
-0.17425664943360028,
0.20581666619558844,
-0.12070335250368376
],
"l_index_dip": [
-0.17677804789807358,
0.4958586820212837,
-0.19149863213375592
],
"l_index_tip": [
-0.19274385666047544,
0.6859470203297372,
-0.2229771274196734
],
"l_middle_mcp": [
0.0,
0.0,
0.0
],
"l_middle_pip": [
0.0004727448928883918,
0.2670659489740258,
-0.11271755581602357
],
"l_middle_dip": [
-0.045346654458930304,
0.5707607597163202,
-0.1522415643924251
],
"l_middle_tip": [
-0.08509020121903102,
0.7689542066836791,
-0.1577255159928127
],
"l_ring_mcp": [
0.17876684631323184,
0.0651077235103119,
-0.011034512845340325
],
"l_ring_pip": [
0.17594146124412866,
0.33072024519055127,
-0.13196798556414016
],
"l_ring_dip": [
0.09157035322383467,
0.616498966656875,
-0.12051488496542133
],
"l_ring_tip": [
0.021831336985009477,
0.7921012486812525,
-0.08454389302263503
],
"l_pinky_mcp": [
0.3363441359298068,
0.18835641827295968,
-0.031757031325625774
],
"l_pinky_pip": [
0.33115364086023324,
0.35264718416152,
-0.12497954966731978
],
"l_pinky_dip": [
0.2363178563246771,
0.5843365188297406,
-0.11149203187970778
],
"l_pinky_tip": [
0.15307318909546833,
0.7221541249309624,
-0.07421098098367324
],
"r_hand_position": null,
"r_wrist": null,
"r_thumb_cmc": null,
"r_thumb_mcp": null,
"r_thumb_ip": null,
"r_thumb_tip": null,
"r_index_mcp": null,
"r_index_pip": null,
"r_index_dip": null,
"r_index_tip": null,
"r_middle_mcp": null,
"r_middle_pip": null,
"r_middle_dip": null,
"r_middle_tip": null,
"r_ring_mcp": null,
"r_ring_pip": null,
"r_ring_dip": null,
"r_ring_tip": null,
"r_pinky_mcp": null,
"r_pinky_pip": null,
"r_pinky_dip": null,
"r_pinky_tip": null,
"l_hand_velocity": null,
"r_hand_velocity": null,
"m_nose_point": [
0.0,
0.0,
0.0
],
"m_top_nose": [
0.02547408956803325,
-0.495767213871089,
0.16513434293792414
],
"m_eyebrows": [
0.040592738771720635,
-0.8242460564807161,
0.1966945975322385
],
"m_forehead": [
0.06281961180922836,
-1.235502079933136,
0.27488033370205744
],
"m_top_chin": [
-0.0326425783374638,
0.6122800979548295,
0.2318294189881259
],
"m_bot_up_lip": [
-0.016238868006794433,
0.3798103877646593,
0.18931503905528876
],
"m_top_low_lip": [
-0.01701344967919599,
0.41679330753613264,
0.1896594734194222
],
"m_bot_nose": [
-0.02531608402256788,
0.055826600352309845,
0.10624416951959
],
"m_chin": [
-0.048781680022281705,
0.9460278177920904,
0.32039306430966796
],
"m_nose": [
0.02036676288207726,
-0.3988409402886905,
0.11551387566451962
],
"l_eye_exterior": [
-0.3856074694279353,
-0.5568854807123977,
0.39663232060606995
],
"l_temple": [
-0.5743380034938966,
-0.8984544750501946,
0.6843573091138873
],
"l_mid_chin": [
-0.23998155716416977,
0.7128085941170204,
0.29443620540672205
],
"l_up_lip": [
-0.15257663698015086,
0.29056966597066614,
0.17397392551339957
],
"l_ext_nostril": [
-0.1714494371727318,
-0.04219406420364853,
0.14809356197096585
],
"l_mid_cheek": [
-0.4324224361944004,
-0.1286494318307842,
0.347307508390658
],
"l_mid_eyebrow": [
-0.3346765088449003,
-0.8546266740206765,
0.27944340060122186
],
"l_ext_eyebrow": [
-0.4152970659204998,
-0.8285648747234363,
0.32568169025225036
],
"l_ext_lips": [
-0.30644821043387527,
0.3715090194913633,
0.31128317972946873
],
"l_jaw_angle": [
-0.5632852117317757,
0.28751590494772966,
0.8221041191264028
],
"l_mid_ext_face": [
-0.6117994977540391,
-0.1443957985780752,
0.9221783493453806
],
"l_int_eyebrow": [
-0.09566855956905479,
-0.8658430420365966,
0.2056766446429983
],
"l_mid_jaw": [
-0.4614957097740439,
0.5948002280596925,
0.6100400085178863
],
"l_mid_bot_eyelid": [
-0.28589254989648205,
-0.5042119012769707,
0.3455095899712344
],
"l_ext_mouth": [
-0.22707447916896725,
0.450369485947524,
0.26514731119110707
],
"l_top_eyelid": [
-0.28860345914287994,
-0.6439267855706342,
0.3357546031227026
],
"l_eye_int": [
-0.1581073374994692,
-0.5603109599096022,
0.35391898171728287
],
"l_pupil": [
-0.28659775092872736,
-0.5785190733123649,
0.3618774863446333
],
"r_eye_exterior": [
0.48887219623804085,
-0.5114436935501934,
0.41726214119815574
],
"r_temple": [
0.6645348614091674,
-0.7940720615771336,
0.673273846804179
],
"r_mid_chin": [
0.16193188198457972,
0.7525160966917106,
0.29184756193231265
],
"r_up_lip": [
0.12357603582286084,
0.3076241363203195,
0.17369027042584462
],
"r_ext_nostril": [
0.1883139970110085,
-0.020143174906683152,
0.19573703708212553
],
"r_mid_cheek": [
0.4394369708426083,
-0.0510742797156206,
0.3381651728518273
],
"r_mid_eyebrow": [
0.5092518730348917,
-0.7277943059627441,
0.31467919114565784
],
"r_ext_eyebrow": [
0.43307674120959677,
-0.7672637873631757,
0.2704268550591298
],
"r_ext_lips": [
0.2143254067192301,
0.49674512639767116,
0.2921060855288621
],
"r_jaw_angle": [
0.5376645112489596,
0.3869378558636325,
0.8128763990303634
],
"r_mid_ext_face": [
0.6340458682707147,
-0.0316715025892912,
0.9116398352480677
],
"r_int_eyebrow": [
0.19840001766321472,
-0.8335476201139292,
0.20176842083881247
],
"r_mid_jaw": [
0.3990845321712829,
0.6760459705387439,
0.6033144543644899
],
"r_mid_bot_eyelid": [
0.3376094867826012,
-0.4559558935501795,
0.338584166874021
],
"r_ext_mouth": [
0.2576320933055306,
0.4222667816880228,
0.30855581997958154
],
"r_top_eyelid": [
0.36377839560825787,
-0.5955588572491385,
0.32968331639804715
],
"r_eye_int": [
0.22358316432781894,
-0.5362936105708355,
0.3499279054960399
],
"r_pupil": [
0.3433756763360266,
-0.5318340053356814,
0.35533449553970464
],
"l_shoulder": [
0.4833014000406052,
-0.046031308161995826,
-0.11958626755479224
],
"l_elbow": [
0.8209600621190485,
0.49141871425753225,
-1.0731767060984188
],
"l_hip": [
0.23857442579894406,
1.7748810191692752,
-0.044188887185414395
],
"l_knee": [
0.22311386227168256,
3.4933310300607756,
-0.6666406843629821
],
"l_ankle": [
0.16749863109333232,
5.055430783090145,
-0.02944518616438135
],
"l_body_wrist": [
0.797998755380556,
-0.4580680747055567,
-1.7800350085947667
],
"r_shoulder": [
-0.4833014000406052,
0.046031308161995826,
0.11958626755479224
],
"r_elbow": [
-0.526099567788102,
1.028947787357068,
0.6844534055310619
],
"r_hip": [
-0.28934237619202147,
1.7658290683519897,
0.42851071109054956
],
"r_knee": [
-0.33580238850287103,
3.4497339320800853,
0.6035370970772672
],
"r_ankle": [
-0.33428827640034475,
5.0034620885053505,
1.0122558814160543
],
"r_body_wrist": [
-0.8340078385232648,
1.747072026672764,
0.596768990060719
],
"m_face_position": [
-0.054052114486694336,
0.23892319202423096,
-0.5357410907745361
],
"m_body_position": [
-0.060480400919914246,
0.40551143884658813,
-0.5684192245826125
],
"m_face_scale": [
0.11769618031537722,
0.11769618031537722,
0.11769618031537722
],
"m_body_scale": [
0.3679546671518047,
0.3679546671518047,
0.3679546671518047
],
"l_hand_scale": [
0.2150959756868762,
0.2150959756868762,
0.2150959756868762
],
"r_hand_scale": null
}
],
"framerate": 30,
"mirrorable": true,
"invalid": false
}