{
"label": "a",
"gestures": [
{
"l_hand_position": [
-0.17479655146598816,
-0.12807822227478027,
-0.49563191970810294
],
"l_wrist": [
0.1515737548607438,
0.9883038421586539,
-0.01676044187536975
],
"l_thumb_cmc": [
-0.12720567179812464,
0.7457612763970413,
-0.053447180770109654
],
"l_thumb_mcp": [
-0.30298310384811833,
0.3380860444031793,
-0.077076473513991
],
"l_thumb_ip": [
-0.40520028335425096,
0.04002425545017843,
-0.12031140246182301
],
"l_thumb_tip": [
-0.5418119032782616,
-0.16518777306880283,
-0.1560892374159561
],
"l_index_mcp": [
-0.1563225464854063,
0.01141820513161287,
0.0335226008875326
],
"l_index_pip": [
-0.28661740235754823,
-0.12285063109688607,
-0.11431125976987222
],
"l_index_dip": [
-0.27659447488838196,
0.17111255830506203,
-0.21859146574149743
],
"l_index_tip": [
-0.23726099849724172,
0.41130530910467333,
-0.261589203774838
],
"l_middle_mcp": [
0.0,
0.0,
0.0
],
"l_middle_pip": [
-0.16206909197438968,
-0.1152894472058745,
-0.16155544688164225
],
"l_middle_dip": [
-0.13769266285561202,
0.24994791849448636,
-0.2204460623165038
],
"l_middle_tip": [
-0.1006169661496566,
0.5300200692216344,
-0.21786901740087142
],
"l_ring_mcp": [
0.16590461926214436,
0.024301886261033048,
-0.055720266321982424
],
"l_ring_pip": [
-0.016699315077838117,
-0.03816742944921194,
-0.20076005959404722
],
"l_ring_dip": [
0.0020794256083725496,
0.3267137997452065,
-0.1957511968564176
],
"l_ring_tip": [
0.030255139551860353,
0.5970937783520458,
-0.14856831181295574
],
"l_pinky_mcp": [
0.3334364908161277,
0.08378217057116302,
-0.11928703839790086
],
"l_pinky_pip": [
0.1422901965035934,
0.019621806687757797,
-0.2139373389729891
],
"l_pinky_dip": [
0.11852497308650696,
0.2807963140108203,
-0.20442044832320141
],
"l_pinky_tip": [
0.1304519446551804,
0.48944348778102,
-0.1671818320278502
],
"r_hand_position": null,
"r_wrist": null,
"r_thumb_cmc": null,
"r_thumb_mcp": null,
"r_thumb_ip": null,
"r_thumb_tip": null,
"r_index_mcp": null,
"r_index_pip": null,
"r_index_dip": null,
"r_index_tip": null,
"r_middle_mcp": null,
"r_middle_pip": null,
"r_middle_dip": null,
"r_middle_tip": null,
"r_ring_mcp": null,
"r_ring_pip": null,
"r_ring_dip": null,
"r_ring_tip": null,
"r_pinky_mcp": null,
"r_pinky_pip": null,
"r_pinky_dip": null,
"r_pinky_tip": null,
"l_hand_velocity": null,
"r_hand_velocity": null,
"m_nose_point": [
0.0,
0.0,
0.0
],
"m_top_nose": [
0.06086683897267376,
-0.3156369538975209,
0.2161566206039091
],
"m_eyebrows": [
0.10020958009624756,
-0.5898531045266282,
0.3030529829018123
],
"m_forehead": [
0.1550939949324068,
-0.9309079940629637,
0.43339246888494737
],
"m_top_chin": [
-0.04339011532633065,
0.6433559255165615,
0.10585768541715819
],
"m_bot_up_lip": [
0.009329354231028169,
0.38694193024552365,
0.10681372146356376
],
"m_top_low_lip": [
0.005908520851638105,
0.4122783617869349,
0.1179599476105043
],
"m_bot_nose": [
-0.01476779406177518,
0.07499710026681257,
0.08025608783719017
],
"m_chin": [
-0.07302229223676063,
0.9897553556150431,
0.12268692215484418
],
"m_nose": [
0.046911279431075086,
-0.2557327285974778,
0.15884764158184256
],
"l_eye_exterior": [
-0.2640690659057679,
-0.3623854590049441,
0.4741293890462579
],
"l_temple": [
-0.36396151671627996,
-0.6317681944804414,
0.8115484299103765
],
"l_mid_chin": [
-0.2286406262979425,
0.7071297829418106,
0.1700431487661567
],
"l_up_lip": [
-0.12240699299964874,
0.2781775771825222,
0.12907397262283593
],
"l_ext_nostril": [
-0.13840798966001036,
-0.015517818854808879,
0.1505009847088526
],
"l_mid_cheek": [
-0.36476065445179484,
-0.06323712312527636,
0.3671766823405566
],
"l_mid_eyebrow": [
-0.19932183673477324,
-0.6239137486863534,
0.4141742675361793
],
"l_ext_eyebrow": [
-0.2648979052779261,
-0.6038590633020587,
0.4646241344730219
],
"l_ext_lips": [
-0.274355888644024,
0.3496930375697299,
0.2568375615118068
],
"l_jaw_angle": [
-0.4349591863670435,
0.3923967410570977,
0.7042045225391709
],
"l_mid_ext_face": [
-0.43877713296706694,
0.02884870854227815,
0.8724524543966431
],
"l_int_eyebrow": [
-0.009146466988074519,
-0.6247949751971582,
0.3275492578997213
],
"l_mid_jaw": [
-0.3884132136795664,
0.6384558570838699,
0.4675069472610886
],
"l_mid_bot_eyelid": [
-0.1910121607381158,
-0.3082760931753685,
0.41299663857072183
],
"l_ext_mouth": [
-0.22136349144916273,
0.3619923215939402,
0.2033611423826939
],
"l_top_eyelid": [
-0.1727550090486316,
-0.4265283651122659,
0.42140967100079724
],
"l_eye_int": [
-0.06994454784127466,
-0.34705871288350243,
0.4162813150872512
],
"l_pupil": [
-0.1765268830311846,
-0.3593963517770789,
0.4344681007930734
],
"r_eye_exterior": [
0.534038701043915,
-0.14387776822548345,
0.3695763757908592
],
"r_temple": [
0.7427818033735026,
-0.3577955037233478,
0.617359217237722
],
"r_mid_chin": [
0.1478519407568279,
0.8238635294714215,
0.11300676119180773
],
"r_up_lip": [
0.1584869976443909,
0.34867382707766853,
0.08563588447590313
],
"r_ext_nostril": [
0.20688569761918107,
0.08796806224724134,
0.13919321206182222
],
"r_mid_cheek": [
0.48765971236087385,
0.17244279105714425,
0.23223226601345265
],
"r_mid_eyebrow": [
0.5459043879473631,
-0.38517830786814067,
0.33028410698585314
],
"r_ext_eyebrow": [
0.4679537288681955,
-0.44646120362497627,
0.30694471219689806
],
"r_ext_lips": [
0.23353321085368461,
0.57012385085406,
0.14728066661069958
],
"r_jaw_angle": [
0.5935067566404945,
0.6774929286082871,
0.5232801309527908
],
"r_mid_ext_face": [
0.7152425394262341,
0.33887930311999737,
0.6694435804406742
],
"r_int_eyebrow": [
0.24390703366147876,
-0.5651496452653373,
0.28934431638769326
],
"r_mid_jaw": [
0.4199425533966971,
0.8747454733665209,
0.3314616847919955
],
"r_mid_bot_eyelid": [
0.37438842827618474,
-0.15089249963872098,
0.31388574130828273
],
"r_ext_mouth": [
0.2816669348102312,
0.5077174380701792,
0.16611472727944498
],
"r_top_eyelid": [
0.401363594998384,
-0.26627470476548126,
0.3203363901133981
],
"r_eye_int": [
0.2646450905597255,
-0.24120605569616968,
0.34978291717785986
],
"r_pupil": [
0.3942639683560004,
-0.2034674368224924,
0.3363457257421185
],
"l_shoulder": [
0.4801023906762368,
0.10669715095869409,
-0.09009668386938395
],
"l_elbow": [
0.6902228786924322,
0.9433293881795487,
-1.3184313331569193
],
"l_hip": [
0.3277656593780373,
1.8741845159707196,
0.16950621467209095
],
"l_knee": [
0.3124352764919626,
3.4137431025177505,
0.2514972372506788
],
"l_ankle": [
0.29763888875895794,
4.726755346160976,
1.7205388787787244
],
"l_body_wrist": [
0.09868302928786346,
0.012643401872745218,
-2.5171904779334247
],
"r_shoulder": [
-0.4801023906762368,
-0.10669715095869409,
0.09009668386938395
],
"r_elbow": [
-0.8236130971819556,
0.7850598750762217,
-0.3915099974960021
],
"r_hip": [
-0.3780719656273407,
1.885229728198536,
0.3156046153498351
],
"r_knee": [
-0.3231677515811563,
3.4195160805416425,
0.40215910701404645
],
"r_ankle": [
-0.32205200993135963,
4.7336855920429,
1.3403709214425554
],
"r_body_wrist": [
-0.5791376525503181,
1.4120568811785812,
-1.7601359687908418
],
"m_face_position": [
-0.13072407245635986,
-0.1793701946735382,
-0.5348765067756176
],
"m_body_position": [
-0.152055524289608,
0.11898171901702881,
-0.5927724111825228
],
"m_face_scale": [
0.1274305180109485,
0.1274305180109485,
0.1274305180109485
],
"m_body_scale": [
0.392568236752459,
0.392568236752459,
0.392568236752459
],
"l_hand_scale": [
0.26067036849259084,
0.26067036849259084,
0.26067036849259084
],
"r_hand_scale": null
}
],
"framerate": 30,
"mirrorable": true,
"invalid": false
}