{
"label": "a",
"gestures": [
{
"l_hand_position": null,
"l_wrist": null,
"l_thumb_cmc": null,
"l_thumb_mcp": null,
"l_thumb_ip": null,
"l_thumb_tip": null,
"l_index_mcp": null,
"l_index_pip": null,
"l_index_dip": null,
"l_index_tip": null,
"l_middle_mcp": null,
"l_middle_pip": null,
"l_middle_dip": null,
"l_middle_tip": null,
"l_ring_mcp": null,
"l_ring_pip": null,
"l_ring_dip": null,
"l_ring_tip": null,
"l_pinky_mcp": null,
"l_pinky_pip": null,
"l_pinky_dip": null,
"l_pinky_tip": null,
"r_hand_position": [
-0.1812680959701538,
-0.0027965307235717773,
-0.49998206114105415
],
"r_wrist": [
-0.012234216286798225,
0.9999251508868598,
-0.00012874679891507695
],
"r_thumb_cmc": [
0.26522471209196297,
0.7312900240775704,
-0.0915130436446032
],
"r_thumb_mcp": [
0.45494489006888744,
0.3428113830288518,
-0.12462653711846822
],
"r_thumb_ip": [
0.5339045933376544,
-0.0007114266541250672,
-0.1641729794487599
],
"r_thumb_tip": [
0.5529408506400503,
-0.28169518911120267,
-0.18550482795747253
],
"r_index_mcp": [
0.18876745735672673,
-0.032563074599047954,
0.004688889675259246
],
"r_index_pip": [
0.15506061135944446,
-0.34693533545862426,
-0.1397662953310482
],
"r_index_dip": [
0.18272413070164117,
-0.0464983816807838,
-0.2217030658203301
],
"r_index_tip": [
0.20140108587782898,
0.19070287562527824,
-0.2441594223200993
],
"r_middle_mcp": [
0.0,
0.0,
0.0
],
"r_middle_pip": [
-0.03861970092155483,
-0.3124026434462271,
-0.1487501547035835
],
"r_middle_dip": [
0.025065650972563754,
0.05092168218045221,
-0.18615929561927827
],
"r_middle_tip": [
0.06316138721888463,
0.27837428326668,
-0.16769718020958002
],
"r_ring_mcp": [
-0.1780042265078939,
0.0770650284258078,
-0.0311944372473273
],
"r_ring_pip": [
-0.22639728303163692,
-0.2283099018703233,
-0.17915124169979516
],
"r_ring_dip": [
-0.13591331238937218,
0.11656841836046872,
-0.13855702834840963
],
"r_ring_tip": [
-0.08332980509875007,
0.33971446047217085,
-0.06300549020044605
],
"r_pinky_mcp": [
-0.34665730907776887,
0.20046778699418302,
-0.07129209339783497
],
"r_pinky_pip": [
-0.3800848620592032,
-0.06383840362237991,
-0.17285134229403978
],
"r_pinky_dip": [
-0.2864199487390879,
0.1765182525558505,
-0.13159343859480935
],
"r_pinky_tip": [
-0.22540466340917517,
0.36896106244916993,
-0.06463387482740228
],
"l_hand_velocity": null,
"r_hand_velocity": [
-0.0016064345836639404,
0.0009884536266326904,
-0.00012436072574928403
],
"m_nose_point": null,
"m_top_nose": null,
"m_eyebrows": null,
"m_forehead": null,
"m_top_chin": null,
"m_bot_up_lip": null,
"m_top_low_lip": null,
"m_bot_nose": null,
"m_chin": null,
"m_nose": null,
"l_eye_exterior": null,
"l_temple": null,
"l_mid_chin": null,
"l_up_lip": null,
"l_ext_nostril": null,
"l_mid_cheek": null,
"l_mid_eyebrow": null,
"l_ext_eyebrow": null,
"l_ext_lips": null,
"l_jaw_angle": null,
"l_mid_ext_face": null,
"l_int_eyebrow": null,
"l_mid_jaw": null,
"l_mid_bot_eyelid": null,
"l_ext_mouth": null,
"l_top_eyelid": null,
"l_eye_int": null,
"l_pupil": null,
"r_eye_exterior": null,
"r_temple": null,
"r_mid_chin": null,
"r_up_lip": null,
"r_ext_nostril": null,
"r_mid_cheek": null,
"r_mid_eyebrow": null,
"r_ext_eyebrow": null,
"r_ext_lips": null,
"r_jaw_angle": null,
"r_mid_ext_face": null,
"r_int_eyebrow": null,
"r_mid_jaw": null,
"r_mid_bot_eyelid": null,
"r_ext_mouth": null,
"r_top_eyelid": null,
"r_eye_int": null,
"r_pupil": null,
"l_shoulder": null,
"l_elbow": null,
"l_hip": null,
"l_knee": null,
"l_ankle": null,
"l_body_wrist": null,
"r_shoulder": null,
"r_elbow": null,
"r_hip": null,
"r_knee": null,
"r_ankle": null,
"r_body_wrist": null,
"m_face_position": null,
"m_body_position": null,
"m_face_scale": null,
"m_body_scale": null,
"l_hand_scale": null,
"r_hand_scale": [
0.1411724256663529,
0.1411724256663529,
0.1411724256663529
]
}
],
"framerate": 30,
"mirrorable": true,
"invalid": false
}