{
"label": "a",
"gestures": [
{
"l_hand_position": [
0.3172076344490051,
0.007352292537689209,
-0.513737921603024
],
"l_wrist": [
-0.09834111088366908,
0.9919364955431771,
0.07994382227343526
],
"l_thumb_cmc": [
-0.2821230445030908,
0.73636219687601,
-0.1594460620041013
],
"l_thumb_mcp": [
-0.2989258154954955,
0.3044897411295224,
-0.25577044061652837
],
"l_thumb_ip": [
-0.13886644068712053,
-0.05790336235461397,
-0.3210221537139282
],
"l_thumb_tip": [
0.05010758836374238,
-0.29441546657821677,
-0.35694985682517033
],
"l_index_mcp": [
-0.21456406343161233,
-0.05715866137984583,
-0.07071443791850578
],
"l_index_pip": [
-0.1483141189128935,
-0.32951249165175606,
-0.26192911681071956
],
"l_index_dip": [
-0.15870177834109855,
-0.10341631566373774,
-0.36844893129687833
],
"l_index_tip": [
-0.16926910945301568,
0.15064395424010243,
-0.4046895857143545
],
"l_middle_mcp": [
0.0,
0.0,
0.0
],
"l_middle_pip": [
0.1489176492790307,
-0.10908013597905629,
-0.20958395695735013
],
"l_middle_dip": [
0.057426261194486544,
0.27185713171771,
-0.26640588567996865
],
"l_middle_tip": [
-0.02619529902954792,
0.5166129751436017,
-0.24903786861117522
],
"l_ring_mcp": [
0.17497004341728636,
0.09281742060738467,
0.03537306596707064
],
"l_ring_pip": [
0.3125361189649538,
0.04390614042341655,
-0.1801663607430812
],
"l_ring_dip": [
0.17679901791190789,
0.3511676121022506,
-0.1655676679064069
],
"l_ring_tip": [
0.05775993717852332,
0.5275073919654426,
-0.09038011937114077
],
"l_pinky_mcp": [
0.29881551511823595,
0.20225898109305876,
0.05362531789000153
],
"l_pinky_pip": [
0.41775574173992563,
0.15893347850465006,
-0.09465244883242084
],
"l_pinky_dip": [
0.31360998678883933,
0.37264080630157337,
-0.07884311830548318
],
"l_pinky_tip": [
0.20985201744082277,
0.4950946895950848,
-0.019508918558952173
],
"r_hand_position": null,
"r_wrist": null,
"r_thumb_cmc": null,
"r_thumb_mcp": null,
"r_thumb_ip": null,
"r_thumb_tip": null,
"r_index_mcp": null,
"r_index_pip": null,
"r_index_dip": null,
"r_index_tip": null,
"r_middle_mcp": null,
"r_middle_pip": null,
"r_middle_dip": null,
"r_middle_tip": null,
"r_ring_mcp": null,
"r_ring_pip": null,
"r_ring_dip": null,
"r_ring_tip": null,
"r_pinky_mcp": null,
"r_pinky_pip": null,
"r_pinky_dip": null,
"r_pinky_tip": null,
"l_hand_velocity": null,
"r_hand_velocity": null,
"m_nose_point": [
0.0,
0.0,
0.0
],
"m_top_nose": [
0.05106048931100348,
-0.46405915025368094,
0.1509442003936994
],
"m_eyebrows": [
0.08704242934792043,
-0.8136152827342654,
0.17529202793063153
],
"m_forehead": [
0.12895815478601505,
-1.2608573286829527,
0.25669732345699164
],
"m_top_chin": [
-0.07523219744684603,
0.5922695266788532,
0.2204893303626595
],
"m_bot_up_lip": [
0.006860105237388291,
0.3998014207916527,
0.18621628112550212
],
"m_top_low_lip": [
0.0029826114683537694,
0.4147664785852728,
0.18153064868025695
],
"m_bot_nose": [
-0.030480766759886337,
0.06199007477654273,
0.09883967349355384
],
"m_chin": [
-0.11399250383134717,
0.951663828297147,
0.28520460546961457
],
"m_nose": [
0.041580194005426646,
-0.36588546068399186,
0.1053885545437094
],
"l_eye_exterior": [
-0.39838080008233073,
-0.5873409515332347,
0.3120204580539068
],
"l_temple": [
-0.5668768953864256,
-0.9984693756924082,
0.559345035262479
],
"l_mid_chin": [
-0.29716676470230846,
0.6990088572185139,
0.26238420557205017
],
"l_up_lip": [
-0.13383196139489278,
0.27688164547156563,
0.14804926554271378
],
"l_ext_nostril": [
-0.18256547991563735,
-0.040466237557782954,
0.11591089787741407
],
"l_mid_cheek": [
-0.48134109509974854,
-0.1472476825318328,
0.27085254495984007
],
"l_mid_eyebrow": [
-0.3004855007643779,
-0.9080908108916848,
0.2092085688418183
],
"l_ext_eyebrow": [
-0.38958896703282336,
-0.8925990260876772,
0.2450989519995132
],
"l_ext_lips": [
-0.36795875626617003,
0.3445318606859316,
0.2639793561962166
],
"l_jaw_angle": [
-0.6456198153544576,
0.23586554762253364,
0.6939832013814164
],
"l_mid_ext_face": [
-0.6623244167807312,
-0.21574018643398044,
0.7829862504274893
],
"l_int_eyebrow": [
-0.04470397780314101,
-0.887407087436865,
0.1652505034137241
],
"l_mid_jaw": [
-0.5515547546420698,
0.5688914680248782,
0.5123785929330202
],
"l_mid_bot_eyelid": [
-0.29218994579147434,
-0.5224410263768602,
0.2764286040468019
],
"l_ext_mouth": [
-0.25466242578451287,
0.4322951784271976,
0.2304748382331216
],
"l_top_eyelid": [
-0.2905858405980534,
-0.652232572434941,
0.26372333614836907
],
"l_eye_int": [
-0.15666193924076194,
-0.5627393993581346,
0.29581109898943886
],
"l_pupil": [
-0.3081105860329933,
-0.5994422277883971,
0.291038238659337
],
"r_eye_exterior": [
0.4911539560327547,
-0.4478272981824511,
0.44459463225991214
],
"r_temple": [
0.737579945228788,
-0.7961146591819334,
0.7109512404580146
],
"r_mid_chin": [
0.10431369729512882,
0.7705559427961404,
0.3072651554452869
],
"r_up_lip": [
0.15170311288170907,
0.3255431937851852,
0.19065768568810387
],
"r_ext_nostril": [
0.1933661517134692,
0.011879631743659231,
0.20816100318019437
],
"r_mid_cheek": [
0.44529370962723164,
0.0038322158090575245,
0.3788387571753753
],
"r_mid_eyebrow": [
0.5472051046790394,
-0.6631487129167316,
0.3482030579855731
],
"r_ext_eyebrow": [
0.47909321244918746,
-0.699693760508297,
0.2932357729042461
],
"r_ext_lips": [
0.18762593453420193,
0.5133696167535211,
0.32087949594118437
],
"r_jaw_angle": [
0.5091217927703515,
0.4049358228208347,
0.8420087899123082
],
"r_mid_ext_face": [
0.6706802764601544,
-0.021483897708212386,
0.9389595791219199
],
"r_int_eyebrow": [
0.24985050564494868,
-0.7897715926578195,
0.19528930958420068
],
"r_mid_jaw": [
0.31525066328491186,
0.6962842708059243,
0.6189989452525231
],
"r_mid_bot_eyelid": [
0.33018032913601725,
-0.3980169946397208,
0.35288182582744293
],
"r_ext_mouth": [
0.23601640824900724,
0.4470684474820506,
0.3424973059346835
],
"r_top_eyelid": [
0.3700880067071844,
-0.514535573653016,
0.34524610691129476
],
"r_eye_int": [
0.22417691373624463,
-0.47682140563636777,
0.34908871539620945
],
"r_pupil": [
0.33683460748984195,
-0.4624249915671749,
0.36802413991416083
],
"l_shoulder": [
0.48378457808090497,
-0.005405148581122777,
0.126187425601352
],
"l_elbow": [
1.0494878483740446,
0.5051324299151068,
-1.1050693316309594
],
"l_hip": [
0.3212831948671535,
1.7030108485156614,
0.33391216724503464
],
"l_knee": [
0.28199648275455336,
3.167990387608327,
0.029671894372272037
],
"l_ankle": [
0.23456614074143353,
4.428252828694033,
1.0505988251841132
],
"l_body_wrist": [
0.9944841769535808,
-0.213059111609315,
-2.796468134839058
],
"r_shoulder": [
-0.48378457808090497,
0.005405148581122777,
-0.126187425601352
],
"r_elbow": [
-0.6302271832181573,
0.9574015000464349,
0.2265824954327341
],
"r_hip": [
-0.34240790013652495,
1.6875012584417761,
0.6958898894931771
],
"r_knee": [
-0.3124845688130673,
3.1357222184927354,
0.7992614519465301
],
"r_ankle": [
-0.33063548414005756,
4.377299245487906,
1.7831119360541758
],
"r_body_wrist": [
-0.6711620384842257,
1.6545552432451769,
-0.5492738039160232
],
"m_face_position": [
-0.11525881290435791,
-0.05119934678077698,
-0.5431824587285519
],
"m_body_position": [
-0.12240827828645706,
0.29468294978141785,
-0.7157660350203514
],
"m_face_scale": [
0.1507296669339636,
0.1507296669339636,
0.1507296669339636
],
"m_body_scale": [
0.4245377129686072,
0.4245377129686072,
0.4245377129686072
],
"l_hand_scale": [
0.17184235910609252,
0.17184235910609252,
0.17184235910609252
],
"r_hand_scale": null
}
],
"framerate": 30,
"mirrorable": true,
"invalid": false
}