{
"label": "a",
"gestures": [
{
"l_hand_position": [
0.023834586143493652,
-0.04666289687156677,
-0.49911313358461484
],
"l_wrist": [
0.248340228602596,
0.9686593043160581,
-0.005126696747511482
],
"l_thumb_cmc": [
-0.08493839854597464,
0.7669779595387204,
-0.10344141215736612
],
"l_thumb_mcp": [
-0.34615124869399344,
0.32877228840052347,
-0.13557083602757278
],
"l_thumb_ip": [
-0.4764672782806855,
-0.019918220448506163,
-0.1753301258258385
],
"l_thumb_tip": [
-0.574554832705099,
-0.28980453723580635,
-0.19879719996079576
],
"l_index_mcp": [
-0.19595797946281626,
0.03044959832891051,
0.015418033058507401
],
"l_index_pip": [
-0.30675991442889056,
-0.12656938540730425,
-0.1504526577171984
],
"l_index_dip": [
-0.224889049595669,
0.17353252587418114,
-0.2566120960748068
],
"l_index_tip": [
-0.12963950194384016,
0.4093419266119502,
-0.29983024967422317
],
"l_middle_mcp": [
0.0,
0.0,
0.0
],
"l_middle_pip": [
-0.11969012035583579,
-0.15774148564240123,
-0.18781201994174643
],
"l_middle_dip": [
-0.03956162844651814,
0.20589720194394145,
-0.2545570077613955
],
"l_middle_tip": [
0.036164698607326864,
0.4880708724074729,
-0.2504572054767673
],
"l_ring_mcp": [
0.19383644800759142,
0.015294104935961466,
-0.04535055477436585
],
"l_ring_pip": [
0.07277639791733724,
-0.07042034606263052,
-0.23128604528391614
],
"l_ring_dip": [
0.12175086935803779,
0.3173744592351023,
-0.21831346845809743
],
"l_ring_tip": [
0.16814699391045518,
0.5861947585530983,
-0.15155612613135377
],
"l_pinky_mcp": [
0.38565898221757633,
0.07134603010640041,
-0.10209908635212685
],
"l_pinky_pip": [
0.24783606140018563,
-0.007523421302908787,
-0.22327537427437458
],
"l_pinky_dip": [
0.25133044979011604,
0.27124384896756093,
-0.2021241567990036
],
"l_pinky_tip": [
0.28182257861731735,
0.47155044273941893,
-0.1483937059298786
],
"r_hand_position": null,
"r_wrist": null,
"r_thumb_cmc": null,
"r_thumb_mcp": null,
"r_thumb_ip": null,
"r_thumb_tip": null,
"r_index_mcp": null,
"r_index_pip": null,
"r_index_dip": null,
"r_index_tip": null,
"r_middle_mcp": null,
"r_middle_pip": null,
"r_middle_dip": null,
"r_middle_tip": null,
"r_ring_mcp": null,
"r_ring_pip": null,
"r_ring_dip": null,
"r_ring_tip": null,
"r_pinky_mcp": null,
"r_pinky_pip": null,
"r_pinky_dip": null,
"r_pinky_tip": null,
"l_hand_velocity": null,
"r_hand_velocity": null,
"m_nose_point": null,
"m_top_nose": null,
"m_eyebrows": null,
"m_forehead": null,
"m_top_chin": null,
"m_bot_up_lip": null,
"m_top_low_lip": null,
"m_bot_nose": null,
"m_chin": null,
"m_nose": null,
"l_eye_exterior": null,
"l_temple": null,
"l_mid_chin": null,
"l_up_lip": null,
"l_ext_nostril": null,
"l_mid_cheek": null,
"l_mid_eyebrow": null,
"l_ext_eyebrow": null,
"l_ext_lips": null,
"l_jaw_angle": null,
"l_mid_ext_face": null,
"l_int_eyebrow": null,
"l_mid_jaw": null,
"l_mid_bot_eyelid": null,
"l_ext_mouth": null,
"l_top_eyelid": null,
"l_eye_int": null,
"l_pupil": null,
"r_eye_exterior": null,
"r_temple": null,
"r_mid_chin": null,
"r_up_lip": null,
"r_ext_nostril": null,
"r_mid_cheek": null,
"r_mid_eyebrow": null,
"r_ext_eyebrow": null,
"r_ext_lips": null,
"r_jaw_angle": null,
"r_mid_ext_face": null,
"r_int_eyebrow": null,
"r_mid_jaw": null,
"r_mid_bot_eyelid": null,
"r_ext_mouth": null,
"r_top_eyelid": null,
"r_eye_int": null,
"r_pupil": null,
"l_shoulder": [
0.4991747240120491,
-0.028303765003112505,
-0.004846833414016021
],
"l_elbow": [
0.8999657911296907,
0.8833524627850049,
-1.0510033489471264
],
"l_hip": [
0.45589308367082204,
1.7213977333469446,
-0.2105309388259059
],
"l_knee": [
0.43385443870570833,
3.2632276503447355,
-0.5108963445620954
],
"l_ankle": [
0.4537349502112635,
4.624474413089598,
0.365588776791425
],
"l_body_wrist": [
0.5634982456453114,
0.12876153098158494,
-2.337734861639513
],
"r_shoulder": [
-0.4991747240120491,
0.028303765003112505,
0.004846833414016021
],
"r_elbow": [
-0.7487414902385636,
0.8854399821433864,
-0.9868572432415383
],
"r_hip": [
-0.28042032476056716,
1.7726094493362379,
-0.0073719180141445595
],
"r_knee": [
-0.2805804474389733,
3.2517628665708527,
-0.4177227193469988
],
"r_ankle": [
-0.25001454929667744,
4.627427715770122,
-0.11024743510891796
],
"r_body_wrist": [
-0.33153900947370657,
0.939775531465706,
-2.307704333672468
],
"m_face_position": null,
"m_body_position": [
-0.10699526965618134,
0.15349358320236206,
-0.45695270597934723
],
"m_face_scale": null,
"m_body_scale": [
0.3722436157618523,
0.3722436157618523,
0.3722436157618523
],
"l_hand_scale": [
0.17307988209860303,
0.17307988209860303,
0.17307988209860303
],
"r_hand_scale": null
}
],
"framerate": 30,
"mirrorable": true,
"invalid": false
}