{
"label": "a",
"gestures": [
{
"l_hand_position": [
0.33965617418289185,
-0.04354700446128845,
-0.500343406049069
],
"l_wrist": [
-0.11405957388109805,
0.9934721451856622,
0.0018735918074325015
],
"l_thumb_cmc": [
-0.3306437803290409,
0.5984409569371467,
-0.12462783076061593
],
"l_thumb_mcp": [
-0.4162581641746996,
0.08293454734983725,
-0.1848633955201996
],
"l_thumb_ip": [
-0.34672670790779175,
-0.3505524167575846,
-0.2480410091273551
],
"l_thumb_tip": [
-0.184263635722466,
-0.6039460625626861,
-0.28341928876612094
],
"l_index_mcp": [
-0.16037034055534674,
-0.12714460232796923,
0.0008570636517718338
],
"l_index_pip": [
-0.09018354171419495,
-0.39568441366235557,
-0.1640641368888761
],
"l_index_dip": [
-0.16027295117676874,
-0.09172043730891184,
-0.2565211526238747
],
"l_index_tip": [
-0.2135240953718879,
0.18664283544093788,
-0.28908989933477053
],
"l_middle_mcp": [
0.0,
0.0,
0.0
],
"l_middle_pip": [
0.07710861049386529,
-0.28620539774427617,
-0.1799319182202395
],
"l_middle_dip": [
-0.03460580109371541,
0.06750142515658182,
-0.22813428628609955
],
"l_middle_tip": [
-0.11410224280616066,
0.3359215354989032,
-0.2143041802355588
],
"l_ring_mcp": [
0.1414601895449666,
0.1510738892219543,
-0.03378809400975473
],
"l_ring_pip": [
0.22007980113322456,
-0.08313730617313093,
-0.21691793689800556
],
"l_ring_dip": [
0.068222725420331,
0.2359620870490856,
-0.18186113992364272
],
"l_ring_tip": [
-0.04211455475377868,
0.4639706538948027,
-0.10270899124322101
],
"l_pinky_mcp": [
0.2677634649001365,
0.34812452234982366,
-0.08026477022868118
],
"l_pinky_pip": [
0.30990700846559893,
0.1488147162125326,
-0.19757099941045783
],
"l_pinky_dip": [
0.17293878186367367,
0.3556557504818665,
-0.16412051646328493
],
"l_pinky_tip": [
0.07131899108174433,
0.5262858503543664,
-0.10487512116008613
],
"r_hand_position": null,
"r_wrist": null,
"r_thumb_cmc": null,
"r_thumb_mcp": null,
"r_thumb_ip": null,
"r_thumb_tip": null,
"r_index_mcp": null,
"r_index_pip": null,
"r_index_dip": null,
"r_index_tip": null,
"r_middle_mcp": null,
"r_middle_pip": null,
"r_middle_dip": null,
"r_middle_tip": null,
"r_ring_mcp": null,
"r_ring_pip": null,
"r_ring_dip": null,
"r_ring_tip": null,
"r_pinky_mcp": null,
"r_pinky_pip": null,
"r_pinky_dip": null,
"r_pinky_tip": null,
"l_hand_velocity": null,
"r_hand_velocity": null,
"m_nose_point": [
0.0,
0.0,
0.0
],
"m_top_nose": [
-0.0030553273131656293,
-0.4469405037891309,
0.18981210899125828
],
"m_eyebrows": [
0.0006566194396504393,
-0.760945070761037,
0.24169081422513747
],
"m_forehead": [
0.010552468402988601,
-1.1979489878893208,
0.34412320223391224
],
"m_top_chin": [
-0.039608681320771943,
0.6206749436440248,
0.19250928822795657
],
"m_bot_up_lip": [
-0.0329921166677418,
0.3964795406659701,
0.16177980699522201
],
"m_top_low_lip": [
-0.03293090978232206,
0.40704946808217674,
0.16596346066479034
],
"m_bot_nose": [
-0.03224860351862662,
0.0639595898371238,
0.09728433080841713
],
"m_chin": [
-0.06342999976950842,
0.9653323201907615,
0.2531998158063332
],
"m_nose": [
-0.0008767635488486459,
-0.36034560433222357,
0.1360816320831464
],
"l_eye_exterior": [
-0.4442403770897126,
-0.46631398811182445,
0.38042428478867224
],
"l_temple": [
-0.6666176345533318,
-0.8076224449736937,
0.6649769639218244
],
"l_mid_chin": [
-0.25766553538700904,
0.751552121649705,
0.22550618354802315
],
"l_up_lip": [
-0.16871607728541388,
0.3012496540853712,
0.1396185497199722
],
"l_ext_nostril": [
-0.19011540917634437,
-0.01984126546995067,
0.12946028877779148
],
"l_mid_cheek": [
-0.48308347064695567,
-0.06540025944508544,
0.30358200329715235
],
"l_mid_eyebrow": [
-0.3967024942715482,
-0.7769487648543265,
0.28681147189202816
],
"l_ext_eyebrow": [
-0.4812950255228222,
-0.7435719478608482,
0.3239181226607548
],
"l_ext_lips": [
-0.32863180851734647,
0.4040073855376593,
0.2540577469497602
],
"l_jaw_angle": [
-0.6419743377351551,
0.3808182037744054,
0.7201794037123083
],
"l_mid_ext_face": [
-0.7113233443422216,
-0.042214288534837136,
0.8404439850755117
],
"l_int_eyebrow": [
-0.14409967136115936,
-0.8077015122289573,
0.23813767927215435
],
"l_mid_jaw": [
-0.5124513369845975,
0.6752622542360402,
0.5116757654750044
],
"l_mid_bot_eyelid": [
-0.33990009646227676,
-0.43094022122715986,
0.33715863316600964
],
"l_ext_mouth": [
-0.2486518682869665,
0.4654482618701827,
0.21592315444723698
],
"l_top_eyelid": [
-0.3450314409218922,
-0.5349748687841227,
0.3328420269785785
],
"l_eye_int": [
-0.20865848664045802,
-0.48528531309556344,
0.3597406407445406
],
"l_pupil": [
-0.35555802182252294,
-0.4916536386755962,
0.35654821251651364
],
"r_eye_exterior": [
0.4015805827003449,
-0.4415245974818919,
0.4876287968058608
],
"r_temple": [
0.5605671733437746,
-0.7481787192106696,
0.7796711166768932
],
"r_mid_chin": [
0.14017942051960333,
0.7513201375200486,
0.259302785080402
],
"r_up_lip": [
0.10186491363841135,
0.30490119666601895,
0.1649917762739629
],
"r_ext_nostril": [
0.1638004620121139,
-0.013440028646610291,
0.2083849871848304
],
"r_mid_cheek": [
0.4018683554009741,
-0.03561779171309215,
0.3798533926157931
],
"r_mid_eyebrow": [
0.42560057267880447,
-0.6632544667082518,
0.39935820208065625
],
"r_ext_eyebrow": [
0.35795030799002686,
-0.7026094906415793,
0.34719590703473135
],
"r_ext_lips": [
0.1955909169425003,
0.4880177490033509,
0.2824503088479467
],
"r_jaw_angle": [
0.4413875341942142,
0.4090901658455647,
0.8278654684259733
],
"r_mid_ext_face": [
0.5192695833420435,
0.005075756566955551,
0.9604116377900621
],
"r_int_eyebrow": [
0.14502961466291367,
-0.7726771262869673,
0.25944809185689977
],
"r_mid_jaw": [
0.33177222343516116,
0.6830297090132743,
0.5919472662091686
],
"r_mid_bot_eyelid": [
0.26503263693010415,
-0.3882194206306853,
0.39313601421076044
],
"r_ext_mouth": [
0.23779858309301335,
0.41216897252133394,
0.3074956630981222
],
"r_top_eyelid": [
0.28234274684005756,
-0.5129761107727046,
0.3904451626121142
],
"r_eye_int": [
0.15255866360448006,
-0.4615920274104263,
0.3975900066525289
],
"r_pupil": [
0.2654962038327914,
-0.45756983198594164,
0.4123600057327741
],
"l_shoulder": [
0.49226328248493995,
0.0011961677332222363,
0.08760953087367955
],
"l_elbow": [
0.9915487938421635,
0.5441145670120199,
-1.0030498523670144
],
"l_hip": [
0.2694395164283044,
1.7836872622188975,
0.26296186351785256
],
"l_knee": [
0.2234779999655893,
3.3181508893779728,
-0.05448447947097711
],
"l_ankle": [
0.17088150331024163,
4.645780154048356,
0.9965722918389949
],
"l_body_wrist": [
0.9395142779988901,
-0.30549266597524316,
-2.209573286718636
],
"r_shoulder": [
-0.49226328248493995,
-0.0011961677332222363,
-0.08760953087367955
],
"r_elbow": [
-0.6513316409375866,
1.0200428432498394,
0.19696911969230638
],
"r_hip": [
-0.3914185824499935,
1.7716240381171078,
0.6679732090480005
],
"r_knee": [
-0.37580883372576723,
3.290640731350615,
0.7269021334302485
],
"r_ankle": [
-0.4020802541951056,
4.597374715769008,
1.5245333471303608
],
"r_body_wrist": [
-0.7422305406951949,
1.7366177478163327,
-0.5885994981065558
],
"m_face_position": [
-0.04527139663696289,
-0.06302931904792786,
-0.5451048016548157
],
"m_body_position": [
-0.07689959555864334,
0.29919561743736267,
-0.685305543243885
],
"m_face_scale": [
0.1485079377248587,
0.1485079377248587,
0.1485079377248587
],
"m_body_scale": [
0.40324661370482945,
0.40324661370482945,
0.40324661370482945
],
"l_hand_scale": [
0.18299519976468415,
0.18299519976468415,
0.18299519976468415
],
"r_hand_scale": null
}
],
"framerate": 30,
"mirrorable": true,
"invalid": false
}