{
"label": "a",
"gestures": [
{
"l_hand_position": [
0.24196010828018188,
-0.049955815076828,
-0.4999356261178036
],
"l_wrist": [
0.1416131085692358,
0.9899220187199564,
-0.0003526113497556069
],
"l_thumb_cmc": [
-0.18750113836164242,
0.6987524985268385,
-0.07528021894426312
],
"l_thumb_mcp": [
-0.4066978923636743,
0.2556737737951257,
-0.11328814950948483
],
"l_thumb_ip": [
-0.455558194420057,
-0.11883770457107055,
-0.16646270006890213
],
"l_thumb_tip": [
-0.4323322452897422,
-0.4185224792639533,
-0.2032630288340907
],
"l_index_mcp": [
-0.19529183481250362,
-0.029460672528811738,
0.02819520202127704
],
"l_index_pip": [
-0.26456294680607156,
-0.30388339621142874,
-0.14298016694076401
],
"l_index_dip": [
-0.28743098171945813,
-0.008777142951175678,
-0.25207077133321104
],
"l_index_tip": [
-0.2869198142605931,
0.2698430706332219,
-0.29383246162795873
],
"l_middle_mcp": [
0.0,
0.0,
0.0
],
"l_middle_pip": [
-0.08926710355648139,
-0.28026380610630797,
-0.18520699214095745
],
"l_middle_dip": [
-0.11872405791592124,
0.09073949862774723,
-0.2496863537713951
],
"l_middle_tip": [
-0.1257378186275967,
0.3987628339454613,
-0.2444571324912435
],
"l_ring_mcp": [
0.19815547186700552,
0.06554534462340282,
-0.056893189399123856
],
"l_ring_pip": [
0.10482295425121434,
-0.18632878339273376,
-0.2358801038405557
],
"l_ring_dip": [
0.04523621853556163,
0.19090180840107462,
-0.21377659729682044
],
"l_ring_tip": [
0.01427453719727433,
0.47905621655267094,
-0.1436542569026769
],
"l_pinky_mcp": [
0.39980699290080896,
0.17675789211042992,
-0.12192177920588271
],
"l_pinky_pip": [
0.2858476882051874,
-0.028946433538726463,
-0.2414951660228091
],
"l_pinky_dip": [
0.19591875050051075,
0.2317109804910263,
-0.21197045610954357
],
"l_pinky_tip": [
0.15002425432658784,
0.4558819984744867,
-0.15257699447518097
],
"r_hand_position": null,
"r_wrist": null,
"r_thumb_cmc": null,
"r_thumb_mcp": null,
"r_thumb_ip": null,
"r_thumb_tip": null,
"r_index_mcp": null,
"r_index_pip": null,
"r_index_dip": null,
"r_index_tip": null,
"r_middle_mcp": null,
"r_middle_pip": null,
"r_middle_dip": null,
"r_middle_tip": null,
"r_ring_mcp": null,
"r_ring_pip": null,
"r_ring_dip": null,
"r_ring_tip": null,
"r_pinky_mcp": null,
"r_pinky_pip": null,
"r_pinky_dip": null,
"r_pinky_tip": null,
"l_hand_velocity": null,
"r_hand_velocity": null,
"m_nose_point": [
0.0,
0.0,
0.0
],
"m_top_nose": [
0.012633032592775912,
-0.4369568986277936,
0.19481424292051405
],
"m_eyebrows": [
0.0209388857512122,
-0.7372897783249991,
0.249812744180068
],
"m_forehead": [
0.035436403933552504,
-1.1602042521377798,
0.3550681865401697
],
"m_top_chin": [
-0.014060189424526836,
0.6181010250242632,
0.18296936517316087
],
"m_bot_up_lip": [
-0.012589120074875884,
0.39759431638927034,
0.15709126926937741
],
"m_top_low_lip": [
-0.012047199683518714,
0.41639246689285614,
0.16124727720993684
],
"m_bot_nose": [
-0.023702380343602628,
0.06812049100654367,
0.0985842638683618
],
"m_chin": [
-0.025182831003895862,
0.9700343068916676,
0.24165940593287796
],
"m_nose": [
0.010295489424015761,
-0.354848474248904,
0.14007662817533068
],
"l_eye_exterior": [
-0.3998977275554809,
-0.4350516941579946,
0.4232117690440523
],
"l_temple": [
-0.591974673692579,
-0.7437203673667501,
0.7308097877006106
],
"l_mid_chin": [
-0.22027037944774908,
0.7539599681316203,
0.23203179222322437
],
"l_up_lip": [
-0.14535682152442508,
0.29834204581750146,
0.15060306999817688
],
"l_ext_nostril": [
-0.17367999636523526,
-0.011873745237813602,
0.14460584261745182
],
"l_mid_cheek": [
-0.4367215674523202,
-0.04356940145334596,
0.34570640885951076
],
"l_mid_eyebrow": [
-0.3659872836189544,
-0.7459279694029969,
0.3257048152188819
],
"l_ext_eyebrow": [
-0.44353199977390645,
-0.7112781983469172,
0.3700003450861168
],
"l_ext_lips": [
-0.29390069383662176,
0.4123624953637581,
0.2795477750846733
],
"l_jaw_angle": [
-0.5459637362439914,
0.42517517007521594,
0.7744059857699932
],
"l_mid_ext_face": [
-0.6124458911281558,
0.019104340514761467,
0.9053469763754898
],
"l_int_eyebrow": [
-0.12633651360073594,
-0.7865195033356587,
0.257566116735101
],
"l_mid_jaw": [
-0.4330957906902565,
0.6946337572439737,
0.5478696143717354
],
"l_mid_bot_eyelid": [
-0.3004893679428129,
-0.3967352278572625,
0.3717272921785653
],
"l_ext_mouth": [
-0.21175095177043537,
0.46749326437076516,
0.23493800873636347
],
"l_top_eyelid": [
-0.3056466935678171,
-0.512831541886066,
0.36826880090195063
],
"l_eye_int": [
-0.17072847635529106,
-0.45488378485577197,
0.3854082995060549
],
"l_pupil": [
-0.3037337046062086,
-0.4568836008414101,
0.39109180188673737
],
"r_eye_exterior": [
0.4523683959895167,
-0.41916035273703656,
0.45392478287039445
],
"r_temple": [
0.6245122526376673,
-0.6915676654827813,
0.735588168256373
],
"r_mid_chin": [
0.1802363348900636,
0.7681684621052368,
0.2318275678271214
],
"r_up_lip": [
0.12555666720330225,
0.31342958855853487,
0.15031180026296956
],
"r_ext_nostril": [
0.18883240987134825,
-0.0005495052808126287,
0.19373097599456773
],
"r_mid_cheek": [
0.44334337554929043,
-0.008788890855336602,
0.3433431512937275
],
"r_mid_eyebrow": [
0.4662846721167439,
-0.6471094347466679,
0.3689193112115069
],
"r_ext_eyebrow": [
0.3919252103283766,
-0.6891694431983774,
0.32455173892898564
],
"r_ext_lips": [
0.2328916355016336,
0.5022142934672554,
0.2576131636337176
],
"r_jaw_angle": [
0.5277542130826202,
0.4724344206462888,
0.7789052224335593
],
"r_mid_ext_face": [
0.6077041376043691,
0.07292751450011815,
0.9098841374863331
],
"r_int_eyebrow": [
0.16617015739491403,
-0.7570753616742733,
0.25659821373224573
],
"r_mid_jaw": [
0.4036167186169051,
0.7307262541154235,
0.5507040676010052
],
"r_mid_bot_eyelid": [
0.30746606902535695,
-0.37008392233431886,
0.37094641658149335
],
"r_ext_mouth": [
0.27701094144050037,
0.42875823193350415,
0.2788009472829078
],
"r_top_eyelid": [
0.32625922947009045,
-0.48854312903085195,
0.3684830740290673
],
"r_eye_int": [
0.18973680813773475,
-0.4404695008550876,
0.3851723944738135
],
"r_pupil": [
0.3138523463444997,
-0.43568782686048274,
0.3907255627548481
],
"l_shoulder": [
0.49855127089718115,
-0.015512636749079106,
-0.03472734351914439
],
"l_elbow": [
1.0258637660130168,
0.5060436343407966,
-1.4169461717148053
],
"l_hip": [
0.29471805649934235,
1.7533902455293089,
0.15132496849808083
],
"l_knee": [
0.25724839009020783,
3.315176730433925,
-0.17525500620951842
],
"l_ankle": [
0.20981021339240805,
4.661718745337521,
0.9995355275000974
],
"l_body_wrist": [
0.8569178529894883,
-0.4331772408816382,
-2.8512172209859
],
"r_shoulder": [
-0.49855127089718115,
0.015512636749079106,
0.03472734351914439
],
"r_elbow": [
-0.5841912534174524,
0.9400020297281291,
0.36041483038098787
],
"r_hip": [
-0.3661582312381043,
1.7420232616224494,
0.7079933628759058
],
"r_knee": [
-0.3426267705545721,
3.288660694848637,
0.798585281449274
],
"r_ankle": [
-0.359776255395583,
4.619387775620949,
1.533028968816989
],
"r_body_wrist": [
-0.7382401547343892,
1.6355194139980913,
-0.5073222807401172
],
"m_face_position": [
-0.06621187925338745,
-0.0705069899559021,
-0.5455988347530365
],
"m_body_position": [
-0.07213116437196732,
0.32701751589775085,
-0.667531207203865
],
"m_face_scale": [
0.14930847145270895,
0.14930847145270895,
0.14930847145270895
],
"m_body_scale": [
0.39582322385448365,
0.39582322385448365,
0.39582322385448365
],
"l_hand_scale": [
0.18435239128705203,
0.18435239128705203,
0.18435239128705203
],
"r_hand_scale": null
}
],
"framerate": 30,
"mirrorable": true,
"invalid": false
}