{
"label": "a",
"gestures": [
{
"l_hand_position": null,
"l_wrist": null,
"l_thumb_cmc": null,
"l_thumb_mcp": null,
"l_thumb_ip": null,
"l_thumb_tip": null,
"l_index_mcp": null,
"l_index_pip": null,
"l_index_dip": null,
"l_index_tip": null,
"l_middle_mcp": null,
"l_middle_pip": null,
"l_middle_dip": null,
"l_middle_tip": null,
"l_ring_mcp": null,
"l_ring_pip": null,
"l_ring_dip": null,
"l_ring_tip": null,
"l_pinky_mcp": null,
"l_pinky_pip": null,
"l_pinky_dip": null,
"l_pinky_tip": null,
"r_hand_position": [
-0.2051604986190796,
0.06368517875671387,
-0.49685922684147954
],
"r_wrist": [
-0.16626332613834874,
0.985966911142492,
-0.015025195956996217
],
"r_thumb_cmc": [
0.18743144370559797,
0.7479262773922591,
-0.05479792101937448
],
"r_thumb_mcp": [
0.39312275366508137,
0.37761901831908107,
-0.05012000692604452
],
"r_thumb_ip": [
0.5166392478856341,
0.04687275931662679,
-0.06469615486339732
],
"r_thumb_tip": [
0.6054319428203604,
-0.17563676596871935,
-0.07343152568862976
],
"r_index_mcp": [
0.1677128183243858,
-0.0020458555001113053,
0.03134995322918873
],
"r_index_pip": [
0.17804859436561013,
-0.44865767942601215,
-0.06728866633913615
],
"r_index_dip": [
0.2260537739078386,
-0.2915776069691038,
-0.14687988557805912
],
"r_index_tip": [
0.2285266215489139,
-0.10136636601325007,
-0.18641467980807805
],
"r_middle_mcp": [
0.0,
0.0,
0.0
],
"r_middle_pip": [
-0.02325631586063809,
-0.480461251658962,
-0.10686984873872642
],
"r_middle_dip": [
0.05615267432413514,
-0.26017807337638504,
-0.18104847924386622
],
"r_middle_tip": [
0.07395503881496432,
-0.025914359759179915,
-0.21661810077486934
],
"r_ring_mcp": [
-0.1682765334914548,
0.05144606612725887,
-0.05058313568277813
],
"r_ring_pip": [
-0.18603641262067885,
-0.3809742213392636,
-0.15416126885967693
],
"r_ring_dip": [
-0.1025284404509788,
-0.1880504753837501,
-0.19422498267432614
],
"r_ring_tip": [
-0.08581301688926798,
0.03126808559473251,
-0.20085070312813608
],
"r_pinky_mcp": [
-0.348983100471443,
0.1343447012650791,
-0.10736790228044558
],
"r_pinky_pip": [
-0.3475850754516457,
-0.20302870387446048,
-0.18257347918037342
],
"r_pinky_dip": [
-0.26720312771561744,
-0.09587235294340413,
-0.2053269209077176
],
"r_pinky_tip": [
-0.2351373723283328,
0.07639723426561983,
-0.20927016481585461
],
"l_hand_velocity": null,
"r_hand_velocity": null,
"m_nose_point": [
0.0,
0.0,
0.0
],
"m_top_nose": [
-0.012655544808060604,
-0.2928435404786247,
0.2025801092581093
],
"m_eyebrows": [
-0.022413102580460222,
-0.5445123932688503,
0.2790588245097983
],
"m_forehead": [
-0.025720475685061094,
-0.8612604033216855,
0.40302264900849416
],
"m_top_chin": [
0.01990297857835126,
0.6412353449138879,
0.10492803437855246
],
"m_bot_up_lip": [
-0.01262774422068462,
0.3615213044184272,
0.0860979566944574
],
"m_top_low_lip": [
-0.010927872821614405,
0.36837863317231295,
0.11004254374934207
],
"m_bot_nose": [
-0.014353622620848498,
0.08228772084834346,
0.07153896844428308
],
"m_chin": [
0.027816729652524363,
0.9941129086412371,
0.10471749817627214
],
"m_nose": [
-0.010516244769821617,
-0.23894560010000734,
0.14968529856674617
],
"l_eye_exterior": [
-0.3607247279107912,
-0.2249175133894002,
0.4020952107642128
],
"l_temple": [
-0.5488643061846181,
-0.4175105664022315,
0.710369184215542
],
"l_mid_chin": [
-0.1554577458305055,
0.7937352427665599,
0.14496918954891722
],
"l_up_lip": [
-0.14617773040577398,
0.2825922980820161,
0.1058018191706853
],
"l_ext_nostril": [
-0.15629714421063196,
0.04567614086045555,
0.1241444897825595
],
"l_mid_cheek": [
-0.3918636277547456,
0.10850658932160465,
0.307669622451642
],
"l_mid_eyebrow": [
-0.35839441093348495,
-0.5168064175692593,
0.3496359437761062
],
"l_ext_eyebrow": [
-0.42437080973382596,
-0.4659069050581129,
0.38768353479986695
],
"l_ext_lips": [
-0.2623061646341039,
0.44412828362502393,
0.2256098867377512
],
"l_jaw_angle": [
-0.48879037564111194,
0.6257255317357978,
0.6206132503354683
],
"l_mid_ext_face": [
-0.5635584860008225,
0.2743054810611201,
0.77015289007874
],
"l_int_eyebrow": [
-0.15211965756081985,
-0.5906934286677793,
0.2890405525427024
],
"l_mid_jaw": [
-0.35713038100101885,
0.8265269323696736,
0.40890315984576336
],
"l_mid_bot_eyelid": [
-0.2717162150643037,
-0.21537675535887618,
0.35355062799837966
],
"l_ext_mouth": [
-0.1836641321028642,
0.46092140778811497,
0.18780802404086486
],
"l_top_eyelid": [
-0.2787318278076043,
-0.28942406823137873,
0.36219087960364277
],
"l_eye_int": [
-0.16048449558499683,
-0.2856476723139508,
0.3662859243402358
],
"l_pupil": [
-0.27545270368695,
-0.2579244333463924,
0.37397401984026435
],
"r_eye_exterior": [
0.3782543434410605,
-0.30041807954715377,
0.38403622104519486
],
"r_temple": [
0.5023960727822323,
-0.5015488274621207,
0.6258690186383836
],
"r_mid_chin": [
0.20978143875288893,
0.7541624518265592,
0.12338555056206654
],
"r_up_lip": [
0.11913179445807728,
0.26697778430469554,
0.08570325561320401
],
"r_ext_nostril": [
0.1683213466473154,
0.03040868602876424,
0.14233479664098975
],
"r_mid_cheek": [
0.40576436983930786,
0.033300843909007685,
0.2599829357381336
],
"r_mid_eyebrow": [
0.3652589140325,
-0.5482132343641354,
0.3443396376207319
],
"r_ext_eyebrow": [
0.2967398824786829,
-0.5849413974603742,
0.31392648514175286
],
"r_ext_lips": [
0.2601031922828425,
0.4778030902738956,
0.1691897226558156
],
"r_jaw_angle": [
0.5086834894949104,
0.5325236141612427,
0.5368493239024172
],
"r_mid_ext_face": [
0.5410940420130308,
0.17568087956025114,
0.677984246351516
],
"r_int_eyebrow": [
0.09582279552959748,
-0.6260734874745683,
0.2766737260827207
],
"r_mid_jaw": [
0.4125876204538295,
0.7456518849169436,
0.34798397374192747
],
"r_mid_bot_eyelid": [
0.2498716793353394,
-0.25945951900577435,
0.31972855810705436
],
"r_ext_mouth": [
0.2970044364553253,
0.39749930005208506,
0.18732386083758426
],
"r_top_eyelid": [
0.25586718988056967,
-0.33884633824074806,
0.32725427099276505
],
"r_eye_int": [
0.15100471948807176,
-0.3063819781341581,
0.34260551292738717
],
"r_pupil": [
0.2666112201082461,
-0.30089831227424535,
0.34009591439000936
],
"l_shoulder": [
0.4830387685720958,
-0.05528006290737346,
0.1166947415323848
],
"l_elbow": [
0.885711757920707,
0.7479016519628404,
-0.7474645358180539
],
"l_hip": [
0.3704715012267677,
1.7589622327374106,
0.09001176489990535
],
"l_knee": [
0.34968233721928793,
3.349059672546474,
-0.19519650981315415
],
"l_ankle": [
0.3755311904614158,
4.730182541981583,
0.8572568541507165
],
"l_body_wrist": [
0.837294139051503,
0.694407258406023,
-2.3345809632775216
],
"r_shoulder": [
-0.4830387685720958,
0.05528006290737346,
-0.1166947415323848
],
"r_elbow": [
-0.7915817302082117,
1.1156013578002701,
-1.2068791128496479
],
"r_hip": [
-0.34802800230858094,
1.7917474605291366,
0.24365933726993547
],
"r_knee": [
-0.3474975548810081,
3.355622721964927,
-0.0855643875616813
],
"r_ankle": [
-0.29116466081357995,
4.704887129673822,
0.3676044783887186
],
"r_body_wrist": [
-0.5827857986240215,
0.16340319635619113,
-3.4113113188107245
],
"m_face_position": [
0.016250252723693848,
-0.08550074696540833,
-0.5340519994497299
],
"m_body_position": [
0.032527223229408264,
0.23313313722610474,
-0.5593942105770111
],
"m_face_scale": [
0.13292841356534424,
0.13292841356534424,
0.13292841356534424
],
"m_body_scale": [
0.3732822889722703,
0.3732822889722703,
0.3732822889722703
],
"l_hand_scale": null,
"r_hand_scale": [
0.20903887211983474,
0.20903887211983474,
0.20903887211983474
]
}
],
"framerate": 30,
"mirrorable": true,
"invalid": false
}