{
"label": "a",
"gestures": [
{
"l_hand_position": [
0.32108819484710693,
-0.19689613580703735,
-0.5223047789186239
],
"l_wrist": [
0.12824387492039008,
0.9890558064298882,
0.07295286363623249
],
"l_thumb_cmc": [
-0.12644265911506616,
0.8385370195236465,
-0.05777053279802647
],
"l_thumb_mcp": [
-0.3387927259314809,
0.515010372499838,
-0.12349498743451753
],
"l_thumb_ip": [
-0.4356669040063635,
0.2614896865557161,
-0.18098690715214683
],
"l_thumb_tip": [
-0.49063839613364585,
0.013115596069635319,
-0.21823685030832135
],
"l_index_mcp": [
-0.18796727028817084,
0.05293223275682146,
-0.007038454490282349
],
"l_index_pip": [
-0.28613635856750863,
0.1972473626078289,
-0.18042469738067773
],
"l_index_dip": [
-0.22888054502113542,
0.48983341506857575,
-0.30225940527605466
],
"l_index_tip": [
-0.16236130805340002,
0.6916850003267383,
-0.3597071061107047
],
"l_middle_mcp": [
0.0,
0.0,
0.0
],
"l_middle_pip": [
-0.10522578351578156,
0.24053883097660295,
-0.16090037294124757
],
"l_middle_dip": [
-0.04925376757499967,
0.5576364496419025,
-0.22032367940023467
],
"l_middle_tip": [
0.012374171271751692,
0.7606766930627514,
-0.22936365672733594
],
"l_ring_mcp": [
0.18510957775927833,
0.04790816832309518,
-0.01812185841241847
],
"l_ring_pip": [
0.07943968020469086,
0.30313356592451257,
-0.16336736988903075
],
"l_ring_dip": [
0.0977811221084757,
0.5909091303033821,
-0.15123480016363122
],
"l_ring_tip": [
0.13839182221974283,
0.7580215617657813,
-0.10688193238494975
],
"l_pinky_mcp": [
0.3594777564482973,
0.15544839424962495,
-0.0535271893588242
],
"l_pinky_pip": [
0.25326880036987387,
0.32345305042606953,
-0.13793124033294948
],
"l_pinky_dip": [
0.22345603711255957,
0.538469068701506,
-0.1205050647270385
],
"l_pinky_tip": [
0.24344740751081959,
0.652519522941401,
-0.08113343157396208
],
"r_hand_position": null,
"r_wrist": null,
"r_thumb_cmc": null,
"r_thumb_mcp": null,
"r_thumb_ip": null,
"r_thumb_tip": null,
"r_index_mcp": null,
"r_index_pip": null,
"r_index_dip": null,
"r_index_tip": null,
"r_middle_mcp": null,
"r_middle_pip": null,
"r_middle_dip": null,
"r_middle_tip": null,
"r_ring_mcp": null,
"r_ring_pip": null,
"r_ring_dip": null,
"r_ring_tip": null,
"r_pinky_mcp": null,
"r_pinky_pip": null,
"r_pinky_dip": null,
"r_pinky_tip": null,
"l_hand_velocity": null,
"r_hand_velocity": null,
"m_nose_point": [
0.0,
0.0,
0.0
],
"m_top_nose": [
-0.0328438304398184,
-0.385003494251448,
0.1977679404569658
],
"m_eyebrows": [
-0.04577761795270977,
-0.6795548498278495,
0.25733778172657423
],
"m_forehead": [
-0.05976791362106324,
-1.0643302593759438,
0.36782521159083614
],
"m_top_chin": [
-0.017608469257701615,
0.6271918477943141,
0.14637644215210482
],
"m_bot_up_lip": [
-0.028732986554364143,
0.409404430525308,
0.12954381167952916
],
"m_top_low_lip": [
-0.02947180857696854,
0.42594612002048055,
0.125461272032745
],
"m_bot_nose": [
-0.03036947366600179,
0.07753687673918662,
0.08624834591671364
],
"m_chin": [
-0.026009910152282496,
0.9813645631695195,
0.19038665585846148
],
"m_nose": [
-0.024252364814498155,
-0.3132797968475149,
0.14332122370588035
],
"l_eye_exterior": [
-0.4601485539164635,
-0.35044430543144184,
0.3467340828812182
],
"l_temple": [
-0.7023345229791176,
-0.6200406082170301,
0.614776455450585
],
"l_mid_chin": [
-0.2219652100219506,
0.7911259628972971,
0.15452144824927325
],
"l_up_lip": [
-0.15786836428681428,
0.33601526540408394,
0.09955883544770923
],
"l_ext_nostril": [
-0.18696269130407084,
0.02403904554630329,
0.1093918815772522
],
"l_mid_cheek": [
-0.4819658141698653,
0.041134117872210045,
0.2579494496222977
],
"l_mid_eyebrow": [
-0.4195461751315251,
-0.6393655363842481,
0.2735131017123977
],
"l_ext_eyebrow": [
-0.5013562238321354,
-0.5977620427533874,
0.3025768295720782
],
"l_ext_lips": [
-0.3085161556486423,
0.47038054192762624,
0.1886746219939539
],
"l_jaw_angle": [
-0.6383726755082904,
0.5172500683958683,
0.6276597103251379
],
"l_mid_ext_face": [
-0.7253867605607706,
0.1294475612186648,
0.7550584986324359
],
"l_int_eyebrow": [
-0.1843118829945677,
-0.6985347620505494,
0.2447649191121153
],
"l_mid_jaw": [
-0.48912237297223765,
0.7648555941372445,
0.4232832746714457
],
"l_mid_bot_eyelid": [
-0.35804199307303053,
-0.32830220560454637,
0.3103690028139374
],
"l_ext_mouth": [
-0.2308114481868432,
0.4895851455549166,
0.1551611309215257
],
"l_top_eyelid": [
-0.3688264468071537,
-0.4318519272408917,
0.30857772223988483
],
"l_eye_int": [
-0.24102729510118645,
-0.3881746695118272,
0.34087746129710267
],
"l_pupil": [
-0.3643425234793019,
-0.383795296470193,
0.330497678502224
],
"r_eye_exterior": [
0.33899384803195703,
-0.374608994742761,
0.513046046360592
],
"r_temple": [
0.44567659324528996,
-0.6213685802735484,
0.8153175234663897
],
"r_mid_chin": [
0.1552142543893253,
0.7656758553301657,
0.21539410416277893
],
"r_up_lip": [
0.09108127460789975,
0.32925654795400283,
0.14620483982377244
],
"r_ext_nostril": [
0.14053099208705938,
0.022853408616284716,
0.20973061401198664
],
"r_mid_cheek": [
0.3546818936112406,
0.02245153198978863,
0.3973768715952881
],
"r_mid_eyebrow": [
0.3475772431088675,
-0.6167602971315641,
0.43654054902386435
],
"r_ext_eyebrow": [
0.2837186619733745,
-0.6540266046783871,
0.3805732446560601
],
"r_ext_lips": [
0.18630384107934517,
0.5179698145767768,
0.2531519986721502
],
"r_jaw_angle": [
0.3801653839013397,
0.48140234315361885,
0.8158419256914706
],
"r_mid_ext_face": [
0.43043169414232524,
0.10656168698718621,
0.9632525558885918
],
"r_int_eyebrow": [
0.08574003893306359,
-0.710808231966277,
0.28244944732817345
],
"r_mid_jaw": [
0.30464009135329073,
0.7218579132685943,
0.5663299163098388
],
"r_mid_bot_eyelid": [
0.21677969924711224,
-0.3253603072876268,
0.4112349891057371
],
"r_ext_mouth": [
0.22174675495022225,
0.4495414688258007,
0.2856651212578
],
"r_top_eyelid": [
0.22569215259327602,
-0.43092711576175285,
0.411447781036962
],
"r_eye_int": [
0.10656388804584342,
-0.3865554240263377,
0.40832825040809706
],
"r_pupil": [
0.2154069723312306,
-0.3815799309317084,
0.4302684031031933
],
"l_shoulder": [
0.4976502807533662,
-0.03499807998384172,
-0.033456426341442955
],
"l_elbow": [
1.0360238279688103,
0.7619565288899509,
-1.2404467820800915
],
"l_hip": [
0.35998405394514027,
1.743838730079395,
0.2438825737400674
],
"l_knee": [
0.33206649995621923,
3.260037194221214,
-0.17609211584461484
],
"l_ankle": [
0.29193661045111835,
4.515074931976069,
1.0427435620575598
],
"l_body_wrist": [
0.8384839252489233,
-0.2886351192910772,
-2.422239205109385
],
"r_shoulder": [
-0.4976502807533662,
0.03499807998384172,
0.033456426341442955
],
"r_elbow": [
-0.5715555887040887,
1.2170442132540857,
0.18609110678745314
],
"r_hip": [
-0.3337517321058772,
1.7313456496244586,
0.8155968526542916
],
"r_knee": [
-0.3022829279410284,
3.23216400486459,
1.357233037316648
],
"r_ankle": [
-0.2618636285299253,
4.461758625996909,
2.7866674514350445
],
"r_body_wrist": [
-0.6465276581023488,
1.8505902947080615,
-0.6407665120100433
],
"m_face_position": [
0.0330844521522522,
-0.10036709904670715,
-0.5463707447052002
],
"m_body_position": [
0.004364430904388428,
0.2543972432613373,
-0.7245015427470207
],
"m_face_scale": [
0.16247993549850406,
0.16247993549850406,
0.16247993549850406
],
"m_body_scale": [
0.42992549110477146,
0.42992549110477146,
0.42992549110477146
],
"l_hand_scale": [
0.3057308910193605,
0.3057308910193605,
0.3057308910193605
],
"r_hand_scale": null
}
],
"framerate": 30,
"mirrorable": true,
"invalid": false
}