{
"label": "a",
"gestures": [
{
"l_hand_position": null,
"l_wrist": null,
"l_thumb_cmc": null,
"l_thumb_mcp": null,
"l_thumb_ip": null,
"l_thumb_tip": null,
"l_index_mcp": null,
"l_index_pip": null,
"l_index_dip": null,
"l_index_tip": null,
"l_middle_mcp": null,
"l_middle_pip": null,
"l_middle_dip": null,
"l_middle_tip": null,
"l_ring_mcp": null,
"l_ring_pip": null,
"l_ring_dip": null,
"l_ring_tip": null,
"l_pinky_mcp": null,
"l_pinky_pip": null,
"l_pinky_dip": null,
"l_pinky_tip": null,
"r_hand_position": [
-0.06063568592071533,
-0.07616084814071655,
-0.5050555216148496
],
"r_wrist": [
-0.30077738645892643,
0.9533137651001444,
0.026941214997179008
],
"r_thumb_cmc": [
0.0256651075014566,
0.7969957759535924,
-0.05908778891167313
],
"r_thumb_mcp": [
0.27268916653010505,
0.38098070843372567,
-0.08907723967669981
],
"r_thumb_ip": [
0.41569313995283075,
0.040907353413434974,
-0.1254425377727968
],
"r_thumb_tip": [
0.6072354365674553,
-0.1296451705386112,
-0.14864109565419775
],
"r_index_mcp": [
0.19012959522893866,
0.05410924241682349,
0.019539196496645456
],
"r_index_pip": [
0.277779497290377,
-0.025265199453209597,
-0.13879463052385393
],
"r_index_dip": [
0.2218571689804686,
0.2631266313494251,
-0.23956605881170978
],
"r_index_tip": [
0.1836148104238981,
0.49481553493145475,
-0.28439407547218115
],
"r_middle_mcp": [
0.0,
0.0,
0.0
],
"r_middle_pip": [
0.1013163387380288,
-0.04671062588481923,
-0.1817324146135454
],
"r_middle_dip": [
0.06345705333966789,
0.3205008895152009,
-0.2525770068099335
],
"r_middle_tip": [
0.0330648357714822,
0.5870710499758617,
-0.2634331087358342
],
"r_ring_mcp": [
-0.2038543187417907,
0.006931210103890303,
-0.04461091010687579
],
"r_ring_pip": [
-0.11236701467012832,
-0.0027804567913662878,
-0.24144070719772628
],
"r_ring_dip": [
-0.11607799618535448,
0.37523985211125366,
-0.2513906433739132
],
"r_ring_tip": [
-0.12686439610781022,
0.6397547266098952,
-0.20631889800472816
],
"r_pinky_mcp": [
-0.4101557316882636,
0.05710442346602534,
-0.09440689189852941
],
"r_pinky_pip": [
-0.32177017669613417,
0.0655747554505994,
-0.23397203131791305
],
"r_pinky_dip": [
-0.2796156120424753,
0.3371409077594358,
-0.23598233159499746
],
"r_pinky_tip": [
-0.2548799175268573,
0.5353498208288722,
-0.20175167968842506
],
"l_hand_velocity": null,
"r_hand_velocity": null,
"m_nose_point": [
0.0,
0.0,
0.0
],
"m_top_nose": [
0.007113436426463742,
-0.3179499850484286,
0.23200820753165877
],
"m_eyebrows": [
0.0013452266713512154,
-0.5844945860701503,
0.3303790662451289
],
"m_forehead": [
-0.005566021377654929,
-0.8949509082156184,
0.4891191973117228
],
"m_top_chin": [
0.04851218067216502,
0.6305422027479836,
0.04436953739009249
],
"m_bot_up_lip": [
-0.005141201131241243,
0.40052326909460595,
0.06891552935321438
],
"m_top_low_lip": [
-0.005631395619699552,
0.4053454618969696,
0.06633084580546945
],
"m_bot_nose": [
-0.005428982588489224,
0.0874287256039452,
0.07000368192714398
],
"m_chin": [
0.07203589977434557,
0.9969488789916526,
0.030062631637754706
],
"m_nose": [
0.004530592231319299,
-0.26041301382156734,
0.17250141603741687
],
"l_eye_exterior": [
-0.3119425190466579,
-0.2172922985611855,
0.4682933030035062
],
"l_temple": [
-0.4812159765766749,
-0.40608659462722807,
0.8090288791677996
],
"l_mid_chin": [
-0.12162776638213417,
0.7876066274320999,
0.08843214159051671
],
"l_up_lip": [
-0.12279978501013003,
0.33015115501298364,
0.09236035286560783
],
"l_ext_nostril": [
-0.1378843858909832,
0.05375739649092056,
0.14029937863068898
],
"l_mid_cheek": [
-0.35329565858055484,
0.113949999728811,
0.3430038700034661
],
"l_mid_eyebrow": [
-0.3037078357403154,
-0.4844660424174294,
0.42348788116967806
],
"l_ext_eyebrow": [
-0.3639168387021552,
-0.44042402211709913,
0.4680837852973658
],
"l_ext_lips": [
-0.21169819546443924,
0.4886338188380887,
0.19812132314288908
],
"l_jaw_angle": [
-0.3890931108094225,
0.62386481925557,
0.6219436084439365
],
"l_mid_ext_face": [
-0.45876138468373956,
0.2827918973998324,
0.8121067479070861
],
"l_int_eyebrow": [
-0.12432158953112755,
-0.5560097258195421,
0.3509123420199841
],
"l_mid_jaw": [
-0.29586652115500434,
0.8200960531520085,
0.37643905292022195
],
"l_mid_bot_eyelid": [
-0.23057966942019334,
-0.20129492948298766,
0.4106757653245719
],
"l_ext_mouth": [
-0.15191805651656232,
0.45963101936056,
0.14286250243860152
],
"l_top_eyelid": [
-0.241150527101182,
-0.3051824629732395,
0.4232903262758705
],
"l_eye_int": [
-0.13387611363476268,
-0.2777419056921998,
0.41885651768939947
],
"l_pupil": [
-0.24165914319736423,
-0.250691796633406,
0.4333425286461018
],
"r_eye_exterior": [
0.4423666031169612,
-0.291684591547923,
0.38748360707970275
],
"r_temple": [
0.5985144404899364,
-0.5178006155551108,
0.6540005195264004
],
"r_mid_chin": [
0.2522639235950152,
0.7631921562003423,
0.04013758020044997
],
"r_up_lip": [
0.1190300950393095,
0.3242018743331702,
0.054566641430835054
],
"r_ext_nostril": [
0.191653239723293,
0.037690384749376214,
0.13500123579187603
],
"r_mid_cheek": [
0.4473772804178659,
0.03793188753356168,
0.23244467642617303
],
"r_mid_eyebrow": [
0.4151821511140345,
-0.5344247686034271,
0.3597565671209231
],
"r_ext_eyebrow": [
0.33681079085893145,
-0.572626015986513,
0.3366658540862713
],
"r_ext_lips": [
0.28023039531119737,
0.5110823450797003,
0.09383144180192639
],
"r_jaw_angle": [
0.5999922128753987,
0.5360458700831316,
0.47749384299713554
],
"r_mid_ext_face": [
0.6537500586738247,
0.17842630072376972,
0.6508170916050496
],
"r_int_eyebrow": [
0.12114251427623593,
-0.6143282674521533,
0.3197189859221573
],
"r_mid_jaw": [
0.4927703683871184,
0.7623326309423948,
0.2662029456639507
],
"r_mid_bot_eyelid": [
0.30528131062444097,
-0.25496336308782686,
0.3298905566598161
],
"r_ext_mouth": [
0.31452828374058783,
0.4436925095655776,
0.11944890579783764
],
"r_top_eyelid": [
0.30438808730358385,
-0.3640592691813864,
0.3407361307782455
],
"r_eye_int": [
0.19048706209286814,
-0.3003795903936106,
0.3643676064570093
],
"r_pupil": [
0.3027627174025775,
-0.30977416102530153,
0.3532505663601239
],
"l_shoulder": [
0.4714790009479207,
0.017684565025695844,
0.1655137692912662
],
"l_elbow": [
0.7254039324617536,
0.7757335650808698,
-0.01913623684557246
],
"l_hip": [
0.24764004709360163,
1.7122382723549006,
0.41233057361258607
],
"l_knee": [
0.21190807108048715,
3.123719718456977,
0.24958417071698505
],
"l_ankle": [
0.17979749934645586,
4.390744123953621,
1.716513447304302
],
"l_body_wrist": [
0.8595945921478226,
1.2911851949931206,
-0.8095834216540401
],
"r_shoulder": [
-0.4714790009479207,
-0.017684565025695844,
-0.1655137692912662
],
"r_elbow": [
-0.9463618245860721,
0.7782822699889868,
-1.656819527141195
],
"r_hip": [
-0.4180983485424276,
1.685572549844102,
0.7406033446175687
],
"r_knee": [
-0.4084939455234691,
3.117949891719614,
0.758389960069999
],
"r_ankle": [
-0.39155213482060935,
4.3597127309827295,
1.8610780458198166
],
"r_body_wrist": [
-0.30642321669345995,
-0.02126896477614302,
-3.6687721635414303
],
"m_face_position": [
-0.05764210224151611,
-0.17452570796012878,
-0.5340845882892609
],
"m_body_position": [
-0.05502855032682419,
0.15621143579483032,
-0.7362068593502045
],
"m_face_scale": [
0.13265891188305742,
0.13265891188305742,
0.13265891188305742
],
"m_body_scale": [
0.4139599738710678,
0.4139599738710678,
0.4139599738710678
],
"l_hand_scale": null,
"r_hand_scale": [
0.1876487560106984,
0.1876487560106984,
0.1876487560106984
]
}
],
"framerate": 30,
"mirrorable": true,
"invalid": false
}