{
"label": "a",
"gestures": [
{
"l_hand_position": [
0.11377447843551636,
-0.018561571836471558,
-0.5044344505295157
],
"l_wrist": [
-0.022256015658924117,
0.9994740706190186,
0.023584993687485827
],
"l_thumb_cmc": [
-0.2176140582944424,
0.6965617715695589,
-0.08486744160932236
],
"l_thumb_mcp": [
-0.3038881397360433,
0.27632000626553654,
-0.1369664519689335
],
"l_thumb_ip": [
-0.35763768570138543,
-0.058984623722720834,
-0.19152768267202877
],
"l_thumb_tip": [
-0.48150319211014153,
-0.2837364588910239,
-0.22936409818192516
],
"l_index_mcp": [
-0.16998808700790535,
-0.04951281854001404,
0.0022261761959263405
],
"l_index_pip": [
-0.1087244409409655,
-0.11205951439857308,
-0.13648922172575564
],
"l_index_dip": [
-0.08617611692823043,
0.1838056804334142,
-0.22929793646870833
],
"l_index_tip": [
-0.06652202606293581,
0.4258265351592898,
-0.2688976934044445
],
"l_middle_mcp": [
0.0,
0.0,
0.0
],
"l_middle_pip": [
0.04760282756654982,
-0.047385340006122156,
-0.14886752543490295
],
"l_middle_dip": [
0.046816575161505204,
0.30087422502291566,
-0.20273374111196138
],
"l_middle_tip": [
0.0383240980752431,
0.5585012388771465,
-0.203139112878655
],
"l_ring_mcp": [
0.15673941694564356,
0.10221550747251049,
-0.026040548877207782
],
"l_ring_pip": [
0.1888305624873475,
0.06158956037032126,
-0.1792660883042553
],
"l_ring_dip": [
0.1497189438580194,
0.38716479240204166,
-0.17160319865352752
],
"l_ring_tip": [
0.10408523471394218,
0.6285423785271772,
-0.11870033041352193
],
"l_pinky_mcp": [
0.2927566444967202,
0.24025796904109717,
-0.06389151342511837
],
"l_pinky_pip": [
0.32057666407037533,
0.1569462837578579,
-0.16301406483259284
],
"l_pinky_dip": [
0.27107288109227407,
0.39205223880372225,
-0.1399439173045642
],
"l_pinky_tip": [
0.22370085665107606,
0.5858013173442399,
-0.090668034579402
],
"r_hand_position": null,
"r_wrist": null,
"r_thumb_cmc": null,
"r_thumb_mcp": null,
"r_thumb_ip": null,
"r_thumb_tip": null,
"r_index_mcp": null,
"r_index_pip": null,
"r_index_dip": null,
"r_index_tip": null,
"r_middle_mcp": null,
"r_middle_pip": null,
"r_middle_dip": null,
"r_middle_tip": null,
"r_ring_mcp": null,
"r_ring_pip": null,
"r_ring_dip": null,
"r_ring_tip": null,
"r_pinky_mcp": null,
"r_pinky_pip": null,
"r_pinky_dip": null,
"r_pinky_tip": null,
"l_hand_velocity": null,
"r_hand_velocity": null,
"m_nose_point": [
0.0,
0.0,
0.0
],
"m_top_nose": [
0.02718754904282105,
-0.3392648039599929,
0.2406938361510676
],
"m_eyebrows": [
0.05516848759892436,
-0.585919563109829,
0.33071346134127017
],
"m_forehead": [
0.08789991037855391,
-0.8899267423464372,
0.48571311281455676
],
"m_top_chin": [
-0.10225880609971905,
0.6047863751193536,
0.0996740588365054
],
"m_bot_up_lip": [
-0.06113181149828421,
0.4112504748938272,
0.10349113155806212
],
"m_top_low_lip": [
-0.061946079682968634,
0.4154311356023438,
0.09971152021672489
],
"m_bot_nose": [
-0.04090835503124587,
0.07289307206848114,
0.08418416665844408
],
"m_chin": [
-0.15911377424594858,
0.9803575465050165,
0.11654135684757584
],
"m_nose": [
0.024310515041965457,
-0.2794431877401479,
0.17686574730973237
],
"l_eye_exterior": [
-0.4075327811292676,
-0.419693434261961,
0.4059158203996965
],
"l_temple": [
-0.6077215878899591,
-0.682821465148105,
0.7127329183855147
],
"l_mid_chin": [
-0.340710827898453,
0.7040712607992385,
0.10330702097042378
],
"l_up_lip": [
-0.1944984304363476,
0.2895311049045961,
0.08527446143569672
],
"l_ext_nostril": [
-0.19185763039169404,
-0.023336724424095956,
0.11848508198038031
],
"l_mid_cheek": [
-0.47960689317679417,
-0.07500697889999694,
0.28136151097814605
],
"l_mid_eyebrow": [
-0.320452417251202,
-0.6865130019254585,
0.34903770097387143
],
"l_ext_eyebrow": [
-0.40876649947650334,
-0.6732843695617724,
0.3782992175919586
],
"l_ext_lips": [
-0.37935771784748684,
0.3691520355926579,
0.17437483677192173
],
"l_jaw_angle": [
-0.7159021951380472,
0.3781770172501038,
0.6128519055835306
],
"l_mid_ext_face": [
-0.744888828798657,
-0.000275879972684783,
0.7828988606219714
],
"l_int_eyebrow": [
-0.07722480990489655,
-0.6598417894641674,
0.32019044600721025
],
"l_mid_jaw": [
-0.6096004337243404,
0.6364874706540584,
0.3809551927945485
],
"l_mid_bot_eyelid": [
-0.3037683647704576,
-0.3659953681501014,
0.3662330023261903
],
"l_ext_mouth": [
-0.30291562352835794,
0.43296570070295953,
0.13683123212181347
],
"l_top_eyelid": [
-0.30324956497488587,
-0.4960507236405069,
0.3711997435467996
],
"l_eye_int": [
-0.17710555879109038,
-0.39673487184123907,
0.4004850712339578
],
"l_pupil": [
-0.3185742751922612,
-0.43753742596459305,
0.3898214217731973
],
"r_eye_exterior": [
0.40221939384923017,
-0.18143213560760862,
0.557460761029611
],
"r_temple": [
0.533683473179748,
-0.30351512290777627,
0.904485392996804
],
"r_mid_chin": [
0.07130324334834102,
0.8211295260458897,
0.1575682540545847
],
"r_up_lip": [
0.0852769393117269,
0.36359619767336054,
0.1264183759716808
],
"r_ext_nostril": [
0.142934211460152,
0.09717402854194467,
0.21464952999090725
],
"r_mid_cheek": [
0.3633712241242069,
0.18923184422310493,
0.4067985380769659
],
"r_mid_eyebrow": [
0.4453582478433051,
-0.38633776266658804,
0.49539275225157187
],
"r_ext_eyebrow": [
0.3865237939746995,
-0.44803939767988193,
0.44200528570079617
],
"r_ext_lips": [
0.12968634256775824,
0.5853523201047679,
0.22113941720866712
],
"r_jaw_angle": [
0.35277447731626105,
0.7077644397192866,
0.7955094022050189
],
"r_mid_ext_face": [
0.4471075989966303,
0.375829691564148,
0.984174531254643
],
"r_int_eyebrow": [
0.19467367052103768,
-0.5769895911368537,
0.3527160639546977
],
"r_mid_jaw": [
0.2501701174752455,
0.8911469716643963,
0.5186790687597403
],
"r_mid_bot_eyelid": [
0.2711313651957648,
-0.18676745722220897,
0.4553950973023503
],
"r_ext_mouth": [
0.17477441994026666,
0.5344731092240141,
0.25912809384595825
],
"r_top_eyelid": [
0.299972551932,
-0.29942829892466266,
0.4611789438023886
],
"r_eye_int": [
0.1639229064228517,
-0.29125746606019753,
0.46002252345770356
],
"r_pupil": [
0.2701390418246282,
-0.23824276590108526,
0.4777788657940139
],
"l_shoulder": [
0.3187757444646461,
0.03185821562177631,
0.38388419977697313
],
"l_elbow": [
0.6933387865954824,
0.6419454578856777,
-0.30892233558085996
],
"l_hip": [
0.3405938976808087,
1.3591340725249406,
0.20335766279091422
],
"l_knee": [
0.37122556892561825,
2.5248480467667465,
0.028303485169392885
],
"l_ankle": [
0.3869112368360534,
3.5469346089532134,
0.6160388036980337
],
"l_body_wrist": [
0.6466135850608586,
0.0792984775053984,
-1.4772174470179213
],
"r_shoulder": [
-0.3187757444646461,
-0.03185821562177631,
-0.38388419977697313
],
"r_elbow": [
-0.38087883927851385,
0.6271802009885686,
-1.0489345054935744
],
"r_hip": [
-0.14784413150937473,
1.4092460222567804,
-0.06253739490838345
],
"r_knee": [
-0.08488223975319568,
2.5574786931708156,
-0.18801429527500582
],
"r_ankle": [
-0.05229769670248021,
3.540189265472439,
0.045254888264384105
],
"r_body_wrist": [
-0.24497435993004638,
0.9406660883864978,
-1.8679951479410324
],
"m_face_position": [
-0.21580931544303894,
-0.1455993950366974,
-0.538290224969387
],
"m_body_position": [
-0.2621927000582218,
0.12721413373947144,
-0.5334261059761047
],
"m_face_scale": [
0.12703905537925567,
0.12703905537925567,
0.12703905537925567
],
"m_body_scale": [
0.5038876483249893,
0.5038876483249893,
0.5038876483249893
],
"l_hand_scale": [
0.18800517250510837,
0.18800517250510837,
0.18800517250510837
],
"r_hand_scale": null
}
],
"framerate": 30,
"mirrorable": true,
"invalid": false
}