{
"label": "a",
"gestures": [
{
"l_hand_position": null,
"l_wrist": null,
"l_thumb_cmc": null,
"l_thumb_mcp": null,
"l_thumb_ip": null,
"l_thumb_tip": null,
"l_index_mcp": null,
"l_index_pip": null,
"l_index_dip": null,
"l_index_tip": null,
"l_middle_mcp": null,
"l_middle_pip": null,
"l_middle_dip": null,
"l_middle_tip": null,
"l_ring_mcp": null,
"l_ring_pip": null,
"l_ring_dip": null,
"l_ring_tip": null,
"l_pinky_mcp": null,
"l_pinky_pip": null,
"l_pinky_dip": null,
"l_pinky_tip": null,
"r_hand_position": [
-0.1257801055908203,
-0.0443548858165741,
0.4953464074060321
],
"r_wrist": [
-0.3274540902541231,
0.9439891275776158,
0.040722792034637
],
"r_thumb_cmc": [
0.03561594304820888,
0.8458836021667943,
0.18563447914610612
],
"r_thumb_mcp": [
0.41754435950332225,
0.6085338631449757,
0.23399068894413785
],
"r_thumb_ip": [
0.6762309107044728,
0.363553775499749,
0.2790329387180318
],
"r_thumb_tip": [
0.7785996261117222,
0.12818829220846745,
0.2775048968637718
],
"r_index_mcp": [
0.21660384857798354,
0.0399135556700054,
0.010790421420710931
],
"r_index_pip": [
0.3107612031699945,
-0.18403926264674317,
0.15593412620216632
],
"r_index_dip": [
0.2587507024575196,
0.1761906432852013,
0.20344590597162068
],
"r_index_tip": [
0.22761543781147747,
0.2128950714719647,
0.21854594800145788
],
"r_middle_mcp": [
-0.0,
0.0,
-0.0
],
"r_middle_pip": [
0.09988976482576893,
-0.20224465902737782,
0.17687739258975874
],
"r_middle_dip": [
0.08220227249045514,
0.23480168241213564,
0.18563923833484083
],
"r_middle_tip": [
0.05643902362165867,
0.17224038624667135,
0.14486691802498353
],
"r_ring_mcp": [
-0.20163887297638067,
0.014011833967339146,
0.031317354548242866
],
"r_ring_pip": [
-0.12505948418441923,
-0.1406461532623791,
0.21057562705675859
],
"r_ring_dip": [
-0.1088349534272777,
0.24637655096984565,
0.14294947837053518
],
"r_ring_tip": [
-0.14147438249094862,
0.19748755651240135,
0.0478157602166084
],
"r_pinky_mcp": [
-0.4025329655129645,
0.03444609534060091,
0.07650572730741875
],
"r_pinky_pip": [
-0.33333201431330356,
-0.07427176900493002,
0.14827140857592563
],
"r_pinky_dip": [
-0.28189522402364126,
0.19527824982964284,
0.08351053598686244
],
"r_pinky_tip": [
-0.30736692368666296,
0.2069892442240384,
0.010827828725658597
],
"l_hand_velocity": null,
"r_hand_velocity": null,
"m_nose_point": null,
"m_top_nose": null,
"m_eyebrows": null,
"m_forehead": null,
"m_top_chin": null,
"m_bot_up_lip": null,
"m_top_low_lip": null,
"m_bot_nose": null,
"m_chin": null,
"m_nose": null,
"l_eye_exterior": null,
"l_temple": null,
"l_mid_chin": null,
"l_up_lip": null,
"l_ext_nostril": null,
"l_mid_cheek": null,
"l_mid_eyebrow": null,
"l_ext_eyebrow": null,
"l_ext_lips": null,
"l_jaw_angle": null,
"l_mid_ext_face": null,
"l_int_eyebrow": null,
"l_mid_jaw": null,
"l_mid_bot_eyelid": null,
"l_ext_mouth": null,
"l_top_eyelid": null,
"l_eye_int": null,
"l_pupil": null,
"r_eye_exterior": null,
"r_temple": null,
"r_mid_chin": null,
"r_up_lip": null,
"r_ext_nostril": null,
"r_mid_cheek": null,
"r_mid_eyebrow": null,
"r_ext_eyebrow": null,
"r_ext_lips": null,
"r_jaw_angle": null,
"r_mid_ext_face": null,
"r_int_eyebrow": null,
"r_mid_jaw": null,
"r_mid_bot_eyelid": null,
"r_ext_mouth": null,
"r_top_eyelid": null,
"r_eye_int": null,
"r_pupil": null,
"l_shoulder": null,
"l_elbow": null,
"l_hip": null,
"l_knee": null,
"l_ankle": null,
"l_body_wrist": null,
"r_shoulder": null,
"r_elbow": null,
"r_hip": null,
"r_knee": null,
"r_ankle": null,
"r_body_wrist": null,
"m_face_position": null,
"m_body_position": null,
"m_face_scale": null,
"m_body_scale": null,
"l_hand_scale": null,
"r_hand_scale": [
-0.11428258341811812,
0.11428258341811812,
-0.11428258341811812
]
}
],
"framerate": 30,
"mirrorable": true,
"invalid": false
}