{
"label": "a",
"gestures": [
{
"l_hand_position": [
0.2286670207977295,
-0.08640307188034058,
-0.5157196130603552
],
"l_wrist": [
0.1739676750799987,
0.9803879323880892,
0.09259994630164513
],
"l_thumb_cmc": [
-0.20437668605501805,
0.7957628477067582,
-0.03817442809094468
],
"l_thumb_mcp": [
-0.5209251362791464,
0.4696512754742914,
-0.1312711798811498
],
"l_thumb_ip": [
-0.621603106105544,
0.14281041226455898,
-0.23164660982392374
],
"l_thumb_tip": [
-0.4874374429311539,
-0.03149557377191322,
-0.30931445299445653
],
"l_index_mcp": [
-0.24261512900455337,
-0.0130659659126245,
0.009329754162519827
],
"l_index_pip": [
-0.2870488584263445,
-0.322468628617093,
-0.17820047929757618
],
"l_index_dip": [
-0.2789062210826802,
0.028463064611992724,
-0.2813605665617644
],
"l_index_tip": [
-0.2631118220748016,
0.34420831160526155,
-0.31952834518333884
],
"l_middle_mcp": [
0.0,
0.0,
0.0
],
"l_middle_pip": [
-0.07151616229444413,
-0.3060580015566861,
-0.20816502920607646
],
"l_middle_dip": [
-0.09963231333612464,
0.12620964988196173,
-0.27278839105313807
],
"l_middle_tip": [
-0.12049136956888523,
0.4672100643431217,
-0.2679584403461261
],
"l_ring_mcp": [
0.23111501437412252,
0.049927463957322414,
-0.03675055285525501
],
"l_ring_pip": [
0.15120691449823917,
-0.18678030279325047,
-0.2351004714983935
],
"l_ring_dip": [
0.07261694573870404,
0.23771199024358192,
-0.21603771564966412
],
"l_ring_tip": [
0.01111879060476378,
0.5557857365703786,
-0.14817011500412103
],
"l_pinky_mcp": [
0.4546105707768128,
0.15285457839367445,
-0.08613469152324355
],
"l_pinky_pip": [
0.3656637572096571,
-0.039293404307837995,
-0.217107753527628
],
"l_pinky_dip": [
0.24573208423093143,
0.23300214694865995,
-0.1943844099269782
],
"l_pinky_tip": [
0.15750332557398677,
0.460990725664827,
-0.1418089648701484
],
"r_hand_position": null,
"r_wrist": null,
"r_thumb_cmc": null,
"r_thumb_mcp": null,
"r_thumb_ip": null,
"r_thumb_tip": null,
"r_index_mcp": null,
"r_index_pip": null,
"r_index_dip": null,
"r_index_tip": null,
"r_middle_mcp": null,
"r_middle_pip": null,
"r_middle_dip": null,
"r_middle_tip": null,
"r_ring_mcp": null,
"r_ring_pip": null,
"r_ring_dip": null,
"r_ring_tip": null,
"r_pinky_mcp": null,
"r_pinky_pip": null,
"r_pinky_dip": null,
"r_pinky_tip": null,
"l_hand_velocity": null,
"r_hand_velocity": null,
"m_nose_point": [
0.0,
0.0,
0.0
],
"m_top_nose": [
0.024964763588635516,
-0.33265030579024824,
0.23150040281028675
],
"m_eyebrows": [
0.046647452410738144,
-0.5811411309790099,
0.3236706478443093
],
"m_forehead": [
0.07421241095373736,
-0.8810893748767992,
0.47227493914275637
],
"m_top_chin": [
-0.07503776533943926,
0.6362575269010105,
0.09205163848672289
],
"m_bot_up_lip": [
-0.035174369170676324,
0.3781309944243389,
0.08541581035249839
],
"m_top_low_lip": [
-0.040431285056672504,
0.4886372142514076,
0.09142441844949985
],
"m_bot_nose": [
-0.030168533788362383,
0.0753495032871674,
0.07630575005212623
],
"m_chin": [
-0.11224275043106999,
0.9886761500439996,
0.09960439402879442
],
"m_nose": [
0.021333579879435998,
-0.2745186902967278,
0.17099660942228645
],
"l_eye_exterior": [
-0.3629489807820899,
-0.3881274538794692,
0.4096801775549154
],
"l_temple": [
-0.5566899838283481,
-0.5780894793822736,
0.7211407653642707
],
"l_mid_chin": [
-0.28927384830332253,
0.7368166770803299,
0.10554525546034836
],
"l_up_lip": [
-0.16042504274950817,
0.29819462404484637,
0.08162893372625768
],
"l_ext_nostril": [
-0.16792196480448096,
0.00028788811678748765,
0.11968082255871187
],
"l_mid_cheek": [
-0.4236041713006529,
-0.015605488986903743,
0.28681236045044173
],
"l_mid_eyebrow": [
-0.29670222556858405,
-0.6678956422013889,
0.3618998347002535
],
"l_ext_eyebrow": [
-0.37350469060368674,
-0.6370409093401357,
0.3932142401889473
],
"l_ext_lips": [
-0.3313041987966848,
0.4049729462813421,
0.17610005070720985
],
"l_jaw_angle": [
-0.6155883619969131,
0.4738443096619856,
0.5945248063353021
],
"l_mid_ext_face": [
-0.6493197224987081,
0.10910471361990305,
0.7667492477775355
],
"l_int_eyebrow": [
-0.07536189768749875,
-0.6713837269249444,
0.32312970738742325
],
"l_mid_jaw": [
-0.5233824742590967,
0.7106413937259983,
0.3698668402094605
],
"l_mid_bot_eyelid": [
-0.2703231857845626,
-0.3342136903774993,
0.3664599939725464
],
"l_ext_mouth": [
-0.2436121263068163,
0.4983921706940208,
0.13651302853901748
],
"l_top_eyelid": [
-0.26538889989507064,
-0.47295003489868354,
0.37423663510772465
],
"l_eye_int": [
-0.1444548579225514,
-0.3823161702695613,
0.3922512093677465
],
"l_pupil": [
-0.26013066945146357,
-0.3979315184385468,
0.3891032077404041
],
"r_eye_exterior": [
0.4270738522176559,
-0.2088330633891326,
0.48518211083933976
],
"r_temple": [
0.5617649273822066,
-0.3622973357949715,
0.7889458816770145
],
"r_mid_chin": [
0.10001173083135109,
0.804112261473391,
0.12849892196112706
],
"r_up_lip": [
0.09454842940044333,
0.34292958292566683,
0.10211125539278411
],
"r_ext_nostril": [
0.15694090169878522,
0.07702800556234454,
0.18327223595236458
],
"r_mid_cheek": [
0.3798571963613973,
0.14134292446965807,
0.33698870388843066
],
"r_mid_eyebrow": [
0.4568391924073603,
-0.42800174209700814,
0.43876286328242986
],
"r_ext_eyebrow": [
0.392798452658892,
-0.4853498812544311,
0.3969523138638833
],
"r_ext_lips": [
0.15644268436425346,
0.5673987457146428,
0.18323212433954977
],
"r_jaw_angle": [
0.4178944842146733,
0.6723306778896547,
0.6609177121860487
],
"r_mid_ext_face": [
0.5068359498167317,
0.3321216658367213,
0.8355203291918616
],
"r_int_eyebrow": [
0.19356015747778701,
-0.5871234948722794,
0.3343804514001394
],
"r_mid_jaw": [
0.30078035886549015,
0.8594455594011904,
0.4204839514399623
],
"r_mid_bot_eyelid": [
0.28556529348902426,
-0.2160043507444906,
0.4007815145503464
],
"r_ext_mouth": [
0.19832167293841763,
0.5058836467246056,
0.21357845204478662
],
"r_top_eyelid": [
0.31866284942842016,
-0.33002682438677716,
0.40990212652297037
],
"r_eye_int": [
0.18800239569283875,
-0.29019685554012,
0.41493131877712086
],
"r_pupil": [
0.30986207401737725,
-0.26805557390575707,
0.42323475713774644
],
"l_shoulder": [
0.4733160355571857,
0.04537476146473394,
0.1546384864981788
],
"l_elbow": [
0.9660342821184318,
0.8591037200428896,
-0.9577741600468223
],
"l_hip": [
0.3025854229846757,
1.7279632703711807,
0.516072520566257
],
"l_knee": [
0.30186731513132986,
3.2160379151743794,
0.7349115011200693
],
"l_ankle": [
0.28144112010831157,
4.460829604615798,
2.290838218775042
],
"l_body_wrist": [
0.8981091825760689,
-0.04081540626120889,
-2.6200558931963283
],
"r_shoulder": [
-0.4733160355571857,
-0.04537476146473394,
-0.1546384864981788
],
"r_elbow": [
-0.8581988838825861,
0.8220453886431034,
-0.28800353446817606
],
"r_hip": [
-0.3693820828379193,
1.717674395907197,
0.6430953470185913
],
"r_knee": [
-0.3356795775655356,
3.2028919528633204,
0.7694169743000265
],
"r_ankle": [
-0.3361465430835549,
4.432333996470331,
1.853152567790435
],
"r_body_wrist": [
-1.0416503261789194,
1.383616875757729,
-1.1427092962550272
],
"m_face_position": [
-0.05262315273284912,
-0.1994202733039856,
-0.5441807582974434
],
"m_body_position": [
-0.10412675887346268,
0.15039381384849548,
-0.7358897551894188
],
"m_face_scale": [
0.15869692966195603,
0.15869692966195603,
0.15869692966195603
],
"m_body_scale": [
0.4117746956156719,
0.4117746956156719,
0.4117746956156719
],
"l_hand_scale": [
0.16975233625218705,
0.16975233625218705,
0.16975233625218705
],
"r_hand_scale": null
}
],
"framerate": 30,
"mirrorable": true,
"invalid": false
}