{
"label": "a",
"gestures": [
{
"l_hand_position": null,
"l_wrist": null,
"l_thumb_cmc": null,
"l_thumb_mcp": null,
"l_thumb_ip": null,
"l_thumb_tip": null,
"l_index_mcp": null,
"l_index_pip": null,
"l_index_dip": null,
"l_index_tip": null,
"l_middle_mcp": null,
"l_middle_pip": null,
"l_middle_dip": null,
"l_middle_tip": null,
"l_ring_mcp": null,
"l_ring_pip": null,
"l_ring_dip": null,
"l_ring_tip": null,
"l_pinky_mcp": null,
"l_pinky_pip": null,
"l_pinky_dip": null,
"l_pinky_tip": null,
"r_hand_position": [
-0.1280270218849182,
-0.03714090585708618,
0.4967426946386695
],
"r_wrist": [
-0.311337737298175,
0.9498745521460384,
0.02841035936793982
],
"r_thumb_cmc": [
0.04807473308035002,
0.8484774790689739,
0.16585002042040747
],
"r_thumb_mcp": [
0.4243580387704756,
0.600238381250036,
0.2142683398488507
],
"r_thumb_ip": [
0.6806070796279732,
0.3521583490790831,
0.26210842185841415
],
"r_thumb_tip": [
0.8033423415420703,
0.122879772535469,
0.2656748582231801
],
"r_index_mcp": [
0.21579386420905142,
0.044832860813494455,
0.0054708218948122085
],
"r_index_pip": [
0.31188666973043655,
-0.185458329724481,
0.14608579689152199
],
"r_index_dip": [
0.265482645776307,
0.17226861659002105,
0.1877304814654703
],
"r_index_tip": [
0.22867350329441666,
0.22153842131977391,
0.1995415769173798
],
"r_middle_mcp": [
-0.0,
0.0,
-0.0
],
"r_middle_pip": [
0.10222515012686821,
-0.19325540549882558,
0.17254864653005245
],
"r_middle_dip": [
0.08815355832637434,
0.23760275221030078,
0.17598335665508089
],
"r_middle_tip": [
0.05473261811103807,
0.18467599704403242,
0.1333813785590151
],
"r_ring_mcp": [
-0.20458805318418086,
0.015013509951306394,
0.034934465511500604
],
"r_ring_pip": [
-0.11982477641387675,
-0.13112909377957457,
0.21069769617170445
],
"r_ring_dip": [
-0.10343217769098888,
0.2517811675096865,
0.14032563698720374
],
"r_ring_tip": [
-0.13947822092045495,
0.21137459425368021,
0.045338982014785756
],
"r_pinky_mcp": [
-0.4088870851256179,
0.041592548013776,
0.08325605990451504
],
"r_pinky_pip": [
-0.33242277263661724,
-0.06246679537751934,
0.15693537526448437
],
"r_pinky_dip": [
-0.2749839592203198,
0.20301896933306188,
0.09326676272997173
],
"r_pinky_tip": [
-0.2968887544505012,
0.2239938023271486,
0.02192326009269612
],
"l_hand_velocity": null,
"r_hand_velocity": null,
"m_nose_point": null,
"m_top_nose": null,
"m_eyebrows": null,
"m_forehead": null,
"m_top_chin": null,
"m_bot_up_lip": null,
"m_top_low_lip": null,
"m_bot_nose": null,
"m_chin": null,
"m_nose": null,
"l_eye_exterior": null,
"l_temple": null,
"l_mid_chin": null,
"l_up_lip": null,
"l_ext_nostril": null,
"l_mid_cheek": null,
"l_mid_eyebrow": null,
"l_ext_eyebrow": null,
"l_ext_lips": null,
"l_jaw_angle": null,
"l_mid_ext_face": null,
"l_int_eyebrow": null,
"l_mid_jaw": null,
"l_mid_bot_eyelid": null,
"l_ext_mouth": null,
"l_top_eyelid": null,
"l_eye_int": null,
"l_pupil": null,
"r_eye_exterior": null,
"r_temple": null,
"r_mid_chin": null,
"r_up_lip": null,
"r_ext_nostril": null,
"r_mid_cheek": null,
"r_mid_eyebrow": null,
"r_ext_eyebrow": null,
"r_ext_lips": null,
"r_jaw_angle": null,
"r_mid_ext_face": null,
"r_int_eyebrow": null,
"r_mid_jaw": null,
"r_mid_bot_eyelid": null,
"r_ext_mouth": null,
"r_top_eyelid": null,
"r_eye_int": null,
"r_pupil": null,
"l_shoulder": null,
"l_elbow": null,
"l_hip": null,
"l_knee": null,
"l_ankle": null,
"l_body_wrist": null,
"r_shoulder": null,
"r_elbow": null,
"r_hip": null,
"r_knee": null,
"r_ankle": null,
"r_body_wrist": null,
"m_face_position": null,
"m_body_position": null,
"m_face_scale": null,
"m_body_scale": null,
"l_hand_scale": null,
"r_hand_scale": [
-0.11466348348828559,
0.11466348348828559,
-0.11466348348828559
]
}
],
"framerate": 30,
"mirrorable": true,
"invalid": false
}