{
"label": "a",
"gestures": [
{
"l_hand_position": [
0.07621914148330688,
-0.044892072677612305,
-0.5087700244039297
],
"l_wrist": [
0.2006112597524132,
0.9778835027179329,
0.059152156111645586
],
"l_thumb_cmc": [
-0.1696595716197621,
0.7935547759824234,
-0.10121050400851869
],
"l_thumb_mcp": [
-0.4903683826777438,
0.47948923839533847,
-0.17518288070738275
],
"l_thumb_ip": [
-0.6761977156968482,
0.14769905801526007,
-0.23271706035841755
],
"l_thumb_tip": [
-0.719424021497131,
-0.11593927379954783,
-0.24257686279376
],
"l_index_mcp": [
-0.21533187571325102,
0.006040216692492888,
-0.029461026004058415
],
"l_index_pip": [
-0.3140325704831989,
-0.22194961978052866,
-0.1533196853904956
],
"l_index_dip": [
-0.26646063753773785,
0.12171816588806571,
-0.17192009226256028
],
"l_index_tip": [
-0.21975268393680344,
0.15630608537556584,
-0.17431505687589383
],
"l_middle_mcp": [
0.0,
0.0,
0.0
],
"l_middle_pip": [
-0.11554608078002852,
-0.21170368511544735,
-0.15248671321532528
],
"l_middle_dip": [
-0.10328754462648747,
0.20350432413734257,
-0.14058678226232552
],
"l_middle_tip": [
-0.060292812629111646,
0.16914335501744843,
-0.1022410275333478
],
"l_ring_mcp": [
0.2103566572914193,
0.027739807730872222,
-0.00026101679374435484
],
"l_ring_pip": [
0.10614965209679211,
-0.15229636085595868,
-0.14981758391410988
],
"l_ring_dip": [
0.08890423842370355,
0.23842633708007843,
-0.06447337810856746
],
"l_ring_tip": [
0.14993438847387697,
0.21665076088762023,
0.02294438503386433
],
"l_pinky_mcp": [
0.4083542689662303,
0.08919008733666697,
-0.015069371233998471
],
"l_pinky_pip": [
0.3079083278795817,
-0.021124475890708202,
-0.07984328520082005
],
"l_pinky_dip": [
0.26176885580175596,
0.23968451453875497,
-0.01748641023815819
],
"l_pinky_tip": [
0.3120030834049438,
0.2552482038758013,
0.04342268872743354
],
"r_hand_position": null,
"r_wrist": null,
"r_thumb_cmc": null,
"r_thumb_mcp": null,
"r_thumb_ip": null,
"r_thumb_tip": null,
"r_index_mcp": null,
"r_index_pip": null,
"r_index_dip": null,
"r_index_tip": null,
"r_middle_mcp": null,
"r_middle_pip": null,
"r_middle_dip": null,
"r_middle_tip": null,
"r_ring_mcp": null,
"r_ring_pip": null,
"r_ring_dip": null,
"r_ring_tip": null,
"r_pinky_mcp": null,
"r_pinky_pip": null,
"r_pinky_dip": null,
"r_pinky_tip": null,
"l_hand_velocity": null,
"r_hand_velocity": null,
"m_nose_point": [
0.0,
0.0,
0.0
],
"m_top_nose": [
0.049141301821429346,
-0.30599000326736664,
0.2446831520452567
],
"m_eyebrows": [
0.0796088474569773,
-0.5552567633037389,
0.3454465365193147
],
"m_forehead": [
0.12155159767527716,
-0.8798819709134034,
0.5085338062133032
],
"m_top_chin": [
-0.0295557827090772,
0.60978349750798,
0.049143755658099156
],
"m_bot_up_lip": [
0.00032638984138253044,
0.39558969107193875,
0.07214927267363347
],
"m_top_low_lip": [
-0.0012513975730108467,
0.3997260910255178,
0.06797154183253154
],
"m_bot_nose": [
-0.018444337239402357,
0.08651246563097345,
0.07576254716993505
],
"m_chin": [
-0.059406735361665554,
0.9972931478906787,
0.04332686192156126
],
"m_nose": [
0.03930585142005795,
-0.2534883051659641,
0.18169801697140558
],
"l_eye_exterior": [
-0.30466836092414523,
-0.3042485479035264,
0.4845895340679302
],
"l_temple": [
-0.44100754704345135,
-0.49113653290662956,
0.8371890266529766
],
"l_mid_chin": [
-0.2332041225815511,
0.7451229373522688,
0.08797801219094574
],
"l_up_lip": [
-0.12988754692131144,
0.2905406475942157,
0.09595719428019707
],
"l_ext_nostril": [
-0.14991203671888528,
0.01783720483155529,
0.14349537208450977
],
"l_mid_cheek": [
-0.3849425233259117,
0.03149591015028075,
0.35498545701950246
],
"l_mid_eyebrow": [
-0.24355209963964422,
-0.5828669787409229,
0.43531460162303626
],
"l_ext_eyebrow": [
-0.3144118072325472,
-0.5541560253893952,
0.4800253239513325
],
"l_ext_lips": [
-0.27534317973343614,
0.4187151208770245,
0.20477020147718608
],
"l_jaw_angle": [
-0.492226154645216,
0.5546817968512745,
0.6606263133276964
],
"l_mid_ext_face": [
-0.5202547640167519,
0.20995759741502493,
0.8572359261878482
],
"l_int_eyebrow": [
-0.04157307824577747,
-0.595717277916282,
0.3628799447882737
],
"l_mid_jaw": [
-0.41638403516929534,
0.7545030975763493,
0.40195003572009746
],
"l_mid_bot_eyelid": [
-0.22309549807380522,
-0.25865969203685474,
0.4266089508401824
],
"l_ext_mouth": [
-0.20726369865172997,
0.4524874819137595,
0.15159974419036745
],
"l_top_eyelid": [
-0.21358880265759447,
-0.3910793618870367,
0.43765149671517045
],
"l_eye_int": [
-0.10496933813239992,
-0.30198959908103035,
0.43858358509598455
],
"l_pupil": [
-0.21583521621806642,
-0.31692122478114765,
0.4503331167927028
],
"r_eye_exterior": [
0.46087144357848986,
-0.14950830667595777,
0.43604129204886805
],
"r_temple": [
0.6652047290891114,
-0.30600419413003543,
0.7252851756559786
],
"r_mid_chin": [
0.156258427018753,
0.8246840089049278,
0.052670584149309925
],
"r_up_lip": [
0.1344577142438003,
0.3321553523704884,
0.06741206707181387
],
"r_ext_nostril": [
0.18722076073268665,
0.09062048385921488,
0.1543250993659116
],
"r_mid_cheek": [
0.44522105068419754,
0.17438938270755258,
0.2722533170985414
],
"r_mid_eyebrow": [
0.4711997899432245,
-0.38542997945858515,
0.40103874582238236
],
"r_ext_eyebrow": [
0.39994510333937305,
-0.44511532875731497,
0.37191115022111343
],
"r_ext_lips": [
0.21907499016535475,
0.5681337886037909,
0.11780853591415047
],
"r_jaw_angle": [
0.5268215857167418,
0.7478461638984125,
0.5555840992026326
],
"r_mid_ext_face": [
0.6276538143524292,
0.4150763471743649,
0.7389882865491385
],
"r_int_eyebrow": [
0.20212944453815607,
-0.549446787612752,
0.34013746132516515
],
"r_mid_jaw": [
0.38871563719516933,
0.9232636746063201,
0.3217339228159356
],
"r_mid_bot_eyelid": [
0.3220020266453357,
-0.1579968076956817,
0.3670055611644393
],
"r_ext_mouth": [
0.265565675354629,
0.5125732500541273,
0.14563201340937906
],
"r_top_eyelid": [
0.33340438479972107,
-0.25436553699327413,
0.3773773744371714
],
"r_eye_int": [
0.2199654667978223,
-0.23043903299053434,
0.39854425085280704
],
"r_pupil": [
0.33310992439934334,
-0.19992678613757964,
0.39165066975771934
],
"l_shoulder": [
0.46099869423454515,
-0.021587508305264937,
0.19239070507489306
],
"l_elbow": [
0.8301624451083481,
0.9374079134387301,
-0.8003237592103261
],
"l_hip": [
0.3977618135716996,
1.6335377484488354,
0.01001889556448415
],
"l_knee": [
0.37061121342919945,
3.121735957107879,
-0.09318632560435108
],
"l_ankle": [
0.36203938469408986,
4.464776709105736,
0.8141507901900447
],
"l_body_wrist": [
0.6079444195834173,
-0.048251399851732164,
-2.485073587047395
],
"r_shoulder": [
-0.46099869423454515,
0.021587508305264937,
-0.19239070507489306
],
"r_elbow": [
-0.710975509012969,
0.8762912197368837,
-0.6514921167054457
],
"r_hip": [
-0.3097053114269925,
1.6512977356796419,
-0.02399071188075948
],
"r_knee": [
-0.29564015661493875,
3.1199366769134946,
-0.18355070682488783
],
"r_ankle": [
-0.2796955735704665,
4.434699565097498,
0.29487176974490087
],
"r_body_wrist": [
-0.24425503926431472,
1.1489641262573511,
-1.7298646589962108
],
"m_face_position": [
-0.1266992688179016,
-0.16115236282348633,
-0.5348734892904758
],
"m_body_position": [
-0.12719681859016418,
0.15443840622901917,
-0.4944225922226906
],
"m_face_scale": [
0.1260063877013202,
0.1260063877013202,
0.1260063877013202
],
"m_body_scale": [
0.3789059253076976,
0.3789059253076976,
0.3789059253076976
],
"l_hand_scale": [
0.1482563008407373,
0.1482563008407373,
0.1482563008407373
],
"r_hand_scale": null
}
],
"framerate": 30,
"mirrorable": true,
"invalid": false
}