{
"label": "a",
"gestures": [
{
"l_hand_position": null,
"l_wrist": null,
"l_thumb_cmc": null,
"l_thumb_mcp": null,
"l_thumb_ip": null,
"l_thumb_tip": null,
"l_index_mcp": null,
"l_index_pip": null,
"l_index_dip": null,
"l_index_tip": null,
"l_middle_mcp": null,
"l_middle_pip": null,
"l_middle_dip": null,
"l_middle_tip": null,
"l_ring_mcp": null,
"l_ring_pip": null,
"l_ring_dip": null,
"l_ring_tip": null,
"l_pinky_mcp": null,
"l_pinky_pip": null,
"l_pinky_dip": null,
"l_pinky_tip": null,
"r_hand_position": [
-0.3615848124027252,
0.06641638278961182,
-0.5232742689549923
],
"r_wrist": [
-0.2005275168921457,
0.9736479781399044,
0.1086201161532537
],
"r_thumb_cmc": [
0.12011036321453676,
0.8451151678994144,
-0.03913896758380142
],
"r_thumb_mcp": [
0.36833057490050997,
0.3434802844193312,
-0.0870156563106236
],
"r_thumb_ip": [
0.4513722543399074,
-0.09204766349332316,
-0.1315829751847008
],
"r_thumb_tip": [
0.461065881598766,
-0.4583331118393564,
-0.16052788261090806
],
"r_index_mcp": [
0.2404354063010019,
0.009470671745608748,
0.010818645061953331
],
"r_index_pip": [
0.27708377094885417,
-0.24385797510468027,
-0.21969391957854564
],
"r_index_dip": [
0.21997788186783995,
0.11226442935291334,
-0.34171971127138606
],
"r_index_tip": [
0.19744191968530211,
0.38016961001456473,
-0.38418512156460827
],
"r_middle_mcp": [
0.0,
0.0,
0.0
],
"r_middle_pip": [
0.049655586509122114,
-0.19418076065899523,
-0.2570608046140766
],
"r_middle_dip": [
0.02967220764343918,
0.27021012062770067,
-0.3346828430495471
],
"r_middle_tip": [
0.02470807462821681,
0.5839145084858586,
-0.3272132422384389
],
"r_ring_mcp": [
-0.23369054999436453,
0.06520871553962614,
-0.04361023052376484
],
"r_ring_pip": [
-0.1887107356034933,
-0.04077902235855196,
-0.3133589146045874
],
"r_ring_dip": [
-0.17880409750961146,
0.423876679450432,
-0.3074030259516681
],
"r_ring_tip": [
-0.16516837893873598,
0.7255812483060031,
-0.22805103076398167
],
"r_pinky_mcp": [
-0.4530389267761353,
0.1877285421563989,
-0.09563814436398275
],
"r_pinky_pip": [
-0.41309776094398215,
0.1143671376806187,
-0.29183685757034233
],
"r_pinky_dip": [
-0.3767784051960628,
0.43879314044481543,
-0.28816786242193504
],
"r_pinky_tip": [
-0.34002662980329396,
0.6789725582104859,
-0.23225272685795795
],
"l_hand_velocity": null,
"r_hand_velocity": null,
"m_nose_point": [
0.0,
0.0,
0.0
],
"m_top_nose": [
-0.006508793869059013,
-0.42544651486829566,
0.1135408436475031
],
"m_eyebrows": [
0.031188387409036084,
-0.7753045729312618,
0.12606114903100618
],
"m_forehead": [
0.06640293203758409,
-1.1559089682699415,
0.15877889428543535
],
"m_top_chin": [
-0.16447285058416342,
0.5740428790714177,
0.2288238466895672
],
"m_bot_up_lip": [
-0.17458056348904893,
0.30922291695622284,
0.20747570949255986
],
"m_top_low_lip": [
-0.16851285793840085,
0.31128735648225253,
0.20864651476163454
],
"m_bot_nose": [
-0.06600935737580092,
0.06453181730876457,
0.09395832811755402
],
"m_chin": [
-0.26147861711266634,
0.9062160463567522,
0.3322670764887555
],
"m_nose": [
0.0006442236277183661,
-0.331959644374983,
0.07525714763637925
],
"l_eye_exterior": [
-0.40803978096306803,
-0.5845599404026348,
0.16697219275645453
],
"l_temple": [
-0.8157577386567504,
-0.9596825678347484,
0.34131256100538754
],
"l_mid_chin": [
-0.4358781670353722,
0.7017811327409087,
0.25403867219376086
],
"l_up_lip": [
-0.320673131114571,
0.22936938810736635,
0.15160098982782305
],
"l_ext_nostril": [
-0.25821517911796876,
-0.03401362253005718,
0.07486086787015751
],
"l_mid_cheek": [
-0.6065229839065895,
-0.10542607135266416,
0.15684219580233835
],
"l_mid_eyebrow": [
-0.3577911074529647,
-0.8712242580617061,
0.07690938935940202
],
"l_ext_eyebrow": [
-0.4422763521896094,
-0.8496155471711456,
0.08816760121604329
],
"l_ext_lips": [
-0.5034404707672706,
0.33762742728543205,
0.24653702684828305
],
"l_jaw_angle": [
-1.0040947560989266,
0.23568716553500274,
0.5932231515826938
],
"l_mid_ext_face": [
-1.0442137873241624,
-0.21856108922094894,
0.6163391707118014
],
"l_int_eyebrow": [
-0.11993870418920773,
-0.8794223836413124,
0.08551967667395602
],
"l_mid_jaw": [
-0.809958379466409,
0.5790127690820871,
0.47041323751969555
],
"l_mid_bot_eyelid": [
-0.3038719558776197,
-0.5341285220593477,
0.15792404521478628
],
"l_ext_mouth": [
-0.3480571558226856,
0.2954958945393872,
0.24199690579678496
],
"l_top_eyelid": [
-0.30480376216387467,
-0.6452773921353984,
0.1441919732696653
],
"l_eye_int": [
-0.15370744864279864,
-0.5674123194345636,
0.1993900922122256
],
"l_pupil": [
-0.21962947322463597,
-0.6149844544089628,
0.1706780355537231
],
"r_eye_exterior": [
0.32714422183909947,
-0.5199257859872873,
0.4827203806734389
],
"r_temple": [
0.3874934908237433,
-0.7904820122346297,
0.6953984087613737
],
"r_mid_chin": [
-0.03241450905820804,
0.6996228200795173,
0.3748988732156409
],
"r_up_lip": [
-0.010041924764939343,
0.2565997147926243,
0.23227727919734392
],
"r_ext_nostril": [
0.10762728095910824,
-0.0009621996374581269,
0.22320090539369492
],
"r_mid_cheek": [
0.27286362022001526,
-0.03880576914508254,
0.44741743323183825
],
"r_mid_eyebrow": [
0.4449930945886141,
-0.7330757045161737,
0.3823667288010093
],
"r_ext_eyebrow": [
0.4141569238001669,
-0.7697235457258294,
0.311469984094244
],
"r_ext_lips": [
0.09276031550917047,
0.44969444587599444,
0.4019854326170033
],
"r_jaw_angle": [
0.10619610037080587,
0.2695515143907961,
0.9191997541646129
],
"r_mid_ext_face": [
0.18975896460732833,
-0.12359225431200704,
0.9820444519371266
],
"r_int_eyebrow": [
0.2649113345317867,
-0.8343617397638051,
0.171525610899104
],
"r_mid_jaw": [
0.04863340154774112,
0.577590821916935,
0.7156724571900003
],
"r_mid_bot_eyelid": [
0.2534872817390312,
-0.4873810471900631,
0.3687814779021278
],
"r_ext_mouth": [
0.1438019092323091,
0.3804799364891325,
0.4299347640393482
],
"r_top_eyelid": [
0.28085784103838485,
-0.5521815955850989,
0.35569977918881557
],
"r_eye_int": [
0.16119729372158106,
-0.5332319181988534,
0.3382058086711155
],
"r_pupil": [
0.3150349721033959,
-0.5304947853237252,
0.37862492013739407
],
"l_shoulder": [
0.4974595535133637,
0.046102954864219926,
0.020211634547273448
],
"l_elbow": [
0.794035016150599,
1.0431481869511388,
-0.24697013406673674
],
"l_hip": [
0.2568985670934387,
1.8789898395646716,
0.5404592162698604
],
"l_knee": [
0.17072391008676632,
3.438134657567323,
0.6724589766880281
],
"l_ankle": [
0.08518571958496772,
4.7835150171549845,
2.32861440411353
],
"l_body_wrist": [
0.7754052068965664,
1.8092019539792563,
-0.810262878104223
],
"r_shoulder": [
-0.4974595535133637,
-0.046102954864219926,
-0.020211634547273448
],
"r_elbow": [
-1.0154155563800862,
0.4236289116352438,
-1.6067067342863464
],
"r_hip": [
-0.4642261186111676,
1.8360445841857516,
0.9300111244103879
],
"r_knee": [
-0.48739872731796535,
3.375163268738094,
1.2004714601280042
],
"r_ankle": [
-0.5312407533806669,
4.6828561331757586,
2.591718011149324
],
"r_body_wrist": [
-0.9215874160179448,
-0.2084553228568773,
-4.183609931025948
],
"m_face_position": [
-0.012255698442459106,
-0.05991080403327942,
-0.5414032526314259
],
"m_body_position": [
-0.04439160227775574,
0.2735018730163574,
-0.7883962541818619
],
"m_face_scale": [
0.1549275335179486,
0.1549275335179486,
0.1549275335179486
],
"m_body_scale": [
0.39562148192476865,
0.39562148192476865,
0.39562148192476865
],
"l_hand_scale": null,
"r_hand_scale": [
0.21427199574981273,
0.21427199574981273,
0.21427199574981273
]
}
],
"framerate": 30,
"mirrorable": true,
"invalid": false
}