{
"label": "a",
"gestures": [
{
"l_hand_position": null,
"l_wrist": null,
"l_thumb_cmc": null,
"l_thumb_mcp": null,
"l_thumb_ip": null,
"l_thumb_tip": null,
"l_index_mcp": null,
"l_index_pip": null,
"l_index_dip": null,
"l_index_tip": null,
"l_middle_mcp": null,
"l_middle_pip": null,
"l_middle_dip": null,
"l_middle_tip": null,
"l_ring_mcp": null,
"l_ring_pip": null,
"l_ring_dip": null,
"l_ring_tip": null,
"l_pinky_mcp": null,
"l_pinky_pip": null,
"l_pinky_dip": null,
"l_pinky_tip": null,
"r_hand_position": [
-0.12075486779212952,
-0.1752820909023285,
-0.5294119622558355
],
"r_wrist": [
-0.24409991463404593,
0.9627438421074934,
0.11635946957490463
],
"r_thumb_cmc": [
0.0823988527570215,
0.8482812158522888,
0.009331308019506962
],
"r_thumb_mcp": [
0.35133016130737593,
0.565867174670805,
-0.03993402376298858
],
"r_thumb_ip": [
0.5369569926803639,
0.32505113601064883,
-0.0801176881854618
],
"r_thumb_tip": [
0.7077381154686765,
0.1513939688940621,
-0.10225368219675103
],
"r_index_mcp": [
0.1875292203877342,
0.05057725509003077,
-0.005527185833763841
],
"r_index_pip": [
0.258346078865453,
0.2872799596592387,
-0.15385063430531495
],
"r_index_dip": [
0.1797751134187972,
0.5661923552659504,
-0.23376096533054302
],
"r_index_tip": [
0.1162205822644928,
0.7312692586223807,
-0.26423117116054784
],
"r_middle_mcp": [
0.0,
0.0,
0.0
],
"r_middle_pip": [
0.07728250513347662,
0.3284391216529626,
-0.1517069537430833
],
"r_middle_dip": [
0.015600061538895819,
0.6133238515114843,
-0.19171309821139926
],
"r_middle_tip": [
-0.03870014586161688,
0.8001120421528485,
-0.1944424988249483
],
"r_ring_mcp": [
-0.17088664731066758,
0.04112496969039099,
-0.012826277252292044
],
"r_ring_pip": [
-0.10360303281218018,
0.38223469781807934,
-0.15423320491303716
],
"r_ring_dip": [
-0.12625142501742417,
0.6366622208170873,
-0.15517178363952536
],
"r_ring_tip": [
-0.15456878321076928,
0.795326534540173,
-0.12322984969808931
],
"r_pinky_mcp": [
-0.32098590695335516,
0.13085936846175703,
-0.03644590772893186
],
"r_pinky_pip": [
-0.2528434761187406,
0.4239785481987959,
-0.12670452461980136
],
"r_pinky_dip": [
-0.24427724299340003,
0.6344199131454145,
-0.1309586514149476
],
"r_pinky_tip": [
-0.24327646964619423,
0.7554700993034327,
-0.109280583721269
],
"l_hand_velocity": null,
"r_hand_velocity": null,
"m_nose_point": [
0.0,
0.0,
0.0
],
"m_top_nose": [
0.018000935060409017,
-0.32659772697154815,
0.2560635169177892
],
"m_eyebrows": [
0.013686374694320961,
-0.5926231603982844,
0.36368863156803005
],
"m_forehead": [
0.008283670799781179,
-0.9354418286933069,
0.5339436842057069
],
"m_top_chin": [
0.043532393543919745,
0.6211688714899757,
0.041504508594321796
],
"m_bot_up_lip": [
0.04072270241565117,
0.3793928829049324,
0.06884141220679446
],
"m_top_low_lip": [
0.04119454805921124,
0.3909847000999454,
0.06334505491113644
],
"m_bot_nose": [
-0.00270562849388826,
0.09086521151603028,
0.07640034199684388
],
"m_chin": [
0.07281628409912623,
0.9968820236157246,
0.030397693363368415
],
"m_nose": [
0.012582075323088731,
-0.26908601528994913,
0.19060836304691273
],
"l_eye_exterior": [
-0.3272289927696041,
-0.21125094916681678,
0.5180899022283637
],
"l_temple": [
-0.48845907682874207,
-0.38794502579797785,
0.8973937201103205
],
"l_mid_chin": [
-0.13664374237828683,
0.8027752746701036,
0.08743454503000621
],
"l_up_lip": [
-0.10075401281323937,
0.314675902929151,
0.09612569053726887
],
"l_ext_nostril": [
-0.13698444059221693,
0.05786618987907716,
0.15397648187869586
],
"l_mid_cheek": [
-0.36255041680625494,
0.13104075355045341,
0.37914411559417704
],
"l_mid_eyebrow": [
-0.30238558311980435,
-0.5011468778876738,
0.46854567903007044
],
"l_ext_eyebrow": [
-0.3691025613974431,
-0.4491402696335322,
0.5184464741517905
],
"l_ext_lips": [
-0.23053579855642956,
0.5003046357897784,
0.21117353327864016
],
"l_jaw_angle": [
-0.3863807600793477,
0.6722144446846005,
0.6960632899614657
],
"l_mid_ext_face": [
-0.45540184664059447,
0.3275630385776834,
0.9087873906453491
],
"l_int_eyebrow": [
-0.10655871208990586,
-0.5889602982196511,
0.3866895178357218
],
"l_mid_jaw": [
-0.29987334956743567,
0.8592549131011361,
0.42112526609788437
],
"l_mid_bot_eyelid": [
-0.24004113617352485,
-0.19750897936645703,
0.45440471336986493
],
"l_ext_mouth": [
-0.14823888577622524,
0.5111204973594805,
0.15164877834308577
],
"l_top_eyelid": [
-0.24659375593655947,
-0.3118196449599268,
0.4672662342860477
],
"l_eye_int": [
-0.12955132739764472,
-0.2772668113849662,
0.4621534446143449
],
"l_pupil": [
-0.23730367116592208,
-0.24599432665221807,
0.47891042432801556
],
"r_eye_exterior": [
0.4859302122617464,
-0.34669298194534187,
0.42432580091900746
],
"r_temple": [
0.6887121736086527,
-0.5546357847169269,
0.7117487720104319
],
"r_mid_chin": [
0.26739915523492575,
0.77225997627473,
0.035372208027743976
],
"r_up_lip": [
0.17764964721444335,
0.2789401290423648,
0.05829434941100097
],
"r_ext_nostril": [
0.2124569353131969,
0.03553073723502769,
0.14833890944991043
],
"r_mid_cheek": [
0.500704730484519,
0.03261484519906961,
0.25463253133367814
],
"r_mid_eyebrow": [
0.4542638100682618,
-0.5879883342076652,
0.39590537185446606
],
"r_ext_eyebrow": [
0.3679236600463126,
-0.6150709911840276,
0.3711237196955892
],
"r_ext_lips": [
0.29165002559215814,
0.5162119636945723,
0.10454668600068436
],
"r_jaw_angle": [
0.7010067699646176,
0.5586623909440447,
0.5232438536612684
],
"r_mid_ext_face": [
0.7716382139136038,
0.1826358629855386,
0.7130789561981871
],
"r_int_eyebrow": [
0.13855345802931193,
-0.6244594365268875,
0.35167049613199836
],
"r_mid_jaw": [
0.5533623241683457,
0.7823352825216846,
0.28930037041653844
],
"r_mid_bot_eyelid": [
0.33320047736438696,
-0.2963537517005178,
0.36195389794947325
],
"r_ext_mouth": [
0.33267493730217407,
0.4486439526398781,
0.13182520287252011
],
"r_top_eyelid": [
0.3344663351634243,
-0.41232870668630295,
0.37487676800577335
],
"r_eye_int": [
0.21667741165368085,
-0.32969109569216853,
0.40056183321322064
],
"r_pupil": [
0.34405435268180806,
-0.35297760478695867,
0.3879195892550707
],
"l_shoulder": [
0.3439384424910265,
0.03143323034778634,
-0.36154985798192457
],
"l_elbow": [
0.2921070000564822,
0.6677628651172366,
-0.8479957357823514
],
"l_hip": [
0.12743689986373957,
1.3215020560415258,
-0.22184164804049256
],
"l_knee": [
0.00852644683980424,
2.4694941868562488,
-0.6996735520015159
],
"l_ankle": [
-0.11426499848568429,
3.595509033179575,
-0.21701058123021955
],
"l_body_wrist": [
-0.31652180791361795,
0.8098106213626871,
-1.0773164747324382
],
"r_shoulder": [
-0.3439384424910265,
-0.03143323034778634,
0.36154985798192457
],
"r_elbow": [
-0.8198774939276888,
0.4425449813260413,
-0.5962273977107356
],
"r_hip": [
-0.40869086114334785,
1.1994683329718405,
0.2080358792849084
],
"r_knee": [
-0.5098614989486084,
2.3751854061138853,
-0.12623276208437087
],
"r_ankle": [
-0.5507368241828723,
3.474983334459043,
-0.253289749630528
],
"r_body_wrist": [
-0.7513649697871075,
-0.1632901354805866,
-2.169879497347386
],
"m_face_position": [
0.16113775968551636,
-0.15381228923797607,
-0.5352810434997082
],
"m_body_position": [
0.18896421790122986,
0.14040228724479675,
-0.49461977183818817
],
"m_face_scale": [
0.1254380814356883,
0.1254380814356883,
0.1254380814356883
],
"m_body_scale": [
0.4819677074836538,
0.4819677074836538,
0.4819677074836538
],
"l_hand_scale": null,
"r_hand_scale": [
0.25276663605504307,
0.25276663605504307,
0.25276663605504307
]
}
],
"framerate": 30,
"mirrorable": true,
"invalid": false
}