{
"label": "a",
"gestures": [
{
"l_hand_position": null,
"l_wrist": null,
"l_thumb_cmc": null,
"l_thumb_mcp": null,
"l_thumb_ip": null,
"l_thumb_tip": null,
"l_index_mcp": null,
"l_index_pip": null,
"l_index_dip": null,
"l_index_tip": null,
"l_middle_mcp": null,
"l_middle_pip": null,
"l_middle_dip": null,
"l_middle_tip": null,
"l_ring_mcp": null,
"l_ring_pip": null,
"l_ring_dip": null,
"l_ring_tip": null,
"l_pinky_mcp": null,
"l_pinky_pip": null,
"l_pinky_dip": null,
"l_pinky_tip": null,
"r_hand_position": null,
"r_wrist": null,
"r_thumb_cmc": null,
"r_thumb_mcp": null,
"r_thumb_ip": null,
"r_thumb_tip": null,
"r_index_mcp": null,
"r_index_pip": null,
"r_index_dip": null,
"r_index_tip": null,
"r_middle_mcp": null,
"r_middle_pip": null,
"r_middle_dip": null,
"r_middle_tip": null,
"r_ring_mcp": null,
"r_ring_pip": null,
"r_ring_dip": null,
"r_ring_tip": null,
"r_pinky_mcp": null,
"r_pinky_pip": null,
"r_pinky_dip": null,
"r_pinky_tip": null,
"l_hand_velocity": null,
"r_hand_velocity": null,
"m_nose_point": [
0.0,
0.0,
0.0
],
"m_top_nose": [
0.040275485242759444,
-0.42221729407298947,
0.19614956002929662
],
"m_eyebrows": [
0.045215883068137556,
-0.7296992170774252,
0.2548146688063752
],
"m_forehead": [
0.050284616999765434,
-1.102594505325062,
0.36111134496210534
],
"m_top_chin": [
0.07644927622774483,
0.6389836654667668,
0.18281630847376523
],
"m_bot_up_lip": [
0.06480864912565386,
0.3714639791527936,
0.14987308523661383
],
"m_top_low_lip": [
0.0677122987183245,
0.41739221798815695,
0.15309818514330126
],
"m_bot_nose": [
0.0033085409701346788,
0.07289183551351731,
0.10070184044452732
],
"m_chin": [
0.11315882526755318,
0.9637755986331862,
0.2415195142080886
],
"m_nose": [
0.02861822867337976,
-0.34140567476322814,
0.14094724126378824
],
"l_eye_exterior": [
-0.2813922771343347,
-0.3635441953565495,
0.518089923660247
],
"l_temple": [
-0.41918404308851454,
-0.6134502029754412,
0.8813491360400134
],
"l_mid_chin": [
-0.08768248138126264,
0.7611701224111341,
0.27694470803246357
],
"l_up_lip": [
-0.06606200484500012,
0.30843432151687233,
0.17779662695176204
],
"l_ext_nostril": [
-0.1246588249180071,
0.017370563113523963,
0.18283462122272923
],
"l_mid_cheek": [
-0.3196451130405662,
0.021454001108296282,
0.4470967959848715
],
"l_mid_eyebrow": [
-0.28064756620792763,
-0.6742115651221677,
0.4070909860231233
],
"l_ext_eyebrow": [
-0.3392458323215684,
-0.63042780454673,
0.4715680286587464
],
"l_ext_lips": [
-0.17434080448363634,
0.45108623004125437,
0.3452361770919043
],
"l_jaw_angle": [
-0.28081602994176535,
0.4513920676353031,
0.9084274218159356
],
"l_mid_ext_face": [
-0.3466188320031568,
0.07997020441596892,
1.0558794622242171
],
"l_int_eyebrow": [
-0.0890095851729327,
-0.751824361794884,
0.28913805592384356
],
"l_mid_jaw": [
-0.2101393479241506,
0.7016478363324951,
0.6495313569823238
],
"l_mid_bot_eyelid": [
-0.19440823337919752,
-0.3409040794183787,
0.4452141866459731
],
"l_ext_mouth": [
-0.1027169658508825,
0.47990835044399993,
0.2811235974184082
],
"l_top_eyelid": [
-0.2074059696161099,
-0.4556902426641947,
0.443398931168471
],
"l_eye_int": [
-0.08457891667096912,
-0.42422566375825865,
0.4327547503321853
],
"l_pupil": [
-0.1991928203262837,
-0.40477479043793396,
0.4634056037630277
],
"r_eye_exterior": [
0.5592381396142746,
-0.5008717822672795,
0.34235659051915546
],
"r_temple": [
0.7904773894465197,
-0.7848548219521464,
0.5737877485838734
],
"r_mid_chin": [
0.3162722232622274,
0.7545064056604247,
0.1856290608559706
],
"r_up_lip": [
0.2071868944600892,
0.29233193603919105,
0.10817567886593835
],
"r_ext_nostril": [
0.24569459502802798,
-0.011978096835004084,
0.14906398031323284
],
"r_mid_cheek": [
0.5473563852364974,
-0.059060276096139924,
0.23648745096315849
],
"r_mid_eyebrow": [
0.554641176439424,
-0.752424468657911,
0.2687745869243872
],
"r_ext_eyebrow": [
0.4639704520884134,
-0.7795447799897531,
0.24584473471570928
],
"r_ext_lips": [
0.3539104918990939,
0.49729644680020874,
0.19192050122382365
],
"r_jaw_angle": [
0.781268641180322,
0.37803261873183064,
0.6210968884413611
],
"r_mid_ext_face": [
0.8548768090728082,
-0.036603988073540934,
0.7345213784866053
],
"r_int_eyebrow": [
0.20055860570490788,
-0.788875899444586,
0.23220106455459005
],
"r_mid_jaw": [
0.6279532675121395,
0.6730603360225836,
0.4316135757338831
],
"r_mid_bot_eyelid": [
0.39651554860290533,
-0.4215242790992408,
0.29204210515469714
],
"r_ext_mouth": [
0.39395316459981156,
0.4175755036384911,
0.2002376750617439
],
"r_top_eyelid": [
0.4075191948058074,
-0.5540255246395837,
0.2887798756128686
],
"r_eye_int": [
0.26398267092369815,
-0.47261596752774593,
0.33057760387681207
],
"r_pupil": [
0.39518989085186906,
-0.4897801083407949,
0.31211482960922
],
"l_shoulder": [
0.46422673936928377,
0.0982741897964706,
-0.15759352167652824
],
"l_elbow": [
0.5572144155077466,
1.0967098968590423,
-0.43650428840200434
],
"l_hip": [
0.18076229498472798,
1.7060471416735559,
0.3879269242240078
],
"l_knee": [
0.07198640551514518,
3.0153104526825776,
0.5808152077309287
],
"l_ankle": [
0.022105429939712224,
4.150058221502146,
2.0363164953312323
],
"l_body_wrist": [
0.46655562393133987,
1.763671979268814,
-1.0710997868874101
],
"r_shoulder": [
-0.46422673936928377,
-0.0982741897964706,
0.15759352167652824
],
"r_elbow": [
-0.7636859757600803,
0.557057537884839,
-0.9084195738465956
],
"r_hip": [
-0.44911496630559233,
1.6212950933974253,
0.7319109916974406
],
"r_knee": [
-0.517075648293579,
2.941567048641923,
1.2658254860553
],
"r_ankle": [
-0.5345146399622691,
4.061767927244494,
2.6282312846434035
],
"r_body_wrist": [
-0.975751326194347,
0.15957314142660048,
-3.4064239516937067
],
"m_face_position": [
0.12866222858428955,
-0.10072952508926392,
-0.549786526709795
],
"m_body_position": [
0.17481254041194916,
0.2530170679092407,
-0.7685590535402298
],
"m_face_scale": [
0.16487681848539104,
0.16487681848539104,
0.16487681848539104
],
"m_body_scale": [
0.4830032688301521,
0.4830032688301521,
0.4830032688301521
],
"l_hand_scale": null,
"r_hand_scale": null
}
],
"framerate": 30,
"mirrorable": true,
"invalid": false
}