{
"label": "a",
"gestures": [
{
"l_hand_position": [
0.320243239402771,
-0.11819848418235779,
-0.4819712210446596
],
"l_wrist": [
0.3487881383140187,
0.933726578824824,
-0.08063194508090873
],
"l_thumb_cmc": [
-0.016712134631576725,
0.7278143562179591,
-0.1919850050158082
],
"l_thumb_mcp": [
-0.3218356793739543,
0.3026688258462508,
-0.20855435756466376
],
"l_thumb_ip": [
-0.4770996817989018,
-0.08434345884919885,
-0.23488741383490716
],
"l_thumb_tip": [
-0.5295189995912732,
-0.39485826843543975,
-0.24285070546806406
],
"l_index_mcp": [
-0.20445727818214207,
0.04405405377767267,
0.0029852617948633794
],
"l_index_pip": [
-0.2965631507681887,
-0.29241423999017746,
-0.14245779912045956
],
"l_index_dip": [
-0.19338365298107768,
-0.09279002701368515,
-0.24059979674905846
],
"l_index_tip": [
-0.0887918621265095,
0.1218108102101483,
-0.277834414981241
],
"l_middle_mcp": [
0.0,
0.0,
0.0
],
"l_middle_pip": [
-0.060951988384337664,
-0.2960862552797627,
-0.18257169219076913
],
"l_middle_dip": [
0.04685224938527895,
0.009971487472222972,
-0.2741822259085097
],
"l_middle_tip": [
0.12423540658520621,
0.28516844081820925,
-0.28345658027836373
],
"l_ring_mcp": [
0.20613054424186814,
-0.011033106411662053,
-0.03768481080542988
],
"l_ring_pip": [
0.1640147280809341,
-0.2706605816443153,
-0.24460995733046506
],
"l_ring_dip": [
0.2442219382738099,
0.08945842286927595,
-0.27087601265022265
],
"l_ring_tip": [
0.29249127900423844,
0.3857515372317768,
-0.21981218331491895
],
"l_pinky_mcp": [
0.41113455950995864,
0.017821469776956696,
-0.08454990063380653
],
"l_pinky_pip": [
0.36867406706812195,
-0.20407048368593966,
-0.2509539135458759
],
"l_pinky_dip": [
0.4020911389147368,
0.07070088908583079,
-0.26314165550932617
],
"l_pinky_tip": [
0.43463972249903093,
0.3135052028725253,
-0.2219275323587716
],
"r_hand_position": null,
"r_wrist": null,
"r_thumb_cmc": null,
"r_thumb_mcp": null,
"r_thumb_ip": null,
"r_thumb_tip": null,
"r_index_mcp": null,
"r_index_pip": null,
"r_index_dip": null,
"r_index_tip": null,
"r_middle_mcp": null,
"r_middle_pip": null,
"r_middle_dip": null,
"r_middle_tip": null,
"r_ring_mcp": null,
"r_ring_pip": null,
"r_ring_dip": null,
"r_ring_tip": null,
"r_pinky_mcp": null,
"r_pinky_pip": null,
"r_pinky_dip": null,
"r_pinky_tip": null,
"l_hand_velocity": null,
"r_hand_velocity": null,
"m_nose_point": [
0.0,
0.0,
0.0
],
"m_top_nose": [
-0.035773588118703806,
-0.45150303157064153,
0.18864069022084537
],
"m_eyebrows": [
-0.053281238553170907,
-0.767318882459949,
0.23809810854463193
],
"m_forehead": [
-0.07445895303949546,
-1.138849484452088,
0.3362185141931977
],
"m_top_chin": [
-0.006450835942907879,
0.6308874782913537,
0.1993075724477873
],
"m_bot_up_lip": [
-0.011209011373499767,
0.37155786257289175,
0.1638420024016247
],
"m_top_low_lip": [
-0.010785557263999363,
0.41337231832466864,
0.16491909636366803
],
"m_bot_nose": [
-0.0319544096534008,
0.0664659195776837,
0.09800959030412597
],
"m_chin": [
0.00011443664287681519,
0.9622343466927106,
0.2722224255073546
],
"m_nose": [
-0.02695117797745654,
-0.36530372665082095,
0.13432991923123755
],
"l_eye_exterior": [
-0.49383784653523033,
-0.43169181389900596,
0.35863587770132965
],
"l_temple": [
-0.7407863422349694,
-0.7159745900473227,
0.6281134974637064
],
"l_mid_chin": [
-0.22024988748459146,
0.766321896556098,
0.2244348020409153
],
"l_up_lip": [
-0.15409298537353133,
0.29483387315241527,
0.13226966231000045
],
"l_ext_nostril": [
-0.19917909612418716,
-0.0015473991844891914,
0.12278388327502292
],
"l_mid_cheek": [
-0.49739231801852535,
-0.019750531573140304,
0.2833116405356774
],
"l_mid_eyebrow": [
-0.4548615736502232,
-0.7426581712285572,
0.26687014641747575
],
"l_ext_eyebrow": [
-0.5396019077005049,
-0.6966361459811075,
0.30048434156000653
],
"l_ext_lips": [
-0.3162963306659653,
0.4394773587002481,
0.23962356922287936
],
"l_jaw_angle": [
-0.6572974903936571,
0.4342248323847709,
0.702332644087005
],
"l_mid_ext_face": [
-0.7551666357269797,
0.026489578320330533,
0.8151667404914127
],
"l_int_eyebrow": [
-0.20527063183314678,
-0.8077949689220538,
0.22787059246670657
],
"l_mid_jaw": [
-0.5007038524535583,
0.7122214920003812,
0.5005172547415779
],
"l_mid_bot_eyelid": [
-0.38319283256154413,
-0.40574937373653763,
0.31933085684213014
],
"l_ext_mouth": [
-0.23337946938475615,
0.4795552287636553,
0.20545468891679736
],
"l_top_eyelid": [
-0.39959214291777834,
-0.5297676772757743,
0.3137980034967733
],
"l_eye_int": [
-0.26113998799643073,
-0.4758678258265135,
0.3459984733049435
],
"l_pupil": [
-0.39530674109260683,
-0.47060990519116996,
0.3384155345823384
],
"r_eye_exterior": [
0.3744964183200299,
-0.5007691622547961,
0.5059008582134479
],
"r_temple": [
0.47471825773216003,
-0.7666174282230559,
0.8064625237515205
],
"r_mid_chin": [
0.19161240658608986,
0.729696391207089,
0.27776087184730497
],
"r_up_lip": [
0.12338427830067177,
0.27796988067056005,
0.17275217860873152
],
"r_ext_nostril": [
0.15494952630657902,
-0.021774750102949558,
0.21841226064631636
],
"r_mid_cheek": [
0.3811626417490258,
-0.06798249407722291,
0.40486224893639117
],
"r_mid_eyebrow": [
0.3873256521962132,
-0.753279201736636,
0.4160158722041214
],
"r_ext_eyebrow": [
0.3186771522697897,
-0.7876718439695806,
0.35942922803022986
],
"r_ext_lips": [
0.21212469318605665,
0.4833720953775871,
0.2970476017850926
],
"r_jaw_angle": [
0.44591297495496196,
0.3606280072524703,
0.870355497243715
],
"r_mid_ext_face": [
0.4895599582270154,
-0.04165224084722761,
1.0005379671558248
],
"r_int_eyebrow": [
0.09538852881197264,
-0.8332550027650548,
0.2608698656229945
],
"r_mid_jaw": [
0.37313589378805,
0.6419650994452542,
0.6286624899190226
],
"r_mid_bot_eyelid": [
0.23877224801675584,
-0.4381831072409107,
0.4058147798649159
],
"r_ext_mouth": [
0.24645067703779683,
0.4064188473627951,
0.32430868373988736
],
"r_top_eyelid": [
0.2504413178131341,
-0.5587128270609331,
0.4016257834460147
],
"r_eye_int": [
0.11295744330777784,
-0.4948905095262723,
0.40399716499007315
],
"r_pupil": [
0.23112926738340733,
-0.4991491324063935,
0.4239339390688634
],
"l_shoulder": [
0.49653967292783,
-0.03276721548979046,
0.04873051197934627
],
"l_elbow": [
1.1387487068293516,
0.7925659986102674,
-1.0069229849112677
],
"l_hip": [
0.3634423915408826,
1.680917259292992,
0.2854164592211348
],
"l_knee": [
0.40154711553302813,
3.1209669996787808,
-0.10321778795745049
],
"l_ankle": [
0.3442270339877013,
4.326216497482062,
1.1195222297505967
],
"l_body_wrist": [
0.8741781056403212,
-0.304426386519306,
-2.2138758646168344
],
"r_shoulder": [
-0.49653967292783,
0.03276721548979046,
-0.04873051197934627
],
"r_elbow": [
-0.5130946201311065,
1.1625635973882344,
0.2909239789690155
],
"r_hip": [
-0.3034320318847684,
1.6877610292871552,
0.7460100094728304
],
"r_knee": [
-0.2550334539207498,
3.101811309533885,
1.2201713391870332
],
"r_ankle": [
-0.1667813383712882,
4.282677816300196,
2.783196697864775
],
"r_body_wrist": [
-0.6053055592387389,
1.7342258655602796,
-0.3303673882643458
],
"m_face_position": [
0.01240849494934082,
-0.09647533297538757,
-0.5470442548394203
],
"m_body_position": [
-0.026378408074378967,
0.28115904331207275,
-0.722259022295475
],
"m_face_scale": [
0.15469327877214012,
0.15469327877214012,
0.15469327877214012
],
"m_body_scale": [
0.4375392724740643,
0.4375392724740643,
0.4375392724740643
],
"l_hand_scale": [
0.2235976478937097,
0.2235976478937097,
0.2235976478937097
],
"r_hand_scale": null
}
],
"framerate": 30,
"mirrorable": true,
"invalid": false
}