{
"label": "a",
"gestures": [
{
"l_hand_position": null,
"l_wrist": null,
"l_thumb_cmc": null,
"l_thumb_mcp": null,
"l_thumb_ip": null,
"l_thumb_tip": null,
"l_index_mcp": null,
"l_index_pip": null,
"l_index_dip": null,
"l_index_tip": null,
"l_middle_mcp": null,
"l_middle_pip": null,
"l_middle_dip": null,
"l_middle_tip": null,
"l_ring_mcp": null,
"l_ring_pip": null,
"l_ring_dip": null,
"l_ring_tip": null,
"l_pinky_mcp": null,
"l_pinky_pip": null,
"l_pinky_dip": null,
"l_pinky_tip": null,
"r_hand_position": [
-0.29048700630664825,
-0.05973714590072632,
-0.5093458713963628
],
"r_wrist": [
-0.21361121886911322,
0.9758576051012652,
0.0455212229545177
],
"r_thumb_cmc": [
0.10969887202053229,
0.725189036286497,
-0.03291881861440059
],
"r_thumb_mcp": [
0.32482268022277144,
0.2862224020600535,
-0.06643337804979275
],
"r_thumb_ip": [
0.4604626044685378,
-0.06011439367032483,
-0.11131887678917612
],
"r_thumb_tip": [
0.6467151903895146,
-0.2353818358500055,
-0.1434107385367915
],
"r_index_mcp": [
0.2122670175999437,
0.004755220861280214,
0.024754735179447478
],
"r_index_pip": [
0.2859261987458267,
-0.1367450434965426,
-0.13490496387512982
],
"r_index_dip": [
0.23803140752014765,
0.15943649641166563,
-0.23181499832662217
],
"r_index_tip": [
0.22268327097689047,
0.4043459031148754,
-0.2763333548362574
],
"r_middle_mcp": [
0.0,
0.0,
0.0
],
"r_middle_pip": [
0.060593573841980185,
-0.11364945922792409,
-0.1949657927216616
],
"r_middle_dip": [
0.042260541121908975,
0.27173101237323677,
-0.257471478352823
],
"r_middle_tip": [
0.041623569721356515,
0.5615042251509097,
-0.26231813320702096
],
"r_ring_mcp": [
-0.20404793813338024,
0.04047381311741946,
-0.049136875476860305
],
"r_ring_pip": [
-0.15164208873915783,
-0.02498312736829572,
-0.24635748508112223
],
"r_ring_dip": [
-0.12856065777763911,
0.3564728862078114,
-0.24512928649437443
],
"r_ring_tip": [
-0.10712209915562645,
0.6334422189913345,
-0.19493654255365536
],
"r_pinky_mcp": [
-0.40308204908139544,
0.11597060159228915,
-0.1050150391700948
],
"r_pinky_pip": [
-0.3531107136704605,
0.092849468789829,
-0.24028910949996446
],
"r_pinky_dip": [
-0.2936093396502115,
0.36618452263437495,
-0.2403514747775311
],
"r_pinky_tip": [
-0.2446762037508425,
0.5722215447732406,
-0.20736447079165074
],
"l_hand_velocity": null,
"r_hand_velocity": null,
"m_nose_point": [
0.0,
0.0,
0.0
],
"m_top_nose": [
0.015520874072071459,
-0.31212283416109743,
0.23548552714607632
],
"m_eyebrows": [
0.0200077166521851,
-0.5694251494482647,
0.33224109584639133
],
"m_forehead": [
0.026129180980864683,
-0.8944315072762944,
0.4882199144368298
],
"m_top_chin": [
0.02518736574735433,
0.6013991184039703,
0.03937567501764133
],
"m_bot_up_lip": [
0.027000042117180937,
0.3965800761790722,
0.07154185315605653
],
"m_top_low_lip": [
0.026474580170979353,
0.4037069466774267,
0.06325522901402085
],
"m_bot_nose": [
-0.009201496899960537,
0.08847217291392014,
0.07305604259657054
],
"m_chin": [
0.0347619294728134,
0.9988232805883421,
0.033818078213715325
],
"m_nose": [
0.011546328998742885,
-0.2576622176732493,
0.1746501703245881
],
"l_eye_exterior": [
-0.3236725100512174,
-0.23297822438900784,
0.4654775086219555
],
"l_temple": [
-0.4798458248668065,
-0.41099245982705473,
0.8043642059320579
],
"l_mid_chin": [
-0.15562174711664628,
0.7824382742686222,
0.07870273643803057
],
"l_up_lip": [
-0.10264157224792662,
0.327064696024934,
0.09142302942342653
],
"l_ext_nostril": [
-0.13934715310645637,
0.04846343339230409,
0.13838289975533885
],
"l_mid_cheek": [
-0.37188358783368963,
0.10320563500801054,
0.34091963399599273
],
"l_mid_eyebrow": [
-0.30991120833912283,
-0.5029264340553348,
0.417410598185551
],
"l_ext_eyebrow": [
-0.3735168708257047,
-0.4625571227693613,
0.4606964603444158
],
"l_ext_lips": [
-0.23305810352987416,
0.46568758183739023,
0.19443664351136747
],
"l_jaw_angle": [
-0.4271528132782403,
0.6404450688394463,
0.6368583169136754
],
"l_mid_ext_face": [
-0.48790536242890725,
0.29756943482309395,
0.825878023703929
],
"l_int_eyebrow": [
-0.11379564557727573,
-0.5670854492495939,
0.3484330565030192
],
"l_mid_jaw": [
-0.33605355375940404,
0.8296573334469279,
0.38573195055773046
],
"l_mid_bot_eyelid": [
-0.2372287764378996,
-0.2114615059779432,
0.4094976265750048
],
"l_ext_mouth": [
-0.1580114275598815,
0.5139138321941052,
0.14136810373760253
],
"l_top_eyelid": [
-0.24406625239518254,
-0.3197521846181975,
0.42025049130052644
],
"l_eye_int": [
-0.12390169565341512,
-0.28633659798333755,
0.4212183983413973
],
"l_pupil": [
-0.23445844288204448,
-0.26505416196866854,
0.43244960357160733
],
"r_eye_exterior": [
0.44995005233017576,
-0.25400540415465156,
0.4208416638807647
],
"r_temple": [
0.6033108627585585,
-0.4537369483602961,
0.6997166185557553
],
"r_mid_chin": [
0.22158250550223357,
0.77928639509578,
0.044799173040392326
],
"r_up_lip": [
0.15656423172843204,
0.3170637383380349,
0.0649479053825984
],
"r_ext_nostril": [
0.1848209199946607,
0.05303818765258904,
0.14938238853920904
],
"r_mid_cheek": [
0.443601891892222,
0.07867448309665571,
0.2643323377310564
],
"r_mid_eyebrow": [
0.4349588796000502,
-0.49408684767628247,
0.3864304746788886
],
"r_ext_eyebrow": [
0.3584063256364633,
-0.5345757545474636,
0.3580466951853057
],
"r_ext_lips": [
0.2617746546713136,
0.5140216020964472,
0.110095796613721
],
"r_jaw_angle": [
0.5772506277400618,
0.6153340122154894,
0.5385419881738724
],
"r_mid_ext_face": [
0.6412231095215716,
0.26597946587138527,
0.7158205768872371
],
"r_int_eyebrow": [
0.14465487657832188,
-0.586352721966123,
0.32714822188286324
],
"r_mid_jaw": [
0.4592013063486089,
0.8188716412951494,
0.30968827399630267
],
"r_mid_bot_eyelid": [
0.3133248144176528,
-0.22245492852119245,
0.3541335307052947
],
"r_ext_mouth": [
0.3019931327192267,
0.4519209250990924,
0.138733165883331
],
"r_top_eyelid": [
0.317075117768717,
-0.3389327728480602,
0.3640875273225591
],
"r_eye_int": [
0.19961953490755824,
-0.27872375885703105,
0.3839978703537423
],
"r_pupil": [
0.31488424267328036,
-0.27853231667026207,
0.3777553322294968
],
"l_shoulder": [
0.4962459759161475,
0.01289838112542264,
-0.05977928697612334
],
"l_elbow": [
0.7647534205950026,
0.8303825684119056,
-0.8793490655390491
],
"l_hip": [
0.2538223367434506,
1.7840478658939105,
0.0773850865562856
],
"l_knee": [
0.2349144610661281,
3.2540239591777556,
-0.31989895718522954
],
"l_ankle": [
0.22335286190136452,
4.602762923359076,
0.732943119195174
],
"l_body_wrist": [
0.7810856362279512,
0.8888396699709429,
-2.6048144189479605
],
"r_shoulder": [
-0.4962459759161475,
-0.01289838112542264,
0.05977928697612334
],
"r_elbow": [
-1.000059667667145,
0.8134535331699694,
-1.1552408267817218
],
"r_hip": [
-0.42575181244011284,
1.7563850193755526,
0.43680978822704725
],
"r_knee": [
-0.42621981115838453,
3.2439480437679196,
-0.013036361560353486
],
"r_ankle": [
-0.39827333134946785,
4.5740416237809995,
0.4345256801691613
],
"r_body_wrist": [
-0.7178107091331312,
0.017876929666622108,
-3.4083970134783215
],
"m_face_position": [
-0.06578031182289124,
-0.1815381944179535,
-0.5354557558894157
],
"m_body_position": [
-0.05498141795396805,
0.15445861220359802,
-0.5986097119748592
],
"m_face_scale": [
0.13356717785249028,
0.13356717785249028,
0.13356717785249028
],
"m_body_scale": [
0.3932898443528771,
0.3932898443528771,
0.3932898443528771
],
"l_hand_scale": null,
"r_hand_scale": [
0.2053037083357029,
0.2053037083357029,
0.2053037083357029
]
}
],
"framerate": 30,
"mirrorable": true,
"invalid": false
}