{
"label": "a",
"gestures": [
{
"l_hand_position": [
0.2746890187263489,
-0.03784814476966858,
-0.5277697481215
],
"l_wrist": [
0.5442107817356457,
0.8198220424252853,
0.17811918424558
],
"l_thumb_cmc": [
0.12473632495153326,
0.8844263916609,
0.02070987698325199
],
"l_thumb_mcp": [
-0.29834111080758474,
0.7005918829234581,
-0.07128160710603514
],
"l_thumb_ip": [
-0.6033808415876941,
0.5955033394346273,
-0.16403669076566638
],
"l_thumb_tip": [
-0.85129477488623,
0.5605914519047458,
-0.23224559604422704
],
"l_index_mcp": [
-0.22767929140219223,
0.1594335400817474,
-0.0009709840045285747
],
"l_index_pip": [
-0.3625879913100043,
0.02992166224642871,
-0.18042197266374413
],
"l_index_dip": [
-0.20981350113245456,
0.3883614869733675,
-0.2458629564418292
],
"l_index_tip": [
-0.09762528451481943,
0.6643648163110194,
-0.2552380996591829
],
"l_middle_mcp": [
0.0,
0.0,
0.0
],
"l_middle_pip": [
-0.16433315564352405,
-0.13928358195481846,
-0.21892298008672922
],
"l_middle_dip": [
-0.034491718398564575,
0.3020444486515354,
-0.258966622800245
],
"l_middle_tip": [
0.06414059568121289,
0.6228238909577486,
-0.23403848334296307
],
"l_ring_mcp": [
0.22958018395988825,
-0.06712880489902306,
-0.02401427637566133
],
"l_ring_pip": [
0.09375735812579876,
-0.17753082480918517,
-0.24510534256116862
],
"l_ring_dip": [
0.18715877679640544,
0.27312389001780324,
-0.23772805768488697
],
"l_ring_tip": [
0.24938471641789553,
0.6211585072125104,
-0.16973129193930125
],
"l_pinky_mcp": [
0.4483992209323529,
-0.07988068952681741,
-0.058442697001884085
],
"l_pinky_pip": [
0.37345274688212937,
-0.26724955088888136,
-0.20013799815732933
],
"l_pinky_dip": [
0.35025398189652246,
-0.23497299167762387,
-0.21197480106009442
],
"l_pinky_tip": [
0.3013094394113563,
-0.17709746565509257,
-0.1863557385800628
],
"r_hand_position": null,
"r_wrist": null,
"r_thumb_cmc": null,
"r_thumb_mcp": null,
"r_thumb_ip": null,
"r_thumb_tip": null,
"r_index_mcp": null,
"r_index_pip": null,
"r_index_dip": null,
"r_index_tip": null,
"r_middle_mcp": null,
"r_middle_pip": null,
"r_middle_dip": null,
"r_middle_tip": null,
"r_ring_mcp": null,
"r_ring_pip": null,
"r_ring_dip": null,
"r_ring_tip": null,
"r_pinky_mcp": null,
"r_pinky_pip": null,
"r_pinky_dip": null,
"r_pinky_tip": null,
"l_hand_velocity": null,
"r_hand_velocity": null,
"m_nose_point": [
0.0,
0.0,
0.0
],
"m_top_nose": [
0.005491698668758612,
-0.24792321977038273,
0.24236071048731772
],
"m_eyebrows": [
0.01143031901012737,
-0.4574961551333875,
0.34716049731905424
],
"m_forehead": [
0.019028377258431494,
-0.6792827406021237,
0.5152172439747604
],
"m_top_chin": [
-0.01730325570401701,
0.6584828539314141,
0.046444551427272315
],
"m_bot_up_lip": [
-0.005119621271020814,
0.4005846854646328,
0.045839682022241125
],
"m_top_low_lip": [
-0.0015528237966354293,
0.5074601660057233,
0.053186322466331315
],
"m_bot_nose": [
-0.01861829300236008,
0.08845150978364638,
0.06311630856205389
],
"m_chin": [
-0.029397817653636478,
0.9992839206790658,
0.023820457373402874
],
"m_nose": [
0.004770542895248998,
-0.20765699988905895,
0.18129834218998023
],
"l_eye_exterior": [
-0.3569818532355492,
-0.2440080260946059,
0.4098801884782059
],
"l_temple": [
-0.5317995631756044,
-0.3252560667822374,
0.7187859728024002
],
"l_mid_chin": [
-0.22187156490583088,
0.7689389703414627,
0.052731921238908075
],
"l_up_lip": [
-0.1269041203480764,
0.3320398037273731,
0.05409404075118045
],
"l_ext_nostril": [
-0.15499742567952374,
0.05264943904731292,
0.11169366600779551
],
"l_mid_cheek": [
-0.39293906991667016,
0.11076095090458081,
0.27358675091215195
],
"l_mid_eyebrow": [
-0.3257269620116426,
-0.5145292467488098,
0.38348614298314665
],
"l_ext_eyebrow": [
-0.39854186555594245,
-0.47414140492081847,
0.41196130760567856
],
"l_ext_lips": [
-0.2735575788211281,
0.4794218244386353,
0.14005580895352635
],
"l_jaw_angle": [
-0.5205444655277432,
0.6118653956620946,
0.5111314336137847
],
"l_mid_ext_face": [
-0.5724805450801791,
0.29774572818553796,
0.699092962790545
],
"l_int_eyebrow": [
-0.1127158677716893,
-0.54486963448912,
0.34863380516448045
],
"l_mid_jaw": [
-0.4310720330571662,
0.7942336065507953,
0.28860993620334224
],
"l_mid_bot_eyelid": [
-0.26370405716443124,
-0.21586677364956847,
0.3686038632465541
],
"l_ext_mouth": [
-0.18326341858268175,
0.5413589702208887,
0.09969917660343587
],
"l_top_eyelid": [
-0.2759202410607182,
-0.33212946093164725,
0.3800591181666202
],
"l_eye_int": [
-0.15440373906165608,
-0.27547400156248847,
0.3936221091966779
],
"l_pupil": [
-0.2561827922606576,
-0.27296662090078183,
0.39106288328206495
],
"r_eye_exterior": [
0.4029294162633681,
-0.18765749867346215,
0.4620755673852857
],
"r_temple": [
0.5018061098344421,
-0.24158854847448114,
0.7648856607170365
],
"r_mid_chin": [
0.1690137703120634,
0.7926876044979634,
0.06260722374903462
],
"r_up_lip": [
0.11265642114711621,
0.3445639406296453,
0.06258534544212206
],
"r_ext_nostril": [
0.15415133454092772,
0.09576656311758944,
0.16119706908401543
],
"r_mid_cheek": [
0.3681127951461872,
0.16104909206106427,
0.29710740787249906
],
"r_mid_eyebrow": [
0.42543454397797914,
-0.401696922065047,
0.43603183061622003
],
"r_ext_eyebrow": [
0.3628655098125586,
-0.4517022532141352,
0.4012335672988817
],
"r_ext_lips": [
0.2070635081781571,
0.5675632372396726,
0.12350510122620027
],
"r_jaw_angle": [
0.4452924452829125,
0.6739387814134516,
0.554153735445193
],
"r_mid_ext_face": [
0.5012186602394805,
0.3748288993741857,
0.7456666157192979
],
"r_int_eyebrow": [
0.16358483168629673,
-0.5239672267543924,
0.35375658758285305
],
"r_mid_jaw": [
0.3569972508858485,
0.8382096856194116,
0.32006207023123073
],
"r_mid_bot_eyelid": [
0.2687425971376736,
-0.17583453958070366,
0.3868702639038234
],
"r_ext_mouth": [
0.2384645796264238,
0.5028063723829965,
0.15365954772112442
],
"r_top_eyelid": [
0.2939050864241847,
-0.27366438783839386,
0.3994136965957112
],
"r_eye_int": [
0.1734541408072245,
-0.24924878204487974,
0.4056700761997826
],
"r_pupil": [
0.28332631594769614,
-0.22796757262209397,
0.40943707967311443
],
"l_shoulder": [
0.46860824148525293,
0.0158186681402588,
0.17365507694958782
],
"l_elbow": [
1.0595180542021359,
0.8009045291182523,
-0.7458102892815985
],
"l_hip": [
0.24544014891893937,
1.622217521956332,
0.31961586390664165
],
"l_knee": [
0.1866678644646595,
3.0841929667543035,
0.29401990476942796
],
"l_ankle": [
0.1101489448147775,
4.256319673199724,
1.6987492435353602
],
"l_body_wrist": [
0.8760437933755141,
-0.04250379439113321,
-2.16849225357863
],
"r_shoulder": [
-0.46860824148525293,
-0.0158186681402588,
-0.17365507694958782
],
"r_elbow": [
-0.7986335676356097,
0.7574945596393367,
0.09241420829144825
],
"r_hip": [
-0.39168570497561567,
1.6127483327473653,
0.41196621020011737
],
"r_knee": [
-0.4479889715074642,
3.0437606877800656,
0.36509027745191874
],
"r_ankle": [
-0.4842718968497992,
4.259752605168529,
1.2287165312203132
],
"r_body_wrist": [
-1.033796199295629,
1.509930741825772,
-0.3039787156572609
],
"m_face_position": [
-0.006985455751419067,
-0.24534353613853455,
-0.5391334407031536
],
"m_body_position": [
-0.005563840270042419,
0.13023453950881958,
-0.6539172604680061
],
"m_face_scale": [
0.15290537340890156,
0.15290537340890156,
0.15290537340890156
],
"m_body_scale": [
0.42892581557443377,
0.42892581557443377,
0.42892581557443377
],
"l_hand_scale": [
0.15590270613844517,
0.15590270613844517,
0.15590270613844517
],
"r_hand_scale": null
}
],
"framerate": 30,
"mirrorable": true,
"invalid": false
}