{
"label": "a",
"gestures": [
{
"l_hand_position": null,
"l_wrist": null,
"l_thumb_cmc": null,
"l_thumb_mcp": null,
"l_thumb_ip": null,
"l_thumb_tip": null,
"l_index_mcp": null,
"l_index_pip": null,
"l_index_dip": null,
"l_index_tip": null,
"l_middle_mcp": null,
"l_middle_pip": null,
"l_middle_dip": null,
"l_middle_tip": null,
"l_ring_mcp": null,
"l_ring_pip": null,
"l_ring_dip": null,
"l_ring_tip": null,
"l_pinky_mcp": null,
"l_pinky_pip": null,
"l_pinky_dip": null,
"l_pinky_tip": null,
"r_hand_position": [
-0.328402504324913,
0.02435779571533203,
-0.5112295774742961
],
"r_wrist": [
-0.1359252573889677,
0.9869324640743002,
0.08653690403505788
],
"r_thumb_cmc": [
0.21840916752526335,
0.7285229551106824,
-0.004636565672390363
],
"r_thumb_mcp": [
0.5345565523494004,
0.38269052617668425,
-0.04188310855726681
],
"r_thumb_ip": [
0.75011204678204,
0.07801410106903965,
-0.08028515593707959
],
"r_thumb_tip": [
0.8129132947944304,
-0.20617480920429773,
-0.09759227387019251
],
"r_index_mcp": [
0.22367510212272576,
-0.04205857798868194,
0.024535125028731685
],
"r_index_pip": [
0.2444345375189151,
-0.304331471827284,
-0.148470873175312
],
"r_index_dip": [
0.27740318317734874,
0.03952172450342005,
-0.25884696604787677
],
"r_index_tip": [
0.3025450410075203,
0.2916274534142162,
-0.3090317545274507
],
"r_middle_mcp": [
0.0,
0.0,
0.0
],
"r_middle_pip": [
0.03468388106081261,
-0.26626259316378487,
-0.2101295495699966
],
"r_middle_dip": [
0.11776870348609862,
0.16996045633235118,
-0.29275593666455035
],
"r_middle_tip": [
0.14844508636738224,
0.448124167331214,
-0.313996945902122
],
"r_ring_mcp": [
-0.2031422289176654,
0.0888482062938943,
-0.04565811637885637
],
"r_ring_pip": [
-0.17827366962519633,
-0.12380929015723371,
-0.2440416780479252
],
"r_ring_dip": [
-0.06926429910378071,
0.2571449864858112,
-0.23922028419167318
],
"r_ring_tip": [
-0.02793444066142649,
0.5044700579505443,
-0.1902068325750548
],
"r_pinky_mcp": [
-0.39654084822530455,
0.20300110122739803,
-0.09890562836613274
],
"r_pinky_pip": [
-0.360633841376955,
0.030518489818535326,
-0.2199016373469767
],
"r_pinky_dip": [
-0.26204977658702394,
0.27502514140538203,
-0.2000928330198504
],
"r_pinky_tip": [
-0.21264268321105928,
0.46188509319848925,
-0.15823948730491164
],
"l_hand_velocity": null,
"r_hand_velocity": null,
"m_nose_point": [
0.0,
0.0,
0.0
],
"m_top_nose": [
-0.014502826262245784,
-0.31467167968223525,
0.22704705066558872
],
"m_eyebrows": [
-0.03835482311511821,
-0.5720396580363794,
0.3166382115633043
],
"m_forehead": [
-0.07040112377153354,
-0.8939963010261591,
0.4639944193512299
],
"m_top_chin": [
0.11076220386500568,
0.6372479116443723,
0.07939276167852449
],
"m_bot_up_lip": [
0.06307498524747163,
0.3522711881112906,
0.07447740212604269
],
"m_top_low_lip": [
0.07501144087175353,
0.4329552230977558,
0.07924160887476792
],
"m_bot_nose": [
0.004098567980646386,
0.08262863806918724,
0.07453194839501384
],
"m_chin": [
0.17003185838808724,
0.9822352257395607,
0.07939224426508941
],
"m_nose": [
-0.01377539743710475,
-0.2581810254866467,
0.16829870719852236
],
"l_eye_exterior": [
-0.3197342705892815,
-0.169831210904423,
0.4701087211457779
],
"l_temple": [
-0.48063895598267464,
-0.3278072273261567,
0.8094266817682954
],
"l_mid_chin": [
-0.03939030356013029,
0.8067636637471169,
0.12503075077030745
],
"l_up_lip": [
-0.06590692513905842,
0.31030187813246624,
0.10086765228152567
],
"l_ext_nostril": [
-0.12265094852411662,
0.06694022700118599,
0.1436388305394265
],
"l_mid_cheek": [
-0.3273383962894081,
0.1648668740854686,
0.3534795867646899
],
"l_mid_eyebrow": [
-0.3287259357285585,
-0.4513851628676363,
0.4144813031858941
],
"l_ext_eyebrow": [
-0.38338026241078565,
-0.3953199859093944,
0.46133646653525806
],
"l_ext_lips": [
-0.15023006497582486,
0.5005636214696239,
0.2174031416389369
],
"l_jaw_angle": [
-0.2939442064023406,
0.6655063102394738,
0.6666597337153966
],
"l_mid_ext_face": [
-0.3932394392546783,
0.3450694466699348,
0.8481045887251878
],
"l_int_eyebrow": [
-0.15832611469127594,
-0.5473491246312554,
0.33654111845369444
],
"l_mid_jaw": [
-0.1886138632433072,
0.8460528810614055,
0.4219263787193077
],
"l_mid_bot_eyelid": [
-0.24021882746207252,
-0.1632303226226176,
0.411229849927607
],
"l_ext_mouth": [
-0.07974985864558327,
0.519781990385412,
0.16501475901489837
],
"l_top_eyelid": [
-0.2583250298153134,
-0.28616535835487555,
0.4202339193731828
],
"l_eye_int": [
-0.14552672238643588,
-0.2551954955017013,
0.4175949746928783
],
"l_pupil": [
-0.23537322341032443,
-0.21476491861421296,
0.43306080267079683
],
"r_eye_exterior": [
0.4144135220258995,
-0.39621364060862424,
0.3935351682651088
],
"r_temple": [
0.569302922216846,
-0.615100002323771,
0.658109857952814
],
"r_mid_chin": [
0.3281847757400439,
0.7280490676882573,
0.07815396498581463
],
"r_up_lip": [
0.17583386032613937,
0.25720850608699725,
0.06363315179862854
],
"r_ext_nostril": [
0.19220983215249493,
0.0027034035014001493,
0.14146558518297414
],
"r_mid_cheek": [
0.45636344261705164,
-0.03347850104469839,
0.24558790072850578
],
"r_mid_eyebrow": [
0.3742548322823992,
-0.6186822461607863,
0.3577257809680485
],
"r_ext_eyebrow": [
0.29402023894501034,
-0.643135967606363,
0.3324498078772821
],
"r_ext_lips": [
0.3273486356289653,
0.46170467427502787,
0.12060253596694723
],
"r_jaw_angle": [
0.6664790474974117,
0.43202801822210435,
0.5250799771731305
],
"r_mid_ext_face": [
0.6911863559907464,
0.06886674784596651,
0.6887867014080205
],
"r_int_eyebrow": [
0.07452409188048655,
-0.6455641071603041,
0.3077797395351296
],
"r_mid_jaw": [
0.572172551592335,
0.6784693141189412,
0.3143511931197437
],
"r_mid_bot_eyelid": [
0.2834763335005132,
-0.3236949342733378,
0.33257376243533976
],
"r_ext_mouth": [
0.3538885680447578,
0.38223607067983606,
0.1416842195915787
],
"r_top_eyelid": [
0.27541426967806065,
-0.44252682700089185,
0.3407671199169422
],
"r_eye_int": [
0.16089749606987422,
-0.35671811149517163,
0.3651013052428739
],
"r_pupil": [
0.2835255694737034,
-0.37815667422857346,
0.3554849110372464
],
"l_shoulder": [
0.4149146335147895,
-0.01951979359198848,
-0.278325034004155
],
"l_elbow": [
0.7420210017918256,
0.7822806025712247,
-0.999908246800128
],
"l_hip": [
0.32990568018049504,
1.5966985691197553,
-0.12955897706227246
],
"l_knee": [
0.30394801326016496,
2.943410156024399,
-0.46347306642147174
],
"l_ankle": [
0.3078024281357926,
4.205368139634352,
0.30599832958709233
],
"l_body_wrist": [
0.5807614460389328,
0.9046205446783943,
-2.3930653492510205
],
"r_shoulder": [
-0.4149146335147895,
0.01951979359198848,
0.278325034004155
],
"r_elbow": [
-0.7339458217485529,
0.7857434430363682,
-0.7216581697614589
],
"r_hip": [
-0.2688248060831752,
1.6104515781150475,
0.20930884300783406
],
"r_knee": [
-0.3053796409586906,
2.9213341771161896,
-0.3099349524790676
],
"r_ankle": [
-0.2749566691675965,
4.167391498215681,
-0.05596405214985538
],
"r_body_wrist": [
-0.8447822940305844,
0.08993337955463007,
-3.0026222108656917
],
"m_face_position": [
-0.0343058705329895,
-0.17222288250923157,
-0.5364563725888729
],
"m_body_position": [
0.0012005269527435303,
0.1519414186477661,
-0.5147732682526112
],
"m_face_scale": [
0.13679682604441962,
0.13679682604441962,
0.13679682604441962
],
"m_body_scale": [
0.42179587391427437,
0.42179587391427437,
0.42179587391427437
],
"l_hand_scale": null,
"r_hand_scale": [
0.12976565458233308,
0.12976565458233308,
0.12976565458233308
]
}
],
"framerate": 30,
"mirrorable": true,
"invalid": false
}