{
"label": "a",
"gestures": [
{
"l_hand_position": null,
"l_wrist": null,
"l_thumb_cmc": null,
"l_thumb_mcp": null,
"l_thumb_ip": null,
"l_thumb_tip": null,
"l_index_mcp": null,
"l_index_pip": null,
"l_index_dip": null,
"l_index_tip": null,
"l_middle_mcp": null,
"l_middle_pip": null,
"l_middle_dip": null,
"l_middle_tip": null,
"l_ring_mcp": null,
"l_ring_pip": null,
"l_ring_dip": null,
"l_ring_tip": null,
"l_pinky_mcp": null,
"l_pinky_pip": null,
"l_pinky_dip": null,
"l_pinky_tip": null,
"r_hand_position": [
-0.18343672156333923,
-0.07058757543563843,
-0.5056146732531488
],
"r_wrist": [
-0.2857729461836734,
0.9573932372890657,
0.04161745334190876
],
"r_thumb_cmc": [
0.12236410932865013,
0.816154380760231,
-0.047148986322302876
],
"r_thumb_mcp": [
0.44718856131208046,
0.41115902971382073,
-0.06303733185630715
],
"r_thumb_ip": [
0.6262420790826179,
0.03751180110791225,
-0.0903263263443817
],
"r_thumb_tip": [
0.7616594380871795,
-0.27390308216546805,
-0.10587061994986711
],
"r_index_mcp": [
0.2306886301795112,
0.02283004311230502,
0.027717614890084466
],
"r_index_pip": [
0.33151520889972763,
-0.238105500341446,
-0.15880748143407925
],
"r_index_dip": [
0.3011693303884797,
0.0776532499420396,
-0.27294567150433285
],
"r_index_tip": [
0.27618856060762376,
0.34218114313736575,
-0.3204688390643707
],
"r_middle_mcp": [
0.0,
0.0,
0.0
],
"r_middle_pip": [
0.11348882734812725,
-0.2559963386897689,
-0.2278257521230131
],
"r_middle_dip": [
0.10727920053496305,
0.17637593375764649,
-0.32070448898976883
],
"r_middle_tip": [
0.08529080374632063,
0.4922013972142938,
-0.3364728488384747
],
"r_ring_mcp": [
-0.22736600488969252,
0.02402160223824624,
-0.055214756687469016
],
"r_ring_pip": [
-0.12194969239867873,
-0.20659280401350888,
-0.29138589946077875
],
"r_ring_dip": [
-0.09101863774271104,
0.24069958243561135,
-0.30336218424444983
],
"r_ring_tip": [
-0.08874287910061864,
0.5556677153457666,
-0.25020167071304267
],
"r_pinky_mcp": [
-0.4608084311507727,
0.07767511949218203,
-0.1159337332921024
],
"r_pinky_pip": [
-0.3699081982451964,
-0.065017509859756,
-0.2850314697171262
],
"r_pinky_dip": [
-0.2991314859433911,
0.23486240068850886,
-0.2919917025675647
],
"r_pinky_tip": [
-0.2630184524264058,
0.47142532457900055,
-0.25714771044634327
],
"l_hand_velocity": null,
"r_hand_velocity": null,
"m_nose_point": [
0.0,
0.0,
0.0
],
"m_top_nose": [
-0.007389590908315338,
-0.28154741904111336,
0.2581991282278825
],
"m_eyebrows": [
-0.015328622912859625,
-0.5219511911124738,
0.3759250701536625
],
"m_forehead": [
-0.025949119031250266,
-0.7995547811756236,
0.5523730632514665
],
"m_top_chin": [
0.046614547774200585,
0.5972951517693652,
-0.004054413794478677
],
"m_bot_up_lip": [
0.03732368169375227,
0.3866989945417187,
0.04471929980109765
],
"m_top_low_lip": [
0.03677554671740342,
0.3931553627957022,
0.03212529736012139
],
"m_bot_nose": [
-0.008274269440436752,
0.093694727285657,
0.06621031875701026
],
"m_chin": [
0.06955697884145946,
0.9971121613268734,
-0.030482198550954943
],
"m_nose": [
-0.007303822369522071,
-0.23411524022196983,
0.19274677736785462
],
"l_eye_exterior": [
-0.3308088187523376,
-0.15785307728936768,
0.48136027774948087
],
"l_temple": [
-0.5093915423454273,
-0.31777526615546126,
0.8333439392088389
],
"l_mid_chin": [
-0.1399925409889332,
0.7868475408621257,
0.028338366032754962
],
"l_up_lip": [
-0.09002126512287431,
0.3347524300436544,
0.069744801601301
],
"l_ext_nostril": [
-0.14892204723588706,
0.06550169430039406,
0.13609669831114798
],
"l_mid_cheek": [
-0.3786615681728735,
0.1394766236362935,
0.3356002378999938
],
"l_mid_eyebrow": [
-0.33408543815821645,
-0.43023632387840244,
0.4539474337059313
],
"l_ext_eyebrow": [
-0.39771393886389966,
-0.38335293309554785,
0.49407973572602387
],
"l_ext_lips": [
-0.23498663986864354,
0.48597651356821864,
0.1628491831092757
],
"l_jaw_angle": [
-0.4243500769520828,
0.6881980478113074,
0.5901744310805348
],
"l_mid_ext_face": [
-0.49067658595676034,
0.3587227774565524,
0.8021176060670274
],
"l_int_eyebrow": [
-0.14445555261923668,
-0.510496737450639,
0.39147025046372586
],
"l_mid_jaw": [
-0.3298927933430938,
0.8632590368343527,
0.3287289180811855
],
"l_mid_bot_eyelid": [
-0.245123871631397,
-0.14936199194883426,
0.42626922964007463
],
"l_ext_mouth": [
-0.14041877144313936,
0.5165190385311357,
0.10785362460797869
],
"l_top_eyelid": [
-0.25881940932083763,
-0.25098334310017456,
0.4417947093086132
],
"l_eye_int": [
-0.14598371287895426,
-0.23174485032623407,
0.44181172968330074
],
"l_pupil": [
-0.25890996696585794,
-0.19878208522549073,
0.45091997027259706
],
"r_eye_exterior": [
0.41986311979064417,
-0.27981419796021995,
0.4364169103618689
],
"r_temple": [
0.5521086283974079,
-0.41939596424686154,
0.7372025228577835
],
"r_mid_chin": [
0.25925434724091106,
0.7567745659961047,
-0.0063124773805257805
],
"r_up_lip": [
0.15594026472496048,
0.3109995515907932,
0.04256297751154421
],
"r_ext_nostril": [
0.18671027223366174,
0.047491171900394716,
0.1445005049117768
],
"r_mid_cheek": [
0.43751968370313626,
0.06683088896504301,
0.257919025249878
],
"r_mid_eyebrow": [
0.40602565040756594,
-0.5056654000141472,
0.4198266572773247
],
"r_ext_eyebrow": [
0.3298152968968745,
-0.5410579834651708,
0.39377547041961075
],
"r_ext_lips": [
0.27900418594791093,
0.4945770952920338,
0.07479249235376528
],
"r_jaw_angle": [
0.5971453833564471,
0.590677695396836,
0.4962834864937235
],
"r_mid_ext_face": [
0.6306861065041348,
0.257784962375798,
0.6979246681367542
],
"r_int_eyebrow": [
0.11435471386244024,
-0.5740708164946513,
0.369574803731814
],
"r_mid_jaw": [
0.5006509881077946,
0.7901713982703348,
0.25620749013823735
],
"r_mid_bot_eyelid": [
0.2856749755488776,
-0.22639759553710256,
0.37147584761188485
],
"r_ext_mouth": [
0.31378006312888046,
0.43229411574950083,
0.10731738076470493
],
"r_top_eyelid": [
0.289369988689682,
-0.3415277092350292,
0.3865852124525803
],
"r_eye_int": [
0.1690123478582998,
-0.2770558904600943,
0.4048746458686428
],
"r_pupil": [
0.2897683552531126,
-0.279884293060452,
0.3967339135805309
],
"l_shoulder": [
0.42786246884644746,
0.019414775800848872,
-0.2579859961959671
],
"l_elbow": [
0.7743097944270627,
0.8216487197995728,
-1.0562280463124756
],
"l_hip": [
0.24237426239839802,
1.6690549246723696,
-0.002459774280335682
],
"l_knee": [
0.19368272171448703,
3.1242793014791674,
-0.4029924415552329
],
"l_ankle": [
0.17156184511532907,
4.411356184317224,
0.6398657693821754
],
"l_body_wrist": [
0.5112947514527204,
1.083772848083738,
-1.9276568963555343
],
"r_shoulder": [
-0.42786246884644746,
-0.019414775800848872,
0.2579859961959671
],
"r_elbow": [
-0.9565859292766477,
0.8270568605771571,
-0.8138997581867109
],
"r_hip": [
-0.40455822607204955,
1.635511979335743,
0.48703309241126097
],
"r_knee": [
-0.41009508031008185,
3.079885847684087,
0.2440126079955012
],
"r_ankle": [
-0.4036089371082609,
4.333973796925136,
0.8505488199233836
],
"r_body_wrist": [
-0.8694715352687418,
-0.10094064889997922,
-2.910503598464414
],
"m_face_position": [
0.09055507183074951,
-0.1653229296207428,
-0.5357627496123314
],
"m_body_position": [
0.1178453266620636,
0.17421162128448486,
-0.5976185700856149
],
"m_face_scale": [
0.13690468773234746,
0.13690468773234746,
0.13690468773234746
],
"m_body_scale": [
0.4109836069517279,
0.4109836069517279,
0.4109836069517279
],
"l_hand_scale": null,
"r_hand_scale": [
0.13491040726346504,
0.13491040726346504,
0.13491040726346504
]
}
],
"framerate": 30,
"mirrorable": true,
"invalid": false
}