{
"label": "a",
"gestures": [
{
"l_hand_position": [
0.23447519540786743,
-0.11956459283828735,
-0.5019265537848696
],
"l_wrist": [
0.27536315687665897,
0.9612924964949318,
0.009584780511939412
],
"l_thumb_cmc": [
-0.06261726710113485,
0.7749976509667358,
-0.08892331365459918
],
"l_thumb_mcp": [
-0.33588391732525535,
0.36996045577511005,
-0.13253235017405762
],
"l_thumb_ip": [
-0.4783372137204872,
0.023967004213134097,
-0.1840994469759087
],
"l_thumb_tip": [
-0.5841016436962965,
-0.2506265733610332,
-0.21856027453159663
],
"l_index_mcp": [
-0.20264985172622432,
0.03804649388810801,
0.01607646484195849
],
"l_index_pip": [
-0.32215488359396766,
-0.16341628658408988,
-0.1506997571561843
],
"l_index_dip": [
-0.2332494163530661,
0.13623496511851765,
-0.2556704148012269
],
"l_index_tip": [
-0.1334310209495242,
0.3963167300909885,
-0.29780104409781477
],
"l_middle_mcp": [
0.0,
0.0,
0.0
],
"l_middle_pip": [
-0.13394773212506492,
-0.21101822947590465,
-0.1834052461048087
],
"l_middle_dip": [
-0.04596682787736682,
0.15220703553719864,
-0.2491382971669782
],
"l_middle_tip": [
0.0370296822292368,
0.4339884452361024,
-0.2487460549507005
],
"l_ring_mcp": [
0.2089289900012082,
0.005271966749984701,
-0.04443199632526154
],
"l_ring_pip": [
0.08056719637085237,
-0.17839705462122254,
-0.2238269206692327
],
"l_ring_dip": [
0.12934479066579901,
0.21808622732112426,
-0.20201376336645666
],
"l_ring_tip": [
0.1733082504148064,
0.49715979757025114,
-0.13569726174040161
],
"l_pinky_mcp": [
0.42224468584344516,
0.05874934877217318,
-0.1006166106541802
],
"l_pinky_pip": [
0.28536279358723843,
-0.08371314282767504,
-0.22484742153318188
],
"l_pinky_dip": [
0.2706602546446277,
0.21249465305584384,
-0.2003848217454306
],
"l_pinky_tip": [
0.2883797105599278,
0.43067757833519216,
-0.14672585297078727
],
"r_hand_position": null,
"r_wrist": null,
"r_thumb_cmc": null,
"r_thumb_mcp": null,
"r_thumb_ip": null,
"r_thumb_tip": null,
"r_index_mcp": null,
"r_index_pip": null,
"r_index_dip": null,
"r_index_tip": null,
"r_middle_mcp": null,
"r_middle_pip": null,
"r_middle_dip": null,
"r_middle_tip": null,
"r_ring_mcp": null,
"r_ring_pip": null,
"r_ring_dip": null,
"r_ring_tip": null,
"r_pinky_mcp": null,
"r_pinky_pip": null,
"r_pinky_dip": null,
"r_pinky_tip": null,
"l_hand_velocity": null,
"r_hand_velocity": null,
"m_nose_point": [
0.0,
0.0,
0.0
],
"m_top_nose": [
0.0006525145588034579,
-0.3074169975627152,
0.23726328092252968
],
"m_eyebrows": [
-0.0033667340890241744,
-0.5601740643148445,
0.33770414705819224
],
"m_forehead": [
-0.015559631464871375,
-0.8941400327795881,
0.4965564773429538
],
"m_top_chin": [
0.021684918197280353,
0.5968480941566175,
0.03439851444351837
],
"m_bot_up_lip": [
0.021842451395513905,
0.3861491631935387,
0.06654736550440743
],
"m_top_low_lip": [
0.02165521931564616,
0.38907385740664524,
0.06327397844370812
],
"m_bot_nose": [
-0.012072810593587198,
0.08567266514316246,
0.06936866510559274
],
"m_chin": [
0.04123840361408925,
0.9989253271147215,
0.021156202780941172
],
"m_nose": [
-0.00032625727940172896,
-0.2528422896298622,
0.17656988544830118
],
"l_eye_exterior": [
-0.3458998614634405,
-0.22435266898046888,
0.44134503238216555
],
"l_temple": [
-0.5217462939916434,
-0.41494459624004937,
0.7730589298103793
],
"l_mid_chin": [
-0.15690521753349035,
0.7794833036496804,
0.058182409170643684
],
"l_up_lip": [
-0.10714667823898259,
0.31498719944941383,
0.07903547621997714
],
"l_ext_nostril": [
-0.14582193924246856,
0.04012749327354062,
0.12712747514611608
],
"l_mid_cheek": [
-0.38586508693442906,
0.09918780837959293,
0.30853715517732333
],
"l_mid_eyebrow": [
-0.33465345453271783,
-0.4872456627413466,
0.399557239809585
],
"l_ext_eyebrow": [
-0.4001517554654869,
-0.44367073189608025,
0.4369959486005364
],
"l_ext_lips": [
-0.24776248961469177,
0.45463048005624673,
0.1698817322757898
],
"l_jaw_angle": [
-0.4444166472855304,
0.6275591050685337,
0.5890807874640006
],
"l_mid_ext_face": [
-0.5149687079097183,
0.2851768394044477,
0.7801173102097844
],
"l_int_eyebrow": [
-0.1366804943498912,
-0.5580140086991748,
0.3463406907871176
],
"l_mid_jaw": [
-0.3438644120250621,
0.8231852079743974,
0.34657590108745145
],
"l_mid_bot_eyelid": [
-0.2587349351228033,
-0.2110516589848067,
0.3917045219311089
],
"l_ext_mouth": [
-0.1588414554904675,
0.5004765145093802,
0.12411660306406469
],
"l_top_eyelid": [
-0.2663085803580973,
-0.31403188542351396,
0.40280338944487254
],
"l_eye_int": [
-0.14658679304919267,
-0.2845878115853695,
0.40980668971733375
],
"l_pupil": [
-0.25824081459938225,
-0.2613568298688134,
0.4145785924954171
],
"r_eye_exterior": [
0.4245756422610165,
-0.27345632641401396,
0.4417420262641552
],
"r_temple": [
0.5799403917166984,
-0.4809723120193411,
0.7238929154858668
],
"r_mid_chin": [
0.22821696694150942,
0.7671464312606936,
0.04830824390803793
],
"r_up_lip": [
0.14617229996203718,
0.30201029464028134,
0.07142446527219233
],
"r_ext_nostril": [
0.17937651046621525,
0.04050367910757375,
0.15632587413233637
],
"r_mid_cheek": [
0.4380171839212231,
0.06189289974423538,
0.28244073073586673
],
"r_mid_eyebrow": [
0.41756412368390017,
-0.5023075151249144,
0.41025472855213224
],
"r_ext_eyebrow": [
0.34346842693660623,
-0.5382823299925608,
0.3790926793259772
],
"r_ext_lips": [
0.25613176358478007,
0.49860742185001083,
0.12444985464530056
],
"r_jaw_angle": [
0.5884334110269291,
0.5830542548932576,
0.5444930817131508
],
"r_mid_ext_face": [
0.6488955994298303,
0.22766818325913843,
0.7287363619013651
],
"r_int_eyebrow": [
0.12612727653325362,
-0.5831900519534835,
0.3392642664340385
],
"r_mid_jaw": [
0.4670200787205987,
0.7913525262575724,
0.31240662824919213
],
"r_mid_bot_eyelid": [
0.28798015557957096,
-0.2351219569214596,
0.37100558508315507
],
"r_ext_mouth": [
0.29587274097850175,
0.43513531635627023,
0.15617206674488754
],
"r_top_eyelid": [
0.29606858142985765,
-0.3532264464370239,
0.38202171807656915
],
"r_eye_int": [
0.17201635284382796,
-0.29353018788728286,
0.39601855350008464
],
"r_pupil": [
0.2867607797582714,
-0.2919085859081984,
0.39423905515709445
],
"l_shoulder": [
0.4835271026215993,
-0.08322270971191494,
0.0963095094918859
],
"l_elbow": [
0.9628322060582499,
0.7239796992223629,
-1.1244704976522526
],
"l_hip": [
0.4023615451121548,
1.7065089130231208,
0.2564442134170585
],
"l_knee": [
0.40295388496386403,
3.2190493925826686,
0.5432822807825028
],
"l_ankle": [
0.41145126668214205,
4.462823794438383,
2.27267086814701
],
"l_body_wrist": [
0.6956732715519719,
-0.196564245182733,
-2.807927975967423
],
"r_shoulder": [
-0.4835271026215993,
0.08322270971191494,
-0.0963095094918859
],
"r_elbow": [
-0.6407392074354312,
1.2349336293359627,
-0.15466051626140204
],
"r_hip": [
-0.28518895624344925,
1.7417303404752702,
0.5520076461504618
],
"r_knee": [
-0.24136070749650892,
3.2409883895871645,
0.9826130661221447
],
"r_ankle": [
-0.19307231340338174,
4.465473509232542,
2.4006106333700683
],
"r_body_wrist": [
-0.4796744434457164,
1.7124103345289192,
-1.5197773850156064
],
"m_face_position": [
0.016908109188079834,
-0.15242013335227966,
-0.5363541319966316
],
"m_body_position": [
0.06524358689785004,
0.1867760717868805,
-0.6593800447881222
],
"m_face_scale": [
0.13848065190329256,
0.13848065190329256,
0.13848065190329256
],
"m_body_scale": [
0.4013961365640697,
0.4013961365640697,
0.4013961365640697
],
"l_hand_scale": [
0.20094647863977508,
0.20094647863977508,
0.20094647863977508
],
"r_hand_scale": null
}
],
"framerate": 30,
"mirrorable": true,
"invalid": false
}