{
"label": "a",
"gestures": [
{
"l_hand_position": [
0.0737450122833252,
-0.045377761125564575,
-0.5107790678739548
],
"l_wrist": [
0.19753293999546456,
0.9775141222632094,
0.07380297008071834
],
"l_thumb_cmc": [
-0.1739358005848007,
0.797347132544698,
-0.08872626346591828
],
"l_thumb_mcp": [
-0.4943029133284026,
0.46298473962208087,
-0.1704891689937064
],
"l_thumb_ip": [
-0.6544436170109816,
0.10472115725574939,
-0.2365107003020064
],
"l_thumb_tip": [
-0.5644068519890203,
-0.14427929091816347,
-0.2511486432815843
],
"l_index_mcp": [
-0.21825854110741294,
0.006250370813648053,
-0.02700100758897217
],
"l_index_pip": [
-0.3134784409209727,
-0.2636956556102188,
-0.1736445298358575
],
"l_index_dip": [
-0.27502651882175766,
0.100955018054421,
-0.20054221908096467
],
"l_index_tip": [
-0.22658461456279874,
0.13787811945053938,
-0.20684556908241858
],
"l_middle_mcp": [
0.0,
0.0,
0.0
],
"l_middle_pip": [
-0.11068768001840873,
-0.2509363694246174,
-0.1637192093232431
],
"l_middle_dip": [
-0.09176638118312624,
0.18283079450471318,
-0.1397945529306692
],
"l_middle_tip": [
-0.041727500039165394,
0.1482033728883382,
-0.09151366510070616
],
"l_ring_mcp": [
0.21518008553788323,
0.0216981530968601,
-0.006318737432866468
],
"l_ring_pip": [
0.10951147572948064,
-0.19763660269129654,
-0.16334756427445574
],
"l_ring_dip": [
0.0953925349329965,
0.20644221814511765,
-0.06213827417687505
],
"l_ring_tip": [
0.1607306423708669,
0.18768947322077456,
0.038057763446365536
],
"l_pinky_mcp": [
0.4161147128158654,
0.07919238186330321,
-0.02863872003628801
],
"l_pinky_pip": [
0.31334416916141083,
-0.05701958421820462,
-0.09740830757870642
],
"l_pinky_dip": [
0.2699499035719393,
0.21054689359129886,
-0.030044014036569658
],
"l_pinky_tip": [
0.31875421914546037,
0.23313352577802587,
0.03564366803976117
],
"r_hand_position": null,
"r_wrist": null,
"r_thumb_cmc": null,
"r_thumb_mcp": null,
"r_thumb_ip": null,
"r_thumb_tip": null,
"r_index_mcp": null,
"r_index_pip": null,
"r_index_dip": null,
"r_index_tip": null,
"r_middle_mcp": null,
"r_middle_pip": null,
"r_middle_dip": null,
"r_middle_tip": null,
"r_ring_mcp": null,
"r_ring_pip": null,
"r_ring_dip": null,
"r_ring_tip": null,
"r_pinky_mcp": null,
"r_pinky_pip": null,
"r_pinky_dip": null,
"r_pinky_tip": null,
"l_hand_velocity": null,
"r_hand_velocity": null,
"m_nose_point": [
0.0,
0.0,
0.0
],
"m_top_nose": [
0.04049754489751239,
-0.35806321204096714,
0.22652732755553617
],
"m_eyebrows": [
0.06989925703897447,
-0.6256089256179912,
0.31271293581277665
],
"m_forehead": [
0.10923677978375237,
-0.9654053898155366,
0.45013042759957894
],
"m_top_chin": [
-0.05516419087785339,
0.6216472771154199,
0.0880599085889103
],
"m_bot_up_lip": [
-0.026923941313984314,
0.4200814245373159,
0.09938559414087507
],
"m_top_low_lip": [
-0.026178281378886364,
0.4226842722566758,
0.0946907993941643
],
"m_bot_nose": [
-0.02612234488021353,
0.08402862454708457,
0.08097561405058343
],
"m_chin": [
-0.08865742982996402,
0.9906298698672678,
0.10388609658036628
],
"m_nose": [
0.03267099642870095,
-0.2947327724984995,
0.16635112586694525
],
"l_eye_exterior": [
-0.3279741771711775,
-0.36553421564053196,
0.4352744407724696
],
"l_temple": [
-0.4932161158793538,
-0.585249181365278,
0.7559764980055383
],
"l_mid_chin": [
-0.2608035649558744,
0.7585951903983421,
0.11721128689350073
],
"l_up_lip": [
-0.14930651849828197,
0.3168841061145613,
0.10085446739035892
],
"l_ext_nostril": [
-0.161742186443573,
0.01328095726643715,
0.13237156347197412
],
"l_mid_cheek": [
-0.4129926136668805,
0.004692664118274199,
0.3209143623532328
],
"l_mid_eyebrow": [
-0.26771160250656456,
-0.6343047704889243,
0.37517821267237816
],
"l_ext_eyebrow": [
-0.3440485983799198,
-0.6045076617237962,
0.41372104852137853
],
"l_ext_lips": [
-0.3138786596472428,
0.42277189810223625,
0.20391615330781493
],
"l_jaw_angle": [
-0.5695437489911286,
0.5143615528025436,
0.6624010075757918
],
"l_mid_ext_face": [
-0.6061317407517864,
0.1459748158005069,
0.8293382363159018
],
"l_int_eyebrow": [
-0.053648143714252756,
-0.6500277280321858,
0.3193932549470953
],
"l_mid_jaw": [
-0.47061344914095327,
0.7380168007277929,
0.42353700377292436
],
"l_mid_bot_eyelid": [
-0.24259971566460833,
-0.3197260643604369,
0.38503231667603655
],
"l_ext_mouth": [
-0.22608260388267848,
0.4569716654474549,
0.15888954504666333
],
"l_top_eyelid": [
-0.23471723069712408,
-0.4461379900156566,
0.3916110596000842
],
"l_eye_int": [
-0.12078466587457069,
-0.36898427324751604,
0.4035770440105158
],
"l_pupil": [
-0.23281082839686237,
-0.3799295816058502,
0.40742471139394326
],
"r_eye_exterior": [
0.4472106263936404,
-0.22222034469534563,
0.46246813165006445
],
"r_temple": [
0.6174251517842648,
-0.4278556375696008,
0.7552119625030235
],
"r_mid_chin": [
0.12543507753032807,
0.8160705429617036,
0.11938259232790108
],
"r_up_lip": [
0.10423898566628001,
0.35563729650839637,
0.10229831325792584
],
"r_ext_nostril": [
0.17284570146553543,
0.07765042327352295,
0.1761664959458923
],
"r_mid_cheek": [
0.4225570347275059,
0.1274682372181402,
0.3200635063901855
],
"r_mid_eyebrow": [
0.4593819763773916,
-0.4521517638000107,
0.41151586309395155
],
"r_ext_eyebrow": [
0.3902953590294366,
-0.5036416709345691,
0.3729329504241478
],
"r_ext_lips": [
0.1858296911403061,
0.5680754759186691,
0.17700573098130493
],
"r_jaw_angle": [
0.4629076562894484,
0.6693570292795816,
0.6638596478070098
],
"r_mid_ext_face": [
0.563833904851924,
0.31254266559095817,
0.828553744927326
],
"r_int_eyebrow": [
0.1910368270038845,
-0.5999321521606823,
0.31830474388681645
],
"r_mid_jaw": [
0.3306480858502248,
0.8645230742112462,
0.4260461188455007
],
"r_mid_bot_eyelid": [
0.3087387436103957,
-0.20243875004237197,
0.38242832862033027
],
"r_ext_mouth": [
0.23284347802698901,
0.507468639712868,
0.2067307959968681
],
"r_top_eyelid": [
0.3304917997530745,
-0.33346387637783714,
0.3894381862032076
],
"r_eye_int": [
0.20575100700455692,
-0.29014357889922954,
0.40135575133219686
],
"r_pupil": [
0.3199061174677529,
-0.2558969977461088,
0.4048793756379452
],
"l_shoulder": [
0.44230372038580823,
-0.02272703754627803,
0.2320579683985078
],
"l_elbow": [
0.8115961487916694,
0.853397731699778,
-0.6886001138071506
],
"l_hip": [
0.3484922174907323,
1.5123730688173536,
-0.010725058145898116
],
"l_knee": [
0.3467369394869268,
2.880000405525114,
-0.2590867325988189
],
"l_ankle": [
0.3568082819666275,
4.166906275022188,
0.5092795137500975
],
"l_body_wrist": [
0.5708008788088036,
-0.06303979898179983,
-1.9764543220317128
],
"r_shoulder": [
-0.44230372038580823,
0.02272703754627803,
-0.2320579683985078
],
"r_elbow": [
-0.6640493749886143,
0.8270336189510976,
-0.662615188487213
],
"r_hip": [
-0.31272333852326495,
1.5321695842303276,
-0.04901006770391375
],
"r_knee": [
-0.27782088284207085,
2.8963218998710856,
-0.35277386320176524
],
"r_ankle": [
-0.2559183299490354,
4.121451755742874,
-0.034437087924321375
],
"r_body_wrist": [
-0.11410045485220062,
0.9846288596158368,
-1.8035309366732613
],
"m_face_position": [
-0.11853024363517761,
-0.14281800389289856,
-0.5350537002086639
],
"m_body_position": [
-0.13040245324373245,
0.15381154417991638,
-0.48506687581539154
],
"m_face_scale": [
0.12413971701996024,
0.12413971701996024,
0.12413971701996024
],
"m_body_scale": [
0.40256475742321646,
0.40256475742321646,
0.40256475742321646
],
"l_hand_scale": [
0.1460465565885877,
0.1460465565885877,
0.1460465565885877
],
"r_hand_scale": null
}
],
"framerate": 30,
"mirrorable": true,
"invalid": false
}