{
"label": "a",
"gestures": [
{
"l_hand_position": [
0.2672770619392395,
0.019732117652893066,
-0.5066884802654386
],
"l_wrist": [
0.2858064512688197,
0.9577267472273735,
0.032774228570606585
],
"l_thumb_cmc": [
-0.06674375695262882,
0.7731466088657463,
-0.07535230609643127
],
"l_thumb_mcp": [
-0.3503761720687572,
0.3655944251375962,
-0.12150279914453035
],
"l_thumb_ip": [
-0.5143428374533955,
0.02713937862302269,
-0.1728074819438872
],
"l_thumb_tip": [
-0.6651081407586256,
-0.20369196954619578,
-0.20776302512369665
],
"l_index_mcp": [
-0.21705106097162755,
0.03899828871294155,
0.011491881295285155
],
"l_index_pip": [
-0.33276014084897876,
-0.1656765683320862,
-0.15007477645966555
],
"l_index_dip": [
-0.22170320040517774,
0.12945227146948846,
-0.24557733967733758
],
"l_index_tip": [
-0.11402108378351768,
0.33677814989323795,
-0.2852184484981705
],
"l_middle_mcp": [
0.0,
0.0,
0.0
],
"l_middle_pip": [
-0.1130367358277781,
-0.1651375136874816,
-0.1805885407677569
],
"l_middle_dip": [
-0.0187172157281281,
0.2230240376324342,
-0.2334041757723204
],
"l_middle_tip": [
0.052400025480075975,
0.4747647473481266,
-0.22660217074790012
],
"l_ring_mcp": [
0.21048630717185102,
0.005066325012552776,
-0.038702979762291846
],
"l_ring_pip": [
0.11211869261564472,
-0.09806354742803867,
-0.2244081811027084
],
"l_ring_dip": [
0.16221148827305398,
0.31356973708277996,
-0.19880502058939428
],
"l_ring_tip": [
0.20026369300123575,
0.5749217137075556,
-0.12920550445530593
],
"l_pinky_mcp": [
0.41252854459519306,
0.05758932096425081,
-0.08884854355334473
],
"l_pinky_pip": [
0.3060092437633844,
-0.016809274824006175,
-0.21436607940587565
],
"l_pinky_dip": [
0.2984145757523504,
0.2904229555538238,
-0.18645065049356346
],
"l_pinky_tip": [
0.31487859856339395,
0.49460300979854804,
-0.13058746180414654
],
"r_hand_position": null,
"r_wrist": null,
"r_thumb_cmc": null,
"r_thumb_mcp": null,
"r_thumb_ip": null,
"r_thumb_tip": null,
"r_index_mcp": null,
"r_index_pip": null,
"r_index_dip": null,
"r_index_tip": null,
"r_middle_mcp": null,
"r_middle_pip": null,
"r_middle_dip": null,
"r_middle_tip": null,
"r_ring_mcp": null,
"r_ring_pip": null,
"r_ring_dip": null,
"r_ring_tip": null,
"r_pinky_mcp": null,
"r_pinky_pip": null,
"r_pinky_dip": null,
"r_pinky_tip": null,
"l_hand_velocity": null,
"r_hand_velocity": null,
"m_nose_point": [
0.0,
0.0,
0.0
],
"m_top_nose": [
-0.03781876225065657,
-0.30861760311763664,
0.23694573301081856
],
"m_eyebrows": [
-0.06734133924925453,
-0.5517643426101152,
0.33386122854503947
],
"m_forehead": [
-0.11223874649641759,
-0.8784149020500952,
0.48920956391004444
],
"m_top_chin": [
0.08202572696500471,
0.6258043726237389,
0.07298007810617733
],
"m_bot_up_lip": [
0.04927997513385418,
0.3603091335589697,
0.0784531279552555
],
"m_top_low_lip": [
0.05009070691539481,
0.36679631942659424,
0.08546660702804043
],
"m_bot_nose": [
-0.006150731068605761,
0.08458731092956585,
0.07311895448512588
],
"m_chin": [
0.12193024264651778,
0.9900806100959413,
0.06980975175582553
],
"m_nose": [
-0.030976257033936347,
-0.25263161333526574,
0.17604937019839148
],
"l_eye_exterior": [
-0.38496465663772483,
-0.19577519101875793,
0.4232080932009952
],
"l_temple": [
-0.566546604050382,
-0.3859145422180681,
0.7422912216035789
],
"l_mid_chin": [
-0.09529815859146896,
0.8021368705897002,
0.09190701990826838
],
"l_up_lip": [
-0.0906146456470803,
0.2787428138723086,
0.08242322800291207
],
"l_ext_nostril": [
-0.1507088905644357,
0.05286934417378205,
0.12180919049319336
],
"l_mid_cheek": [
-0.3857372154473451,
0.12403641417863398,
0.294577933941128
],
"l_mid_eyebrow": [
-0.3737719861732691,
-0.4925667186611212,
0.38433526034379856
],
"l_ext_eyebrow": [
-0.43711448467798525,
-0.4422352113123917,
0.41752811588276456
],
"l_ext_lips": [
-0.21599110868882468,
0.4807042457009935,
0.17870221142394968
],
"l_jaw_angle": [
-0.41955691501758,
0.6500826047009559,
0.5819638240526493
],
"l_mid_ext_face": [
-0.5167517376673698,
0.30740827448976504,
0.7617229288301542
],
"l_int_eyebrow": [
-0.18462912708978635,
-0.5786228012660869,
0.33812445734600505
],
"l_mid_jaw": [
-0.293863083662777,
0.8443060200239755,
0.35713988221055243
],
"l_mid_bot_eyelid": [
-0.29883999584483245,
-0.18632471723787566,
0.3782346937203054
],
"l_ext_mouth": [
-0.1339569481602562,
0.4747639098497161,
0.13835681317484871
],
"l_top_eyelid": [
-0.31215725851971476,
-0.29224850011207676,
0.3876391782248788
],
"l_eye_int": [
-0.19843775581020134,
-0.270510324218745,
0.4017536484634157
],
"l_pupil": [
-0.3138686061155154,
-0.23862235457638573,
0.401107329558391
],
"r_eye_exterior": [
0.3713606528016735,
-0.3312550632099289,
0.4686689540427716
],
"r_temple": [
0.4752483958828678,
-0.5243401693877194,
0.7593628626475912
],
"r_mid_chin": [
0.2817123159902975,
0.7430637526712137,
0.10179949287165119
],
"r_up_lip": [
0.16937036930816507,
0.2504331164757143,
0.09179277841236146
],
"r_ext_nostril": [
0.17988857662340044,
0.020145563995074046,
0.171044778450396
],
"r_mid_cheek": [
0.41195316972128565,
0.011784129593337666,
0.31341446634665104
],
"r_mid_eyebrow": [
0.35142903499805994,
-0.5588887063985728,
0.43162950577518194
],
"r_ext_eyebrow": [
0.27758075758757095,
-0.5938001085785526,
0.3948860922338728
],
"r_ext_lips": [
0.2939565186696285,
0.4773454680437705,
0.16610982602126897
],
"r_jaw_angle": [
0.5622539201964103,
0.496168072238745,
0.6004040049787853
],
"r_mid_ext_face": [
0.5948252304233203,
0.14610349905095377,
0.7798851628044953
],
"r_int_eyebrow": [
0.06444529790862394,
-0.6192721337718131,
0.3411654574958847
],
"r_mid_jaw": [
0.4706072726921814,
0.7155745522350234,
0.37039003008723836
],
"r_mid_bot_eyelid": [
0.24189346755972196,
-0.2809020280805234,
0.3907619131992645
],
"r_ext_mouth": [
0.3212488619773692,
0.4027197492342295,
0.19527442044017218
],
"r_top_eyelid": [
0.2461550803900376,
-0.388198706328557,
0.4005837828097859
],
"r_eye_int": [
0.13059217823418517,
-0.3212794891292588,
0.4103966778880281
],
"r_pupil": [
0.23977087277224465,
-0.333322395962475,
0.4135334364360372
],
"l_shoulder": [
0.4793053585549302,
-0.046017972916532514,
0.13471718312517902
],
"l_elbow": [
0.9033160398963384,
0.8029461655733764,
-1.0581702712459886
],
"l_hip": [
0.36830187741673853,
1.7840409748778463,
0.40027304229858185
],
"l_knee": [
0.3508170315115153,
3.352698198733452,
0.24676916206708524
],
"l_ankle": [
0.3649675863445912,
4.731492015020677,
1.4452824894786112
],
"l_body_wrist": [
0.8309626120166598,
0.02024636860203604,
-3.194755735165057
],
"r_shoulder": [
-0.4793053585549302,
0.046017972916532514,
-0.13471718312517902
],
"r_elbow": [
-0.7073056198562316,
0.8947127021897449,
-0.10282352032853959
],
"r_hip": [
-0.2832558647913218,
1.820675309002841,
0.656383259056642
],
"r_knee": [
-0.3108401143930696,
3.32614246027605,
0.12460854879927877
],
"r_ankle": [
-0.2561677224056861,
4.717768103006377,
0.8195505424197935
],
"r_body_wrist": [
-0.8179451560522977,
1.756460480108387,
-1.2024481374163898
],
"m_face_position": [
-0.031159549951553345,
-0.14418619871139526,
-0.5368237979710102
],
"m_body_position": [
0.01689264178276062,
0.2093740701675415,
-0.6983944699168205
],
"m_face_scale": [
0.13428347840930902,
0.13428347840930902,
0.13428347840930902
],
"m_body_scale": [
0.3809787933826125,
0.3809787933826125,
0.3809787933826125
],
"l_hand_scale": [
0.20406163463015312,
0.20406163463015312,
0.20406163463015312
],
"r_hand_scale": null
}
],
"framerate": 30,
"mirrorable": true,
"invalid": false
}