{
"label": "a",
"gestures": [
{
"l_hand_position": null,
"l_wrist": null,
"l_thumb_cmc": null,
"l_thumb_mcp": null,
"l_thumb_ip": null,
"l_thumb_tip": null,
"l_index_mcp": null,
"l_index_pip": null,
"l_index_dip": null,
"l_index_tip": null,
"l_middle_mcp": null,
"l_middle_pip": null,
"l_middle_dip": null,
"l_middle_tip": null,
"l_ring_mcp": null,
"l_ring_pip": null,
"l_ring_dip": null,
"l_ring_tip": null,
"l_pinky_mcp": null,
"l_pinky_pip": null,
"l_pinky_dip": null,
"l_pinky_tip": null,
"r_hand_position": [
-0.16744905710220337,
0.02044278383255005,
-0.513043531216681
],
"r_wrist": [
-0.12391470355212854,
0.988820170363716,
0.08294466182618354
],
"r_thumb_cmc": [
0.21549909433382824,
0.7370158288832127,
-0.01927361206474581
],
"r_thumb_mcp": [
0.47531489766648455,
0.32296048055294596,
-0.060172472584103444
],
"r_thumb_ip": [
0.5833709889524784,
-0.05862336467074703,
-0.10806078775984297
],
"r_thumb_tip": [
0.538764697626631,
-0.37231891641414067,
-0.14616153298575688
],
"r_index_mcp": [
0.2286716789030745,
-0.0239269292872051,
0.01980274417013722
],
"r_index_pip": [
0.2710496266418187,
-0.1987044564700832,
-0.16782150455030231
],
"r_index_dip": [
0.26570827303925726,
0.14463045289887802,
-0.28548936486589843
],
"r_index_tip": [
0.2800353965719865,
0.4086397039736532,
-0.3370168254212926
],
"r_middle_mcp": [
0.0,
0.0,
0.0
],
"r_middle_pip": [
0.05944113151700919,
-0.11823714638403543,
-0.22324631586602414
],
"r_middle_dip": [
0.10474920514452725,
0.29810529587454915,
-0.3058343711319989
],
"r_middle_tip": [
0.13876546319058716,
0.6085167035440432,
-0.3194149862968425
],
"r_ring_mcp": [
-0.20775977922355995,
0.06740066564821762,
-0.04539811207887759
],
"r_ring_pip": [
-0.15279921405170255,
-0.00565291992822889,
-0.25631482193588445
],
"r_ring_dip": [
-0.06440629341856707,
0.36813608163688644,
-0.26948885157400737
],
"r_ring_tip": [
-0.0002981106023569815,
0.6529130097793556,
-0.2263768562252319
],
"r_pinky_mcp": [
-0.40910288408310036,
0.16329865809568164,
-0.09995636770651
],
"r_pinky_pip": [
-0.3516412600305659,
0.12196798256839624,
-0.23967530392466907
],
"r_pinky_dip": [
-0.24652363339145378,
0.36990351932129917,
-0.2471728661187698
],
"r_pinky_tip": [
-0.15442716705503787,
0.5728935289071474,
-0.220111558748455
],
"l_hand_velocity": null,
"r_hand_velocity": null,
"m_nose_point": [
0.0,
0.0,
0.0
],
"m_top_nose": [
-0.027951439122812817,
-0.3288497446571289,
0.2385334251069915
],
"m_eyebrows": [
-0.046493884613226746,
-0.5988499191804397,
0.33737796878477955
],
"m_forehead": [
-0.07224366470382682,
-0.9219168534593185,
0.4910720662325279
],
"m_top_chin": [
0.03407176588165941,
0.6219022433891267,
0.05930865315991905
],
"m_bot_up_lip": [
0.009926191784964058,
0.3946056935695973,
0.07541249264122035
],
"m_top_low_lip": [
0.010863390506250249,
0.39900232372687755,
0.07831625652542426
],
"m_bot_nose": [
-0.017030532615113513,
0.08833454636503421,
0.07165402815699477
],
"m_chin": [
0.05528001116016569,
0.9970184838165442,
0.05383552074877322
],
"m_nose": [
-0.02228990279412964,
-0.2708956852900584,
0.1770583567922011
],
"l_eye_exterior": [
-0.41275890286415834,
-0.21019891520272527,
0.416253306481266
],
"l_temple": [
-0.6259916756782022,
-0.3929065192942302,
0.7286325471478559
],
"l_mid_chin": [
-0.15296937910972236,
0.8073300422468386,
0.07325114218269756
],
"l_up_lip": [
-0.12454488202150295,
0.31968642014719845,
0.07836357346847682
],
"l_ext_nostril": [
-0.16980328725476584,
0.054203035179544,
0.11816149758161028
],
"l_mid_cheek": [
-0.42568573565495305,
0.11934926989060476,
0.2877990510082544
],
"l_mid_eyebrow": [
-0.39792869169982853,
-0.4970561826158498,
0.37710041707915104
],
"l_ext_eyebrow": [
-0.4683342965899054,
-0.4451988194023794,
0.4092078192339947
],
"l_ext_lips": [
-0.2569306663800844,
0.49137480549596907,
0.1694870885781949
],
"l_jaw_angle": [
-0.5099092254978087,
0.6739680463752904,
0.5715229076547541
],
"l_mid_ext_face": [
-0.6066226048646368,
0.3266222257172879,
0.750673604063623
],
"l_int_eyebrow": [
-0.18935783602649264,
-0.5909037937709428,
0.3370890511961052
],
"l_mid_jaw": [
-0.3748571954906586,
0.8667536577439563,
0.34146244784262575
],
"l_mid_bot_eyelid": [
-0.3130546914219792,
-0.203224988561908,
0.3722833544258133
],
"l_ext_mouth": [
-0.17505240264282593,
0.5052684867297272,
0.12945756781387774
],
"l_top_eyelid": [
-0.3335263751935565,
-0.32711289517151027,
0.3820048335530035
],
"l_eye_int": [
-0.20688951581702272,
-0.2856090810095847,
0.3981477903245345
],
"l_pupil": [
-0.32889789758857463,
-0.25586751207422953,
0.3956254879441272
],
"r_eye_exterior": [
0.36817775969447,
-0.33427698130549055,
0.4861173302239774
],
"r_temple": [
0.4865006587685187,
-0.519442614203109,
0.7922740584837974
],
"r_mid_chin": [
0.23282967833102394,
0.7536357338708091,
0.09005435562057236
],
"r_up_lip": [
0.1303490937026179,
0.2965097008656101,
0.0895566499307076
],
"r_ext_nostril": [
0.17124163315146862,
0.024773122717156964,
0.17459876050785036
],
"r_mid_cheek": [
0.40482749085038094,
0.019386905232619465,
0.327652619727986
],
"r_mid_eyebrow": [
0.35361952342071323,
-0.5608211415711805,
0.44783588905602695
],
"r_ext_eyebrow": [
0.2828084084273967,
-0.5957168576131333,
0.4073678227138006
],
"r_ext_lips": [
0.25799716463951183,
0.4892937517226088,
0.16158505458986697
],
"r_jaw_angle": [
0.5138912054120841,
0.5438976154703908,
0.6321181051523189
],
"r_mid_ext_face": [
0.5453845601590156,
0.1883446180939889,
0.8182034088812471
],
"r_int_eyebrow": [
0.07787844940392903,
-0.6347024518046382,
0.34743752161816166
],
"r_mid_jaw": [
0.4312603291907481,
0.75642994147609,
0.3864809940727526
],
"r_mid_bot_eyelid": [
0.24298950100559502,
-0.2804892651596659,
0.4015138557901531
],
"r_ext_mouth": [
0.29371460153937645,
0.41822938797872583,
0.19435373749683604
],
"r_top_eyelid": [
0.24395568065784393,
-0.40452787261027423,
0.4116856888313058
],
"r_eye_int": [
0.12825488704520532,
-0.3295684717450039,
0.4177223331519976
],
"r_pupil": [
0.23504560489847987,
-0.33569927622504475,
0.42468243811804807
],
"l_shoulder": [
0.4999726978691988,
-0.001507038769492059,
0.005003021041535955
],
"l_elbow": [
0.7816387176220795,
0.8550896546375153,
-0.16490827338787076
],
"l_hip": [
0.3525817528625174,
1.8824361129492035,
0.4448144084505854
],
"l_knee": [
0.33895569429464795,
3.5000037988577914,
0.28296736527458405
],
"l_ankle": [
0.385888361520169,
4.941275329002226,
1.6925581607047553
],
"l_body_wrist": [
0.7981378574009865,
1.4972196920727818,
-1.1506413035044893
],
"r_shoulder": [
-0.4999726978691988,
0.001507038769492059,
-0.005003021041535955
],
"r_elbow": [
-0.9987981545460857,
0.9242141482357654,
-1.1426669815718697
],
"r_hip": [
-0.34260457648553705,
1.9019677978954703,
0.8221764064642657
],
"r_knee": [
-0.36377032536690607,
3.4994253606194508,
0.4862013070954164
],
"r_ankle": [
-0.25875375513840887,
4.9154392774927205,
1.1459319378276358
],
"r_body_wrist": [
-0.7226784855056589,
0.07823264761910008,
-3.475869238200468
],
"m_face_position": [
0.058449625968933105,
-0.14256620407104492,
-0.5365559756755829
],
"m_body_position": [
0.08267544209957123,
0.19228020310401917,
-0.732343502342701
],
"m_face_scale": [
0.13368452226004682,
0.13368452226004682,
0.13368452226004682
],
"m_body_scale": [
0.37116483014115365,
0.37116483014115365,
0.37116483014115365
],
"l_hand_scale": null,
"r_hand_scale": [
0.157253894176189,
0.157253894176189,
0.157253894176189
]
}
],
"framerate": 30,
"mirrorable": true,
"invalid": false
}