{
"label": "a",
"gestures": [
{
"l_hand_position": [
0.30564987659454346,
-0.13659420609474182,
-0.48504226095974445
],
"l_wrist": [
0.18650071355670375,
0.9808984707803178,
-0.055278149966099234
],
"l_thumb_cmc": [
-0.1276875742846342,
0.728182149236828,
-0.10988870657184899
],
"l_thumb_mcp": [
-0.33636661891569997,
0.35547885172158067,
-0.129495824736386
],
"l_thumb_ip": [
-0.42404447425049513,
0.042931763463465056,
-0.16351159828010475
],
"l_thumb_tip": [
-0.4620700399530296,
-0.2443562477840734,
-0.18402187800816677
],
"l_index_mcp": [
-0.1414026371284029,
0.010873745701938584,
0.025276622548666167
],
"l_index_pip": [
-0.3260663349121803,
-0.09637163159972509,
-0.11220924681264471
],
"l_index_dip": [
-0.3025598017861701,
0.18777528091522153,
-0.20786430252988763
],
"l_index_tip": [
-0.24632024672163905,
0.4037790404758907,
-0.24711406358319754
],
"l_middle_mcp": [
0.0,
0.0,
0.0
],
"l_middle_pip": [
-0.2013008051411721,
-0.08476869636346125,
-0.16632258070778888
],
"l_middle_dip": [
-0.1551522816839641,
0.2713505778233213,
-0.23597228208165708
],
"l_middle_tip": [
-0.0892644290293261,
0.5180570604152033,
-0.236940570011847
],
"l_ring_mcp": [
0.15282649636665846,
0.020402108629172848,
-0.0510009127216199
],
"l_ring_pip": [
-0.05580012503251808,
-0.020464884348031842,
-0.21210522910356805
],
"l_ring_dip": [
-0.00694211344308384,
0.3396349210786114,
-0.21448185449318646
],
"l_ring_tip": [
0.057450796039989295,
0.5791640464809484,
-0.16567161990644963
],
"l_pinky_mcp": [
0.31209179909712775,
0.07861865830640176,
-0.10977754811967202
],
"l_pinky_pip": [
0.10264600963326143,
0.03737170703084,
-0.22536549838412936
],
"l_pinky_dip": [
0.10078872941775605,
0.30654583966803595,
-0.22120458331878415
],
"l_pinky_tip": [
0.14639914381821836,
0.4893337549191706,
-0.1793695226770697
],
"r_hand_position": null,
"r_wrist": null,
"r_thumb_cmc": null,
"r_thumb_mcp": null,
"r_thumb_ip": null,
"r_thumb_tip": null,
"r_index_mcp": null,
"r_index_pip": null,
"r_index_dip": null,
"r_index_tip": null,
"r_middle_mcp": null,
"r_middle_pip": null,
"r_middle_dip": null,
"r_middle_tip": null,
"r_ring_mcp": null,
"r_ring_pip": null,
"r_ring_dip": null,
"r_ring_tip": null,
"r_pinky_mcp": null,
"r_pinky_pip": null,
"r_pinky_dip": null,
"r_pinky_tip": null,
"l_hand_velocity": null,
"r_hand_velocity": null,
"m_nose_point": [
0.0,
0.0,
0.0
],
"m_top_nose": [
-0.038041101519207976,
-0.40036226760698945,
0.19408198208599153
],
"m_eyebrows": [
-0.05889396533532048,
-0.7010587139935324,
0.2506593707928215
],
"m_forehead": [
-0.08580580694830604,
-1.0900736380265215,
0.3582055128339275
],
"m_top_chin": [
0.008992618037560221,
0.6193950981630997,
0.15136592755165346
],
"m_bot_up_lip": [
-0.01069253314270287,
0.4128652961156236,
0.1419444613610599
],
"m_top_low_lip": [
-0.011052804751208309,
0.42616028814461115,
0.1380606560338363
],
"m_bot_nose": [
-0.02643632784399547,
0.07571167525057934,
0.09041460760675019
],
"m_chin": [
0.021288471723705002,
0.9788098495044185,
0.2036616789796413
],
"m_nose": [
-0.029313279384379495,
-0.3256497306992528,
0.14004385147400525
],
"l_eye_exterior": [
-0.4637603739525793,
-0.32866691218249194,
0.3682511025010698
],
"l_temple": [
-0.7009539144883667,
-0.5994371326126278,
0.6472308117483364
],
"l_mid_chin": [
-0.1889915489152063,
0.7918143395630436,
0.17854878870346488
],
"l_up_lip": [
-0.15111454626529688,
0.3262619313673291,
0.12095560993081561
],
"l_ext_nostril": [
-0.19362622311696315,
0.022074095060471782,
0.12097778891861925
],
"l_mid_cheek": [
-0.4780587932721298,
0.04560400815800463,
0.2876657152344549
],
"l_mid_eyebrow": [
-0.4445212733352277,
-0.6253696023374816,
0.2865745036441947
],
"l_ext_eyebrow": [
-0.5226675790830363,
-0.5811020675843209,
0.32117425454473914
],
"l_ext_lips": [
-0.3020810305962494,
0.4618133781635496,
0.22440949271347949
],
"l_jaw_angle": [
-0.5962838236582659,
0.5438477082578067,
0.673516676779644
],
"l_mid_ext_face": [
-0.6911290541170799,
0.1561244101545863,
0.7992358041650642
],
"l_int_eyebrow": [
-0.20934297880001906,
-0.7009964310135941,
0.2439054494356431
],
"l_mid_jaw": [
-0.44416827429024797,
0.7839968932008464,
0.4634420361318392
],
"l_mid_bot_eyelid": [
-0.3576896619778179,
-0.3104045727894424,
0.3271852409979294
],
"l_ext_mouth": [
-0.20525467924263124,
0.5113171586552366,
0.18743410146477285
],
"l_top_eyelid": [
-0.37507593717999865,
-0.42580728909963145,
0.3240114866997134
],
"l_eye_int": [
-0.23702198262697532,
-0.38653973500840466,
0.35146703401949203
],
"l_pupil": [
-0.36526263831995787,
-0.36079187651151173,
0.3465785368614129
],
"r_eye_exterior": [
0.3483841372326634,
-0.4158722214195316,
0.4871237173739747
],
"r_temple": [
0.4659751492601461,
-0.6844379227214318,
0.7753028698388138
],
"r_mid_chin": [
0.2015406369928368,
0.7469754423831434,
0.2185559531814591
],
"r_up_lip": [
0.11435639954242299,
0.30785731079555817,
0.15071488160436042
],
"r_ext_nostril": [
0.16360918335447833,
-0.004971076883818854,
0.2024396785218322
],
"r_mid_cheek": [
0.38821317052327414,
-0.02868634711326392,
0.37835403936184725
],
"r_mid_eyebrow": [
0.3420223224315394,
-0.6639660293484748,
0.4088148861480149
],
"r_ext_eyebrow": [
0.27399289845197383,
-0.6983824106160634,
0.35703695522875817
],
"r_ext_lips": [
0.22785799315659083,
0.48029781045811576,
0.2590706878162279
],
"r_jaw_angle": [
0.45646897635207656,
0.440914268302453,
0.795194263461627
],
"r_mid_ext_face": [
0.4920881277412283,
0.05397230458827903,
0.9338654535343983
],
"r_int_eyebrow": [
0.0659655077461607,
-0.7407993576659073,
0.26904994010754
],
"r_mid_jaw": [
0.37825013144499847,
0.693080152377842,
0.5560859175542107
],
"r_mid_bot_eyelid": [
0.22578065065206154,
-0.3543265675371369,
0.3922085118007241
],
"r_ext_mouth": [
0.2646504514612272,
0.40605799017955163,
0.2886363839385917
],
"r_top_eyelid": [
0.228241760739564,
-0.4715554431962358,
0.390348437131526
],
"r_eye_int": [
0.10801621595588833,
-0.4104297332384551,
0.39517957544122073
],
"r_pupil": [
0.22119110363936179,
-0.4097807968007745,
0.41109217753050487
],
"l_shoulder": [
0.49904845430420297,
-0.028153218331685558,
-0.012571259052069855
],
"l_elbow": [
1.010154663733546,
0.7573284443564737,
-1.1401394493291888
],
"l_hip": [
0.3540488839282883,
1.7525535133047867,
0.24178444030787352
],
"l_knee": [
0.30842248842712444,
3.2852522596145266,
0.12114761503114986
],
"l_ankle": [
0.26776383410428395,
4.547710200482217,
1.5287967293427338
],
"l_body_wrist": [
0.8250119567026105,
-0.2548155502252497,
-2.463497817729405
],
"r_shoulder": [
-0.49904845430420297,
0.028153218331685558,
0.012571259052069855
],
"r_elbow": [
-0.5819205810463876,
1.1823814468260085,
0.20442189458444698
],
"r_hip": [
-0.33914685112706183,
1.7368097718331539,
0.7878924782599928
],
"r_knee": [
-0.310415146325468,
3.2403753259402204,
1.336187911609906
],
"r_ankle": [
-0.29526186870434074,
4.48759355592563,
2.9255625022161804
],
"r_body_wrist": [
-0.6475259127941253,
1.8724015650303234,
-0.6902648314994162
],
"m_face_position": [
0.025520682334899902,
-0.0995146632194519,
-0.5464348271489143
],
"m_body_position": [
0.006414279341697693,
0.25223806500434875,
-0.7159010246396065
],
"m_face_scale": [
0.15981855215259877,
0.15981855215259877,
0.15981855215259877
],
"m_body_scale": [
0.4254851122775867,
0.4254851122775867,
0.4254851122775867
],
"l_hand_scale": [
0.2706034127485374,
0.2706034127485374,
0.2706034127485374
],
"r_hand_scale": null
}
],
"framerate": 30,
"mirrorable": true,
"invalid": false
}