{
"label": "a",
"gestures": [
{
"l_hand_position": null,
"l_wrist": null,
"l_thumb_cmc": null,
"l_thumb_mcp": null,
"l_thumb_ip": null,
"l_thumb_tip": null,
"l_index_mcp": null,
"l_index_pip": null,
"l_index_dip": null,
"l_index_tip": null,
"l_middle_mcp": null,
"l_middle_pip": null,
"l_middle_dip": null,
"l_middle_tip": null,
"l_ring_mcp": null,
"l_ring_pip": null,
"l_ring_dip": null,
"l_ring_tip": null,
"l_pinky_mcp": null,
"l_pinky_pip": null,
"l_pinky_dip": null,
"l_pinky_tip": null,
"r_hand_position": [
-0.18050822615623474,
-0.06253683567047119,
-0.5152575504034758
],
"r_wrist": [
-0.34432706015426245,
0.9318475935125141,
0.1144505924425876
],
"r_thumb_cmc": [
0.05842175013365749,
0.8591697112622863,
0.0008908336045772269
],
"r_thumb_mcp": [
0.4630220467974506,
0.5801201767414282,
-0.04568119833190648
],
"r_thumb_ip": [
0.7003677561014046,
0.2626047943845099,
-0.09704178138071273
],
"r_thumb_tip": [
0.7412728176355031,
-0.08539550564441724,
-0.1330994617841839
],
"r_index_mcp": [
0.24248770859536425,
0.05067845943079331,
0.02994580667776016
],
"r_index_pip": [
0.33543804768415,
-0.23858219459071497,
-0.18967648809483825
],
"r_index_dip": [
0.2739596236532075,
0.14371196115322127,
-0.32019479243179516
],
"r_index_tip": [
0.23486536140002814,
0.4399640888428121,
-0.37491477142434015
],
"r_middle_mcp": [
0.0,
0.0,
0.0
],
"r_middle_pip": [
0.11470429800569569,
-0.24562821579269184,
-0.2657481379418223
],
"r_middle_dip": [
0.089586276424678,
0.2533221007373976,
-0.3625215829013155
],
"r_middle_tip": [
0.05401971943728948,
0.5948430926726356,
-0.375845600499146
],
"r_ring_mcp": [
-0.23242614770198988,
-0.0014318727647268826,
-0.05784563372354836
],
"r_ring_pip": [
-0.12299507604670445,
-0.21590539870693654,
-0.31927245846472696
],
"r_ring_dip": [
-0.10397318848931476,
0.2741834026754544,
-0.3263398292137813
],
"r_ring_tip": [
-0.11286153029302688,
0.6108375920988884,
-0.2671881704810866
],
"r_pinky_mcp": [
-0.4685013912882322,
0.028277083882088043,
-0.12411865185052483
],
"r_pinky_pip": [
-0.375456935347932,
-0.0723778708138089,
-0.3107182203061178
],
"r_pinky_dip": [
-0.3203820341074402,
0.2654115332699347,
-0.3181913442273781
],
"r_pinky_tip": [
-0.2933331639598423,
0.5241597722970203,
-0.28108946418301023
],
"l_hand_velocity": null,
"r_hand_velocity": null,
"m_nose_point": [
0.0,
0.0,
0.0
],
"m_top_nose": [
0.006138926869610809,
-0.2886590575750713,
0.25838002714945335
],
"m_eyebrows": [
-0.0020113380705439206,
-0.5354814492491463,
0.372528133515797
],
"m_forehead": [
-0.011178685138470423,
-0.8271435767882309,
0.5491754043885371
],
"m_top_chin": [
0.04808379766680718,
0.5882847801471742,
0.0031587105259157193
],
"m_bot_up_lip": [
0.049849754248605126,
0.3860660708576557,
0.04800494856141184
],
"m_top_low_lip": [
0.05025843075311765,
0.3994591154236379,
0.036437079712229654
],
"m_bot_nose": [
-0.0039533196558966715,
0.0938867326940364,
0.0684215855599921
],
"m_chin": [
0.08095833268232545,
0.9964810568445148,
-0.021708332946969524
],
"m_nose": [
0.00334666989302201,
-0.2398151918442862,
0.1929187947625557
],
"l_eye_exterior": [
-0.3203637506093588,
-0.13932686306930042,
0.4899777786762151
],
"l_temple": [
-0.4941456425228535,
-0.27741825887549615,
0.8507944674622419
],
"l_mid_chin": [
-0.12642019182984873,
0.8014047486343984,
0.0356212082104041
],
"l_up_lip": [
-0.08194117553259779,
0.3400853549664871,
0.0743443495550692
],
"l_ext_nostril": [
-0.13846276027753576,
0.07400929572777602,
0.1396964991155744
],
"l_mid_cheek": [
-0.36113438977436285,
0.17465652986756688,
0.3454883225582599
],
"l_mid_eyebrow": [
-0.3282005944708648,
-0.4230071785238765,
0.4559068168558307
],
"l_ext_eyebrow": [
-0.38997834727706265,
-0.37184601605053325,
0.49895958068506413
],
"l_ext_lips": [
-0.21658801222933077,
0.5043298522360037,
0.1707059948964989
],
"l_jaw_angle": [
-0.38771504324133055,
0.7319832966089991,
0.6168273606760508
],
"l_mid_ext_face": [
-0.4619062900014594,
0.4138347833573443,
0.8294275670541189
],
"l_int_eyebrow": [
-0.1356266067913323,
-0.5192390822440763,
0.38898697204273397
],
"l_mid_jaw": [
-0.2966530509409978,
0.895546520049296,
0.34934504245768583
],
"l_mid_bot_eyelid": [
-0.2350263021278744,
-0.1389190644949802,
0.4322434568295573
],
"l_ext_mouth": [
-0.13420611574020175,
0.5268948530034219,
0.11551590102944773
],
"l_top_eyelid": [
-0.2485069202305378,
-0.23041080362444052,
0.4472403975509037
],
"l_eye_int": [
-0.13188091762591297,
-0.2290550599249916,
0.4457710304798491
],
"l_pupil": [
-0.23662676886842507,
-0.18345975538823975,
0.45709932041015006
],
"r_eye_exterior": [
0.4522920764656556,
-0.27857229811326567,
0.4383795990143394
],
"r_temple": [
0.6069416746635988,
-0.46677858308613907,
0.7357734309904032
],
"r_mid_chin": [
0.26915627731837205,
0.7483994937921431,
-0.0011098135043327514
],
"r_up_lip": [
0.17294698030062378,
0.3041808633748166,
0.04450505241451614
],
"r_ext_nostril": [
0.1945905933312302,
0.04273149624949116,
0.14592301323952572
],
"r_mid_cheek": [
0.4608014148544583,
0.047213768846244536,
0.26179036755790547
],
"r_mid_eyebrow": [
0.4226487635228728,
-0.5174988051204029,
0.41823951002633153
],
"r_ext_eyebrow": [
0.34282208285841337,
-0.5485059826169134,
0.3915975523401551
],
"r_ext_lips": [
0.28921303152640837,
0.48820205512102793,
0.07870999461284012
],
"r_jaw_angle": [
0.6303911900997525,
0.5732890740151606,
0.5071697643608429
],
"r_mid_ext_face": [
0.6792826835434695,
0.2324232391077248,
0.7073583423866386
],
"r_int_eyebrow": [
0.1231305873993258,
-0.573984833692553,
0.3662459805659091
],
"r_mid_jaw": [
0.5219984168384542,
0.7764730675511056,
0.26570040436263603
],
"r_mid_bot_eyelid": [
0.31401192566811686,
-0.22620156731749036,
0.3712565545147046
],
"r_ext_mouth": [
0.32802105774654083,
0.42618045720392056,
0.11088121152071669
],
"r_top_eyelid": [
0.30998661573645214,
-0.33807006621007785,
0.3854491465679994
],
"r_eye_int": [
0.19276010888029868,
-0.2730373872159526,
0.4047790431651131
],
"r_pupil": [
0.3151317256283869,
-0.2818768273570576,
0.3968404691425751
],
"l_shoulder": [
0.4096611561916742,
0.00791133817801821,
-0.28655740757470183
],
"l_elbow": [
0.7625748883614987,
0.7969279078462177,
-0.7772797316576441
],
"l_hip": [
0.26955941268533984,
1.6017250930273834,
-0.2045714930517265
],
"l_knee": [
0.21983917867256592,
2.995795246719769,
-0.7378502678541248
],
"l_ankle": [
0.2028933942419654,
4.236227168427259,
0.2168662987859578
],
"l_body_wrist": [
0.6010108336698466,
1.1407207044139678,
-1.4759013518609048
],
"r_shoulder": [
-0.4096611561916742,
-0.00791133817801821,
0.28655740757470183
],
"r_elbow": [
-0.9273382829756269,
0.7954928253064969,
-0.879036540449823
],
"r_hip": [
-0.36605562169597144,
1.5808166757920337,
0.42803772306752597
],
"r_knee": [
-0.367687916665452,
2.9694746296112093,
0.7807979053052811
],
"r_ankle": [
-0.36324931388986664,
4.1758818362125485,
1.7396374268957395
],
"r_body_wrist": [
-0.8085003847560173,
-0.10945610182591094,
-2.96535338077119
],
"m_face_position": [
0.0849306583404541,
-0.166677325963974,
-0.536077082157135
],
"m_body_position": [
0.1139848381280899,
0.169830322265625,
-0.5453043505549431
],
"m_face_scale": [
0.13578447420675724,
0.13578447420675724,
0.13578447420675724
],
"m_body_scale": [
0.42796580877161133,
0.42796580877161133,
0.42796580877161133
],
"l_hand_scale": null,
"r_hand_scale": [
0.13331064015984545,
0.13331064015984545,
0.13331064015984545
]
}
],
"framerate": 30,
"mirrorable": true,
"invalid": false
}