{
"label": "a",
"gestures": [
{
"l_hand_position": [
-0.16701668500900269,
-0.08410719037055969,
-0.5030933315865695
],
"l_wrist": [
0.3799771339650693,
0.9249145672573286,
0.012264621432406713
],
"l_thumb_cmc": [
0.04102783114136597,
0.8104659615044237,
-0.05931414273409646
],
"l_thumb_mcp": [
-0.25012784473695576,
0.4902210512662961,
-0.09801506441959704
],
"l_thumb_ip": [
-0.44676194693321564,
0.2584390039002319,
-0.1486445291604055
],
"l_thumb_tip": [
-0.6495995454167278,
0.13719387236446567,
-0.18969169950480466
],
"l_index_mcp": [
-0.16551923036550292,
0.09904106712856893,
0.023157002159255004
],
"l_index_pip": [
-0.3449506313078187,
0.0773829326147884,
-0.14421394581615488
],
"l_index_dip": [
-0.25070379545586025,
0.3628346516504402,
-0.26022134452003687
],
"l_index_tip": [
-0.14759254262917643,
0.5671927931256836,
-0.3104013316111277
],
"l_middle_mcp": [
0.0,
0.0,
0.0
],
"l_middle_pip": [
-0.19786466056069127,
0.04170885474947753,
-0.173792363026711
],
"l_middle_dip": [
-0.06539930459499675,
0.3764213208359412,
-0.23611420798059238
],
"l_middle_tip": [
0.04872285422878552,
0.6087260142268353,
-0.23567515340783424
],
"l_ring_mcp": [
0.17573021137480216,
-0.03720644007967505,
-0.04831409564779204
],
"l_ring_pip": [
-0.026117999982104328,
0.08337669679641867,
-0.21031702602283164
],
"l_ring_dip": [
0.09946762287339271,
0.4317452109052388,
-0.2047757903277611
],
"l_ring_tip": [
0.20433273014658251,
0.6617732856325708,
-0.1542679823229166
],
"l_pinky_mcp": [
0.3521434556255635,
-0.022204537176102598,
-0.1073823745433268
],
"l_pinky_pip": [
0.15011736496803085,
0.09235753311407871,
-0.21346092446917259
],
"l_pinky_dip": [
0.20554408227423532,
0.35383407723098315,
-0.2038467846547816
],
"l_pinky_tip": [
0.2768262867425651,
0.5254217692651567,
-0.16396184279396697
],
"r_hand_position": null,
"r_wrist": null,
"r_thumb_cmc": null,
"r_thumb_mcp": null,
"r_thumb_ip": null,
"r_thumb_tip": null,
"r_index_mcp": null,
"r_index_pip": null,
"r_index_dip": null,
"r_index_tip": null,
"r_middle_mcp": null,
"r_middle_pip": null,
"r_middle_dip": null,
"r_middle_tip": null,
"r_ring_mcp": null,
"r_ring_pip": null,
"r_ring_dip": null,
"r_ring_tip": null,
"r_pinky_mcp": null,
"r_pinky_pip": null,
"r_pinky_dip": null,
"r_pinky_tip": null,
"l_hand_velocity": null,
"r_hand_velocity": null,
"m_nose_point": [
0.0,
0.0,
0.0
],
"m_top_nose": [
0.03543470585104576,
-0.35024227207619046,
0.22833006200732917
],
"m_eyebrows": [
0.06033095168310828,
-0.6452031995766017,
0.3160940026916073
],
"m_forehead": [
0.09263811931555001,
-1.0025198348670832,
0.47162054469200154
],
"m_top_chin": [
-0.05234542365436407,
0.6163932932810577,
0.08718290690855451
],
"m_bot_up_lip": [
-0.015772805853858422,
0.3664852772977661,
0.10698302316449937
],
"m_top_low_lip": [
-0.018054280006413258,
0.37448259716018345,
0.10322760051069979
],
"m_bot_nose": [
-0.025264003644744182,
0.07765905126581613,
0.08009836402535024
],
"m_chin": [
-0.0812558061993313,
0.9922167201951602,
0.09435822234472195
],
"m_nose": [
0.028135806470561565,
-0.28518033845812996,
0.16820788182215368
],
"l_eye_exterior": [
-0.3546167967057311,
-0.3689740911924073,
0.4267880237745494
],
"l_temple": [
-0.538879674630544,
-0.6311785330647891,
0.7591745577730084
],
"l_mid_chin": [
-0.26628662729210867,
0.7337146684329489,
0.1174353321694981
],
"l_up_lip": [
-0.1627295156584145,
0.27862776388387617,
0.09838849605917678
],
"l_ext_nostril": [
-0.17980089719552964,
0.000633811059932322,
0.12750417627086771
],
"l_mid_cheek": [
-0.44810761299377144,
-0.016113786377573953,
0.3126626961665874
],
"l_mid_eyebrow": [
-0.3022433674463933,
-0.7042894986491878,
0.37237569742021176
],
"l_ext_eyebrow": [
-0.3805978912357243,
-0.6689571115215769,
0.41050559728610414
],
"l_ext_lips": [
-0.33047301725993705,
0.4000929859190767,
0.19854423177431796
],
"l_jaw_angle": [
-0.5782577661924555,
0.4463162369282573,
0.6353845327380842
],
"l_mid_ext_face": [
-0.6045125295289465,
0.07857955128192715,
0.8112302523890749
],
"l_int_eyebrow": [
-0.07426054653593096,
-0.7278934332096325,
0.3197005515260395
],
"l_mid_jaw": [
-0.4921685365031364,
0.6882374965667971,
0.39815129468213
],
"l_mid_bot_eyelid": [
-0.2605346690916221,
-0.3329050829550262,
0.37798932420731507
],
"l_ext_mouth": [
-0.24194558029549076,
0.4486969590142279,
0.1527192929385086
],
"l_top_eyelid": [
-0.26004874727900734,
-0.4304714517563523,
0.38468574994001137
],
"l_eye_int": [
-0.134838389736571,
-0.3873693517225361,
0.40011718374442684
],
"l_pupil": [
-0.25306699909169084,
-0.3849151763393098,
0.4012122965579962
],
"r_eye_exterior": [
0.48210568044230395,
-0.24363181251075255,
0.47777595863914124
],
"r_temple": [
0.6455002063872444,
-0.49379998582445833,
0.7801701939991705
],
"r_mid_chin": [
0.1387152007198237,
0.7932521279751341,
0.12788395622647397
],
"r_up_lip": [
0.1378747869074096,
0.3087787455965404,
0.10996856805262244
],
"r_ext_nostril": [
0.1984685982161487,
0.047528705262079946,
0.18199274266440338
],
"r_mid_cheek": [
0.45068019804013243,
0.08551462346095406,
0.3345148371448635
],
"r_mid_eyebrow": [
0.4973898621883308,
-0.5177676247547596,
0.4282436396593804
],
"r_ext_eyebrow": [
0.4254537808652214,
-0.5775934928955342,
0.38512782854812916
],
"r_ext_lips": [
0.21640594253863646,
0.5342700503171447,
0.18326784215796443
],
"r_jaw_angle": [
0.4929526934424015,
0.595918493750027,
0.6607252447175043
],
"r_mid_ext_face": [
0.5877256259791964,
0.23198713109530605,
0.8355162708285514
],
"r_int_eyebrow": [
0.20326001329867585,
-0.676301458594343,
0.32311791090664166
],
"r_mid_jaw": [
0.3636304252328539,
0.8200240123508336,
0.41708036599522064
],
"r_mid_bot_eyelid": [
0.33741889861983104,
-0.22804939563807536,
0.3919763505104691
],
"r_ext_mouth": [
0.26542533210756497,
0.4728704637074064,
0.21615801462947326
],
"r_top_eyelid": [
0.34693810201569053,
-0.3163638426068002,
0.40033583167075837
],
"r_eye_int": [
0.22595462551867887,
-0.3016948015173898,
0.40928951069973424
],
"r_pupil": [
0.34869827885461113,
-0.2692412186168397,
0.415416243468096
],
"l_shoulder": [
0.42756643495780244,
0.07702948979654271,
0.2474942451839226
],
"l_elbow": [
0.7704216688800708,
0.7737128138125621,
-0.8655418563189161
],
"l_hip": [
0.28170960755353974,
1.6512680998218887,
0.12760433560671944
],
"l_knee": [
0.23909597165863516,
2.934082051841622,
-0.16517621962460885
],
"l_ankle": [
0.22729009982451187,
4.187096063285465,
0.6684919061638055
],
"l_body_wrist": [
0.17919151607139303,
0.19313388487983235,
-1.9966303017115243
],
"r_shoulder": [
-0.42756643495780244,
-0.07702948979654271,
-0.2474942451839226
],
"r_elbow": [
-0.7189878858037726,
0.5268796576261812,
-0.8320484661147713
],
"r_hip": [
-0.3729083286488085,
1.636689691342453,
0.06031441253066711
],
"r_knee": [
-0.34655844600349855,
2.9269631442545476,
-0.2205933654634001
],
"r_ankle": [
-0.34399751140753837,
4.182167046594221,
0.18602275729815332
],
"r_body_wrist": [
-0.16720315332928393,
0.9713987507734003,
-1.6964401592124843
],
"m_face_position": [
-0.07829266786575317,
-0.16975811123847961,
-0.5345001816749573
],
"m_body_position": [
-0.08114208281040192,
0.11513310670852661,
-0.53767304494977
],
"m_face_scale": [
0.12131374256622184,
0.12131374256622184,
0.12131374256622184
],
"m_body_scale": [
0.42280579078349523,
0.42280579078349523,
0.42280579078349523
],
"l_hand_scale": [
0.2521512904289356,
0.2521512904289356,
0.2521512904289356
],
"r_hand_scale": null
}
],
"framerate": 30,
"mirrorable": true,
"invalid": false
}