{
"label": "a",
"gestures": [
{
"l_hand_position": null,
"l_wrist": null,
"l_thumb_cmc": null,
"l_thumb_mcp": null,
"l_thumb_ip": null,
"l_thumb_tip": null,
"l_index_mcp": null,
"l_index_pip": null,
"l_index_dip": null,
"l_index_tip": null,
"l_middle_mcp": null,
"l_middle_pip": null,
"l_middle_dip": null,
"l_middle_tip": null,
"l_ring_mcp": null,
"l_ring_pip": null,
"l_ring_dip": null,
"l_ring_tip": null,
"l_pinky_mcp": null,
"l_pinky_pip": null,
"l_pinky_dip": null,
"l_pinky_tip": null,
"r_hand_position": [
-0.18773368000984192,
-0.061180055141448975,
-0.5115137072280049
],
"r_wrist": [
-0.3087632785516474,
0.947375254478793,
0.08453026096777382
],
"r_thumb_cmc": [
0.10965170463987145,
0.8230498767523915,
-0.0015827110130022472
],
"r_thumb_mcp": [
0.46154395060251974,
0.44755052995583855,
-0.03002545162768336
],
"r_thumb_ip": [
0.6691622902296005,
0.0835049801104617,
-0.06959949697010184
],
"r_thumb_tip": [
0.8387403182815003,
-0.1966139600163516,
-0.09808949860987377
],
"r_index_mcp": [
0.2404993226298476,
0.013099837190797417,
0.03509875036536181
],
"r_index_pip": [
0.32014640276622935,
-0.2711345317366323,
-0.16060176316300406
],
"r_index_dip": [
0.2932316865790939,
0.08527442413782017,
-0.2831838162364462
],
"r_index_tip": [
0.27060481441373946,
0.3605580800355504,
-0.3387611954356906
],
"r_middle_mcp": [
0.0,
0.0,
0.0
],
"r_middle_pip": [
0.11090718501936729,
-0.25897247581222027,
-0.2325890837681305
],
"r_middle_dip": [
0.11538472954463794,
0.20937925041379782,
-0.32959050530830275
],
"r_middle_tip": [
0.08431673197660489,
0.5258865542480343,
-0.35396212433339
],
"r_ring_mcp": [
-0.22766314069476515,
0.02950925894420447,
-0.05958861084109948
],
"r_ring_pip": [
-0.1276467775452838,
-0.22195221469524948,
-0.29216562636425236
],
"r_ring_dip": [
-0.08411587261996892,
0.23853930289483127,
-0.3052736412439978
],
"r_ring_tip": [
-0.08828643928319134,
0.556116981426958,
-0.2590524681057008
],
"r_pinky_mcp": [
-0.46188615543234396,
0.08065509653727708,
-0.12499851229484989
],
"r_pinky_pip": [
-0.37819541323715034,
-0.07808024587399597,
-0.2923931247477624
],
"r_pinky_dip": [
-0.2971147486730138,
0.2240520482961595,
-0.3022579885313019
],
"r_pinky_tip": [
-0.26228184157378787,
0.46958073167942144,
-0.27315786018567006
],
"l_hand_velocity": null,
"r_hand_velocity": null,
"m_nose_point": [
0.0,
0.0,
0.0
],
"m_top_nose": [
0.0026157383790490715,
-0.26433153055887837,
0.25948908771404255
],
"m_eyebrows": [
-0.011213313934619723,
-0.5109836333198539,
0.3769203570867706
],
"m_forehead": [
-0.026774165450969282,
-0.7898048082493759,
0.5570812170661741
],
"m_top_chin": [
0.06882140824522362,
0.5877761714021189,
-0.014951774257705837
],
"m_bot_up_lip": [
0.052629601116587835,
0.38861647125483856,
0.035064678984282616
],
"m_top_low_lip": [
0.05174480291283724,
0.3979661252835972,
0.02335775986242188
],
"m_bot_nose": [
0.002605859564152827,
0.09821131207524196,
0.06371408778847093
],
"m_chin": [
0.11449417610639966,
0.9922736966300526,
-0.047791156230489455
],
"m_nose": [
6.313851259773621e-05,
-0.21982661042391488,
0.19431917480424052
],
"l_eye_exterior": [
-0.2970134420746474,
-0.09918459009936761,
0.49513473918438283
],
"l_temple": [
-0.46649524946199933,
-0.2102336368891248,
0.858306363017728
],
"l_mid_chin": [
-0.0934785007125586,
0.809007291596065,
0.02116060941999547
],
"l_up_lip": [
-0.0746181250208634,
0.35165982472798807,
0.06835326516648556
],
"l_ext_nostril": [
-0.12919771829523166,
0.09059861141345778,
0.13945258585037293
],
"l_mid_cheek": [
-0.34287047130932297,
0.21367533009623815,
0.3501488358294624
],
"l_mid_eyebrow": [
-0.3143907069908325,
-0.3730822495873397,
0.46781702415727455
],
"l_ext_eyebrow": [
-0.3715040015292419,
-0.31729400478610054,
0.5124648112837539
],
"l_ext_lips": [
-0.19515727681638237,
0.5189532598589763,
0.16624158294598945
],
"l_jaw_angle": [
-0.3340456830111387,
0.7710872458599852,
0.6017920353268283
],
"l_mid_ext_face": [
-0.41273774539247504,
0.4682560408388321,
0.8186866779165916
],
"l_int_eyebrow": [
-0.13875310938204688,
-0.48664030060389746,
0.39638182376691483
],
"l_mid_jaw": [
-0.2457711701804452,
0.9169032783791556,
0.3330325004806455
],
"l_mid_bot_eyelid": [
-0.21558666602181586,
-0.10501652699768096,
0.4356807158299803
],
"l_ext_mouth": [
-0.1152488316617345,
0.5370486716667493,
0.10940992858824296
],
"l_top_eyelid": [
-0.23295791774632502,
-0.19160820518648378,
0.45191496428022193
],
"l_eye_int": [
-0.1210665946082402,
-0.1971603139150187,
0.44615268913369055
],
"l_pupil": [
-0.21839955118509868,
-0.14892979202309764,
0.4603607872797913
],
"r_eye_exterior": [
0.44942208023914204,
-0.27252729605638654,
0.4165162444449572
],
"r_temple": [
0.5952840707232647,
-0.4621724089175101,
0.7043594215684116
],
"r_mid_chin": [
0.29278831589489274,
0.7366512004295961,
-0.02858370663174658
],
"r_up_lip": [
0.17328772820455288,
0.2965454869081492,
0.028993516382306544
],
"r_ext_nostril": [
0.1987819428559218,
0.04158186470990299,
0.13279936508538648
],
"r_mid_cheek": [
0.4665235973656146,
0.03814317809862764,
0.23845594801668474
],
"r_mid_eyebrow": [
0.40976851724561686,
-0.5090486741412634,
0.4053567002555472
],
"r_ext_eyebrow": [
0.3289877297842615,
-0.5350752710128016,
0.38258764259604555
],
"r_ext_lips": [
0.309413931851581,
0.47195050285318196,
0.05489068198748002
],
"r_jaw_angle": [
0.6533551807929187,
0.5588890133475811,
0.45456427183869424
],
"r_mid_ext_face": [
0.6916119652628531,
0.22537635682714854,
0.655053343704662
],
"r_int_eyebrow": [
0.11491896514693817,
-0.5523245408490267,
0.3660730022393059
],
"r_mid_jaw": [
0.5473615101478917,
0.7593978159987356,
0.22008015436914086
],
"r_mid_bot_eyelid": [
0.3129363736326289,
-0.22012490768241233,
0.3547789598642059
],
"r_ext_mouth": [
0.3465299279578448,
0.4083165462127145,
0.0855520537216987
],
"r_top_eyelid": [
0.3047180586663358,
-0.3213073807161226,
0.37000180423908174
],
"r_eye_int": [
0.19681777674633372,
-0.25870618974600385,
0.39172922408605204
],
"r_pupil": [
0.31682390205114663,
-0.2747953431024569,
0.38041622270817904
],
"l_shoulder": [
0.3886492677621406,
0.008857382328880444,
-0.3144412400532602
],
"l_elbow": [
0.7247490124393013,
0.7874805704113834,
-0.5021870519272844
],
"l_hip": [
0.24845705198473836,
1.5464967680144717,
-0.16051719318384897
],
"l_knee": [
0.19179231904431268,
2.895557001200966,
-0.5558153691402026
],
"l_ankle": [
0.16865895066229916,
4.092056510644635,
0.4326221413223495
],
"l_body_wrist": [
0.6371144857831305,
1.2381520982860732,
-0.9513238374020087
],
"r_shoulder": [
-0.3886492677621406,
-0.008857382328880444,
0.3144412400532602
],
"r_elbow": [
-0.9194466857036797,
0.7815637709878851,
-0.7369086959611597
],
"r_hip": [
-0.36639479433966055,
1.530796382282623,
0.4303816779217051
],
"r_knee": [
-0.36599040682545303,
2.8907024613691945,
0.7206507589194604
],
"r_ankle": [
-0.36938727544237676,
4.0536801895366645,
1.6249029482114683
],
"r_body_wrist": [
-0.7817538844103689,
-0.07744466317233163,
-2.777575914740403
],
"m_face_position": [
0.07518714666366577,
-0.1669735610485077,
-0.5355490632355213
],
"m_body_position": [
0.11909297108650208,
0.16109973192214966,
-0.5571397319436073
],
"m_face_scale": [
0.13877239772507047,
0.13877239772507047,
0.13877239772507047
],
"m_body_scale": [
0.4415950282169962,
0.4415950282169962,
0.4415950282169962
],
"l_hand_scale": null,
"r_hand_scale": [
0.13620740606815832,
0.13620740606815832,
0.13620740606815832
]
}
],
"framerate": 30,
"mirrorable": true,
"invalid": false
}