{
"label": "w",
"gestures": [
{
"l_hand_position": [
0.20633405447006226,
0.05505728721618652,
-0.5304487198591232
],
"l_wrist": [
0.023275166403681744,
0.9905136175513316,
0.13542909611400125
],
"l_thumb_cmc": [
-0.15959799762910018,
0.8102560101190249,
0.003393010983135385
],
"l_thumb_mcp": [
-0.20850991346880032,
0.47218007579134913,
-0.030192648853356187
],
"l_thumb_ip": [
-0.027216793763895197,
0.2948834608251592,
-0.03696210156283295
],
"l_thumb_tip": [
0.1731413104703609,
0.18997700091361858,
-0.04879984138674546
],
"l_index_mcp": [
-0.1867911967713207,
0.010976271024678344,
-0.0017238903307339926
],
"l_index_pip": [
-0.30250028189633843,
-0.3801359985438626,
-0.06045926286904084
],
"l_index_dip": [
-0.36377153776382654,
-0.6167236443595748,
-0.10257778342319687
],
"l_index_tip": [
-0.3906291100404276,
-0.8300326773661922,
-0.13680787964880628
],
"l_middle_mcp": [
0.0,
0.0,
0.0
],
"l_middle_pip": [
0.020171280666973435,
-0.4982630021743166,
-0.04327646306520543
],
"l_middle_dip": [
0.039405404169677666,
-0.7799660831590312,
-0.07709241071724855
],
"l_middle_tip": [
0.06983557331917599,
-1.0086210315920432,
-0.09917778849832282
],
"l_ring_mcp": [
0.16238083744616774,
0.09568891608000568,
-0.01198479197795935
],
"l_ring_pip": [
0.16806342975624142,
-0.2984549972656217,
-0.14144607856463992
],
"l_ring_dip": [
0.15986204530536952,
-0.5917369400060991,
-0.25529728606385893
],
"l_ring_tip": [
0.1811899926506192,
-0.8704838004706534,
-0.3282553689643797
],
"l_pinky_mcp": [
0.2996167009979633,
0.29596881342219405,
-0.02596540064452759
],
"l_pinky_pip": [
0.2480311698819817,
0.220304043008831,
-0.16970040605046244
],
"l_pinky_dip": [
0.16226869671618588,
0.4149853873114049,
-0.21184971228374175
],
"l_pinky_tip": [
0.1124691989285442,
0.6200449187454206,
-0.23136057551341951
],
"r_hand_position": null,
"r_wrist": null,
"r_thumb_cmc": null,
"r_thumb_mcp": null,
"r_thumb_ip": null,
"r_thumb_tip": null,
"r_index_mcp": null,
"r_index_pip": null,
"r_index_dip": null,
"r_index_tip": null,
"r_middle_mcp": null,
"r_middle_pip": null,
"r_middle_dip": null,
"r_middle_tip": null,
"r_ring_mcp": null,
"r_ring_pip": null,
"r_ring_dip": null,
"r_ring_tip": null,
"r_pinky_mcp": null,
"r_pinky_pip": null,
"r_pinky_dip": null,
"r_pinky_tip": null,
"l_hand_velocity": null,
"r_hand_velocity": null,
"m_nose_point": [
0.0,
0.0,
0.0
],
"m_top_nose": [
0.01851270038794381,
-0.31734089466050275,
0.2268568673932064
],
"m_eyebrows": [
0.0399255267977644,
-0.5682103936139825,
0.3180925062659121
],
"m_forehead": [
0.0701373940247749,
-0.8926361981280333,
0.46622063573152067
],
"m_top_chin": [
-0.06925781237034857,
0.6163548070536444,
0.06671739429686599
],
"m_bot_up_lip": [
-0.06145141771155084,
0.3846351248184407,
0.07791542851628747
],
"m_top_low_lip": [
-0.062366036465114856,
0.4057177856805587,
0.07632072999564182
],
"m_bot_nose": [
-0.03159529526412871,
0.0760664020340713,
0.07155379025256946
],
"m_chin": [
-0.11160519803918367,
0.9913962152542075,
0.06839462076996675
],
"m_nose": [
0.016415203373307458,
-0.26120071426547675,
0.16800463012922875
],
"l_eye_exterior": [
-0.37851566975493567,
-0.3389830743511818,
0.38732950192417714
],
"l_temple": [
-0.5490382219367475,
-0.5804383412130416,
0.6817753853448879
],
"l_mid_chin": [
-0.280851153093518,
0.736205760675782,
0.07350438133197927
],
"l_up_lip": [
-0.1692981882757482,
0.277129482329897,
0.07012440289177406
],
"l_ext_nostril": [
-0.16678497500508532,
0.002082235456116246,
0.10961381990725005
],
"l_mid_cheek": [
-0.4336806150653741,
-0.008970787088423186,
0.26399534600257357
],
"l_mid_eyebrow": [
-0.3037398366976912,
-0.6103819489325437,
0.3449676473305831
],
"l_ext_eyebrow": [
-0.3810497333238584,
-0.5885914526872327,
0.37325569837794664
],
"l_ext_lips": [
-0.31752403336274404,
0.4103942711335643,
0.14918920409963637
],
"l_jaw_angle": [
-0.6044669127725967,
0.46812229846926656,
0.5444861665497746
],
"l_mid_ext_face": [
-0.6445143170869935,
0.1035700949541128,
0.7141226347934244
],
"l_int_eyebrow": [
-0.08728579706163273,
-0.611115578499151,
0.3137161670362137
],
"l_mid_jaw": [
-0.5097476619540308,
0.7058472965063671,
0.32621201812931205
],
"l_mid_bot_eyelid": [
-0.28788737642587153,
-0.2944640333903944,
0.34815869009451417
],
"l_ext_mouth": [
-0.23625967346764215,
0.4512606407713639,
0.1103522321453654
],
"l_top_eyelid": [
-0.282646643210679,
-0.419039191704854,
0.3559928202177175
],
"l_eye_int": [
-0.17077791459761296,
-0.3302027343169673,
0.3764374444882721
],
"l_pupil": [
-0.28593002780778604,
-0.3530028578914182,
0.3704887684141223
],
"r_eye_exterior": [
0.37664129242683264,
-0.1643856860445021,
0.4866469017980984
],
"r_temple": [
0.5214558567572924,
-0.3453095277365863,
0.7877358756400942
],
"r_mid_chin": [
0.09170262106826807,
0.8050968657385912,
0.10504833004974896
],
"r_up_lip": [
0.05891155045135991,
0.3284541036330088,
0.09557251434522739
],
"r_ext_nostril": [
0.14114964077035014,
0.07633315688088047,
0.18093338688339455
],
"r_mid_cheek": [
0.3577934826060319,
0.15169666741691315,
0.33479522746023016
],
"r_mid_eyebrow": [
0.4006161261042748,
-0.3857429849960832,
0.44309699667227864
],
"r_ext_eyebrow": [
0.3420338813945036,
-0.43910685144962086,
0.4004345861040264
],
"r_ext_lips": [
0.1477503723060596,
0.5587043772197134,
0.16555961694820262
],
"r_jaw_angle": [
0.38094010804434775,
0.671932459298711,
0.6458632454037951
],
"r_mid_ext_face": [
0.46705162490604624,
0.33974034858591884,
0.8242723154266351
],
"r_int_eyebrow": [
0.1608914339979835,
-0.5439978235460723,
0.33307398294444357
],
"r_mid_jaw": [
0.27417733803813477,
0.8602934089237121,
0.40305938608689695
],
"r_mid_bot_eyelid": [
0.2511197025325981,
-0.16332382549394836,
0.4001665818514581
],
"r_ext_mouth": [
0.18892605719330188,
0.5018118664751048,
0.2001148350625294
],
"r_top_eyelid": [
0.2729774786063147,
-0.27791255074804827,
0.4101039925288602
],
"r_eye_int": [
0.15282086391071803,
-0.24785179444553965,
0.41178318043465806
],
"r_pupil": [
0.2528053524187201,
-0.22680718000395764,
0.4225035386199767
],
"l_shoulder": [
0.49957867800167954,
-0.008203824915942542,
-0.01881068161558073
],
"l_elbow": [
0.9098610013647733,
1.0973372611206544,
-1.4346426044133573
],
"l_hip": [
0.4312566400821734,
2.0339319191020997,
0.007379010289906198
],
"l_knee": [
0.38253049326330335,
3.895898162514258,
-0.15875924765418234
],
"l_ankle": [
0.3610418032676458,
5.547526119668984,
1.1761542610712064
],
"l_body_wrist": [
0.8916286414540422,
0.20100889003492006,
-3.536858480834164
],
"r_shoulder": [
-0.49957867800167954,
0.008203824915942542,
0.01881068161558073
],
"r_elbow": [
-0.7446163323575826,
1.0090229077815938,
-0.6387045681576653
],
"r_hip": [
-0.3396707331921985,
2.0620547060222325,
0.15938135327561906
],
"r_knee": [
-0.3555030500760651,
3.8933641354380377,
-0.0857792678590454
],
"r_ankle": [
-0.33152815311348593,
5.512172581249642,
0.6158063804404352
],
"r_body_wrist": [
-1.0956494964282075,
1.1227115762909423,
-2.5917351721668256
],
"m_face_position": [
-0.06785616278648376,
-0.1641986072063446,
-0.5368030741810799
],
"m_body_position": [
-0.10808192938566208,
0.16200077533721924,
-0.5259319487959146
],
"m_face_scale": [
0.13864671073658222,
0.13864671073658222,
0.13864671073658222
],
"m_body_scale": [
0.3396534625196348,
0.3396534625196348,
0.3396534625196348
],
"l_hand_scale": [
0.224831466177086,
0.224831466177086,
0.224831466177086
],
"r_hand_scale": null
}
],
"framerate": 30,
"mirrorable": true,
"invalid": false
}