{
"label": "w",
"gestures": [
{
"l_hand_position": [
0.19953083992004395,
0.02963411808013916,
-0.5002105480816681
],
"l_wrist": [
0.01340140161899426,
0.9999097279675393,
0.0009686849477727445
],
"l_thumb_cmc": [
-0.16877258257663907,
0.7801671972363583,
-0.16312419270645243
],
"l_thumb_mcp": [
-0.20143133839755828,
0.4323090869913249,
-0.22109846589112062
],
"l_thumb_ip": [
-0.027159121438681703,
0.1889242954623039,
-0.2656550804388879
],
"l_thumb_tip": [
0.18481950979031844,
0.06686776990577735,
-0.3001255087421392
],
"l_index_mcp": [
-0.17952078405508717,
-0.010277039180762256,
-0.02413308149078769
],
"l_index_pip": [
-0.2369636634616062,
-0.2955578617927496,
-0.12387599129499773
],
"l_index_dip": [
-0.24617914849522637,
-0.44955954745057636,
-0.2153766122925662
],
"l_index_tip": [
-0.2642883358181484,
-0.4750352024364446,
-0.26983460727960534
],
"l_middle_mcp": [
0.0,
0.0,
0.0
],
"l_middle_pip": [
0.06565546575064969,
-0.3594288585852355,
-0.10579977197098116
],
"l_middle_dip": [
0.061444606891227084,
-0.509197621064289,
-0.18864253735367292
],
"l_middle_tip": [
-7.564909491639906e-05,
-0.46961546555843947,
-0.22361145139355745
],
"l_ring_mcp": [
0.14649721321484288,
0.10279670453628914,
-0.005047808208844757
],
"l_ring_pip": [
0.22572675786636123,
-0.2229662511292217,
-0.13717342680053013
],
"l_ring_dip": [
0.1695293476167267,
-0.28255581064945534,
-0.20563567782770265
],
"l_ring_tip": [
0.09277456991448431,
-0.21304320037630192,
-0.2244973475200309
],
"l_pinky_mcp": [
0.27656788328680637,
0.2793501802523729,
-0.02345805550332545
],
"l_pinky_pip": [
0.2876027838713507,
0.0969525378630737,
-0.16243749215871267
],
"l_pinky_dip": [
0.19940525829023212,
0.18495491070658185,
-0.21175640224284073
],
"l_pinky_tip": [
0.11216431003251294,
0.34049109440023995,
-0.2188431943796082
],
"r_hand_position": null,
"r_wrist": null,
"r_thumb_cmc": null,
"r_thumb_mcp": null,
"r_thumb_ip": null,
"r_thumb_tip": null,
"r_index_mcp": null,
"r_index_pip": null,
"r_index_dip": null,
"r_index_tip": null,
"r_middle_mcp": null,
"r_middle_pip": null,
"r_middle_dip": null,
"r_middle_tip": null,
"r_ring_mcp": null,
"r_ring_pip": null,
"r_ring_dip": null,
"r_ring_tip": null,
"r_pinky_mcp": null,
"r_pinky_pip": null,
"r_pinky_dip": null,
"r_pinky_tip": null,
"l_hand_velocity": null,
"r_hand_velocity": null,
"m_nose_point": null,
"m_top_nose": null,
"m_eyebrows": null,
"m_forehead": null,
"m_top_chin": null,
"m_bot_up_lip": null,
"m_top_low_lip": null,
"m_bot_nose": null,
"m_chin": null,
"m_nose": null,
"l_eye_exterior": null,
"l_temple": null,
"l_mid_chin": null,
"l_up_lip": null,
"l_ext_nostril": null,
"l_mid_cheek": null,
"l_mid_eyebrow": null,
"l_ext_eyebrow": null,
"l_ext_lips": null,
"l_jaw_angle": null,
"l_mid_ext_face": null,
"l_int_eyebrow": null,
"l_mid_jaw": null,
"l_mid_bot_eyelid": null,
"l_ext_mouth": null,
"l_top_eyelid": null,
"l_eye_int": null,
"l_pupil": null,
"r_eye_exterior": null,
"r_temple": null,
"r_mid_chin": null,
"r_up_lip": null,
"r_ext_nostril": null,
"r_mid_cheek": null,
"r_mid_eyebrow": null,
"r_ext_eyebrow": null,
"r_ext_lips": null,
"r_jaw_angle": null,
"r_mid_ext_face": null,
"r_int_eyebrow": null,
"r_mid_jaw": null,
"r_mid_bot_eyelid": null,
"r_ext_mouth": null,
"r_top_eyelid": null,
"r_eye_int": null,
"r_pupil": null,
"l_shoulder": [
0.4806895188856791,
-0.014880351871196344,
-0.13680702307134573
],
"l_elbow": [
0.9344733910168284,
1.0337016171379192,
-1.2622939175040666
],
"l_hip": [
0.39701831869686877,
2.1149625244187917,
-0.2535583211739486
],
"l_knee": [
0.3420902379162638,
4.234686168703252,
-0.7523175708035086
],
"l_ankle": [
0.3163977419305698,
6.1647515432596585,
0.4057773868149099
],
"l_body_wrist": [
0.9456792412431841,
0.11644481604031799,
-3.053756373058471
],
"r_shoulder": [
-0.4806895188856791,
0.014880351871196344,
0.13680702307134573
],
"r_elbow": [
-0.828978542849909,
1.081256204458261,
-0.11710147537639512
],
"r_hip": [
-0.3999968025951654,
2.1113464974928413,
0.2095099653997602
],
"r_knee": [
-0.46750892682488493,
4.1859855123856695,
-0.3805954021885379
],
"r_ankle": [
-0.5293423483846253,
6.126887609959658,
-0.03264810909975003
],
"r_body_wrist": [
-1.1721960440187484,
1.4114983462979032,
-2.4213836108373794
],
"m_face_position": null,
"m_body_position": [
-0.13034546375274658,
0.19625809788703918,
-0.48950338922441006
],
"m_face_scale": null,
"m_body_scale": [
0.3358670349569028,
0.3358670349569028,
0.3358670349569028
],
"l_hand_scale": [
0.21746303741225095,
0.21746303741225095,
0.21746303741225095
],
"r_hand_scale": null
}
],
"framerate": 30,
"mirrorable": true,
"invalid": false
}