{
"label": "w",
"gestures": [
{
"l_hand_position": [
0.2230200171470642,
0.05036664009094238,
-0.5029735846910626
],
"l_wrist": [
0.06910800125006392,
0.9975140536268517,
0.013776682479735358
],
"l_thumb_cmc": [
-0.12283703495183303,
0.7321885437321842,
-0.1164618980875126
],
"l_thumb_mcp": [
-0.19073151041564917,
0.326788630104876,
-0.15432526106859365
],
"l_thumb_ip": [
-0.06474604716085196,
0.008841836150824426,
-0.17004246026489603
],
"l_thumb_tip": [
0.10426103178642301,
-0.16472908294614205,
-0.1775010075134658
],
"l_index_mcp": [
-0.15427022506603208,
-0.02411723697862699,
-0.00381567092439553
],
"l_index_pip": [
-0.24809311231644354,
-0.3922723484935541,
-0.07738353349441676
],
"l_index_dip": [
-0.2968009552308274,
-0.6296949125532015,
-0.1337007772163274
],
"l_index_tip": [
-0.3174157038113674,
-0.8718503376503838,
-0.17890782332239227
],
"l_middle_mcp": [
0.0,
0.0,
0.0
],
"l_middle_pip": [
-0.0075145250609958405,
-0.400586822903632,
-0.13311441696714046
],
"l_middle_dip": [
-0.04601372729197898,
-0.21631359508891845,
-0.1811429830229358
],
"l_middle_tip": [
-0.05486578202589197,
-0.0369371399080388,
-0.16575935497221883
],
"l_ring_mcp": [
0.14865221379069019,
0.07441614089769301,
-0.0220766564906683
],
"l_ring_pip": [
0.16368485422565893,
-0.32625049742519835,
-0.18440914942597958
],
"l_ring_dip": [
0.19904971322766482,
-0.5394768376207234,
-0.2753704881891904
],
"l_ring_tip": [
0.2558854723662799,
-0.7462763794983424,
-0.3058443742937099
],
"l_pinky_mcp": [
0.29867537478277634,
0.20378036484182918,
-0.04665442015308413
],
"l_pinky_pip": [
0.24000109922198296,
-0.08894420427042356,
-0.1551378455575758
],
"l_pinky_dip": [
0.1665292106372579,
0.023942140176514772,
-0.16312801804355234
],
"l_pinky_tip": [
0.11059020120914496,
0.16037955686338914,
-0.15776940688080335
],
"r_hand_position": null,
"r_wrist": null,
"r_thumb_cmc": null,
"r_thumb_mcp": null,
"r_thumb_ip": null,
"r_thumb_tip": null,
"r_index_mcp": null,
"r_index_pip": null,
"r_index_dip": null,
"r_index_tip": null,
"r_middle_mcp": null,
"r_middle_pip": null,
"r_middle_dip": null,
"r_middle_tip": null,
"r_ring_mcp": null,
"r_ring_pip": null,
"r_ring_dip": null,
"r_ring_tip": null,
"r_pinky_mcp": null,
"r_pinky_pip": null,
"r_pinky_dip": null,
"r_pinky_tip": null,
"l_hand_velocity": null,
"r_hand_velocity": null,
"m_nose_point": [
0.0,
0.0,
0.0
],
"m_top_nose": [
0.03145003758124885,
-0.31906260299953704,
0.21229603759666238
],
"m_eyebrows": [
0.05123849842540322,
-0.581423145795423,
0.2915258271886259
],
"m_forehead": [
0.07604739950406127,
-0.9001351447304872,
0.4219643764683811
],
"m_top_chin": [
-0.02609474093831854,
0.6159468196324651,
0.08180910049964196
],
"m_bot_up_lip": [
-0.005830569651102153,
0.3936988375479035,
0.08345702708964231
],
"m_top_low_lip": [
-0.003293447288104742,
0.43326766669074407,
0.08265474416138628
],
"m_bot_nose": [
-0.017941610737848328,
0.0825133433331382,
0.07536243114541323
],
"m_chin": [
-0.04595887801847266,
0.9945154404816555,
0.0939511584540694
],
"m_nose": [
0.025231900617454332,
-0.26268905639840506,
0.15620310547757574
],
"l_eye_exterior": [
-0.3234030506972684,
-0.28315466645254567,
0.4166582092315532
],
"l_temple": [
-0.4761432848858396,
-0.5056760453434648,
0.720253223873332
],
"l_mid_chin": [
-0.2180584494239396,
0.758798619411254,
0.11600848471482322
],
"l_up_lip": [
-0.1179243538448942,
0.30324867556748514,
0.09544942763226966
],
"l_ext_nostril": [
-0.14354185331803512,
0.025383253089453835,
0.1284089983401407
],
"l_mid_cheek": [
-0.3831846525277301,
0.046274706009176825,
0.3120098026732335
],
"l_mid_eyebrow": [
-0.27402955592611333,
-0.5560764185192985,
0.36196612817364154
],
"l_ext_eyebrow": [
-0.34282603469068407,
-0.52597543013934,
0.4009775627426006
],
"l_ext_lips": [
-0.26398648828265514,
0.4432094681571275,
0.19674106478467213
],
"l_jaw_angle": [
-0.4907877301390168,
0.5467538061399535,
0.6237854341469017
],
"l_mid_ext_face": [
-0.5317200438345233,
0.19095913926034114,
0.7844210947062706
],
"l_int_eyebrow": [
-0.0761326993076448,
-0.5907619432657043,
0.30197141011516404
],
"l_mid_jaw": [
-0.40603362658097264,
0.7602270630451106,
0.3971159285416834
],
"l_mid_bot_eyelid": [
-0.2398221475146655,
-0.25361556318901307,
0.36714725054616165
],
"l_ext_mouth": [
-0.17599252321055237,
0.48439068230514193,
0.1503552024689505
],
"l_top_eyelid": [
-0.23703874930850127,
-0.36288264312251384,
0.37301757209290815
],
"l_eye_int": [
-0.1280286623729765,
-0.29965820998895365,
0.3804557696447536
],
"l_pupil": [
-0.23429143948077621,
-0.3065917717156244,
0.38761425492401463
],
"r_eye_exterior": [
0.4398604666379709,
-0.20594390885807204,
0.40881854213941216
],
"r_temple": [
0.5978398585061319,
-0.3986116687994249,
0.6786155464174232
],
"r_mid_chin": [
0.15435502508564108,
0.8002403260363659,
0.0982780320003651
],
"r_up_lip": [
0.11303011357620515,
0.3268802206392453,
0.08173323288587776
],
"r_ext_nostril": [
0.16709619113167998,
0.069389859193089,
0.15453296539705885
],
"r_mid_cheek": [
0.41469265023192675,
0.12538130641765574,
0.27308761080242466
],
"r_mid_eyebrow": [
0.4443844182721294,
-0.4395514188880644,
0.3658148648802188
],
"r_ext_eyebrow": [
0.374680699545342,
-0.48337605207738804,
0.3336429913809846
],
"r_ext_lips": [
0.20075265029895623,
0.5455403617546165,
0.14350889533302874
],
"r_jaw_angle": [
0.5130155466482151,
0.6604514453585612,
0.5837799629646276
],
"r_mid_ext_face": [
0.5938053965140757,
0.3134743722775902,
0.7383694804910815
],
"r_int_eyebrow": [
0.17343156064604057,
-0.5591653649962478,
0.2916591047142651
],
"r_mid_jaw": [
0.3830665451073837,
0.8531325470640642,
0.3662075720528707
],
"r_mid_bot_eyelid": [
0.3030684523927343,
-0.19533742507607235,
0.3402768213539255
],
"r_ext_mouth": [
0.24238507853618305,
0.48607327561018837,
0.16775705956184758
],
"r_top_eyelid": [
0.3193034109065767,
-0.30995914550016823,
0.3467275574856488
],
"r_eye_int": [
0.1969782433491074,
-0.26138200094657127,
0.36268661761235554
],
"r_pupil": [
0.30690300663998177,
-0.2577471357266873,
0.3613941137055401
],
"l_shoulder": [
0.4929676340635404,
-0.0053740651981495574,
-0.08339083396298036
],
"l_elbow": [
0.8928477124237285,
1.0773452280735416,
-1.5491386090554997
],
"l_hip": [
0.37876846242515105,
2.049375561485432,
0.005931184409192385
],
"l_knee": [
0.36205603630812866,
3.899013785665,
-0.33067448467712907
],
"l_ankle": [
0.3506925798053481,
5.537252094286679,
1.1648029720147126
],
"l_body_wrist": [
0.8779594270654167,
0.18808453312336124,
-3.739057805618851
],
"r_shoulder": [
-0.4929676340635404,
0.0053740651981495574,
0.08339083396298036
],
"r_elbow": [
-0.7830757980327243,
1.0112010177046404,
0.004465833452516989
],
"r_hip": [
-0.39709286154851325,
2.0508281114929474,
0.2725228050265255
],
"r_knee": [
-0.37269229323300757,
3.882908584623864,
0.15110834207157392
],
"r_ankle": [
-0.35883521623660247,
5.511396422377927,
1.1424435992450492
],
"r_body_wrist": [
-1.190016424679327,
1.1647831734701715,
-1.2894106746642708
],
"m_face_position": [
-0.06857404112815857,
-0.1621013879776001,
-0.535265251994133
],
"m_body_position": [
-0.0949782207608223,
0.1700974404811859,
-0.5444782925769687
],
"m_face_scale": [
0.13625946652759785,
0.13625946652759785,
0.13625946652759785
],
"m_body_scale": [
0.3384524509062003,
0.3384524509062003,
0.3384524509062003
],
"l_hand_scale": [
0.21581973132426835,
0.21581973132426835,
0.21581973132426835
],
"r_hand_scale": null
}
],
"framerate": 30,
"mirrorable": true,
"invalid": false
}