{
"label": "w",
"gestures": [
{
"l_hand_position": [
0.20313072204589844,
0.043757498264312744,
-0.516428217291832
],
"l_wrist": [
0.00610724087520133,
0.9971940582334073,
0.0746104002996898
],
"l_thumb_cmc": [
-0.16838048297653502,
0.7891258486846895,
-0.04498836892358974
],
"l_thumb_mcp": [
-0.22419808210710387,
0.44069992001745895,
-0.07938235596969781
],
"l_thumb_ip": [
-0.05968805389913534,
0.23116100262445366,
-0.09411626745418178
],
"l_thumb_tip": [
0.14161295053282538,
0.11646473970231792,
-0.10934916184925345
],
"l_index_mcp": [
-0.16566889076666436,
-0.018387231791500834,
-0.0008258942892142152
],
"l_index_pip": [
-0.15498602414289125,
-0.42742605760285257,
-0.042191405006302904
],
"l_index_dip": [
-0.12418101562748142,
-0.6604060223770742,
-0.07205270593789037
],
"l_index_tip": [
-0.08660474150982499,
-0.8656849490935561,
-0.10064870883488918
],
"l_middle_mcp": [
0.0,
0.0,
0.0
],
"l_middle_pip": [
0.013096689897749016,
-0.47235763048565826,
-0.05438022110467418
],
"l_middle_dip": [
0.022665900701275766,
-0.7578000152304964,
-0.10096109551854603
],
"l_middle_tip": [
0.04553726196831891,
-1.0068925278250158,
-0.12845635155541707
],
"l_ring_mcp": [
0.15062100224170683,
0.1005205666803172,
-0.01289144081560088
],
"l_ring_pip": [
0.15329550868410696,
-0.27499231928912826,
-0.12838287368674714
],
"l_ring_dip": [
0.1294393443363501,
-0.5703754492597801,
-0.22092844384146318
],
"l_ring_tip": [
0.13543478651107457,
-0.8328207330369178,
-0.27894168282570686
],
"l_pinky_mcp": [
0.2807446737325496,
0.2848262737465687,
-0.030881455614093934
],
"l_pinky_pip": [
0.2313515747434263,
0.14774482501999617,
-0.1649276491405609
],
"l_pinky_dip": [
0.1204096367048581,
0.3149729422146185,
-0.20235835485341971
],
"l_pinky_tip": [
0.06133823520205752,
0.5093805957806158,
-0.21571153208458715
],
"r_hand_position": null,
"r_wrist": null,
"r_thumb_cmc": null,
"r_thumb_mcp": null,
"r_thumb_ip": null,
"r_thumb_tip": null,
"r_index_mcp": null,
"r_index_pip": null,
"r_index_dip": null,
"r_index_tip": null,
"r_middle_mcp": null,
"r_middle_pip": null,
"r_middle_dip": null,
"r_middle_tip": null,
"r_ring_mcp": null,
"r_ring_pip": null,
"r_ring_dip": null,
"r_ring_tip": null,
"r_pinky_mcp": null,
"r_pinky_pip": null,
"r_pinky_dip": null,
"r_pinky_tip": null,
"l_hand_velocity": null,
"r_hand_velocity": null,
"m_nose_point": [
0.0,
0.0,
0.0
],
"m_top_nose": [
0.013951339235569574,
-0.2971780830155572,
0.25434128373392784
],
"m_eyebrows": [
0.03189745108584982,
-0.5369220439298649,
0.3652696556757832
],
"m_forehead": [
0.05566491920615864,
-0.7997780596506828,
0.5440379559212588
],
"m_top_chin": [
-0.058914858295121775,
0.6265626247907157,
0.0354989868758534
],
"m_bot_up_lip": [
-0.048469103947970056,
0.4077842986889813,
0.052790104046286195
],
"m_top_low_lip": [
-0.04811655834330718,
0.4393640345148974,
0.04946123850308092
],
"m_bot_nose": [
-0.03001973827064097,
0.07797464809097417,
0.06777443651059128
],
"m_chin": [
-0.09439938834519815,
0.9954546014321731,
0.012605235720362184
],
"m_nose": [
0.012332621291424015,
-0.24560416641499572,
0.1895569157985554
],
"l_eye_exterior": [
-0.3782546412303954,
-0.3287352684259756,
0.4266612012660753
],
"l_temple": [
-0.5502725597188557,
-0.5326323297421588,
0.7516913638625521
],
"l_mid_chin": [
-0.2778771600638873,
0.7259639632190439,
0.03807492530359042
],
"l_up_lip": [
-0.15970114946931688,
0.32062738933305124,
0.0536145059316675
],
"l_ext_nostril": [
-0.16962132284536258,
0.006486481891491971,
0.11575491091086995
],
"l_mid_cheek": [
-0.4281314716111707,
-6.87676036961148e-05,
0.27967288865270307
],
"l_mid_eyebrow": [
-0.31117162055339487,
-0.6000116316207982,
0.3988443148459759
],
"l_ext_eyebrow": [
-0.3878823290192921,
-0.5765379887162818,
0.427872323240992
],
"l_ext_lips": [
-0.3182975518506845,
0.41932028748044514,
0.13136416618287047
],
"l_jaw_angle": [
-0.6120702988546406,
0.47560701764859625,
0.5351604043548233
],
"l_mid_ext_face": [
-0.6433001683331807,
0.12446154818954777,
0.7345409914264698
],
"l_int_eyebrow": [
-0.09153102014817223,
-0.6076251877442966,
0.3649120097141498
],
"l_mid_jaw": [
-0.5213343483063445,
0.7013255132090644,
0.29535902604981795
],
"l_mid_bot_eyelid": [
-0.2868995589773938,
-0.28096455754411415,
0.3839068763614234
],
"l_ext_mouth": [
-0.2310899598777446,
0.492757166813238,
0.08734646680897552
],
"l_top_eyelid": [
-0.2834810499507989,
-0.40698119131724453,
0.3963925153391968
],
"l_eye_int": [
-0.16796777455648781,
-0.32084909787353905,
0.4126983356423862
],
"l_pupil": [
-0.28396956786277006,
-0.3355519687780733,
0.40825904354396214
],
"r_eye_exterior": [
0.3963322599591725,
-0.1594698402568845,
0.5002006459168808
],
"r_temple": [
0.533164608856482,
-0.2761771713153736,
0.8286602857494706
],
"r_mid_chin": [
0.11688058969637283,
0.8127247890393996,
0.05944537914685045
],
"r_up_lip": [
0.07537844778000526,
0.36640540260780935,
0.07149067800318863
],
"r_ext_nostril": [
0.1454149030728896,
0.09372309915170617,
0.17686616711645423
],
"r_mid_cheek": [
0.3630181515828946,
0.1770980135757905,
0.32593063375938414
],
"r_mid_eyebrow": [
0.42098053391253704,
-0.3613099017910797,
0.47036668343926064
],
"r_ext_eyebrow": [
0.35965188807339354,
-0.4218086476856178,
0.4313558740291184
],
"r_ext_lips": [
0.15946291884222677,
0.5823401436424213,
0.12850825932312146
],
"r_jaw_angle": [
0.4150805860954272,
0.7020736958064205,
0.6090088287704502
],
"r_mid_ext_face": [
0.4914235664987026,
0.380139275460262,
0.8148353181492647
],
"r_int_eyebrow": [
0.17090267764280415,
-0.5379401616988723,
0.3754208731294256
],
"r_mid_jaw": [
0.3114105209948067,
0.8806343605893969,
0.35101181359293615
],
"r_mid_bot_eyelid": [
0.2587916940523691,
-0.16966285133330894,
0.41732506411517034
],
"r_ext_mouth": [
0.19600977440654377,
0.525555518161795,
0.16508373549522676
],
"r_top_eyelid": [
0.29350817034687854,
-0.2849215972853682,
0.43085389005838787
],
"r_eye_int": [
0.16261908392614974,
-0.25137417025369274,
0.435083907044671
],
"r_pupil": [
0.27491792039054863,
-0.2223122664631048,
0.441407582192591
],
"l_shoulder": [
0.44589114077685127,
0.00855580044493507,
-0.22607053955671585
],
"l_elbow": [
0.8195354170751784,
1.0764341965420618,
-1.5160747767853255
],
"l_hip": [
0.3453460628182403,
1.8783347552443403,
-0.3017353055944684
],
"l_knee": [
0.2639010049848161,
3.6837303141404076,
-0.786383791540948
],
"l_ankle": [
0.21441883980365886,
5.34336677896608,
0.2024929857693373
],
"l_body_wrist": [
0.816165353285841,
0.23454379179872387,
-3.235977774117249
],
"r_shoulder": [
-0.44589114077685127,
-0.00855580044493507,
0.22607053955671585
],
"r_elbow": [
-0.7581848745832255,
0.9167747725349579,
-0.3333905473265961
],
"r_hip": [
-0.3674361373606835,
1.8713237169687986,
0.11252444093554406
],
"r_knee": [
-0.4509418300820529,
3.625211971625022,
-0.3207201682735848
],
"r_ankle": [
-0.49047732950860784,
5.269378130065878,
0.03551586196179328
],
"r_body_wrist": [
-1.1285289210563003,
1.084829816957494,
-2.5410343905301462
],
"m_face_position": [
-0.07425355911254883,
-0.1687433123588562,
-0.5359476134181023
],
"m_body_position": [
-0.10167713463306427,
0.15063408017158508,
-0.4625961445271969
],
"m_face_scale": [
0.13348022618285235,
0.13348022618285235,
0.13348022618285235
],
"m_body_scale": [
0.3652262958659919,
0.3652262958659919,
0.3652262958659919
],
"l_hand_scale": [
0.22018787505794218,
0.22018787505794218,
0.22018787505794218
],
"r_hand_scale": null
}
],
"framerate": 30,
"mirrorable": true,
"invalid": false
}