{
"label": "w",
"gestures": [
{
"l_hand_position": null,
"l_wrist": null,
"l_thumb_cmc": null,
"l_thumb_mcp": null,
"l_thumb_ip": null,
"l_thumb_tip": null,
"l_index_mcp": null,
"l_index_pip": null,
"l_index_dip": null,
"l_index_tip": null,
"l_middle_mcp": null,
"l_middle_pip": null,
"l_middle_dip": null,
"l_middle_tip": null,
"l_ring_mcp": null,
"l_ring_pip": null,
"l_ring_dip": null,
"l_ring_tip": null,
"l_pinky_mcp": null,
"l_pinky_pip": null,
"l_pinky_dip": null,
"l_pinky_tip": null,
"r_hand_position": [
-0.26226237416267395,
0.10149312019348145,
-0.4936127718538046
],
"r_wrist": [
-0.016391745379320307,
0.9993163805712391,
-0.03313732344982143
],
"r_thumb_cmc": [
0.16587520101153738,
0.8342505033841043,
-0.18614184126951241
],
"r_thumb_mcp": [
0.18999178302776917,
0.4536638874785143,
-0.20893606253281846
],
"r_thumb_ip": [
-0.04393558339592891,
0.21279835521588877,
-0.21070860386451193
],
"r_thumb_tip": [
-0.26738627301439655,
0.13177412364461727,
-0.20320672171543203
],
"r_index_mcp": [
0.19504162969520158,
0.04591559707026513,
-0.02940725571109727
],
"r_index_pip": [
0.23979194890136693,
-0.27401904822413115,
-0.0648008086156427
],
"r_index_dip": [
0.2430484180916458,
-0.42887266277105807,
-0.11126042623332941
],
"r_index_tip": [
0.23046199458023467,
-0.4934716719649231,
-0.14232279918995805
],
"r_middle_mcp": [
0.0,
0.0,
0.0
],
"r_middle_pip": [
-0.019694139135103095,
-0.35744001637894124,
0.0013062673432655027
],
"r_middle_dip": [
-0.02636309733584083,
-0.5660278466161361,
-0.04376671977365403
],
"r_middle_tip": [
-0.03886981002732846,
-0.6824402804137712,
-0.0832878961209914
],
"r_ring_mcp": [
-0.17647202390227812,
0.06655103517003216,
-0.001295520685681249
],
"r_ring_pip": [
-0.23138960895214744,
-0.24681129452780134,
-0.07013078353553662
],
"r_ring_dip": [
-0.24492367118305636,
-0.38168200183835044,
-0.1688160547851017
],
"r_ring_tip": [
-0.25751086783530086,
-0.4752638960820306,
-0.22843639458950912
],
"r_pinky_mcp": [
-0.3269723916726656,
0.21263383084654136,
-0.014911537052963086
],
"r_pinky_pip": [
-0.36073297781655655,
0.04209720912227149,
-0.1101135877781062
],
"r_pinky_dip": [
-0.322301384013599,
0.1255596176257518,
-0.16760593475266475
],
"r_pinky_tip": [
-0.2891566818575941,
0.23199420508386587,
-0.1993032109616811
],
"l_hand_velocity": null,
"r_hand_velocity": null,
"m_nose_point": [
0.0,
0.0,
0.0
],
"m_top_nose": [
-0.047910824367346096,
-0.37813685030412475,
0.2300689237989576
],
"m_eyebrows": [
-0.08401778279092649,
-0.657894803350557,
0.31429920743812606
],
"m_forehead": [
-0.1256703618277232,
-0.9636426977618773,
0.45673775909494496
],
"m_top_chin": [
0.08914474837168537,
0.6004021498010621,
0.09892914628499566
],
"m_bot_up_lip": [
0.07134399676826296,
0.38527484667366974,
0.11810954425665493
],
"m_top_low_lip": [
0.07257838170932304,
0.38677514709639954,
0.10678301938154022
],
"m_bot_nose": [
-0.010234269241322173,
0.08422519207103857,
0.0889253800882836
],
"m_chin": [
0.142294755132614,
0.9817311847827962,
0.12631739186159885
],
"m_nose": [
-0.03954779445780965,
-0.3096447910822815,
0.16785174461148775
],
"l_eye_exterior": [
-0.4296616315152272,
-0.24833244986552025,
0.4565973831753778
],
"l_temple": [
-0.6580902236549401,
-0.43134368481000895,
0.7864153643232191
],
"l_mid_chin": [
-0.10554374893287057,
0.8050755456517765,
0.14187106473035038
],
"l_up_lip": [
-0.05852874083199697,
0.37757960271223984,
0.11941529357574202
],
"l_ext_nostril": [
-0.17629069470982822,
0.05802088782011561,
0.14459124343350813
],
"l_mid_cheek": [
-0.4387202617965615,
0.12339845092707358,
0.3479575112329267
],
"l_mid_eyebrow": [
-0.4443872108441555,
-0.5445510268083849,
0.3867513864451266
],
"l_ext_eyebrow": [
-0.516720777669092,
-0.48901185696417676,
0.42925713846034963
],
"l_ext_lips": [
-0.23372412271922177,
0.5110492728107209,
0.2323723731988844
],
"l_jaw_angle": [
-0.4835921205961151,
0.6435025175468955,
0.711441255566405
],
"l_mid_ext_face": [
-0.5933953128259926,
0.2811726521824568,
0.880099948161774
],
"l_int_eyebrow": [
-0.22726638083254147,
-0.6495874022884032,
0.322932277786294
],
"l_mid_jaw": [
-0.3417639763988747,
0.8494457857068279,
0.46162170813767656
],
"l_mid_bot_eyelid": [
-0.3312223098198604,
-0.24688514071551274,
0.4038489246771632
],
"l_ext_mouth": [
-0.127121507449964,
0.4824759469557432,
0.18047854134240335
],
"l_top_eyelid": [
-0.35470295856466416,
-0.35835671880784087,
0.40741356936512413
],
"l_eye_int": [
-0.2202331681108681,
-0.33816920191628475,
0.42036255483253754
],
"l_pupil": [
-0.3437627784324172,
-0.30888972539086773,
0.42570102842448587
],
"r_eye_exterior": [
0.3923876661941838,
-0.46773741953302755,
0.4700585301928251
],
"r_temple": [
0.5157364827617392,
-0.6661566463049404,
0.7754418248660062
],
"r_mid_chin": [
0.3234400258946377,
0.7209541781105513,
0.13312387806601675
],
"r_up_lip": [
0.18074531853170356,
0.32663125145418875,
0.11239753164653944
],
"r_ext_nostril": [
0.19063382571300075,
-0.00874787603043805,
0.18437090468191705
],
"r_mid_cheek": [
0.4417136692565837,
-0.05690015836896665,
0.3281934524572295
],
"r_mid_eyebrow": [
0.36722904040634613,
-0.7055857499030328,
0.4107650425715132
],
"r_ext_eyebrow": [
0.28708561501201035,
-0.7330150876939472,
0.3712984209724989
],
"r_ext_lips": [
0.3226482739374931,
0.45889818750753436,
0.1872860915684172
],
"r_jaw_angle": [
0.6373459387305281,
0.4142982386775149,
0.7006918799828854
],
"r_mid_ext_face": [
0.6427304275099465,
0.03481982198931261,
0.8683788061505384
],
"r_int_eyebrow": [
0.05718165951908408,
-0.7396404354613193,
0.31711420957291314
],
"r_mid_jaw": [
0.5609512262671429,
0.668052582926728,
0.4531292572351453
],
"r_mid_bot_eyelid": [
0.2503772895658622,
-0.38718708830244875,
0.39067904982505247
],
"r_ext_mouth": [
0.3538450274614954,
0.3866387125526033,
0.21759470177041346
],
"r_top_eyelid": [
0.25960352572788825,
-0.5198949788831078,
0.3945493984078837
],
"r_eye_int": [
0.13445156721068793,
-0.4334820385210373,
0.41170314994986984
],
"r_pupil": [
0.2592692730845631,
-0.4639417098172192,
0.41285811541983497
],
"l_shoulder": [
0.4796204030243038,
-0.02640858932311027,
-0.13880509865551646
],
"l_elbow": [
0.7465343120919287,
0.8544610403821162,
-0.3592334974103078
],
"l_hip": [
0.3713543411705656,
1.865791555628015,
0.0160571445828141
],
"l_knee": [
0.4126765264772639,
3.4433291275542652,
-0.19497523295160163
],
"l_ankle": [
0.516605163908387,
4.8965350707077775,
1.1240666336388336
],
"l_body_wrist": [
1.0534898965122177,
1.6600737115839796,
-0.9351958233704286
],
"r_shoulder": [
-0.4796204030243038,
0.02640858932311027,
0.13880509865551646
],
"r_elbow": [
-0.8719692669050965,
0.9181379950498694,
-1.0120310647044004
],
"r_hip": [
-0.3246469770769695,
1.918573628087888,
0.38541724184260795
],
"r_knee": [
-0.26344768480306546,
3.5608444888092055,
0.5724084149431152
],
"r_ankle": [
-0.10921849426361124,
4.928511611384374,
1.4302254020851437
],
"r_body_wrist": [
-0.836987290338105,
0.32012347412402864,
-3.385682723022877
],
"m_face_position": [
0.04029172658920288,
-0.0747838020324707,
-0.5369206853210926
],
"m_body_position": [
0.06202495098114014,
0.20323142409324646,
-0.5736197531223297
],
"m_face_scale": [
0.12429052765347003,
0.12429052765347003,
0.12429052765347003
],
"m_body_scale": [
0.37861804906364216,
0.37861804906364216,
0.37861804906364216
],
"l_hand_scale": null,
"r_hand_scale": [
0.1927354053766184,
0.1927354053766184,
0.1927354053766184
]
}
],
"framerate": 30,
"mirrorable": true,
"invalid": false
}