{
"label": "w",
"gestures": [
{
"l_hand_position": null,
"l_wrist": null,
"l_thumb_cmc": null,
"l_thumb_mcp": null,
"l_thumb_ip": null,
"l_thumb_tip": null,
"l_index_mcp": null,
"l_index_pip": null,
"l_index_dip": null,
"l_index_tip": null,
"l_middle_mcp": null,
"l_middle_pip": null,
"l_middle_dip": null,
"l_middle_tip": null,
"l_ring_mcp": null,
"l_ring_pip": null,
"l_ring_dip": null,
"l_ring_tip": null,
"l_pinky_mcp": null,
"l_pinky_pip": null,
"l_pinky_dip": null,
"l_pinky_tip": null,
"r_hand_position": [
-0.1499197781085968,
0.13461899757385254,
-0.52584308385849
],
"r_wrist": [
-0.06726259988988402,
0.9889140684154957,
0.13238091987127804
],
"r_thumb_cmc": [
0.13406371074088266,
0.8762127356621823,
-0.010385363910038319
],
"r_thumb_mcp": [
0.2609939580980291,
0.5742236513642615,
-0.03832713792323283
],
"r_thumb_ip": [
0.057598808745802164,
0.30995576209589326,
-0.03611430332485278
],
"r_thumb_tip": [
-0.15843332411614708,
0.183781025573495,
-0.03894027488603572
],
"r_index_mcp": [
0.19789895687224368,
0.02405208204847593,
-0.0007800985219216271
],
"r_index_pip": [
0.33819101405622376,
-0.366828675909542,
-0.037653128067854494
],
"r_index_dip": [
0.4014728702550808,
-0.6082056097022963,
-0.07086486303190119
],
"r_index_tip": [
0.45023698047016086,
-0.8479597752240116,
-0.10390399758424106
],
"r_middle_mcp": [
0.0,
0.0,
0.0
],
"r_middle_pip": [
-0.029299897860822228,
-0.47653178017337205,
-0.03243200854914865
],
"r_middle_dip": [
-0.08837217409035625,
-0.7463263937800686,
-0.09851008682971371
],
"r_middle_tip": [
-0.12763492264775003,
-0.9894341786224036,
-0.1496839621294993
],
"r_ring_mcp": [
-0.1625966483200774,
0.07350911278869672,
-0.009806260428084416
],
"r_ring_pip": [
-0.18769597310978833,
-0.31798167169905517,
-0.12970503989077847
],
"r_ring_dip": [
-0.23163833959572716,
-0.575967325794347,
-0.24640301198386977
],
"r_ring_tip": [
-0.27484580425130073,
-0.8523543782549056,
-0.3172923768320929
],
"r_pinky_mcp": [
-0.30653680459841515,
0.25408948365188067,
-0.0227279916816972
],
"r_pinky_pip": [
-0.2734257675196727,
0.02896771124202814,
-0.14917846904977417
],
"r_pinky_dip": [
-0.20862922582831794,
0.2195289465982072,
-0.17648442665413885
],
"r_pinky_tip": [
-0.18638707234253626,
0.42734709360958906,
-0.18209669744306764
],
"l_hand_velocity": null,
"r_hand_velocity": null,
"m_nose_point": [
0.0,
0.0,
0.0
],
"m_top_nose": [
-0.04471627077456754,
-0.33724418963405717,
0.21514524297406348
],
"m_eyebrows": [
-0.08349972052624663,
-0.5881428641147053,
0.29304129668047335
],
"m_forehead": [
-0.1369323395449,
-0.9234365163709989,
0.4273791989641225
],
"m_top_chin": [
0.11629635514077394,
0.6122209733031201,
0.09849498009114784
],
"m_bot_up_lip": [
0.08613411077861177,
0.39695122953559575,
0.0995489403029089
],
"m_top_low_lip": [
0.08562465018435272,
0.3999823023532344,
0.10264649881668936
],
"m_bot_nose": [
0.0005112023398804426,
0.08182590298408272,
0.07990475756368025
],
"m_chin": [
0.1829803925652293,
0.9765432112402481,
0.11349683923906762
],
"m_nose": [
-0.03758469332775162,
-0.27641394152491927,
0.1585266514402622
],
"l_eye_exterior": [
-0.3697741194503078,
-0.17218984300426063,
0.4416276034495231
],
"l_temple": [
-0.5718216190511886,
-0.32570534261049516,
0.7611984363371269
],
"l_mid_chin": [
-0.037228941784580985,
0.8157117268695321,
0.14302541477234476
],
"l_up_lip": [
-0.05496949181133481,
0.3437147746175524,
0.11375561093033429
],
"l_ext_nostril": [
-0.142996662362204,
0.07181108337924437,
0.13872256828855659
],
"l_mid_cheek": [
-0.3611313599587261,
0.16977164692715155,
0.3387403627302261
],
"l_mid_eyebrow": [
-0.3912459240345025,
-0.434553558037764,
0.37453110569379416
],
"l_ext_eyebrow": [
-0.44903181851563856,
-0.37563117453866546,
0.41734508408357207
],
"l_ext_lips": [
-0.17067452431364397,
0.5102881411474111,
0.23173729206139163
],
"l_jaw_angle": [
-0.34057397182576565,
0.6834731740560982,
0.6758705088482446
],
"l_mid_ext_face": [
-0.4589009846428875,
0.35792916063378505,
0.838787543097158
],
"l_int_eyebrow": [
-0.210223253547725,
-0.5510199510948269,
0.3064301343934027
],
"l_mid_jaw": [
-0.21099397598519382,
0.8623648187750946,
0.4413111092197723
],
"l_mid_bot_eyelid": [
-0.281783525557488,
-0.17162856547776498,
0.3884964765157175
],
"l_ext_mouth": [
-0.08007588407098265,
0.5373010917078821,
0.18410107660241637
],
"l_top_eyelid": [
-0.308491235197809,
-0.2912194324614141,
0.3932264520946845
],
"l_eye_int": [
-0.18410338305462595,
-0.27400902625817336,
0.39958053062497334
],
"l_pupil": [
-0.2852661459274742,
-0.23240982699130103,
0.4090991704459158
],
"r_eye_exterior": [
0.3782527194170728,
-0.43399902977555127,
0.4173727751174748
],
"r_temple": [
0.49286262935992764,
-0.6752247022295605,
0.6876940768513546
],
"r_mid_chin": [
0.3354932998481464,
0.7038298260061925,
0.11857080277456696
],
"r_up_lip": [
0.19664612871072149,
0.2683927675019741,
0.09370765617685754
],
"r_ext_nostril": [
0.19071940379750793,
-0.023989497879926082,
0.15942744689644153
],
"r_mid_cheek": [
0.43135680166788987,
-0.08180935640067945,
0.28362927499421187
],
"r_mid_eyebrow": [
0.3344286578370666,
-0.6479023741030885,
0.3637723906162728
],
"r_ext_eyebrow": [
0.2548082402460796,
-0.6607007209291242,
0.33182513254177753
],
"r_ext_lips": [
0.33618128936859876,
0.4245936034199997,
0.16754738333907507
],
"r_jaw_angle": [
0.6405726730918385,
0.3824194103798632,
0.6070682366004154
],
"r_mid_ext_face": [
0.6414030503168402,
0.010754190621122001,
0.7623764551022497
],
"r_int_eyebrow": [
0.036444285382140985,
-0.6463502610362198,
0.2910046347443173
],
"r_mid_jaw": [
0.5604240711411625,
0.6344334552128144,
0.3885801959683398
],
"r_mid_bot_eyelid": [
0.2521668830112289,
-0.34336403059304327,
0.34864056050505
],
"r_ext_mouth": [
0.364177673050552,
0.3433440005183972,
0.1910527575805784
],
"r_top_eyelid": [
0.24315509116611336,
-0.48135948812160434,
0.3527175107461754
],
"r_eye_int": [
0.13232433378528774,
-0.37499761456888175,
0.37266971031263824
],
"r_pupil": [
0.2503080049967914,
-0.40764358818715807,
0.36969538030157173
],
"l_shoulder": [
0.49903193413969876,
-0.020209585657714732,
-0.023636864350731587
],
"l_elbow": [
0.7187227572036384,
0.832797758959976,
-0.20784100466762195
],
"l_hip": [
0.40486409096529674,
1.8288877782034465,
0.5539331486992268
],
"l_knee": [
0.3626496036526841,
3.4349845236336343,
0.2216639876024245
],
"l_ankle": [
0.3644197945672836,
4.906012368374693,
1.6416543340593364
],
"l_body_wrist": [
0.7394831619795345,
1.6416878744340033,
-1.3082666336790327
],
"r_shoulder": [
-0.49903193413969876,
0.020209585657714732,
0.023636864350731587
],
"r_elbow": [
-0.7317538973915,
0.9027443782907981,
-1.0526097380711823
],
"r_hip": [
-0.3148367325541122,
1.8631004098878137,
0.796866837372949
],
"r_knee": [
-0.3418393513571749,
3.4796588531661246,
0.472343056752489
],
"r_ankle": [
-0.2888678659469695,
4.90151497859221,
1.1153113143574822
],
"r_body_wrist": [
-0.5875671686560323,
0.21707813659167757,
-3.5405194131848368
],
"m_face_position": [
0.01670283079147339,
-0.07258015871047974,
-0.5376587323844433
],
"m_body_position": [
0.06980152428150177,
0.23716694116592407,
-0.7484893649816513
],
"m_face_scale": [
0.13688484482029992,
0.13688484482029992,
0.13688484482029992
],
"m_body_scale": [
0.37008135412023835,
0.37008135412023835,
0.37008135412023835
],
"l_hand_scale": null,
"r_hand_scale": [
0.195221149337817,
0.195221149337817,
0.195221149337817
]
}
],
"framerate": 30,
"mirrorable": true,
"invalid": false
}