{
"label": "w",
"gestures": [
{
"l_hand_position": null,
"l_wrist": null,
"l_thumb_cmc": null,
"l_thumb_mcp": null,
"l_thumb_ip": null,
"l_thumb_tip": null,
"l_index_mcp": null,
"l_index_pip": null,
"l_index_dip": null,
"l_index_tip": null,
"l_middle_mcp": null,
"l_middle_pip": null,
"l_middle_dip": null,
"l_middle_tip": null,
"l_ring_mcp": null,
"l_ring_pip": null,
"l_ring_dip": null,
"l_ring_tip": null,
"l_pinky_mcp": null,
"l_pinky_pip": null,
"l_pinky_dip": null,
"l_pinky_tip": null,
"r_hand_position": [
-0.18989497423171997,
0.13419431447982788,
-0.5208079013973475
],
"r_wrist": [
-0.07373897218501606,
0.9911939498288851,
0.1099868983275328
],
"r_thumb_cmc": [
0.1251879209071732,
0.8689815291173991,
-0.027179803730772226
],
"r_thumb_mcp": [
0.24941651118849353,
0.5265657112674065,
-0.06053672594080857
],
"r_thumb_ip": [
0.0853300175235231,
0.21581442014384114,
-0.06449099147761383
],
"r_thumb_tip": [
-0.12696181617445226,
0.08590183528573098,
-0.06015738471529428
],
"r_index_mcp": [
0.19105045785027291,
0.03146005855691058,
-0.005549162547632859
],
"r_index_pip": [
0.3112708104017366,
-0.3801671319956246,
-0.03000823413080071
],
"r_index_dip": [
0.38340995305700515,
-0.6494721895712583,
-0.05239463369686645
],
"r_index_tip": [
0.45432827266623765,
-0.890299619910059,
-0.0801907758496383
],
"r_middle_mcp": [
0.0,
0.0,
0.0
],
"r_middle_pip": [
0.005119265464526673,
-0.36062829233909094,
-0.005440597904659954
],
"r_middle_dip": [
0.06974412412727723,
-0.4602036607915351,
-0.02912074500306818
],
"r_middle_tip": [
0.1419976303349874,
-0.5336814556074766,
-0.05580381158896374
],
"r_ring_mcp": [
-0.16872089547327784,
0.07080805172120341,
-0.009095988238170724
],
"r_ring_pip": [
-0.22514591893107821,
-0.27869799132905837,
-0.09184455574015615
],
"r_ring_dip": [
-0.20279761101311825,
-0.4526260515261775,
-0.16790128016876607
],
"r_ring_tip": [
-0.18743272596959348,
-0.6197609797184886,
-0.21844374808854713
],
"r_pinky_mcp": [
-0.32125446498388843,
0.23402941504180863,
-0.025861629892161876
],
"r_pinky_pip": [
-0.2551671390747638,
-0.005521585730278446,
-0.10801368750129864
],
"r_pinky_dip": [
-0.14862882606994693,
0.13977841032562524,
-0.11808472938471354
],
"r_pinky_tip": [
-0.1144314459554919,
0.331531117097089,
-0.12242130944187103
],
"l_hand_velocity": null,
"r_hand_velocity": null,
"m_nose_point": [
0.0,
0.0,
0.0
],
"m_top_nose": [
0.005940794821210725,
-0.33775074231899044,
0.20563248558850297
],
"m_eyebrows": [
0.011223587515262498,
-0.5938157692062968,
0.2837723317832696
],
"m_forehead": [
0.01592134718964182,
-0.9315135982543613,
0.4089560696629604
],
"m_top_chin": [
-0.015685371070109456,
0.632635334389114,
0.10592863459425618
],
"m_bot_up_lip": [
-0.019359856359970506,
0.38714250704877695,
0.10103707739811128
],
"m_top_low_lip": [
-0.019880027950766075,
0.3872905788633841,
0.10768226680352509
],
"m_bot_nose": [
-0.02092122457221085,
0.07726212331028764,
0.07617505429670954
],
"m_chin": [
-0.010292057915010882,
0.9928577881344217,
0.1188591018168052
],
"m_nose": [
0.004824068772718521,
-0.27595870987573073,
0.1513200466950648
],
"l_eye_exterior": [
-0.35266972440052824,
-0.2901198373672333,
0.39888530603499966
],
"l_temple": [
-0.5390567212369478,
-0.5045984470662109,
0.6868729839478779
],
"l_mid_chin": [
-0.2072139163048028,
0.7765538839484646,
0.13564291665354208
],
"l_up_lip": [
-0.13923145788314173,
0.29479860800486907,
0.10125462455080403
],
"l_ext_nostril": [
-0.15952327056329066,
0.02084484170530978,
0.12162644721723204
],
"l_mid_cheek": [
-0.41095305224549705,
0.038169884094231346,
0.2945127339907687
],
"l_mid_eyebrow": [
-0.31338076729820713,
-0.5800344224496654,
0.34031871616860754
],
"l_ext_eyebrow": [
-0.384945112785609,
-0.5413895990768816,
0.3744711054943007
],
"l_ext_lips": [
-0.30254208115693776,
0.4236880817415618,
0.2062127646814907
],
"l_jaw_angle": [
-0.5255593565916162,
0.5331140061760663,
0.6110904853138488
],
"l_mid_ext_face": [
-0.5801372619520294,
0.18152409655036025,
0.761871811436299
],
"l_int_eyebrow": [
-0.10588244216217774,
-0.6294682190922439,
0.2898106121052625
],
"l_mid_jaw": [
-0.41921093626934924,
0.7586478623791754,
0.39900106715014777
],
"l_mid_bot_eyelid": [
-0.25412195770052404,
-0.2898556977325307,
0.35450478677333264
],
"l_ext_mouth": [
-0.19880070622758755,
0.4542779264156971,
0.16890230118737698
],
"l_top_eyelid": [
-0.25379466351665186,
-0.3049046160317857,
0.3582144764571565
],
"l_eye_int": [
-0.14474467933767718,
-0.3220621708494298,
0.37216445759486866
],
"l_pupil": [
-0.24791275604534252,
-0.2966757489629574,
0.3742749943504319
],
"r_eye_exterior": [
0.39305983227401253,
-0.2624065117198026,
0.4316970413631021
],
"r_temple": [
0.5227515394731299,
-0.5118066000700819,
0.7004323029925849
],
"r_mid_chin": [
0.1717637316641691,
0.7731610338103058,
0.14265625867582127
],
"r_up_lip": [
0.10140102949069699,
0.2983629995536101,
0.10944253984165517
],
"r_ext_nostril": [
0.16528142925582173,
0.03078122856131483,
0.16709586238716387
],
"r_mid_cheek": [
0.3964044630604404,
0.03853963691082229,
0.3042254312607594
],
"r_mid_eyebrow": [
0.3947445225451043,
-0.5115145102801725,
0.3789871224848471
],
"r_ext_eyebrow": [
0.32872753610638367,
-0.5552848800539744,
0.3424546960998075
],
"r_ext_lips": [
0.2069378285121492,
0.5006598221416473,
0.19520514412169193
],
"r_jaw_angle": [
0.46707269670151685,
0.5306689009953784,
0.6253020724366981
],
"r_mid_ext_face": [
0.5269679590700544,
0.17500061566907457,
0.7738445057830969
],
"r_int_eyebrow": [
0.13115236950862783,
-0.6242837853413246,
0.28887080813892985
],
"r_mid_jaw": [
0.3640539719682391,
0.7566260633658944,
0.4107364785476374
],
"r_mid_bot_eyelid": [
0.2585675258981518,
-0.2512868305067212,
0.35827163025735514
],
"r_ext_mouth": [
0.2440709965441674,
0.42609435540890894,
0.21911531508632717
],
"r_top_eyelid": [
0.2667938326474192,
-0.2813821067856702,
0.3634080913540014
],
"r_eye_int": [
0.16621423901585383,
-0.28613320645090223,
0.37450480970102074
],
"r_pupil": [
0.2686253145733376,
-0.2709869960083319,
0.37830027675763456
],
"l_shoulder": [
0.4950645854109305,
-0.018897238950295894,
0.06748296549470056
],
"l_elbow": [
0.7599736277842911,
0.828108626077221,
-0.028372407418959626
],
"l_hip": [
0.3733298099979032,
1.8211301656079997,
0.3891205848819281
],
"l_knee": [
0.33201433482818404,
3.4352131772771286,
0.10633561330237702
],
"l_ankle": [
0.3544182180609838,
4.897401273090763,
1.460343797508573
],
"l_body_wrist": [
0.8745893218320291,
1.6006747418505154,
-1.2059349727848054
],
"r_shoulder": [
-0.4950645854109305,
0.018897238950295894,
-0.06748296549470056
],
"r_elbow": [
-0.7590060913433013,
1.1319600627420336,
-1.0914295870837025
],
"r_hip": [
-0.34655036234857967,
1.8340952668059216,
0.606690695471672
],
"r_knee": [
-0.36051178659549477,
3.445925988461739,
0.2713006571258905
],
"r_ankle": [
-0.31434758225921194,
4.876445912620355,
0.9438382288073445
],
"r_body_wrist": [
-0.6227268217604657,
0.2961171121088614,
-3.4769441835048136
],
"m_face_position": [
0.03772777318954468,
-0.06742644309997559,
-0.5374511890113354
],
"m_body_position": [
0.05229291319847107,
0.23627245426177979,
-0.6824588999152184
],
"m_face_scale": [
0.13968095003049996,
0.13968095003049996,
0.13968095003049996
],
"m_body_scale": [
0.3695964835847811,
0.3695964835847811,
0.3695964835847811
],
"l_hand_scale": null,
"r_hand_scale": [
0.18919039844027138,
0.18919039844027138,
0.18919039844027138
]
}
],
"framerate": 30,
"mirrorable": true,
"invalid": false
}