{
"label": "w",
"gestures": [
{
"l_hand_position": [
0.10445618629455566,
-0.03845122456550598,
-0.49809643195476383
],
"l_wrist": [
0.12992854572745793,
0.99141010103007,
-0.014986146292302919
],
"l_thumb_cmc": [
-0.12054295604270093,
0.7782026891782271,
-0.08014186487515709
],
"l_thumb_mcp": [
-0.21958225490306152,
0.36798892961464613,
-0.09382273089513296
],
"l_thumb_ip": [
-0.09838797150260634,
0.04231985429327581,
-0.12242881258992964
],
"l_thumb_tip": [
0.06146268443176772,
-0.15127101346643473,
-0.1398872629037249
],
"l_index_mcp": [
-0.1891758724820226,
0.02525442056168451,
0.038072397162975814
],
"l_index_pip": [
-0.2697917106847539,
-0.3120923254811508,
-0.08400874712343086
],
"l_index_dip": [
-0.2885380194851317,
-0.49073551193401416,
-0.16428995445800035
],
"l_index_tip": [
-0.3273722400511751,
-0.529147871336786,
-0.20039100799143592
],
"l_middle_mcp": [
0.0,
0.0,
0.0
],
"l_middle_pip": [
0.03846491607717268,
-0.4597322358537077,
-0.14209017063210921
],
"l_middle_dip": [
-0.008752094055817344,
-0.6065068381227352,
-0.21476712079992238
],
"l_middle_tip": [
-0.06751890264443078,
-0.6269905673424827,
-0.2242892493226668
],
"l_ring_mcp": [
0.16483790893020414,
0.10394935924066431,
-0.06165317763054805
],
"l_ring_pip": [
0.1408040232802767,
-0.1363331865360378,
-0.2156810408944225
],
"l_ring_dip": [
0.04691011669497037,
0.12878848822337727,
-0.20153113881676993
],
"l_ring_tip": [
0.025837705796330424,
0.30991005035345903,
-0.14022766415452528
],
"l_pinky_mcp": [
0.3115428266800483,
0.2879561420185501,
-0.1325168785387775
],
"l_pinky_pip": [
0.21015771696852525,
0.1929092733885736,
-0.23613909301124703
],
"l_pinky_dip": [
0.12795391638925196,
0.3742342580039482,
-0.21657893296294045
],
"l_pinky_tip": [
0.12754003257834473,
0.4697428745590185,
-0.1709679075705658
],
"r_hand_position": null,
"r_wrist": null,
"r_thumb_cmc": null,
"r_thumb_mcp": null,
"r_thumb_ip": null,
"r_thumb_tip": null,
"r_index_mcp": null,
"r_index_pip": null,
"r_index_dip": null,
"r_index_tip": null,
"r_middle_mcp": null,
"r_middle_pip": null,
"r_middle_dip": null,
"r_middle_tip": null,
"r_ring_mcp": null,
"r_ring_pip": null,
"r_ring_dip": null,
"r_ring_tip": null,
"r_pinky_mcp": null,
"r_pinky_pip": null,
"r_pinky_dip": null,
"r_pinky_tip": null,
"l_hand_velocity": null,
"r_hand_velocity": null,
"m_nose_point": null,
"m_top_nose": null,
"m_eyebrows": null,
"m_forehead": null,
"m_top_chin": null,
"m_bot_up_lip": null,
"m_top_low_lip": null,
"m_bot_nose": null,
"m_chin": null,
"m_nose": null,
"l_eye_exterior": null,
"l_temple": null,
"l_mid_chin": null,
"l_up_lip": null,
"l_ext_nostril": null,
"l_mid_cheek": null,
"l_mid_eyebrow": null,
"l_ext_eyebrow": null,
"l_ext_lips": null,
"l_jaw_angle": null,
"l_mid_ext_face": null,
"l_int_eyebrow": null,
"l_mid_jaw": null,
"l_mid_bot_eyelid": null,
"l_ext_mouth": null,
"l_top_eyelid": null,
"l_eye_int": null,
"l_pupil": null,
"r_eye_exterior": null,
"r_temple": null,
"r_mid_chin": null,
"r_up_lip": null,
"r_ext_nostril": null,
"r_mid_cheek": null,
"r_mid_eyebrow": null,
"r_ext_eyebrow": null,
"r_ext_lips": null,
"r_jaw_angle": null,
"r_mid_ext_face": null,
"r_int_eyebrow": null,
"r_mid_jaw": null,
"r_mid_bot_eyelid": null,
"r_ext_mouth": null,
"r_top_eyelid": null,
"r_eye_int": null,
"r_pupil": null,
"l_shoulder": null,
"l_elbow": null,
"l_hip": null,
"l_knee": null,
"l_ankle": null,
"l_body_wrist": null,
"r_shoulder": null,
"r_elbow": null,
"r_hip": null,
"r_knee": null,
"r_ankle": null,
"r_body_wrist": null,
"m_face_position": null,
"m_body_position": null,
"m_face_scale": null,
"m_body_scale": null,
"l_hand_scale": [
0.1270194564427578,
0.1270194564427578,
0.1270194564427578
],
"r_hand_scale": null
}
],
"framerate": 30,
"mirrorable": true,
"invalid": false
}