{
"label": "w",
"gestures": [
{
"l_hand_position": [
0.271670401096344,
-0.008000969886779785,
-0.5097247995436192
],
"l_wrist": [
0.10225866772054729,
0.9936394481157944,
0.04715731146023975
],
"l_thumb_cmc": [
-0.2250459486822552,
0.7840607696116937,
-0.03207154158077749
],
"l_thumb_mcp": [
-0.45531682654981337,
0.47692059946402005,
-0.06052271056693856
],
"l_thumb_ip": [
-0.6760196503915138,
0.29315355669129745,
-0.08475554874146357
],
"l_thumb_tip": [
-0.8470885371870107,
0.1788372044546723,
-0.12044320888286887
],
"l_index_mcp": [
-0.19351573518450876,
-0.007930025142258603,
0.019668022616859793
],
"l_index_pip": [
-0.16739715870776095,
-0.39096880913942256,
0.014709810524339787
],
"l_index_dip": [
-0.12657346153076804,
-0.6196237682618193,
-0.005960506756642207
],
"l_index_tip": [
-0.08447257870990667,
-0.8296801991690236,
-0.038570576525468865
],
"l_middle_mcp": [
0.0,
0.0,
0.0
],
"l_middle_pip": [
0.007999823814581353,
-0.4149912577858567,
0.014048814026590783
],
"l_middle_dip": [
0.028911968476745223,
-0.6838855127790907,
-0.020414951052774778
],
"l_middle_tip": [
0.06170867382591315,
-0.9357744701210211,
-0.062202475949606435
],
"l_ring_mcp": [
0.16910267409234292,
0.12684976600588418,
-0.03436962312655913
],
"l_ring_pip": [
0.15367702299830643,
-0.24621098708471886,
-0.09713676563865858
],
"l_ring_dip": [
0.1248092747984365,
-0.5111416023585565,
-0.21781548181718166
],
"l_ring_tip": [
0.10566189491143914,
-0.7607448338203028,
-0.3159180576819645
],
"l_pinky_mcp": [
0.3102061093443599,
0.3222328685687668,
-0.07201488855202885
],
"l_pinky_pip": [
0.2791391971788427,
0.26778499079292456,
-0.18528194853247287
],
"l_pinky_dip": [
0.19428164194084535,
0.40857946214964946,
-0.26561593924621163
],
"l_pinky_tip": [
0.13717100984570912,
0.537657583284347,
-0.3253406616794727
],
"r_hand_position": null,
"r_wrist": null,
"r_thumb_cmc": null,
"r_thumb_mcp": null,
"r_thumb_ip": null,
"r_thumb_tip": null,
"r_index_mcp": null,
"r_index_pip": null,
"r_index_dip": null,
"r_index_tip": null,
"r_middle_mcp": null,
"r_middle_pip": null,
"r_middle_dip": null,
"r_middle_tip": null,
"r_ring_mcp": null,
"r_ring_pip": null,
"r_ring_dip": null,
"r_ring_tip": null,
"r_pinky_mcp": null,
"r_pinky_pip": null,
"r_pinky_dip": null,
"r_pinky_tip": null,
"l_hand_velocity": null,
"r_hand_velocity": null,
"m_nose_point": null,
"m_top_nose": null,
"m_eyebrows": null,
"m_forehead": null,
"m_top_chin": null,
"m_bot_up_lip": null,
"m_top_low_lip": null,
"m_bot_nose": null,
"m_chin": null,
"m_nose": null,
"l_eye_exterior": null,
"l_temple": null,
"l_mid_chin": null,
"l_up_lip": null,
"l_ext_nostril": null,
"l_mid_cheek": null,
"l_mid_eyebrow": null,
"l_ext_eyebrow": null,
"l_ext_lips": null,
"l_jaw_angle": null,
"l_mid_ext_face": null,
"l_int_eyebrow": null,
"l_mid_jaw": null,
"l_mid_bot_eyelid": null,
"l_ext_mouth": null,
"l_top_eyelid": null,
"l_eye_int": null,
"l_pupil": null,
"r_eye_exterior": null,
"r_temple": null,
"r_mid_chin": null,
"r_up_lip": null,
"r_ext_nostril": null,
"r_mid_cheek": null,
"r_mid_eyebrow": null,
"r_ext_eyebrow": null,
"r_ext_lips": null,
"r_jaw_angle": null,
"r_mid_ext_face": null,
"r_int_eyebrow": null,
"r_mid_jaw": null,
"r_mid_bot_eyelid": null,
"r_ext_mouth": null,
"r_top_eyelid": null,
"r_eye_int": null,
"r_pupil": null,
"l_shoulder": [
0.47583376879148626,
0.04187832437292756,
0.14774447680169375
],
"l_elbow": [
0.8421599417046579,
1.1463561185288016,
-1.2438107545449855
],
"l_hip": [
0.297403287958776,
1.9251892164176454,
-0.06313768111275382
],
"l_knee": [
0.24277393203509,
3.55316762275782,
-0.1306373795475706
],
"l_ankle": [
0.21728678090416684,
5.011884140967529,
0.8869209313277839
],
"l_body_wrist": [
0.8238418825233209,
0.2586264103393949,
-3.3945957991336217
],
"r_shoulder": [
-0.47583376879148626,
-0.04187832437292756,
-0.14774447680169375
],
"r_elbow": [
-0.7586648602690819,
0.9222650216513665,
-1.2506334673515405
],
"r_hip": [
-0.4231974301549834,
1.8861010514121195,
-0.12189699188134484
],
"r_knee": [
-0.4329229525415778,
3.490385957345181,
-0.34476042937536283
],
"r_ankle": [
-0.43802900577684495,
4.920068544635569,
0.2431389460761559
],
"r_body_wrist": [
-0.9560008630377025,
0.9823481066464458,
-3.4498206613612368
],
"m_face_position": null,
"m_body_position": [
-0.05631479620933533,
0.1113743782043457,
-0.4635313283652067
],
"m_face_scale": null,
"m_body_scale": [
0.3677332438967666,
0.3677332438967666,
0.3677332438967666
],
"l_hand_scale": [
0.20622916216366377,
0.20622916216366377,
0.20622916216366377
],
"r_hand_scale": null
}
],
"framerate": 30,
"mirrorable": true,
"invalid": false
}