{
"label": "w",
"gestures": [
{
"l_hand_position": [
0.09239894151687622,
-0.02235013246536255,
-0.5032023519743234
],
"l_wrist": [
0.24852834669185503,
0.9682766402374493,
0.025961680629152786
],
"l_thumb_cmc": [
-0.02297904358100505,
0.8018876833301449,
-0.057475920141092915
],
"l_thumb_mcp": [
-0.18868957388358373,
0.42808235548359813,
-0.08797835960927924
],
"l_thumb_ip": [
-0.11166351054576204,
0.06230845826179914,
-0.12920863871914617
],
"l_thumb_tip": [
0.029431827683218097,
-0.17758468711969208,
-0.1613084490908738
],
"l_index_mcp": [
-0.19320516976760208,
0.05433138874319916,
0.030258187279356374
],
"l_index_pip": [
-0.3246889812198022,
-0.30404094187041886,
-0.08064543144776365
],
"l_index_dip": [
-0.40236399536257167,
-0.5083645282772205,
-0.1462411057983259
],
"l_index_tip": [
-0.48365921756987457,
-0.6560694521990358,
-0.18078947629372003
],
"l_middle_mcp": [
0.0,
0.0,
0.0
],
"l_middle_pip": [
-0.01334287310277137,
-0.4778722966167442,
-0.13265771500146462
],
"l_middle_dip": [
-0.09095410354766059,
-0.6771721920007319,
-0.1935332145052053
],
"l_middle_tip": [
-0.1683150312993533,
-0.820657969270722,
-0.19908263782569846
],
"l_ring_mcp": [
0.18567386131941482,
0.07482262650196041,
-0.0503534978129814
],
"l_ring_pip": [
0.11922381158389483,
-0.19691308041672081,
-0.2198642695934403
],
"l_ring_dip": [
0.040413737544757404,
0.10299448454712844,
-0.21823299850009287
],
"l_ring_tip": [
0.032749063182820656,
0.299496353396455,
-0.15858133359912116
],
"l_pinky_mcp": [
0.3563527551189947,
0.23300088193668697,
-0.10831762032558896
],
"l_pinky_pip": [
0.2355222708422844,
0.13784889296982794,
-0.23350242920474557
],
"l_pinky_dip": [
0.16526259478792005,
0.31888611434220177,
-0.22531519360965493
],
"l_pinky_tip": [
0.17463396627798441,
0.42418091929659285,
-0.18237928194332242
],
"r_hand_position": null,
"r_wrist": null,
"r_thumb_cmc": null,
"r_thumb_mcp": null,
"r_thumb_ip": null,
"r_thumb_tip": null,
"r_index_mcp": null,
"r_index_pip": null,
"r_index_dip": null,
"r_index_tip": null,
"r_middle_mcp": null,
"r_middle_pip": null,
"r_middle_dip": null,
"r_middle_tip": null,
"r_ring_mcp": null,
"r_ring_pip": null,
"r_ring_dip": null,
"r_ring_tip": null,
"r_pinky_mcp": null,
"r_pinky_pip": null,
"r_pinky_dip": null,
"r_pinky_tip": null,
"l_hand_velocity": null,
"r_hand_velocity": null,
"m_nose_point": null,
"m_top_nose": null,
"m_eyebrows": null,
"m_forehead": null,
"m_top_chin": null,
"m_bot_up_lip": null,
"m_top_low_lip": null,
"m_bot_nose": null,
"m_chin": null,
"m_nose": null,
"l_eye_exterior": null,
"l_temple": null,
"l_mid_chin": null,
"l_up_lip": null,
"l_ext_nostril": null,
"l_mid_cheek": null,
"l_mid_eyebrow": null,
"l_ext_eyebrow": null,
"l_ext_lips": null,
"l_jaw_angle": null,
"l_mid_ext_face": null,
"l_int_eyebrow": null,
"l_mid_jaw": null,
"l_mid_bot_eyelid": null,
"l_ext_mouth": null,
"l_top_eyelid": null,
"l_eye_int": null,
"l_pupil": null,
"r_eye_exterior": null,
"r_temple": null,
"r_mid_chin": null,
"r_up_lip": null,
"r_ext_nostril": null,
"r_mid_cheek": null,
"r_mid_eyebrow": null,
"r_ext_eyebrow": null,
"r_ext_lips": null,
"r_jaw_angle": null,
"r_mid_ext_face": null,
"r_int_eyebrow": null,
"r_mid_jaw": null,
"r_mid_bot_eyelid": null,
"r_ext_mouth": null,
"r_top_eyelid": null,
"r_eye_int": null,
"r_pupil": null,
"l_shoulder": null,
"l_elbow": null,
"l_hip": null,
"l_knee": null,
"l_ankle": null,
"l_body_wrist": null,
"r_shoulder": null,
"r_elbow": null,
"r_hip": null,
"r_knee": null,
"r_ankle": null,
"r_body_wrist": null,
"m_face_position": null,
"m_body_position": null,
"m_face_scale": null,
"m_body_scale": null,
"l_hand_scale": [
0.12335147336753198,
0.12335147336753198,
0.12335147336753198
],
"r_hand_scale": null
}
],
"framerate": 30,
"mirrorable": true,
"invalid": false
}