{
"label": "w",
"gestures": [
{
"l_hand_position": [
0.1999664306640625,
0.04735749959945679,
-0.5171010550111532
],
"l_wrist": [
0.03741625100277336,
0.996412723073057,
0.0759059250588044
],
"l_thumb_cmc": [
-0.1546349120541915,
0.801400251486606,
-0.020161248168805542
],
"l_thumb_mcp": [
-0.19648108801164327,
0.44451402547347457,
-0.03831202831318976
],
"l_thumb_ip": [
-0.037379211496463345,
0.25704755959398357,
-0.0382706813107218
],
"l_thumb_tip": [
0.1578240135474842,
0.15517066205617572,
-0.04648176938511409
],
"l_index_mcp": [
-0.1620536606001863,
-0.0015056559315023137,
0.012000704965356627
],
"l_index_pip": [
-0.19567733072471583,
-0.39848556011781716,
-0.009139713143417988
],
"l_index_dip": [
-0.19978633481400812,
-0.6377443676706092,
-0.031283302461540693
],
"l_index_tip": [
-0.196454895789324,
-0.8619385465873605,
-0.06384239268629407
],
"l_middle_mcp": [
0.0,
0.0,
0.0
],
"l_middle_pip": [
-0.04583956387347635,
-0.45958963367745714,
-0.026916121438421838
],
"l_middle_dip": [
-0.08499508426540736,
-0.7201646771116657,
-0.06447619816703652
],
"l_middle_tip": [
-0.10235550087291374,
-0.9510475294482511,
-0.0975862593158984
],
"l_ring_mcp": [
0.15198552908141622,
0.10282722544256206,
-0.023884272492007814
],
"l_ring_pip": [
0.21079183041032393,
-0.27502389027784513,
-0.12966300091618016
],
"l_ring_dip": [
0.21523683573542854,
-0.5773523786197793,
-0.23656339803277837
],
"l_ring_tip": [
0.24016177780304987,
-0.8513969708075777,
-0.31616000732448807
],
"l_pinky_mcp": [
0.29227318836642147,
0.2951948117105754,
-0.04781944950195108
],
"l_pinky_pip": [
0.24172431583352827,
0.19367534540865924,
-0.1852005823487225
],
"l_pinky_dip": [
0.12209464748923006,
0.3562586709490788,
-0.23180375532996522
],
"l_pinky_tip": [
0.03981641101166266,
0.5341416937066565,
-0.2598969641685799
],
"r_hand_position": null,
"r_wrist": null,
"r_thumb_cmc": null,
"r_thumb_mcp": null,
"r_thumb_ip": null,
"r_thumb_tip": null,
"r_index_mcp": null,
"r_index_pip": null,
"r_index_dip": null,
"r_index_tip": null,
"r_middle_mcp": null,
"r_middle_pip": null,
"r_middle_dip": null,
"r_middle_tip": null,
"r_ring_mcp": null,
"r_ring_pip": null,
"r_ring_dip": null,
"r_ring_tip": null,
"r_pinky_mcp": null,
"r_pinky_pip": null,
"r_pinky_dip": null,
"r_pinky_tip": null,
"l_hand_velocity": null,
"r_hand_velocity": null,
"m_nose_point": [
0.0,
0.0,
0.0
],
"m_top_nose": [
0.017445663620438878,
-0.3382728549152246,
0.2340190113984355
],
"m_eyebrows": [
0.03717636462572436,
-0.6004869306464612,
0.3266243073917279
],
"m_forehead": [
0.06555193946586989,
-0.93949863763206,
0.47802173460327485
],
"m_top_chin": [
-0.06118223135932903,
0.6094131752346443,
0.06470754515823265
],
"m_bot_up_lip": [
-0.05428492487369747,
0.39186236305937755,
0.08051558361032253
],
"m_top_low_lip": [
-0.05349767342354147,
0.4316367251620569,
0.0746592727591164
],
"m_bot_nose": [
-0.03222699215247362,
0.07687965071613688,
0.07444738444873746
],
"m_chin": [
-0.09993197069469448,
0.9926730844283878,
0.06792458085631209
],
"m_nose": [
0.015616415266637023,
-0.27838307878848184,
0.17316127588082492
],
"l_eye_exterior": [
-0.3879917665056441,
-0.3640743499206382,
0.39988584357508766
],
"l_temple": [
-0.5701512373346891,
-0.6113245558692879,
0.7051173642091976
],
"l_mid_chin": [
-0.2768309140634537,
0.7425552434324372,
0.06888369805279675
],
"l_up_lip": [
-0.17169482544201864,
0.2891746738319358,
0.07114367550236592
],
"l_ext_nostril": [
-0.17212218406815663,
0.0016444507219079702,
0.11380980183032008
],
"l_mid_cheek": [
-0.44266117875998523,
-0.011776054222883777,
0.2720216410569048
],
"l_mid_eyebrow": [
-0.3135645766699158,
-0.647527066307889,
0.35485660201666874
],
"l_ext_eyebrow": [
-0.3933689488813012,
-0.624068146411538,
0.3843368024450786
],
"l_ext_lips": [
-0.32045827294540047,
0.4221396160943969,
0.1486542809535886
],
"l_jaw_angle": [
-0.6225414787956723,
0.475376903111094,
0.567839461830942
],
"l_mid_ext_face": [
-0.6642682876734162,
0.10055134737302013,
0.7427518870663756
],
"l_int_eyebrow": [
-0.09060792607595092,
-0.6499969013246295,
0.3220597607563221
],
"l_mid_jaw": [
-0.5195408294761221,
0.7180222860173867,
0.33880720127292263
],
"l_mid_bot_eyelid": [
-0.2970643368316935,
-0.3185987890816184,
0.35899727331463294
],
"l_ext_mouth": [
-0.24705660842952284,
0.47134159071940873,
0.10794158856753591
],
"l_top_eyelid": [
-0.2919845455168864,
-0.4427703876169286,
0.3673481265582723
],
"l_eye_int": [
-0.17974920427972815,
-0.35798324848843377,
0.3885120598382977
],
"l_pupil": [
-0.29853707693349,
-0.3823241878512966,
0.3823257461646608
],
"r_eye_exterior": [
0.3962945729290864,
-0.19443711862421215,
0.5065804711988414
],
"r_temple": [
0.5401348219827824,
-0.38355752589272757,
0.8188076483403188
],
"r_mid_chin": [
0.105819546529868,
0.8060990035041,
0.10362373492470643
],
"r_up_lip": [
0.06419404917437123,
0.3421653383679735,
0.09755301143649521
],
"r_ext_nostril": [
0.1469314914919698,
0.0723440985809733,
0.18814041854461908
],
"r_mid_cheek": [
0.37028097807754307,
0.14132190183810672,
0.35000880195975775
],
"r_mid_eyebrow": [
0.41867968094487207,
-0.4226254149972876,
0.4595947707372847
],
"r_ext_eyebrow": [
0.3561452002473989,
-0.4765964772263399,
0.4146793424639848
],
"r_ext_lips": [
0.15512779671607888,
0.5621009199833948,
0.16703273262072993
],
"r_jaw_angle": [
0.40114601845210274,
0.6688947719766545,
0.6761370791694481
],
"r_mid_ext_face": [
0.4847686391700917,
0.3250172914465188,
0.8619696849800518
],
"r_int_eyebrow": [
0.1646332543947036,
-0.5789454836143766,
0.34306354737061284
],
"r_mid_jaw": [
0.29411095929340403,
0.8612799374086285,
0.42128793085454896
],
"r_mid_bot_eyelid": [
0.2620202525739755,
-0.18857955266088464,
0.4156784258149862
],
"r_ext_mouth": [
0.19680631903310808,
0.5073096631365961,
0.20399475512136614
],
"r_top_eyelid": [
0.2853279949204255,
-0.30886272922986113,
0.42532926496394013
],
"r_eye_int": [
0.1567230583247355,
-0.2751587098510415,
0.4266928103111767
],
"r_pupil": [
0.2678674391831307,
-0.2523552687344851,
0.43868309384008153
],
"l_shoulder": [
0.4983192026167133,
0.0048361317505650715,
0.040676579663661526
],
"l_elbow": [
0.8982399985772679,
1.1301763344821145,
-1.3273589444295313
],
"l_hip": [
0.3857342120216154,
1.9823873080731094,
-0.1100664615369958
],
"l_knee": [
0.3080349820889894,
3.8778616777030663,
-0.5809264220018147
],
"l_ankle": [
0.24725781008799,
5.5760711165351475,
0.4522755392297339
],
"l_body_wrist": [
0.8897419205030964,
0.23532232641475748,
-3.618659405203849
],
"r_shoulder": [
-0.4983192026167133,
-0.0048361317505650715,
-0.040676579663661526
],
"r_elbow": [
-0.8143571256864797,
0.9669056729566365,
-0.7258797463900176
],
"r_hip": [
-0.3737311459712517,
1.9922308959024457,
-0.08318930429780728
],
"r_knee": [
-0.44844456468862826,
3.812706128361133,
-0.4715386627138998
],
"r_ankle": [
-0.5145697954956584,
5.520572708609301,
0.016461929577027336
],
"r_body_wrist": [
-1.1510360221311289,
1.1009430313022683,
-2.983857936665268
],
"m_face_position": [
-0.07023102045059204,
-0.16347238421440125,
-0.536163616925478
],
"m_body_position": [
-0.10050328820943832,
0.15378054976463318,
-0.4653749596327543
],
"m_face_scale": [
0.13208016674985457,
0.13208016674985457,
0.13208016674985457
],
"m_body_scale": [
0.3350328206138126,
0.3350328206138126,
0.3350328206138126
],
"l_hand_scale": [
0.22529053704739235,
0.22529053704739235,
0.22529053704739235
],
"r_hand_scale": null
}
],
"framerate": 30,
"mirrorable": true,
"invalid": false
}