{
"label": "w",
"gestures": [
{
"l_hand_position": [
0.22096765041351318,
0.05535167455673218,
-0.536391980946064
],
"l_wrist": [
-0.0011345101502964507,
0.9865644076616716,
0.16336885389171849
],
"l_thumb_cmc": [
-0.19312814451663235,
0.8104046819401336,
-0.05304779820317094
],
"l_thumb_mcp": [
-0.23318411244340806,
0.5250724358359411,
-0.15896507382925618
],
"l_thumb_ip": [
-0.06165688064453092,
0.3541852390086463,
-0.24265523195312494
],
"l_thumb_tip": [
0.1274742561774957,
0.21756693804902064,
-0.3157805653221502
],
"l_index_mcp": [
-0.1865803619959002,
0.015143569921268377,
-0.02826992259814983
],
"l_index_pip": [
-0.263053303027746,
-0.29125792105430226,
-0.18359665381525025
],
"l_index_dip": [
-0.2698432392480108,
-0.4588132970345472,
-0.2998075186400519
],
"l_index_tip": [
-0.2947869433119107,
-0.4685302159279471,
-0.3685328791525973
],
"l_middle_mcp": [
0.0,
0.0,
0.0
],
"l_middle_pip": [
0.04826591484695164,
-0.4042018849672464,
-0.14678300351729937
],
"l_middle_dip": [
0.07099518353258426,
-0.5654589903878798,
-0.2488189132189631
],
"l_middle_tip": [
0.025052071189105136,
-0.5223556318710744,
-0.3075593134364436
],
"l_ring_mcp": [
0.15219400151597154,
0.09425612006459401,
-0.00039766386886644014
],
"l_ring_pip": [
0.2507307568127454,
-0.22010326392511972,
-0.159505404356321
],
"l_ring_dip": [
0.24885239330918854,
-0.3330239489741309,
-0.25684744554435107
],
"l_ring_tip": [
0.1824592003603186,
-0.29257612017115026,
-0.30564710192958194
],
"l_pinky_mcp": [
0.28720606086422223,
0.2736029095597597,
-0.01779968495135585
],
"l_pinky_pip": [
0.37534224787278314,
0.09689733461496576,
-0.17877986888645328
],
"l_pinky_dip": [
0.3395115275364158,
0.11808939556157642,
-0.2607081247197172
],
"l_pinky_tip": [
0.24714821992540598,
0.22821795480437454,
-0.29981701748682915
],
"r_hand_position": null,
"r_wrist": null,
"r_thumb_cmc": null,
"r_thumb_mcp": null,
"r_thumb_ip": null,
"r_thumb_tip": null,
"r_index_mcp": null,
"r_index_pip": null,
"r_index_dip": null,
"r_index_tip": null,
"r_middle_mcp": null,
"r_middle_pip": null,
"r_middle_dip": null,
"r_middle_tip": null,
"r_ring_mcp": null,
"r_ring_pip": null,
"r_ring_dip": null,
"r_ring_tip": null,
"r_pinky_mcp": null,
"r_pinky_pip": null,
"r_pinky_dip": null,
"r_pinky_tip": null,
"l_hand_velocity": null,
"r_hand_velocity": null,
"m_nose_point": [
0.0,
0.0,
0.0
],
"m_top_nose": [
0.00936395170999209,
-0.27768787321592137,
0.2405972057834446
],
"m_eyebrows": [
0.025250456331165017,
-0.5198427497721348,
0.3476407312380744
],
"m_forehead": [
0.044770092620156875,
-0.8086118020681196,
0.5112884862256837
],
"m_top_chin": [
-0.05592234916792906,
0.6033556932439561,
0.020541627217628755
],
"m_bot_up_lip": [
-0.05082644533954951,
0.3856491282039576,
0.04988893194680496
],
"m_top_low_lip": [
-0.049100399688731096,
0.3925065632948368,
0.046748309227039396
],
"m_bot_nose": [
-0.03047194097693146,
0.08623471113664131,
0.062004333335878875
],
"m_chin": [
-0.10150053628643169,
0.9948342362435005,
0.0015759223894244426
],
"m_nose": [
0.00929425541878583,
-0.23049455954419076,
0.17961491898847765
],
"l_eye_exterior": [
-0.3582440365287942,
-0.2651633646906796,
0.39285606735270173
],
"l_temple": [
-0.5438811706001275,
-0.45342324669603384,
0.6953418358259627
],
"l_mid_chin": [
-0.266576414497148,
0.7404136623897564,
0.020752814417087963
],
"l_up_lip": [
-0.15918930395679254,
0.2888182434283452,
0.05018192729295444
],
"l_ext_nostril": [
-0.1661279097282839,
0.021789015527049305,
0.1040269471593988
],
"l_mid_cheek": [
-0.42424982412020434,
0.041498191729931355,
0.2541293058082569
],
"l_mid_eyebrow": [
-0.29725255710776605,
-0.5366717479897875,
0.3715033176728562
],
"l_ext_eyebrow": [
-0.37257299903246144,
-0.5073110166313411,
0.3979302176511659
],
"l_ext_lips": [
-0.3034963248541218,
0.42724421477776103,
0.11899858171414322
],
"l_jaw_angle": [
-0.5903532976488275,
0.5521750292536723,
0.4877075004309052
],
"l_mid_ext_face": [
-0.6311432645659831,
0.21479589492736642,
0.6741247601764074
],
"l_int_eyebrow": [
-0.09320434025726718,
-0.5538679266684292,
0.3442446838291377
],
"l_mid_jaw": [
-0.49764554346640494,
0.7555451946857591,
0.26546429599148114
],
"l_mid_bot_eyelid": [
-0.2738282286016821,
-0.23725254992688544,
0.3540856062515293
],
"l_ext_mouth": [
-0.22055433849959083,
0.45219867435999217,
0.08059020134533505
],
"l_top_eyelid": [
-0.2698219667894784,
-0.33388900754867545,
0.36617283960827696
],
"l_eye_int": [
-0.16511901341533478,
-0.27503176455714623,
0.38345558086810816
],
"l_pupil": [
-0.27668386414290436,
-0.27784638978067705,
0.3773952439857274
],
"r_eye_exterior": [
0.36273519753774386,
-0.1137993818200239,
0.48047770546715235
],
"r_temple": [
0.48493956959759565,
-0.25562432229790105,
0.7831054296676815
],
"r_mid_chin": [
0.10218517485431755,
0.8029745832950816,
0.04642205940048205
],
"r_up_lip": [
0.06519195589836146,
0.3373721221994468,
0.06977408862887416
],
"r_ext_nostril": [
0.14147284671406993,
0.09505022953076953,
0.16674173643932683
],
"r_mid_cheek": [
0.3488881593891248,
0.18208241073112147,
0.31231530947004976
],
"r_mid_eyebrow": [
0.38984514241874413,
-0.32930923875486906,
0.45627388875297764
],
"r_ext_eyebrow": [
0.333194806989618,
-0.38565805272905107,
0.41786623881405066
],
"r_ext_lips": [
0.1598182704871905,
0.559415793946186,
0.12191945128402502
],
"r_jaw_angle": [
0.36981872059765797,
0.7282535719724986,
0.5710829902796349
],
"r_mid_ext_face": [
0.4441187918199983,
0.4161136320766445,
0.7651104528709998
],
"r_int_eyebrow": [
0.15458594891809624,
-0.4987587717274708,
0.3604447752788373
],
"r_mid_jaw": [
0.2742022087008376,
0.892893635874483,
0.3279898234188942
],
"r_mid_bot_eyelid": [
0.24245129828253276,
-0.1210267597248973,
0.3978551958620988
],
"r_ext_mouth": [
0.20002049368033228,
0.5085428135829347,
0.1583757909967829
],
"r_top_eyelid": [
0.2602531759797216,
-0.2215557977082954,
0.41146414043054524
],
"r_eye_int": [
0.14234808763930948,
-0.20397235838720423,
0.4130710861691042
],
"r_pupil": [
0.24296594589625703,
-0.17086130784691383,
0.42114791418414044
],
"l_shoulder": [
0.4997208452121879,
-0.01219541106998855,
0.01141704030169804
],
"l_elbow": [
0.8879051296046119,
1.075876464090055,
-1.360136437986742
],
"l_hip": [
0.39159671202658614,
2.0097633680314524,
-0.08116361922606063
],
"l_knee": [
0.3683825257027659,
3.8367964889357227,
-0.3622587386098348
],
"l_ankle": [
0.3462467909480604,
5.448511731093166,
0.7493626982098479
],
"l_body_wrist": [
0.866545942985603,
0.19408601661930208,
-3.6036968001374614
],
"r_shoulder": [
-0.4997208452121879,
0.01219541106998855,
-0.01141704030169804
],
"r_elbow": [
-0.7547992311237075,
0.9872257149176181,
-0.727183507409305
],
"r_hip": [
-0.3483461136633365,
2.0380554825971253,
0.0013461980746786917
],
"r_knee": [
-0.3526202787063641,
3.7864011926812084,
-0.4592881393879216
],
"r_ankle": [
-0.3484846392097426,
5.41624989265689,
0.03674966989157757
],
"r_body_wrist": [
-1.1043216415087649,
1.0776644324818234,
-2.538102816956664
],
"m_face_position": [
-0.06321609020233154,
-0.17882567644119263,
-0.5353098176419735
],
"m_body_position": [
-0.10031501948833466,
0.16534563899040222,
-0.4841317101381719
],
"m_face_scale": [
0.14025368601372962,
0.14025368601372962,
0.14025368601372962
],
"m_body_scale": [
0.34056589245583185,
0.34056589245583185,
0.34056589245583185
],
"l_hand_scale": [
0.22276018754139737,
0.22276018754139737,
0.22276018754139737
],
"r_hand_scale": null
}
],
"framerate": 30,
"mirrorable": true,
"invalid": false
}