{
"label": "d",
"gestures": [
{
"l_hand_position": null,
"l_wrist": null,
"l_thumb_cmc": null,
"l_thumb_mcp": null,
"l_thumb_ip": null,
"l_thumb_tip": null,
"l_index_mcp": null,
"l_index_pip": null,
"l_index_dip": null,
"l_index_tip": null,
"l_middle_mcp": null,
"l_middle_pip": null,
"l_middle_dip": null,
"l_middle_tip": null,
"l_ring_mcp": null,
"l_ring_pip": null,
"l_ring_dip": null,
"l_ring_tip": null,
"l_pinky_mcp": null,
"l_pinky_pip": null,
"l_pinky_dip": null,
"l_pinky_tip": null,
"r_hand_position": [
-0.23884928226470947,
-0.023770183324813843,
-0.5334046818315983
],
"r_wrist": [
0.05235823247255749,
0.9913849130530278,
0.12006069158217504
],
"r_thumb_cmc": [
0.3316827949254926,
0.7055126527174319,
0.11738815785954808
],
"r_thumb_mcp": [
0.43618653386502976,
0.3860181153189739,
0.0689164676594608
],
"r_thumb_ip": [
0.5285545005457767,
0.1652515808717523,
-0.002866806941357461
],
"r_thumb_tip": [
0.6293277151538622,
-0.020948155909795017,
-0.06432610542936225
],
"r_index_mcp": [
0.09867637458533086,
-0.03173634212821561,
0.07063767650859479
],
"r_index_pip": [
0.19062220975148464,
-0.36367010232614966,
-0.049505283248708405
],
"r_index_dip": [
0.2592635146892605,
-0.6069686695434274,
-0.12139126228100235
],
"r_index_tip": [
0.312202619834652,
-0.8077680941458525,
-0.16892392956786692
],
"r_middle_mcp": [
0.0,
0.0,
0.0
],
"r_middle_pip": [
0.39925532842134737,
-0.09721214271410815,
-0.1698337724041605
],
"r_middle_dip": [
0.4827481433547811,
0.20621386914217904,
-0.1902769986108872
],
"r_middle_tip": [
0.4484395946314271,
0.3785694917399814,
-0.1634731470133132
],
"r_ring_mcp": [
-0.01777343985777087,
0.10990040275576354,
-0.07769374174550293
],
"r_ring_pip": [
0.3804860609332358,
0.10175983053828538,
-0.22832386412133535
],
"r_ring_dip": [
0.4218017143055765,
0.3806584054161032,
-0.17290287524294212
],
"r_ring_tip": [
0.3582545866584723,
0.5098895609173997,
-0.0954896752896642
],
"r_pinky_mcp": [
0.01897438848543357,
0.2658752660217378,
-0.1601931658646216
],
"r_pinky_pip": [
0.3509334273023587,
0.2940583554898165,
-0.2386380762336725
],
"r_pinky_dip": [
0.36959493932138104,
0.4880152006922818,
-0.18838977832273265
],
"r_pinky_tip": [
0.2925575981564075,
0.5794201162571426,
-0.12978703072621922
],
"l_hand_velocity": null,
"r_hand_velocity": null,
"m_nose_point": [
0.0,
0.0,
0.0
],
"m_top_nose": [
0.03720884876746005,
-0.32122462943060337,
0.2185773880311562
],
"m_eyebrows": [
0.06515456171261073,
-0.592609725103527,
0.29685485578700527
],
"m_forehead": [
0.09896463900199445,
-0.9050769813510328,
0.42852763724363013
],
"m_top_chin": [
-0.05312020345382353,
0.6645024879902357,
0.12254668260804029
],
"m_bot_up_lip": [
-0.0087740509388386,
0.3954701194411293,
0.092733836729481
],
"m_top_low_lip": [
-0.01284419904918129,
0.46294153170997526,
0.1076570949905078
],
"m_bot_nose": [
-0.02169814807366222,
0.07961766663301086,
0.0795115883494032
],
"m_chin": [
-0.08402408484166372,
0.9866112324024978,
0.13977921613653915
],
"m_nose": [
0.0301975978249534,
-0.26423382915315063,
0.16089077020977177
],
"l_eye_exterior": [
-0.31930067577124044,
-0.2891971327315699,
0.4284253647850971
],
"l_temple": [
-0.47175087743421895,
-0.5370873430408406,
0.7411309335568593
],
"l_mid_chin": [
-0.25103474297599493,
0.7559951045655338,
0.15789481016650084
],
"l_up_lip": [
-0.12511303287497744,
0.31024795116961534,
0.10532985719832062
],
"l_ext_nostril": [
-0.15005636193198607,
0.01320761898241848,
0.13221802347075437
],
"l_mid_cheek": [
-0.3980134771916127,
0.016280980296155424,
0.3253430078894431
],
"l_mid_eyebrow": [
-0.2560417543187116,
-0.6040430054097696,
0.3693355368346193
],
"l_ext_eyebrow": [
-0.3280425347629513,
-0.571373706005801,
0.4104936987663038
],
"l_ext_lips": [
-0.2880624635590134,
0.42029903133665986,
0.22371437920858592
],
"l_jaw_angle": [
-0.5059183629076774,
0.4937575639890874,
0.6561842149052343
],
"l_mid_ext_face": [
-0.5420770948456395,
0.14235492340015649,
0.815078793501998
],
"l_int_eyebrow": [
-0.04988045243746252,
-0.6321691677934888,
0.30585324435739025
],
"l_mid_jaw": [
-0.42667633363362095,
0.7161841380477126,
0.43316360488249844
],
"l_mid_bot_eyelid": [
-0.23704637231203274,
-0.26122969991847755,
0.3767300973885396
],
"l_ext_mouth": [
-0.19361555708887254,
0.4892598059786443,
0.18027058903083226
],
"l_top_eyelid": [
-0.23021935239224506,
-0.3336986210878157,
0.3823511495179323
],
"l_eye_int": [
-0.12644221122204666,
-0.2969418170718903,
0.39105022327870914
],
"l_pupil": [
-0.23614034353504013,
-0.29661272228709656,
0.3981758429008458
],
"r_eye_exterior": [
0.44128255696956487,
-0.17037316519004075,
0.4318222575915602
],
"r_temple": [
0.6054676929975642,
-0.3809583387452529,
0.7082879236912059
],
"r_mid_chin": [
0.12546365360032047,
0.8117484541524921,
0.14406619931243725
],
"r_up_lip": [
0.11782873216406205,
0.34292801354385866,
0.09386363347630504
],
"r_ext_nostril": [
0.16940255859140033,
0.0742707005715296,
0.1636695921759368
],
"r_mid_cheek": [
0.4138150689739141,
0.13592351536073372,
0.29587338167910526
],
"r_mid_eyebrow": [
0.46519186517063926,
-0.4359304518321867,
0.38379143614034794
],
"r_ext_eyebrow": [
0.3956906148862151,
-0.488388005386399,
0.3480996510619754
],
"r_ext_lips": [
0.1947333545782958,
0.5657622229811737,
0.17941977501857623
],
"r_jaw_angle": [
0.4613230136935411,
0.6425563067817761,
0.6265976580526067
],
"r_mid_ext_face": [
0.5589130953386597,
0.30986552635192927,
0.7815092346609587
],
"r_int_eyebrow": [
0.1888845044254496,
-0.5699956579558632,
0.29850222353316486
],
"r_mid_jaw": [
0.3306248719192941,
0.832424023086368,
0.40942440736588853
],
"r_mid_bot_eyelid": [
0.3036623708532857,
-0.16792560757137126,
0.3566029005781101
],
"r_ext_mouth": [
0.23819364676509103,
0.49544764121329343,
0.19982510007100118
],
"r_top_eyelid": [
0.3117658208694273,
-0.2415774858339575,
0.3619775376543853
],
"r_eye_int": [
0.1989947150974815,
-0.23752130049586298,
0.3775943590534079
],
"r_pupil": [
0.30097919145292823,
-0.2117054921007358,
0.3783191566220317
],
"l_shoulder": [
0.4912591260642615,
0.09044322238300827,
0.02201123766524187
],
"l_elbow": [
0.7053319384057426,
1.2151148834927445,
-0.11208349639553244
],
"l_hip": [
0.2611452193221031,
2.035563940811885,
0.10189237621759317
],
"l_knee": [
0.20201400579441944,
3.7674893945051133,
-0.3660798444542343
],
"l_ankle": [
0.11786719510880572,
5.3501082213936355,
1.0370539220205648
],
"l_body_wrist": [
0.8554941512495037,
2.050222066549077,
-0.9708826728065066
],
"r_shoulder": [
-0.4912591260642615,
-0.09044322238300827,
-0.02201123766524187
],
"r_elbow": [
-0.8683884123994072,
0.8978001356849235,
-1.4335331978814485
],
"r_hip": [
-0.45987566586146855,
1.9826460205517766,
0.43899396190420364
],
"r_knee": [
-0.4820964248805926,
3.739614675872288,
0.24057158734325015
],
"r_ankle": [
-0.47556941673203035,
5.265116347919714,
0.9906029206221405
],
"r_body_wrist": [
-0.5392831246831514,
0.15993327992935327,
-4.107012023694595
],
"m_face_position": [
0.01586306095123291,
-0.18398180603981018,
-0.5426192320883274
],
"m_body_position": [
-0.011426657438278198,
0.15527617931365967,
-0.6034439168870449
],
"m_face_scale": [
0.15367773489213044,
0.15367773489213044,
0.15367773489213044
],
"m_body_scale": [
0.3908222457197754,
0.3908222457197754,
0.3908222457197754
],
"l_hand_scale": null,
"r_hand_scale": [
0.2782330825100773,
0.2782330825100773,
0.2782330825100773
]
}
],
"framerate": 30,
"mirrorable": true,
"invalid": false
}