{
"label": "d",
"gestures": [
{
"l_hand_position": [
0.2275538444519043,
0.14269942045211792,
-0.5119005898013711
],
"l_wrist": [
0.24191033233004794,
0.9688704231252491,
0.0526259850745495
],
"l_thumb_cmc": [
-0.06653369701452908,
0.8459035812321107,
0.046380761752281154
],
"l_thumb_mcp": [
-0.29172724654154536,
0.47441123067919644,
0.024046377732109558
],
"l_thumb_ip": [
-0.45741636639121186,
0.2351312065371533,
-0.02808408423892768
],
"l_thumb_tip": [
-0.6102657655820859,
0.03963201508488094,
-0.0823308546271487
],
"l_index_mcp": [
-0.12400694572216595,
-0.014252532752960815,
0.07204106334562223
],
"l_index_pip": [
-0.1854953747713077,
-0.5079294068603023,
-0.00759916552261115
],
"l_index_dip": [
-0.19629178958047463,
-0.7885318124976558,
-0.05472468587393519
],
"l_index_tip": [
-0.19960161821227906,
-1.009710708851859,
-0.09052520595837907
],
"l_middle_mcp": [
0.0,
0.0,
0.0
],
"l_middle_pip": [
-0.24200153251373865,
-0.32100039683149806,
-0.1859559019272015
],
"l_middle_dip": [
-0.40820543259100045,
-0.1776616480103594,
-0.26414017529789535
],
"l_middle_tip": [
-0.4896935874716938,
-0.016886003953116745,
-0.2721655278783325
],
"l_ring_mcp": [
0.10802213664777335,
0.06509479007011397,
-0.08095799203540992
],
"l_ring_pip": [
-0.15024070491923525,
-0.22298339478641901,
-0.24616342637328972
],
"l_ring_dip": [
-0.3387124741247498,
-0.07656519005181607,
-0.2655410931484537
],
"l_ring_tip": [
-0.43819500513318255,
0.05963253166947026,
-0.23170315620769524
],
"l_pinky_mcp": [
0.19276687612239385,
0.17874392533473538,
-0.16387450224967043
],
"l_pinky_pip": [
0.0009900228033015391,
-0.11158237040820837,
-0.27419670884804537
],
"l_pinky_dip": [
-0.13733008007138842,
-0.29663149688186174,
-0.30354415697550624
],
"l_pinky_tip": [
-0.22690131250427686,
-0.4771390650751942,
-0.30073029523860656
],
"r_hand_position": null,
"r_wrist": null,
"r_thumb_cmc": null,
"r_thumb_mcp": null,
"r_thumb_ip": null,
"r_thumb_tip": null,
"r_index_mcp": null,
"r_index_pip": null,
"r_index_dip": null,
"r_index_tip": null,
"r_middle_mcp": null,
"r_middle_pip": null,
"r_middle_dip": null,
"r_middle_tip": null,
"r_ring_mcp": null,
"r_ring_pip": null,
"r_ring_dip": null,
"r_ring_tip": null,
"r_pinky_mcp": null,
"r_pinky_pip": null,
"r_pinky_dip": null,
"r_pinky_tip": null,
"l_hand_velocity": null,
"r_hand_velocity": null,
"m_nose_point": [
0.0,
0.0,
0.0
],
"m_top_nose": [
-0.0013715705743361066,
-0.32060018337964113,
0.248544012832955
],
"m_eyebrows": [
-0.0009527703989663031,
-0.5727156128643532,
0.3508164382132045
],
"m_forehead": [
0.0010761343636676256,
-0.8664577313017051,
0.510917763413543
],
"m_top_chin": [
-0.014057574147385763,
0.6372310970536986,
0.06505325263464103
],
"m_bot_up_lip": [
-0.0044046853226937166,
0.41607296683649864,
0.08124356382998763
],
"m_top_low_lip": [
-0.005303284829411099,
0.4191411333386644,
0.08139469606718629
],
"m_bot_nose": [
-0.023118680115577002,
0.08453413257202196,
0.07669770415469981
],
"m_chin": [
-0.016787969203764113,
0.99764779667146,
0.06646079962349853
],
"m_nose": [
-0.000572663718060014,
-0.26540209265711007,
0.18420125526485082
],
"l_eye_exterior": [
-0.38427283221605474,
-0.247116457608817,
0.44310785535826636
],
"l_temple": [
-0.5961948253048138,
-0.44575315317792386,
0.7735681084645726
],
"l_mid_chin": [
-0.22343308008286364,
0.7848026223265596,
0.08550060217509427
],
"l_up_lip": [
-0.14277353195938525,
0.31721017804705537,
0.08428241147476759
],
"l_ext_nostril": [
-0.1755259817612135,
0.03409261036301162,
0.12709531209260394
],
"l_mid_cheek": [
-0.4363752157727137,
0.0690601489184806,
0.31126735519168974
],
"l_mid_eyebrow": [
-0.34260130433159547,
-0.588664388455841,
0.3984636001828015
],
"l_ext_eyebrow": [
-0.4177818536390402,
-0.5399775024163556,
0.4330437058994051
],
"l_ext_lips": [
-0.3075896096706799,
0.46123442031277595,
0.18468288257930082
],
"l_jaw_angle": [
-0.5595789438851991,
0.5994175381760426,
0.6187922812890881
],
"l_mid_ext_face": [
-0.62796946774067,
0.2520469192386326,
0.8057304255736345
],
"l_int_eyebrow": [
-0.12146069999129958,
-0.6475467826776715,
0.35237634083651215
],
"l_mid_jaw": [
-0.44460828095938576,
0.8042686365647809,
0.37576819417789165
],
"l_mid_bot_eyelid": [
-0.2922865602191509,
-0.22653151855422732,
0.39575098706321704
],
"l_ext_mouth": [
-0.21136662763881214,
0.4993625345395412,
0.14103058919149603
],
"l_top_eyelid": [
-0.2941679744852415,
-0.3064465583224695,
0.40561925070635674
],
"l_eye_int": [
-0.1780251262859746,
-0.2859547112633832,
0.42096403791992837
],
"l_pupil": [
-0.29591965174048396,
-0.2669525637411422,
0.4198690973799075
],
"r_eye_exterior": [
0.4148561702400166,
-0.24054152246430205,
0.5018311225841157
],
"r_temple": [
0.5430568217492785,
-0.40626575925153446,
0.8158634551428605
],
"r_mid_chin": [
0.1879688991455159,
0.7877487905167698,
0.09907833431448415
],
"r_up_lip": [
0.1359511860590948,
0.31984497741122975,
0.09564420132755064
],
"r_ext_nostril": [
0.17745883561406153,
0.06008120972382659,
0.18344627690523038
],
"r_mid_cheek": [
0.4161512642605895,
0.09424187511533581,
0.34114780526167515
],
"r_mid_eyebrow": [
0.4209651901894326,
-0.48745335977004434,
0.4600013070110919
],
"r_ext_eyebrow": [
0.3519123247522628,
-0.5390570524657059,
0.4191813205158186
],
"r_ext_lips": [
0.23401370233951618,
0.5403273371280639,
0.17215493908602472
],
"r_jaw_angle": [
0.49940646303619685,
0.623512887613637,
0.660242914841919
],
"r_mid_ext_face": [
0.5596727187070754,
0.28509503285992027,
0.8496258620523843
],
"r_int_eyebrow": [
0.1400508756018996,
-0.6173956737477463,
0.3591246854286411
],
"r_mid_jaw": [
0.3938246627375597,
0.8131626776804061,
0.406746340988101
],
"r_mid_bot_eyelid": [
0.2795573109758185,
-0.21019353193019477,
0.41606932509584327
],
"r_ext_mouth": [
0.27493002425556406,
0.47340284149517836,
0.20580269517987615
],
"r_top_eyelid": [
0.2872190780971763,
-0.3064454202785147,
0.4259471198571045
],
"r_eye_int": [
0.16835493919316946,
-0.2798648104524079,
0.4339868740525027
],
"r_pupil": [
0.286856724901965,
-0.25406945095511957,
0.43985521193102606
],
"l_shoulder": [
0.4874655602697095,
-0.02711187794819034,
-0.10789936804754992
],
"l_elbow": [
0.8788834721381917,
0.9657025035091567,
-1.6594765105967635
],
"l_hip": [
0.38870041454561444,
1.8685291429784,
-0.06640771395967093
],
"l_knee": [
0.3752648488371314,
3.5880676561885334,
-0.6792984879617164
],
"l_ankle": [
0.42969593910674736,
5.118618949096287,
0.21963219506657025
],
"l_body_wrist": [
0.4744653967450204,
0.2735568228851625,
-3.467653899077615
],
"r_shoulder": [
-0.4874655602697095,
0.02711187794819034,
0.10789936804754992
],
"r_elbow": [
-0.863656216747904,
0.783564775594519,
-0.8945014244033682
],
"r_hip": [
-0.3509572801580125,
1.9029305395021345,
0.3675683561467853
],
"r_knee": [
-0.33188729098579695,
3.58073010763588,
0.054951760345855964
],
"r_ankle": [
-0.248503074204526,
5.076920575926028,
0.2774356106136591
],
"r_body_wrist": [
-0.7330176995297035,
1.1492796391228735,
-3.0331621965888007
],
"m_face_position": [
0.05539405345916748,
-0.11070504784584045,
-0.537732470780611
],
"m_body_position": [
0.06284156441688538,
0.18261724710464478,
-0.5571708953939378
],
"m_face_scale": [
0.13093660513618113,
0.13093660513618113,
0.13093660513618113
],
"m_body_scale": [
0.3995982670166781,
0.3995982670166781,
0.3995982670166781
],
"l_hand_scale": [
0.22613120125090674,
0.22613120125090674,
0.22613120125090674
],
"r_hand_scale": null
}
],
"framerate": 30,
"mirrorable": true,
"invalid": false
}