{
"label": "d",
"gestures": [
{
"l_hand_position": [
0.1478552222251892,
0.38453614711761475,
-0.5859563946723938
],
"l_wrist": [
-0.003799410734767044,
0.7347186360154828,
0.6783613272951348
],
"l_thumb_cmc": [
-0.3191984823933234,
0.6566220941054303,
0.4476321597524355
],
"l_thumb_mcp": [
-0.6110964323100249,
0.5846689599205304,
0.19084785981418623
],
"l_thumb_ip": [
-0.8294687050077388,
0.6929857993722907,
-0.04905465204655856
],
"l_thumb_tip": [
-1.0379207383857174,
0.7844284947262965,
-0.30735619376539713
],
"l_index_mcp": [
-0.3251523194206784,
-0.15752148990094966,
0.05167189191308103
],
"l_index_pip": [
-0.7737617325842168,
-0.014271427792756882,
-0.2470152644179514
],
"l_index_dip": [
-1.029115814511337,
0.39258021759363587,
-0.42528845414440436
],
"l_index_tip": [
-1.1881867979074363,
0.7464978912103944,
-0.5272233937028151
],
"l_middle_mcp": [
0.0,
0.0,
0.0
],
"l_middle_pip": [
-0.44239309363154056,
0.26858545807513656,
-0.30090438085725807
],
"l_middle_dip": [
-0.7342821059719191,
0.8329364846210485,
-0.3808318911167892
],
"l_middle_tip": [
-0.896535336937747,
1.2023458003980254,
-0.4153795043947612
],
"l_ring_mcp": [
0.2761217165104099,
0.3224917440689584,
-0.05357971165896829
],
"l_ring_pip": [
-0.05875421555089861,
0.48041354330942604,
-0.3391634991028732
],
"l_ring_dip": [
-0.30315694408986593,
0.9683073676024185,
-0.30693847967198706
],
"l_ring_tip": [
-0.43322784431171873,
1.292506188749063,
-0.2488054256755344
],
"l_pinky_mcp": [
0.4769890403814696,
0.7120581168467404,
-0.11887294028699909
],
"l_pinky_pip": [
0.2483441996973941,
0.8707278501058139,
-0.3527614334798194
],
"l_pinky_dip": [
0.037053309839990105,
1.152188122073556,
-0.3150456845947339
],
"l_pinky_tip": [
-0.07449234665812914,
1.3332850567194672,
-0.24814839621610815
],
"r_hand_position": [
-0.27531154453754425,
-0.12195155024528503,
-0.5621718503534794
],
"r_wrist": [
-0.27647851473768303,
0.9085871223663946,
0.31309594688912695
],
"r_thumb_cmc": [
-0.02346044900059023,
0.6319214529325763,
0.4001809306827552
],
"r_thumb_mcp": [
0.20932937586419595,
0.28741618337461294,
0.3544985255063609
],
"r_thumb_ip": [
0.39218536726275277,
0.06957742227855603,
0.28450408087899604
],
"r_thumb_tip": [
0.48093406413652423,
-0.13111439665329816,
0.21462996606528506
],
"r_index_mcp": [
0.03770731883646721,
-0.13681023295885583,
0.11561644570062345
],
"r_index_pip": [
0.2724335269326387,
-0.5791177140136613,
-0.052557957676526434
],
"r_index_dip": [
0.3921855173467112,
-0.905681196763691,
-0.15865752329298805
],
"r_index_tip": [
0.44710604041501845,
-1.2063266807361719,
-0.23710494503447085
],
"r_middle_mcp": [
0.0,
0.0,
0.0
],
"r_middle_pip": [
0.5033306429979364,
-0.16060844590784418,
-0.16700770696596728
],
"r_middle_dip": [
0.46438580688241266,
0.11728566072554701,
-0.1491929287078367
],
"r_middle_tip": [
0.3535630615738487,
0.2354215470754777,
-0.11507933273446934
],
"r_ring_mcp": [
0.0010275498212431974,
0.24951413060211083,
-0.10534244832777556
],
"r_ring_pip": [
0.47071769900370514,
0.12115542550914953,
-0.19567618188629823
],
"r_ring_dip": [
0.4425580462233683,
0.3215049029318741,
-0.06644436336529601
],
"r_ring_tip": [
0.32778719230491266,
0.4065935023119396,
0.028496516224984517
],
"r_pinky_mcp": [
0.04599105283686114,
0.5284837388814567,
-0.21190543568681275
],
"r_pinky_pip": [
0.41965733534566224,
0.34604363013164957,
-0.3092183359582538
],
"r_pinky_dip": [
0.6377236237226663,
0.27276994012541117,
-0.29440216014714415
],
"r_pinky_tip": [
0.7938358544045113,
0.16562125011868517,
-0.27864728421816903
],
"l_hand_velocity": null,
"r_hand_velocity": null,
"m_nose_point": [
0.0,
0.0,
0.0
],
"m_top_nose": [
0.020510656799206634,
-0.2909096438304086,
0.20167272003535874
],
"m_eyebrows": [
0.030443467732549606,
-0.5497195099723915,
0.27960719233611053
],
"m_forehead": [
0.0542867376990876,
-0.8638018418991331,
0.40083711954786005
],
"m_top_chin": [
-0.030940269840878,
0.6396535155366921,
0.10257530939438259
],
"m_bot_up_lip": [
-0.006748834494357016,
0.3392699968669146,
0.09286638758191179
],
"m_top_low_lip": [
-0.009116924544055693,
0.34229099798011964,
0.1156891305955871
],
"m_bot_nose": [
-0.020076055930457568,
0.08414333269716472,
0.07398220231927012
],
"m_chin": [
-0.058818138392856906,
0.992186715031439,
0.11002703809119364
],
"m_nose": [
0.016640851108235623,
-0.2364149964685064,
0.14884316123366043
],
"l_eye_exterior": [
-0.34372829090897056,
-0.2764491683167127,
0.4116543669784764
],
"l_temple": [
-0.4792690329459325,
-0.47306284368128215,
0.7200418522984081
],
"l_mid_chin": [
-0.22064354904984546,
0.7836237372491123,
0.15445763091400094
],
"l_up_lip": [
-0.14418449286564633,
0.2462714695169111,
0.11696858535460447
],
"l_ext_nostril": [
-0.16339579000429,
0.030420243243745634,
0.1283639079823583
],
"l_mid_cheek": [
-0.3872293740554181,
0.07615330074029295,
0.3188964970827016
],
"l_mid_eyebrow": [
-0.31924038991406495,
-0.5760476992649161,
0.35664084793287953
],
"l_ext_eyebrow": [
-0.3915418586982004,
-0.5341697049577511,
0.3953806773674248
],
"l_ext_lips": [
-0.3130992292180657,
0.4114252523476233,
0.2460532271654295
],
"l_jaw_angle": [
-0.519275335407574,
0.5800913856938019,
0.6383198240231146
],
"l_mid_ext_face": [
-0.5530649470965843,
0.22184435609704894,
0.7825588944374502
],
"l_int_eyebrow": [
-0.1048971397965451,
-0.6069813046872676,
0.2914639233930257
],
"l_mid_jaw": [
-0.4139347088509114,
0.797362738969311,
0.42772596567091903
],
"l_mid_bot_eyelid": [
-0.2500821032494511,
-0.2602367585388911,
0.36281605017578333
],
"l_ext_mouth": [
-0.18896171118385288,
0.42288542683596125,
0.2106602532528646
],
"l_top_eyelid": [
-0.26118502451436104,
-0.3432363356504795,
0.3711738053090521
],
"l_eye_int": [
-0.14824211398781464,
-0.3167495130018201,
0.37395127746193985
],
"l_pupil": [
-0.2713399827319159,
-0.29937931196910156,
0.3827926888855537
],
"r_eye_exterior": [
0.38124472621874994,
-0.28763024503524987,
0.37905347045608584
],
"r_temple": [
0.5222177771629987,
-0.47675442666469225,
0.6048439701290441
],
"r_mid_chin": [
0.15390565802275835,
0.774292743503907,
0.12694171097123
],
"r_up_lip": [
0.1284471753479234,
0.24878274358888816,
0.09199745090651414
],
"r_ext_nostril": [
0.17521362162020906,
0.04552908589922549,
0.14041987896255156
],
"r_mid_cheek": [
0.4125481058932761,
0.06349292506098116,
0.25787434878578325
],
"r_mid_eyebrow": [
0.3972045949248379,
-0.5275204328371363,
0.3395186629831793
],
"r_ext_eyebrow": [
0.33459339263010135,
-0.5696736878246474,
0.31084746356446347
],
"r_ext_lips": [
0.2325760894452485,
0.49382190153465294,
0.1829784265237015
],
"r_jaw_angle": [
0.4577029745946428,
0.5605614081783525,
0.5249934822352166
],
"r_mid_ext_face": [
0.5138686744140099,
0.20423554868587918,
0.6573270990764173
],
"r_int_eyebrow": [
0.14221869135244772,
-0.6261745271150595,
0.2757246463090599
],
"r_mid_jaw": [
0.34139392685605674,
0.7706576061258943,
0.34371426155065227
],
"r_mid_bot_eyelid": [
0.26287011264114646,
-0.2587455444055997,
0.3177888972298312
],
"r_ext_mouth": [
0.2773860239998571,
0.41393066980938026,
0.19919097514357564
],
"r_top_eyelid": [
0.2660859975082283,
-0.33350749631445836,
0.3250897424814452
],
"r_eye_int": [
0.1564829704237693,
-0.3156063632724734,
0.3423308140942132
],
"r_pupil": [
0.2511782991209985,
-0.29746652287599895,
0.33795917011500465
],
"l_shoulder": [
0.4600882817818812,
0.04863865032752585,
-0.189612907422762
],
"l_elbow": [
0.8033429334516053,
1.010979122083115,
-0.8744446313933475
],
"l_hip": [
0.3264388533414142,
1.9037281486647153,
-0.39715552056901826
],
"l_knee": [
0.25618372833178776,
3.648262922693374,
-0.7090286143418155
],
"l_ankle": [
0.2188982864234778,
5.1865559128194905,
0.6576829364406256
],
"l_body_wrist": [
0.6339582684762896,
1.1116644606433244,
-1.6923729190860293
],
"r_shoulder": [
-0.4600882817818812,
-0.04863865032752585,
0.189612907422762
],
"r_elbow": [
-1.1123162364854586,
0.778573574777649,
-1.0982814376317105
],
"r_hip": [
-0.4540793960843708,
1.895631813992041,
0.039187808335331434
],