{
"label": "d",
"gestures": [
{
"l_hand_position": null,
"l_wrist": null,
"l_thumb_cmc": null,
"l_thumb_mcp": null,
"l_thumb_ip": null,
"l_thumb_tip": null,
"l_index_mcp": null,
"l_index_pip": null,
"l_index_dip": null,
"l_index_tip": null,
"l_middle_mcp": null,
"l_middle_pip": null,
"l_middle_dip": null,
"l_middle_tip": null,
"l_ring_mcp": null,
"l_ring_pip": null,
"l_ring_dip": null,
"l_ring_tip": null,
"l_pinky_mcp": null,
"l_pinky_pip": null,
"l_pinky_dip": null,
"l_pinky_tip": null,
"r_hand_position": [
-0.1063503623008728,
0.03425168991088867,
0.4893424045294523
],
"r_wrist": [
-0.2442252228159769,
0.9665433531805471,
0.078409100001152
],
"r_thumb_cmc": [
0.08688799252868179,
0.8026425483787837,
-0.06112423319695466
],
"r_thumb_mcp": [
0.30712161400609733,
0.5225119243856841,
-0.08445852607176105
],
"r_thumb_ip": [
0.4896760730215809,
0.36996494583516415,
-0.04581777231751115
],
"r_thumb_tip": [
0.654328917527534,
0.21869314597839581,
-0.006505163996262898
],
"r_index_mcp": [
0.06270125552343563,
0.004517061803416443,
-0.13387250895213013
],
"r_index_pip": [
0.1525219836448996,
-0.3543975047048771,
-0.08603641170912692
],
"r_index_dip": [
0.31233984868823067,
-0.3811052191208446,
-0.04156360923357141
],
"r_index_tip": [
0.44753159259593767,
-0.3239427469814448,
-0.01456425332699853
],
"r_middle_mcp": [
-0.0,
0.0,
-0.0
],
"r_middle_pip": [
0.3223097464809184,
-0.2315023773481267,
0.05572764602283959
],
"r_middle_dip": [
0.5397224516801689,
-0.09192556227896313,
0.09479425356484855
],
"r_middle_tip": [
0.6302469837230467,
0.05711686739932065,
0.11719492881809396
],
"r_ring_mcp": [
-0.029644835079911197,
0.06380585494900655,
0.14338711987980593
],
"r_ring_pip": [
0.29920524503831974,
-0.1554599813230755,
0.20248249712880734
],
"r_ring_dip": [
0.5069764942748756,
-0.0008182542787278015,
0.21187810133616544
],
"r_ring_tip": [
0.5987959378317315,
0.15777091382516314,
0.21096045667889374
],
"r_pinky_mcp": [
-0.020982565507569828,
0.169077819814979,
0.2800989555573055
],
"r_pinky_pip": [
0.24942416318499983,
-0.006464910413335465,
0.3213860997574945
],
"r_pinky_dip": [
0.4314888097517487,
0.06444739085992765,
0.32063332007254614
],
"r_pinky_tip": [
0.531841163281683,
0.18067764855838012,
0.31363244433650167
],
"l_hand_velocity": null,
"r_hand_velocity": null,
"m_nose_point": null,
"m_top_nose": null,
"m_eyebrows": null,
"m_forehead": null,
"m_top_chin": null,
"m_bot_up_lip": null,
"m_top_low_lip": null,
"m_bot_nose": null,
"m_chin": null,
"m_nose": null,
"l_eye_exterior": null,
"l_temple": null,
"l_mid_chin": null,
"l_up_lip": null,
"l_ext_nostril": null,
"l_mid_cheek": null,
"l_mid_eyebrow": null,
"l_ext_eyebrow": null,
"l_ext_lips": null,
"l_jaw_angle": null,
"l_mid_ext_face": null,
"l_int_eyebrow": null,
"l_mid_jaw": null,
"l_mid_bot_eyelid": null,
"l_ext_mouth": null,
"l_top_eyelid": null,
"l_eye_int": null,
"l_pupil": null,
"r_eye_exterior": null,
"r_temple": null,
"r_mid_chin": null,
"r_up_lip": null,
"r_ext_nostril": null,
"r_mid_cheek": null,
"r_mid_eyebrow": null,
"r_ext_eyebrow": null,
"r_ext_lips": null,
"r_jaw_angle": null,
"r_mid_ext_face": null,
"r_int_eyebrow": null,
"r_mid_jaw": null,
"r_mid_bot_eyelid": null,
"r_ext_mouth": null,
"r_top_eyelid": null,
"r_eye_int": null,
"r_pupil": null,
"l_shoulder": null,
"l_elbow": null,
"l_hip": null,
"l_knee": null,
"l_ankle": null,
"l_body_wrist": null,
"r_shoulder": null,
"r_elbow": null,
"r_hip": null,
"r_knee": null,
"r_ankle": null,
"r_body_wrist": null,
"m_face_position": null,
"m_body_position": null,
"m_face_scale": null,
"m_body_scale": null,
"l_hand_scale": null,
"r_hand_scale": [
-0.13592628849286817,
0.13592628849286817,
-0.13592628849286817
]
}
],
"framerate": 30,
"mirrorable": true,
"invalid": false
}