{
"label": "d",
"gestures": [
{
"l_hand_position": null,
"l_wrist": null,
"l_thumb_cmc": null,
"l_thumb_mcp": null,
"l_thumb_ip": null,
"l_thumb_tip": null,
"l_index_mcp": null,
"l_index_pip": null,
"l_index_dip": null,
"l_index_tip": null,
"l_middle_mcp": null,
"l_middle_pip": null,
"l_middle_dip": null,
"l_middle_tip": null,
"l_ring_mcp": null,
"l_ring_pip": null,
"l_ring_dip": null,
"l_ring_tip": null,
"l_pinky_mcp": null,
"l_pinky_pip": null,
"l_pinky_dip": null,
"l_pinky_tip": null,
"r_hand_position": [
-0.10560274124145508,
0.034300386905670166,
0.49149263091385365
],
"r_wrist": [
-0.24114274796814175,
0.96846280667282,
0.0626894504185306
],
"r_thumb_cmc": [
0.0720119696235956,
0.7993596983804594,
-0.050290923757061144
],
"r_thumb_mcp": [
0.29453760374983196,
0.5004287052336146,
-0.06577452771597453
],
"r_thumb_ip": [
0.4653492279628544,
0.3262733967779191,
-0.026878271446200492
],
"r_thumb_tip": [
0.6265698850397607,
0.16712052709290887,
0.011551485037508203
],
"r_index_mcp": [
0.06493414595740929,
-0.0032663837794246154,
-0.12175550398518893
],
"r_index_pip": [
0.1679339387857278,
-0.36102302945834086,
-0.08189433699679051
],
"r_index_dip": [
0.32504493430231735,
-0.4682075882743369,
-0.04534790775301986
],
"r_index_tip": [
0.46770908812781986,
-0.5034910772790682,
-0.018930289147333603
],
"r_middle_mcp": [
-0.0,
0.0,
-0.0
],
"r_middle_pip": [
0.27072291216882327,
-0.2927908768047235,
0.06217238843897044
],
"r_middle_dip": [
0.5047206377726139,
-0.17874370583953963,
0.0977493215060754
],
"r_middle_tip": [
0.621665258488082,
-0.03382378395015047,
0.11326782527907348
],
"r_ring_mcp": [
-0.03146524140671761,
0.06323748863054128,
0.13132572544477802
],
"r_ring_pip": [
0.24086033775297838,
-0.20427525827758353,
0.19048242352431413
],
"r_ring_dip": [
0.46200773975606907,
-0.07608649460970858,
0.19877800399114953
],
"r_ring_tip": [
0.5697597542454571,
0.07457957478354132,
0.19549112845184743
],
"r_pinky_mcp": [
-0.02491227031770117,
0.16467853518574188,
0.2591516284952647
],
"r_pinky_pip": [
0.19748028403373813,
-0.050695927675657615,
0.2952426822472638
],
"r_pinky_dip": [
0.37687489491040393,
-0.006653988739852484,
0.2955374177138471
],
"r_pinky_tip": [
0.4779737990742946,
0.10127151258466707,
0.29049505853633417
],
"l_hand_velocity": null,
"r_hand_velocity": null,
"m_nose_point": null,
"m_top_nose": null,
"m_eyebrows": null,
"m_forehead": null,
"m_top_chin": null,
"m_bot_up_lip": null,
"m_top_low_lip": null,
"m_bot_nose": null,
"m_chin": null,
"m_nose": null,
"l_eye_exterior": null,
"l_temple": null,
"l_mid_chin": null,
"l_up_lip": null,
"l_ext_nostril": null,
"l_mid_cheek": null,
"l_mid_eyebrow": null,
"l_ext_eyebrow": null,
"l_ext_lips": null,
"l_jaw_angle": null,
"l_mid_ext_face": null,
"l_int_eyebrow": null,
"l_mid_jaw": null,
"l_mid_bot_eyelid": null,
"l_ext_mouth": null,
"l_top_eyelid": null,
"l_eye_int": null,
"l_pupil": null,
"r_eye_exterior": null,
"r_temple": null,
"r_mid_chin": null,
"r_up_lip": null,
"r_ext_nostril": null,
"r_mid_cheek": null,
"r_mid_eyebrow": null,
"r_ext_eyebrow": null,
"r_ext_lips": null,
"r_jaw_angle": null,
"r_mid_ext_face": null,
"r_int_eyebrow": null,
"r_mid_jaw": null,
"r_mid_bot_eyelid": null,
"r_ext_mouth": null,
"r_top_eyelid": null,
"r_eye_int": null,
"r_pupil": null,
"l_shoulder": null,
"l_elbow": null,
"l_hip": null,
"l_knee": null,
"l_ankle": null,
"l_body_wrist": null,
"r_shoulder": null,
"r_elbow": null,
"r_hip": null,
"r_knee": null,
"r_ankle": null,
"r_body_wrist": null,
"m_face_position": null,
"m_body_position": null,
"m_face_scale": null,
"m_body_scale": null,
"l_hand_scale": null,
"r_hand_scale": [
-0.13570963277091258,
0.13570963277091258,
-0.13570963277091258
]
}
],
"framerate": 30,
"mirrorable": true,
"invalid": false
}