{
"label": "d",
"gestures": [
{
"l_hand_position": [
0.14307987689971924,
0.09379857778549194,
-0.52425223775208
],
"l_wrist": [
0.14921837959769896,
0.9832254680548076,
0.10488829371594162
],
"l_thumb_cmc": [
-0.094438139127926,
0.8150765139335057,
0.014942884355185787
],
"l_thumb_mcp": [
-0.2658501142786926,
0.47555657220636405,
-0.05434725313638524
],
"l_thumb_ip": [
-0.3847686446266463,
0.21583499813580018,
-0.13432255680647995
],
"l_thumb_tip": [
-0.41448255243224763,
-0.03612729856180702,
-0.20460959065903872
],
"l_index_mcp": [
-0.11599397879326288,
-0.03419263488459639,
0.024633643392726143
],
"l_index_pip": [
-0.08205139371105082,
-0.5553281303995933,
-0.08828278140072074
],
"l_index_dip": [
-0.06163830742094041,
-0.8155652710730115,
-0.14856564811130094
],
"l_index_tip": [
-0.025563854435925955,
-1.0291382207387885,
-0.18510148487150097
],
"l_middle_mcp": [
0.0,
0.0,
0.0
],
"l_middle_pip": [
-0.04199135310267145,
-0.4449370716628492,
-0.20647259057845263
],
"l_middle_dip": [
-0.2226206279792666,
-0.3956638558614641,
-0.2825027786035065
],
"l_middle_tip": [
-0.3493007557498899,
-0.2733954315114648,
-0.28195083233223833
],
"l_ring_mcp": [
0.1154781544071072,
0.07929672135200047,
-0.03851702226759007
],
"l_ring_pip": [
0.06002174833769086,
-0.3063210614695468,
-0.21406005538100814
],
"l_ring_dip": [
-0.13375189707867383,
-0.24876784602632215,
-0.24105173930062632
],
"l_ring_tip": [
-0.2658831105412752,
-0.15645384130215573,
-0.20580973304174544
],
"l_pinky_mcp": [
0.22956917686923498,
0.20736784781712456,
-0.0844403118440169
],
"l_pinky_pip": [
0.2165601425627147,
-0.1199625527187336,
-0.19825632785789096
],
"l_pinky_dip": [
0.16548888823387534,
-0.32473787387340547,
-0.2373305728987003
],
"l_pinky_tip": [
0.12962298193971541,
-0.4957304355927501,
-0.23599892880935308
],
"r_hand_position": null,
"r_wrist": null,
"r_thumb_cmc": null,
"r_thumb_mcp": null,
"r_thumb_ip": null,
"r_thumb_tip": null,
"r_index_mcp": null,
"r_index_pip": null,
"r_index_dip": null,
"r_index_tip": null,
"r_middle_mcp": null,
"r_middle_pip": null,
"r_middle_dip": null,
"r_middle_tip": null,
"r_ring_mcp": null,
"r_ring_pip": null,
"r_ring_dip": null,
"r_ring_tip": null,
"r_pinky_mcp": null,
"r_pinky_pip": null,
"r_pinky_dip": null,
"r_pinky_tip": null,
"l_hand_velocity": null,
"r_hand_velocity": null,
"m_nose_point": [
0.0,
0.0,
0.0
],
"m_top_nose": [
0.03174980834857014,
-0.30452750367592296,
0.19718136398304853
],
"m_eyebrows": [
0.04769327882867731,
-0.5434102576895319,
0.26459625541883003
],
"m_forehead": [
0.0652953321590917,
-0.7947768609604059,
0.3825902315770305
],
"m_top_chin": [
-0.018264981245125947,
0.6773517393294767,
0.1466976113063822
],
"m_bot_up_lip": [
-0.009094779154360818,
0.3653158642907399,
0.10037669611061656
],
"m_top_low_lip": [
-0.009310943455347331,
0.5040641146252842,
0.11917651709586075
],
"m_bot_nose": [
-0.012888661118085731,
0.07646929431868424,
0.07951052574777644
],
"m_chin": [
-0.02882166621467269,
0.9839461562506421,
0.17612289219802446
],
"m_nose": [
0.02479141093350843,
-0.25082095982664754,
0.14424871156265184
],
"l_eye_exterior": [
-0.30182851735358884,
-0.28610608299093454,
0.4135476367218852
],
"l_temple": [
-0.44823309792140503,
-0.4278957903016296,
0.7126851295643094
],
"l_mid_chin": [
-0.20477868546710762,
0.7581448609808319,
0.19185497997478798
],
"l_up_lip": [
-0.12618455741852588,
0.31371033640197116,
0.11489603990785754
],
"l_ext_nostril": [
-0.13654167835060094,
0.027953941570729328,
0.1341092322647973
],
"l_mid_cheek": [
-0.34903786241327966,
0.0568340695829977,
0.32638041986554306
],
"l_mid_eyebrow": [
-0.2811308757529536,
-0.5725197219510105,
0.3445052630844686
],
"l_ext_eyebrow": [
-0.34681884023170023,
-0.5317362125915553,
0.3858316472980056
],
"l_ext_lips": [
-0.2520428835714561,
0.43966321188187707,
0.24103641265759873
],
"l_jaw_angle": [
-0.42773754648529805,
0.4985005002207615,
0.6674856794534406
],
"l_mid_ext_face": [
-0.4673261075281563,
0.1789822368403647,
0.8092172407324221
],
"l_int_eyebrow": [
-0.0781040593996006,
-0.615968385574006,
0.277541626996843
],
"l_mid_jaw": [
-0.3595931038816512,
0.7077634220886344,
0.45880945059446393
],
"l_mid_bot_eyelid": [
-0.22029415784876735,
-0.26727687322395144,
0.36332606558484143
],
"l_ext_mouth": [
-0.1691175302466805,
0.5187318909418065,
0.19847481997750013
],
"l_top_eyelid": [
-0.22282605891007184,
-0.349731013633847,
0.364409999639183
],
"l_eye_int": [
-0.11128852747867474,
-0.3200855593422512,
0.37135905940601766
],
"l_pupil": [
-0.20940149798069232,
-0.3156107056991247,
0.381269529497897
],
"r_eye_exterior": [
0.4242056599848723,
-0.2525888878909763,
0.381731393487197
],
"r_temple": [
0.5881621322172647,
-0.39944221688663345,
0.6288660685744368
],
"r_mid_chin": [
0.17419017381398755,
0.7820319184280762,
0.16558395214331506
],
"r_up_lip": [
0.11951034929733209,
0.3164349448701651,
0.095545320231921
],
"r_ext_nostril": [
0.17547055935639183,
0.057173653234463995,
0.15205024899226677
],
"r_mid_cheek": [
0.40792188410271124,
0.08986318084809071,
0.266119046869553
],
"r_mid_eyebrow": [
0.4482569156907959,
-0.47320034534181776,
0.32866401053133043
],
"r_ext_eyebrow": [
0.38151158660121365,
-0.5187253049676946,
0.2982759566459019
],
"r_ext_lips": [
0.21800332148372165,
0.5425373905726519,
0.18525080421529733
],
"r_jaw_angle": [
0.5067003086464971,
0.5495724739876462,
0.5894914389166847
],
"r_mid_ext_face": [
0.580458166445211,
0.22605805804134935,
0.7199120633073705
],
"r_int_eyebrow": [
0.17525908643422472,
-0.5846339446886003,
0.26021467411866844
],
"r_mid_jaw": [
0.389977720993774,
0.7555138996513792,
0.3984815104677718
],
"r_mid_bot_eyelid": [
0.2962320632973303,
-0.24330609270854542,
0.3195625946547696
],
"r_ext_mouth": [
0.25213635027255044,
0.4663650966207655,
0.19920893054391386
],
"r_top_eyelid": [
0.3056747262349149,
-0.3110606095572408,
0.3207398375272645
],
"r_eye_int": [
0.19146419150233726,
-0.2909151071561203,
0.34141525146527224
],
"r_pupil": [
0.297540597112651,
-0.2824035024765411,
0.3380410223588256
],
"l_shoulder": [
0.49650042035854336,
0.05538827441982572,
-0.02048100682544303
],
"l_elbow": [
0.700240314209526,
1.2373850989488797,
-1.3643382722145125
],
"l_hip": [
0.29182391109693184,
2.0356855519293098,
-0.024184233444508926
],
"l_knee": [
0.2415618773976952,
3.6751022643747047,
-0.5429461634559293
],
"l_ankle": [
0.2438848572296494,
5.078603544843136,
0.27914612444052134
],
"l_body_wrist": [
0.4863913197999766,
0.41156464618747063,
-3.5042186217374187
],
"r_shoulder": [
-0.49650042035854336,
-0.05538827441982572,
0.02048100682544303
],
"r_elbow": [
-0.9487051841287617,
0.8069687103689546,
-0.7294561053570228
],
"r_hip": [
-0.4055020519733139,
1.9790513006329284,
0.23673978786435237
],
"r_knee": [
-0.4647407316922034,
3.6066099052189244,
-0.48342408947688864
],
"r_ankle": [
-0.4203109922769374,
4.99067903508742,
-0.1989102087228669
],
"r_body_wrist": [
-0.9720793174573521,
0.9362071193471955,
-3.0647711832225704
],
"m_face_position": [
0.005737125873565674,
-0.20292913913726807,
-0.5440075770020485
],
"m_body_position": [
-0.011392340064048767,
0.13175559043884277,
-0.5400626547634602
],
"m_face_scale": [
0.1651668756474567,
0.1651668756474567,
0.1651668756474567
],
"m_body_scale": [
0.39824869714025013,
0.39824869714025013,
0.39824869714025013
],
"l_hand_scale": [
0.23121996050717375,
0.23121996050717375,
0.23121996050717375
],
"r_hand_scale": null
}
],
"framerate": 30,
"mirrorable": true,
"invalid": false
}