{
"label": "d",
"gestures": [
{
"l_hand_position": null,
"l_wrist": null,
"l_thumb_cmc": null,
"l_thumb_mcp": null,
"l_thumb_ip": null,
"l_thumb_tip": null,
"l_index_mcp": null,
"l_index_pip": null,
"l_index_dip": null,
"l_index_tip": null,
"l_middle_mcp": null,
"l_middle_pip": null,
"l_middle_dip": null,
"l_middle_tip": null,
"l_ring_mcp": null,
"l_ring_pip": null,
"l_ring_dip": null,
"l_ring_tip": null,
"l_pinky_mcp": null,
"l_pinky_pip": null,
"l_pinky_dip": null,
"l_pinky_tip": null,
"r_hand_position": [
-0.17182642221450806,
0.055884718894958496,
-0.5640696138143539
],
"r_wrist": [
-0.2003371237749311,
0.9490513724989402,
0.24324170940746528
],
"r_thumb_cmc": [
0.17155690182961447,
0.7783321923992794,
0.31361876317536364
],
"r_thumb_mcp": [
0.399301578718447,
0.49016813689905875,
0.27669876115756487
],
"r_thumb_ip": [
0.5763195120199609,
0.31603946103894087,
0.20620091070223173
],
"r_thumb_tip": [
0.7243887512454316,
0.16091702121894688,
0.13319635489969286
],
"r_index_mcp": [
0.08703707011037781,
-0.07062727359739834,
0.14434399257897085
],
"r_index_pip": [
0.2950776358064185,
-0.5174542859859153,
0.002071053134243231
],
"r_index_dip": [
0.4000388281501566,
-0.808359266514246,
-0.07712100302441932
],
"r_index_tip": [
0.47408849597873254,
-1.0234800743355312,
-0.14332486488991988
],
"r_middle_mcp": [
0.0,
0.0,
0.0
],
"r_middle_pip": [
0.30598102991101667,
-0.3884913025208926,
-0.23488313184903942
],
"r_middle_dip": [
0.5206275360721229,
-0.21242231197317676,
-0.306113069519182
],
"r_middle_tip": [
0.6395691997986628,
0.024239168240334116,
-0.31609512812310314
],
"r_ring_mcp": [
-0.06891279529188944,
0.16843592449316905,
-0.14334144055624057
],
"r_ring_pip": [
0.2890991946274582,
-0.258636966842394,
-0.3507902606218575
],
"r_ring_dip": [
0.51856785395812,
-0.07987570339297002,
-0.3402509654539139
],
"r_ring_tip": [
0.6652712130209757,
0.08575106995064613,
-0.2966356352960811
],
"r_pinky_mcp": [
-0.09003087305129813,
0.38721028071828106,
-0.2819891389317325
],
"r_pinky_pip": [
0.10662464248876499,
0.08245426609227365,
-0.49211908716777714
],
"r_pinky_dip": [
0.29572866914436463,
-0.0884672163376353,
-0.5645232382514069
],
"r_pinky_tip": [
0.4480107299383245,
-0.2619405593695668,
-0.5892887546127221
],
"l_hand_velocity": null,
"r_hand_velocity": null,
"m_nose_point": null,
"m_top_nose": null,
"m_eyebrows": null,
"m_forehead": null,
"m_top_chin": null,
"m_bot_up_lip": null,
"m_top_low_lip": null,
"m_bot_nose": null,
"m_chin": null,
"m_nose": null,
"l_eye_exterior": null,
"l_temple": null,
"l_mid_chin": null,
"l_up_lip": null,
"l_ext_nostril": null,
"l_mid_cheek": null,
"l_mid_eyebrow": null,
"l_ext_eyebrow": null,
"l_ext_lips": null,
"l_jaw_angle": null,
"l_mid_ext_face": null,
"l_int_eyebrow": null,
"l_mid_jaw": null,
"l_mid_bot_eyelid": null,
"l_ext_mouth": null,
"l_top_eyelid": null,
"l_eye_int": null,
"l_pupil": null,
"r_eye_exterior": null,
"r_temple": null,
"r_mid_chin": null,
"r_up_lip": null,
"r_ext_nostril": null,
"r_mid_cheek": null,
"r_mid_eyebrow": null,
"r_ext_eyebrow": null,
"r_ext_lips": null,
"r_jaw_angle": null,
"r_mid_ext_face": null,
"r_int_eyebrow": null,
"r_mid_jaw": null,
"r_mid_bot_eyelid": null,
"r_ext_mouth": null,
"r_top_eyelid": null,
"r_eye_int": null,
"r_pupil": null,
"l_shoulder": [
0.43730069062485455,
-0.007779000627296414,
0.24229649838218004
],
"l_elbow": [
0.7613652157615798,
0.69051640832485,
-0.8745080159015365
],
"l_hip": [
0.32178738605259827,
1.6344298142182707,
0.09373071301412596
],
"l_knee": [
0.378878909846077,
3.0784488264420826,
-0.44731472189485216
],
"l_ankle": [
0.4408987469718444,
4.386541407229325,
0.33038512651185575
],
"l_body_wrist": [
0.7346485094053475,
0.39177228510210577,
-2.48696034756177
],
"r_shoulder": [
-0.43730069062485455,
0.007779000627296414,
-0.24229649838218004
],
"r_elbow": [
-0.682887895170658,
0.6798992158673745,
-1.7131985787758508
],
"r_hip": [
-0.3382794233031468,
1.6680145635643542,
0.23733674716165817
],
"r_knee": [
-0.2071641283399105,
3.0694740225811405,
-0.14714704009100826
],
"r_ankle": [
-0.09546844328235084,
4.349927655204937,
0.10857408205954087
],
"r_body_wrist": [
-0.19156577183411025,
0.29181545172752454,
-3.423270773125815
],
"m_face_position": null,
"m_body_position": [
-0.10221783816814423,
0.17600759863853455,
-0.5751344114542007
],
"m_face_scale": null,
"m_body_scale": [
0.4674700195631736,
0.4674700195631736,
0.4674700195631736
],
"l_hand_scale": null,
"r_hand_scale": [
0.2634005864581076,
0.2634005864581076,
0.2634005864581076
]
}
],
"framerate": 30,
"mirrorable": true,
"invalid": false
}