{
"label": "d",
"gestures": [
{
"l_hand_position": null,
"l_wrist": null,
"l_thumb_cmc": null,
"l_thumb_mcp": null,
"l_thumb_ip": null,
"l_thumb_tip": null,
"l_index_mcp": null,
"l_index_pip": null,
"l_index_dip": null,
"l_index_tip": null,
"l_middle_mcp": null,
"l_middle_pip": null,
"l_middle_dip": null,
"l_middle_tip": null,
"l_ring_mcp": null,
"l_ring_pip": null,
"l_ring_dip": null,
"l_ring_tip": null,
"l_pinky_mcp": null,
"l_pinky_pip": null,
"l_pinky_dip": null,
"l_pinky_tip": null,
"r_hand_position": [
-0.10438281297683716,
0.0372697114944458,
0.4980048125144094
],
"r_wrist": [
-0.26298639125018,
0.9646863966774112,
0.014775455416323536
],
"r_thumb_cmc": [
0.07275429840207655,
0.8241364845606073,
-0.07347373490486798
],
"r_thumb_mcp": [
0.30100694609726586,
0.5394995976581596,
-0.07665224047959722
],
"r_thumb_ip": [
0.481439071451119,
0.3673354776668442,
-0.033242795188168715
],
"r_thumb_tip": [
0.6530479599927962,
0.22137360367765263,
0.012532082227646643
],
"r_index_mcp": [
0.07265234413747684,
0.001170046560406118,
-0.1074332839518259
],
"r_index_pip": [
0.21789215242586707,
-0.33237421279842866,
-0.06716217008953507
],
"r_index_dip": [
0.3570945910802342,
-0.458975810524997,
-0.03188694277338558
],
"r_index_tip": [
0.4886155924138514,
-0.5355262501817144,
-0.0014684269152786399
],
"r_middle_mcp": [
-0.0,
0.0,
-0.0
],
"r_middle_pip": [
0.32691612875872206,
-0.23062496012905687,
0.06896246558404338
],
"r_middle_dip": [
0.5443903128357757,
-0.08116618727223128,
0.1031909927938337
],
"r_middle_tip": [
0.6452071915485809,
0.08001776737401298,
0.11980535879179777
],
"r_ring_mcp": [
-0.034702848323293796,
0.0753371397719357,
0.11318388307976258
],
"r_ring_pip": [
0.2905767158763992,
-0.15024395310237915,
0.18001417252161808
],
"r_ring_dip": [
0.4918229588244403,
0.01233425921430003,
0.18084030274168417
],
"r_ring_tip": [
0.5799979500873352,
0.17702923626266828,
0.17327183990434009
],
"r_pinky_mcp": [
-0.026576961026561603,
0.2028210170436763,
0.2235102451462967
],
"r_pinky_pip": [
0.22938253045438947,
0.02552431634660363,
0.2717691625499031
],
"r_pinky_dip": [
0.40774953024953264,
0.09550334022139474,
0.2723736884451148
],
"r_pinky_tip": [
0.5051754366033789,
0.21695073058001788,
0.26562663878799736
],
"l_hand_velocity": null,
"r_hand_velocity": null,
"m_nose_point": null,
"m_top_nose": null,
"m_eyebrows": null,
"m_forehead": null,
"m_top_chin": null,
"m_bot_up_lip": null,
"m_top_low_lip": null,
"m_bot_nose": null,
"m_chin": null,
"m_nose": null,
"l_eye_exterior": null,
"l_temple": null,
"l_mid_chin": null,
"l_up_lip": null,
"l_ext_nostril": null,
"l_mid_cheek": null,
"l_mid_eyebrow": null,
"l_ext_eyebrow": null,
"l_ext_lips": null,
"l_jaw_angle": null,
"l_mid_ext_face": null,
"l_int_eyebrow": null,
"l_mid_jaw": null,
"l_mid_bot_eyelid": null,
"l_ext_mouth": null,
"l_top_eyelid": null,
"l_eye_int": null,
"l_pupil": null,
"r_eye_exterior": null,
"r_temple": null,
"r_mid_chin": null,
"r_up_lip": null,
"r_ext_nostril": null,
"r_mid_cheek": null,
"r_mid_eyebrow": null,
"r_ext_eyebrow": null,
"r_ext_lips": null,
"r_jaw_angle": null,
"r_mid_ext_face": null,
"r_int_eyebrow": null,
"r_mid_jaw": null,
"r_mid_bot_eyelid": null,
"r_ext_mouth": null,
"r_top_eyelid": null,
"r_eye_int": null,
"r_pupil": null,
"l_shoulder": null,
"l_elbow": null,
"l_hip": null,
"l_knee": null,
"l_ankle": null,
"l_body_wrist": null,
"r_shoulder": null,
"r_elbow": null,
"r_hip": null,
"r_knee": null,
"r_ankle": null,
"r_body_wrist": null,
"m_face_position": null,
"m_body_position": null,
"m_face_scale": null,
"m_body_scale": null,
"l_hand_scale": null,
"r_hand_scale": [
-0.13504754310351144,
0.13504754310351144,
-0.13504754310351144
]
}
],
"framerate": 30,
"mirrorable": true,
"invalid": false
}