{
"label": "d",
"gestures": [
{
"l_hand_position": null,
"l_wrist": null,
"l_thumb_cmc": null,
"l_thumb_mcp": null,
"l_thumb_ip": null,
"l_thumb_tip": null,
"l_index_mcp": null,
"l_index_pip": null,
"l_index_dip": null,
"l_index_tip": null,
"l_middle_mcp": null,
"l_middle_pip": null,
"l_middle_dip": null,
"l_middle_tip": null,
"l_ring_mcp": null,
"l_ring_pip": null,
"l_ring_dip": null,
"l_ring_tip": null,
"l_pinky_mcp": null,
"l_pinky_pip": null,
"l_pinky_dip": null,
"l_pinky_tip": null,
"r_hand_position": [
-0.17182642221450806,
0.055884718894958496,
-0.5640696138143539
],
"r_wrist": [
-0.2003371237749311,
0.9490513724989402,
0.24324170940746528
],
"r_thumb_cmc": [
0.17155690182961447,
0.7783321923992794,
0.31361876317536364
],
"r_thumb_mcp": [
0.399301578718447,
0.49016813689905875,
0.27669876115756487
],
"r_thumb_ip": [
0.5763195120199609,
0.31603946103894087,
0.20620091070223173
],
"r_thumb_tip": [
0.7243887512454316,
0.16091702121894688,
0.13319635489969286
],
"r_index_mcp": [
0.08703707011037781,
-0.07062727359739834,
0.14434399257897085
],
"r_index_pip": [
0.2950776358064185,
-0.5174542859859153,
0.002071053134243231
],
"r_index_dip": [
0.4000388281501566,
-0.808359266514246,
-0.07712100302441932
],
"r_index_tip": [
0.47408849597873254,
-1.0234800743355312,
-0.14332486488991988
],
"r_middle_mcp": [
0.0,
0.0,
0.0
],
"r_middle_pip": [
0.30598102991101667,
-0.3884913025208926,
-0.23488313184903942
],
"r_middle_dip": [
0.5206275360721229,
-0.21242231197317676,
-0.306113069519182
],
"r_middle_tip": [
0.6395691997986628,
0.024239168240334116,
-0.31609512812310314
],
"r_ring_mcp": [
-0.06891279529188944,
0.16843592449316905,
-0.14334144055624057
],
"r_ring_pip": [
0.2890991946274582,
-0.258636966842394,
-0.3507902606218575
],
"r_ring_dip": [
0.51856785395812,
-0.07987570339297002,
-0.3402509654539139
],
"r_ring_tip": [
0.6652712130209757,
0.08575106995064613,
-0.2966356352960811
],
"r_pinky_mcp": [
-0.09003087305129813,
0.38721028071828106,
-0.2819891389317325
],
"r_pinky_pip": [
0.10662464248876499,
0.08245426609227365,
-0.49211908716777714
],
"r_pinky_dip": [
0.29572866914436463,
-0.0884672163376353,
-0.5645232382514069
],
"r_pinky_tip": [
0.4480107299383245,
-0.2619405593695668,
-0.5892887546127221
],
"l_hand_velocity": null,
"r_hand_velocity": null,
"m_nose_point": [
0.0,
0.0,
0.0
],
"m_top_nose": [
-0.028393115910849694,
-0.3635480359152946,
0.23172113878048406
],
"m_eyebrows": [
-0.046363319513476366,
-0.6983429407693396,
0.3163874332354965
],
"m_forehead": [
-0.06859188652994527,
-1.038460266973524,
0.4456352206266209
],
"m_top_chin": [
0.03133221328013433,
0.6637833811475281,
0.15438771579779062
],
"m_bot_up_lip": [
0.035536574421416584,
0.4556958084767359,
0.13132035196935168
],
"m_top_low_lip": [
0.030167848491077735,
0.4951314417178127,
0.13399022254832696
],
"m_bot_nose": [
-0.020435596826648247,
0.07898898196225147,
0.09325689160455657
],
"m_chin": [
0.04250949943968877,
0.9792611046618909,
0.19809248182038713
],
"m_nose": [
-0.02194766045832792,
-0.2923237754501225,
0.1674832668935878
],
"l_eye_exterior": [
-0.4898337714092633,
-0.2875554695239046,
0.4123790135507371
],
"l_temple": [
-0.7119463027088588,
-0.5733681814973864,
0.7242061212663756
],
"l_mid_chin": [
-0.18995796762328448,
0.7910579740447334,
0.17802608556358054
],
"l_up_lip": [
-0.11237091307893904,
0.3890335557825197,
0.11079888146311997
],
"l_ext_nostril": [
-0.18142205577771686,
0.044988393231850346,
0.12916243714536946
],
"l_mid_cheek": [
-0.5042902745144012,
0.07653898412295095,
0.30806604390959186
],
"l_mid_eyebrow": [
-0.4760861665575115,
-0.6228146044403073,
0.3498307111207033
],
"l_ext_eyebrow": [
-0.5590940544881747,
-0.5728198689492444,
0.38693663776886733
],
"l_ext_lips": [
-0.28825394628609496,
0.4927349724469269,
0.21465545103835537
],
"l_jaw_angle": [
-0.5805431413336133,
0.4989885777206171,
0.6896675822660101
],
"l_mid_ext_face": [
-0.6756529859153845,
0.12793280480704833,
0.841625684306001
],
"l_int_eyebrow": [
-0.22608904074700623,
-0.7021498641327462,
0.307048010679463
],
"l_mid_jaw": [
-0.44565967560312014,
0.750970287047702,
0.46082177583588196
],
"l_mid_bot_eyelid": [
-0.37430609390629127,
-0.2708455557997503,
0.3667170796389681
],
"l_ext_mouth": [
-0.20745115115163126,
0.5939257571414399,
0.17027424289795048
],
"l_top_eyelid": [
-0.3987272005591102,
-0.4099601469557331,
0.3690338074784634
],
"l_eye_int": [
-0.25252931131900896,
-0.3548953559979196,
0.39592786811756
],
"l_pupil": [
-0.39592074035049923,
-0.32912490308731884,
0.39023533579742475
],
"r_eye_exterior": [
0.44194488769596724,
-0.39901237045455856,
0.5404279794961566
],
"r_temple": [
0.5961891155475068,
-0.6766510805494538,
0.8698746165176363
],
"r_mid_chin": [
0.24643013359667448,
0.7480347424595069,
0.2164373039840169
],
"r_up_lip": [
0.1664674527638348,
0.3409874022929963,
0.13899914057382945
],
"r_ext_nostril": [
0.1834528254484596,
0.017157564141427897,
0.2140940080034369
],
"r_mid_cheek": [
0.4700019105157528,
-0.013115446669898239,
0.39763906512930464
],
"r_mid_eyebrow": [
0.4082969717017145,
-0.6831895004404834,
0.4807105108333331
],
"r_ext_eyebrow": [
0.3213634975192563,
-0.7208910212317885,
0.42574963132075944
],
"r_ext_lips": [
0.28606448572668913,
0.5058172598266567,
0.24280127118049596
],
"r_jaw_angle": [
0.5815971330568236,
0.4009801374739813,
0.8229090413964761
],
"r_mid_ext_face": [
0.6362602228994539,
0.01985223017175679,
0.9904256304160323
],
"r_int_eyebrow": [
0.0899393638362249,
-0.7511160694984067,
0.334905037367005
],
"r_mid_jaw": [
0.4790077368734214,
0.6712300103110633,
0.5618621446610195
],
"r_mid_bot_eyelid": [
0.2830060149127982,
-0.34629833631761303,
0.4358650430240613
],
"r_ext_mouth": [
0.32358516996054004,
0.4287747281972911,
0.2757846246687083
],
"r_top_eyelid": [
0.2920397898150373,
-0.4435088219315532,
0.44202521015509844
],
"r_eye_int": [
0.17017039806735612,
-0.38713494956830535,
0.44377155009311975
],
"r_pupil": [
0.2691615375633401,
-0.4008069986088877,
0.45979838243980475
],
"l_shoulder": [
0.4114517569560383,
-0.0011515464260203692,
0.2840882356568429
],
"l_elbow": [
0.7603747433198474,
0.7568102996737318,
-0.4777799884854941
],
"l_hip": [
0.2367842074955791,
1.5803846602347489,
0.18598210774425222
],
"l_knee": [
0.265057167674281,
2.848300029054025,
-0.5257064279908735
],
"l_ankle": [
0.30296515916565614,
4.055293683590239,
0.00888908637176318
],
"l_body_wrist": [
0.7172449310090523,
0.4525281657142995,
-2.0928601774576805
],
"r_shoulder": [
-0.4114517569560383,
0.0011515464260203692,
-0.2840882356568429
],
"r_elbow": [
-0.6303824429902752,
0.6387211375450784,
-1.55384500045352
],
"r_hip": [
-0.37423600142704805,
1.5840299177744983,
0.13800183220605797
],
"r_knee": [
-0.2858801651641706,
2.839729219201739,
-0.45855759515650185
],
"r_ankle": [
-0.21246662043970732,
4.01973250635745,
-0.3536231554148436
],
"r_body_wrist": [
-0.09341770862129184,
0.12315147641503156,
-3.080074688462095
],
"m_face_position": [
-0.12968537211418152,
-0.16736072301864624,
-0.5393687225878239
],
"m_body_position": [
-0.12994317710399628,
0.1731395423412323,
-0.5798496603965759
],
"m_face_scale": [
0.125826732511051,
0.125826732511051,
0.125826732511051
],
"m_body_scale": [
0.5057779463009051,
0.5057779463009051,
0.5057779463009051
],
"l_hand_scale": null,
"r_hand_scale": [
0.2634005864581076,
0.2634005864581076,
0.2634005864581076
]
}
],
"framerate": 30,
"mirrorable": true,
"invalid": false
}