{
"label": "d",
"gestures": [
{
"l_hand_position": null,
"l_wrist": null,
"l_thumb_cmc": null,
"l_thumb_mcp": null,
"l_thumb_ip": null,
"l_thumb_tip": null,
"l_index_mcp": null,
"l_index_pip": null,
"l_index_dip": null,
"l_index_tip": null,
"l_middle_mcp": null,
"l_middle_pip": null,
"l_middle_dip": null,
"l_middle_tip": null,
"l_ring_mcp": null,
"l_ring_pip": null,
"l_ring_dip": null,
"l_ring_tip": null,
"l_pinky_mcp": null,
"l_pinky_pip": null,
"l_pinky_dip": null,
"l_pinky_tip": null,
"r_hand_position": [
-0.016417086124420166,
-0.14757472276687622,
-0.5183981861919165
],
"r_wrist": [
-0.21809020440491553,
0.965697096370338,
0.14094602088927696
],
"r_thumb_cmc": [
-0.3377167591256458,
0.675065255301975,
0.18538531025805274
],
"r_thumb_mcp": [
-0.3918906818799396,
0.41755767337904914,
0.13854062445044638
],
"r_thumb_ip": [
-0.41750950011041565,
0.31033584948610277,
0.06470172971467895
],
"r_thumb_tip": [
-0.4073890041294464,
0.2928898203422256,
-0.021963642934245197
],
"r_index_mcp": [
-0.1541316286941067,
-0.03109984031618105,
0.07682474823322223
],
"r_index_pip": [
-0.07874069159205405,
-0.42432841487001705,
0.006701606571972291
],
"r_index_dip": [
-0.03144664218847604,
-0.6894722589540032,
-0.060615056919383535
],
"r_index_tip": [
0.024666083396317432,
-0.885917597326709,
-0.10788256536334712
],
"r_middle_mcp": [
0.0,
0.0,
0.0
],
"r_middle_pip": [
0.3348809289375115,
-0.2344554171804948,
-0.022872100027713786
],
"r_middle_dip": [
0.5292310725886563,
-0.30817809800811724,
-0.07442486044142117
],
"r_middle_tip": [
0.685708807958012,
-0.3194960764250228,
-0.12575182292774228
],
"r_ring_mcp": [
0.14640564096634998,
0.1286762799439224,
-0.06936138758165004
],
"r_ring_pip": [
0.511824312649542,
0.07379391333858758,
-0.094879649821587
],
"r_ring_dip": [
0.6808481023219618,
0.2544580542018962,
-0.16055464080612641
],
"r_ring_tip": [
0.7927338292084842,
0.4377393049151834,
-0.21434423334200373
],
"r_pinky_mcp": [
0.27896569092318224,
0.31480751602380497,
-0.1326890304589584
],
"r_pinky_pip": [
0.56480805886646,
0.28057435846247814,
-0.14591279246951008
],
"r_pinky_dip": [
0.672566409684945,
0.4125339548813671,
-0.14280105045605085
],
"r_pinky_tip": [
0.7361144852203843,
0.5541530907439222,
-0.1415018562135922
],
"l_hand_velocity": null,
"r_hand_velocity": null,
"m_nose_point": [
0.0,
0.0,
0.0
],
"m_top_nose": [
-0.043752631093679814,
-0.24558600943250464,
0.26249264332551453
],
"m_eyebrows": [
-0.06580710060966043,
-0.48593478810409213,
0.37978870055851405
],
"m_forehead": [
-0.09046139731984655,
-0.7409435974857786,
0.5611973772458696
],
"m_top_chin": [
0.03461184468130156,
0.6700257287292699,
0.04545565619456495
],
"m_bot_up_lip": [
-0.0010366882465522268,
0.423165365262687,
0.04479816504721159
],
"m_top_low_lip": [
-0.0017536912122909241,
0.4382243349732761,
0.05136105971126356
],
"m_bot_nose": [
-0.0184726973184171,
0.08791183090815559,
0.06466712502446827
],
"m_chin": [
0.05651219384710477,
0.9982400831296591,
0.017975215711602193
],
"m_nose": [
-0.03492294652677105,
-0.2032850279985094,
0.19622421659515635
],
"l_eye_exterior": [
-0.4364100828560578,
-0.15992551824358656,
0.4129067294540035
],
"l_temple": [
-0.6497864650455458,
-0.325322308918471,
0.7334123005719114
],
"l_mid_chin": [
-0.16296891830207122,
0.7918376467856986,
0.03384226817408063
],
"l_up_lip": [
-0.10848184296713663,
0.3641628307077652,
0.03936165552905705
],
"l_ext_nostril": [
-0.16871104580422544,
0.06826892523783455,
0.10734634984262413
],
"l_mid_cheek": [
-0.44487373159129523,
0.14627861901859565,
0.25821622979949926
],
"l_mid_eyebrow": [
-0.41879897170317454,
-0.4553799518239024,
0.3971577230703815
],
"l_ext_eyebrow": [
-0.49072396354005043,
-0.4080899916534404,
0.42331742320409427
],
"l_ext_lips": [
-0.25318978868927705,
0.5184611441113038,
0.10895960651553621
],
"l_jaw_angle": [
-0.550559091323344,
0.6342440571820798,
0.49463281230997375
],
"l_mid_ext_face": [
-0.6348129482023819,
0.3134190868978697,
0.6951252673050521
],
"l_int_eyebrow": [
-0.20595037541584105,
-0.522912609052226,
0.3731418312853463
],
"l_mid_jaw": [
-0.4213039996225803,
0.8267686045187908,
0.2642689264078633
],
"l_mid_bot_eyelid": [
-0.3411457766037025,
-0.14313622333914308,
0.3727721355722157
],
"l_ext_mouth": [
-0.1504247044042778,
0.5120098341067243,
0.0680213646567869
],
"l_top_eyelid": [
-0.3567540861763101,
-0.25714246066520685,
0.3878786598988984
],
"l_eye_int": [
-0.238844388570289,
-0.21916018703881276,
0.4074752269397996
],
"l_pupil": [
-0.3569389161507184,
-0.19281409522231663,
0.398649750640497
],
"r_eye_exterior": [
0.3468577667106488,
-0.2040853856585891,
0.5264055426939788
],
"r_temple": [
0.44793973469618587,
-0.34049715500620464,
0.8639758893051219
],
"r_mid_chin": [
0.23482676860025598,
0.7705057117826785,
0.07189347155486252
],
"r_up_lip": [
0.10220506281455262,
0.35499228838619423,
0.06753222805655647
],
"r_ext_nostril": [
0.14756146111651414,
0.07656014229416062,
0.1814509739493009
],
"r_mid_cheek": [
0.37973880934057685,
0.11675989875593518,
0.3431199369292365
],
"r_mid_eyebrow": [
0.34098250058915813,
-0.4397468456603009,
0.5043897224799223
],
"r_ext_eyebrow": [
0.27279149386994667,
-0.48577971403887654,
0.460985805368532
],
"r_ext_lips": [
0.24132271246862444,
0.5476883136867784,
0.13087378454939372
],
"r_jaw_angle": [
0.4876493769998158,
0.5904591905201079,
0.6189011188188587
],
"r_mid_ext_face": [
0.505968716940086,
0.2751707267758104,
0.8330323187753511
],
"r_int_eyebrow": [
0.07056060710318905,
-0.5455384492476082,
0.3954331916953844
],
"r_mid_jaw": [
0.4275794445741108,
0.7839693069773221,
0.3591086536269976
],
"r_mid_bot_eyelid": [
0.2188432675316101,
-0.17485554568100745,
0.43502556281362637
],
"r_ext_mouth": [
0.26544178429935783,
0.48227471590189025,
0.16921814801148846
],
"r_top_eyelid": [
0.22739618399442552,
-0.29025105970325576,
0.4510850749708189
],
"r_eye_int": [
0.10838647146331398,
-0.2333520390366463,
0.44942083030767566
],
"r_pupil": [
0.21412810038261818,
-0.2294145311298243,
0.46037015846848084
],
"l_shoulder": [
0.4890705392873825,
-0.03519117296449292,
0.09783449773230293
],
"l_elbow": [
0.7485725197800965,
0.9529976334356656,
0.05755346215400414
],
"l_hip": [
0.4277481591108884,
2.189279598041736,
0.4265812378988715
],
"l_knee": [
0.3643997059634917,
4.016526767660302,
0.37393913286815844
],
"l_ankle": [
0.3625785221175208,
5.630450923108646,
2.0001533675694034
],
"l_body_wrist": [
0.9812240419099472,
1.9966505439498847,
-0.5186487921049999
],
"r_shoulder": [
-0.4890705392873825,
0.03519117296449292,
-0.09783449773230293
],
"r_elbow": [
-1.0134121155137092,
0.9881197177238474,
-2.0773677675151823
],
"r_hip": [
-0.43621778113953397,
2.1981720712922534,
0.928652273430146
],
"r_knee": [
-0.3641821400172185,
4.059786420488116,
0.9092852398181606
],
"r_ankle": [
-0.35381353015161865,
5.663507002438699,
2.1341735150929058
],
"r_body_wrist": [
-0.33487174447303997,
-0.18211109542482212,
-4.546605298807318
],
"m_face_position": [
-0.029344618320465088,
-0.2821201831102371,
-0.5422176793217659
],
"m_body_position": [
0.010999366641044617,
0.0817369818687439,
-0.7519133314490318
],
"m_face_scale": [
0.1562433284218429,
0.1562433284218429,
0.1562433284218429
],
"m_body_scale": [
0.37614883523104636,
0.37614883523104636,
0.37614883523104636
],
"l_hand_scale": null,
"r_hand_scale": [
0.13053484229290044,
0.13053484229290044,
0.13053484229290044
]
}
],
"framerate": 30,
"mirrorable": true,
"invalid": false
}