{
"label": "d",
"gestures": [
{
"l_hand_position": null,
"l_wrist": null,
"l_thumb_cmc": null,
"l_thumb_mcp": null,
"l_thumb_ip": null,
"l_thumb_tip": null,
"l_index_mcp": null,
"l_index_pip": null,
"l_index_dip": null,
"l_index_tip": null,
"l_middle_mcp": null,
"l_middle_pip": null,
"l_middle_dip": null,
"l_middle_tip": null,
"l_ring_mcp": null,
"l_ring_pip": null,
"l_ring_dip": null,
"l_ring_tip": null,
"l_pinky_mcp": null,
"l_pinky_pip": null,
"l_pinky_dip": null,
"l_pinky_tip": null,
"r_hand_position": [
0.07909929752349854,
0.09885400533676147,
-0.546078734099865
],
"r_wrist": [
-0.24283232918789252,
0.9550776330755576,
0.16987988315269517
],
"r_thumb_cmc": [
-0.022937206671252895,
0.8803036709821953,
0.07362420799234817
],
"r_thumb_mcp": [
0.1879037611000247,
0.6198346051522439,
-0.009847915019960043
],
"r_thumb_ip": [
0.3502074451745918,
0.429197875031321,
-0.10158074151949006
],
"r_thumb_tip": [
0.5258340510766121,
0.24858723195289228,
-0.19405266671574978
],
"r_index_mcp": [
0.11949053883772444,
0.011216226161026339,
0.04327809826627844
],
"r_index_pip": [
0.16427413781826686,
-0.4960161878175676,
-0.09408370010387673
],
"r_index_dip": [
0.16014381010926934,
-0.7855072003837933,
-0.1947456052207168
],
"r_index_tip": [
0.1395244740846703,
-1.0034158277690572,
-0.2627942979353333
],
"r_middle_mcp": [
0.0,
0.0,
0.0
],
"r_middle_pip": [
0.18181506562434355,
-0.3256124819468015,
-0.1762030795375593
],
"r_middle_dip": [
0.35176829416996364,
-0.14086008441746914,
-0.2823102391946204
],
"r_middle_tip": [
0.4513903657733447,
0.10420837026344097,
-0.33340521777736587
],
"r_ring_mcp": [
-0.13333074048146729,
0.06763532483253588,
-0.056168918947276006
],
"r_ring_pip": [
0.028249982422499587,
-0.19018976871636334,
-0.21524490551904216
],
"r_ring_dip": [
0.2285236311259978,
-0.04095673916716767,
-0.276869214746355
],
"r_ring_tip": [
0.3697199254495515,
0.14186959311586955,
-0.29660682381136944
],
"r_pinky_mcp": [
-0.2675975948190917,
0.17511064455595057,
-0.12063337783711627
],
"r_pinky_pip": [
-0.18503740684187597,
-0.11197569807414193,
-0.2502083460245672
],
"r_pinky_dip": [
-0.018954108136815306,
-0.09835919687771551,
-0.29919047607985944
],
"r_pinky_tip": [
0.12390148095853244,
-0.024266883888062,
-0.32003653404602894
],
"l_hand_velocity": null,
"r_hand_velocity": null,
"m_nose_point": [
0.0,
0.0,
0.0
],
"m_top_nose": [
-0.04220436699542182,
-0.3474650086061035,
0.21650018961790193
],
"m_eyebrows": [
-0.06643619653036699,
-0.6314327605565104,
0.29625591688413433
],
"m_forehead": [
-0.09419912679507735,
-0.9820499881691962,
0.4296432447367374
],
"m_top_chin": [
0.022218482627622917,
0.6245400082032072,
0.08461434539886266
],
"m_bot_up_lip": [
-0.0069814246454507674,
0.3976849054257194,
0.098968514321506
],
"m_top_low_lip": [
-0.006954296592601981,
0.4014212885852508,
0.09414683190588702
],
"m_bot_nose": [
-0.02122405728737486,
0.08720332833057982,
0.07633334277764417
],
"m_chin": [
0.043405087006214,
0.994233621844713,
0.09805867435126453
],
"m_nose": [
-0.03316303236686357,
-0.28452488927458497,
0.15908856880471342
],
"l_eye_exterior": [
-0.4318830552121042,
-0.22742560167993467,
0.3751652938196691
],
"l_temple": [
-0.6771032424237536,
-0.45585129724847384,
0.6636928488434323
],
"l_mid_chin": [
-0.1668620212468632,
0.8148303422554869,
0.098833152423476
],
"l_up_lip": [
-0.14136023443191476,
0.3316837699817109,
0.08682573721438884
],
"l_ext_nostril": [
-0.17764764918396728,
0.04845839541784505,
0.1101766642123319
],
"l_mid_cheek": [
-0.4539223712220318,
0.10584434960080792,
0.2680385798720102
],
"l_mid_eyebrow": [
-0.42200884887145707,
-0.5581590800193157,
0.3247162604837044
],
"l_ext_eyebrow": [
-0.496009115839057,
-0.5092571206925774,
0.3544893522605389
],
"l_ext_lips": [
-0.28394791203115927,
0.48475907183303407,
0.17505214995224214
],
"l_jaw_angle": [
-0.5496503864881094,
0.6464574504234708,
0.5785197971471857
],
"l_mid_ext_face": [
-0.6560494440352282,
0.28671740279960256,
0.733432341316489
],
"l_int_eyebrow": [
-0.20092270873560378,
-0.6332560086457356,
0.2902565429354213
],
"l_mid_jaw": [
-0.4025873899614374,
0.8546460234631265,
0.3632267805750353
],
"l_mid_bot_eyelid": [
-0.3378475065267419,
-0.22313066405913612,
0.33578481920799996
],
"l_ext_mouth": [
-0.19143983467970818,
0.49975157244325596,
0.13903060024051547
],
"l_top_eyelid": [
-0.34636470288048293,
-0.2917996612974827,
0.3401642409747273
],
"l_eye_int": [
-0.22675954724805028,
-0.2868514234786018,
0.3636824976997687
],
"l_pupil": [
-0.3469155643118378,
-0.26279592628717374,
0.35734797715598465
],
"r_eye_exterior": [
0.3389176474771799,
-0.31312656224789626,
0.4889019202769472
],
"r_temple": [
0.4462232678650217,
-0.5598511417037199,
0.7884193354677735
],
"r_mid_chin": [
0.21040882196198876,
0.7588386485200583,
0.13749365180232087
],
"r_up_lip": [
0.11479559480012953,
0.30199737979075936,
0.1173591198762815
],
"r_ext_nostril": [
0.15497790961753882,
0.02252073772391574,
0.18695811965586515
],
"r_mid_cheek": [
0.37766865383458226,
0.016902801406349876,
0.3547458414206591
],
"r_mid_eyebrow": [
0.33126105823284324,
-0.571891138412847,
0.4361527247724834
],
"r_ext_eyebrow": [
0.2643195511061287,
-0.6126593381925278,
0.38956863233810085
],
"r_ext_lips": [
0.2364505380078903,
0.4877330352386212,
0.20389820315536752
],
"r_jaw_angle": [
0.4455422322696238,
0.5260109202564146,
0.6989722236167735
],
"r_mid_ext_face": [
0.48238455741614295,
0.16315560041435884,
0.8657444591066333
],
"r_int_eyebrow": [
0.05765075637047192,
-0.6689107729115757,
0.3127250790860934
],
"r_mid_jaw": [
0.37269004879236317,
0.7439008089118452,
0.45379624602110047
],
"r_mid_bot_eyelid": [
0.2160119795641967,
-0.2617381346742267,
0.39725277983761687
],
"r_ext_mouth": [
0.27074849473497997,
0.41460106841033806,
0.23743565073298128
],
"r_top_eyelid": [
0.21258837880504872,
-0.3479569576241822,
0.40252997060330875
],
"r_eye_int": [
0.09794381032898782,
-0.3124645567791236,
0.4045627651865772
],
"r_pupil": [
0.2128159305319296,
-0.303714747494612,
0.41824665357208823
],
"l_shoulder": [
0.3928100041858008,
-0.04753071421803655,
0.30568142210064786
],
"l_elbow": [
0.6160546957803938,
0.5152949530382946,
-0.9071876588051271
],
"l_hip": [
0.3147219510303492,
1.386478334208987,
0.11899342683676992
],
"l_knee": [
0.28360219306994416,
2.537933567693185,
-0.18267635893247705
],
"l_ankle": [
0.3222539537910262,
3.5673446518028062,
0.6532481509512557
],
"l_body_wrist": [
0.46279403264856345,
0.005269816933180432,
-2.099531040752585
],
"r_shoulder": [
-0.3928100041858008,
0.04753071421803655,
-0.30568142210064786
],
"r_elbow": [
-0.43289233881307604,
0.6246505970454734,
-1.2586531946724666
],
"r_hip": [
-0.20442890737977626,
1.4187171165623425,
0.09314247361102679
],
"r_knee": [
-0.20816667101682854,
2.536318202672839,
-0.09434758191932979
],
"r_ankle": [
-0.12908624805228397,
3.5595149069548313,
0.26261294612085145
],
"r_body_wrist": [
0.08488919667813152,
0.07961169741773351,
-2.1259991495827437
],
"m_face_position": [
-0.042327284812927246,
-0.12389186024665833,
-0.5401473231613636
],
"m_body_position": [
-0.053794652223587036,
0.21806147694587708,
-0.5584388896822929
],
"m_face_scale": [
0.14720965128648403,
0.14720965128648403,
0.14720965128648403
],
"m_body_scale": [
0.5741416094960955,
0.5741416094960955,
0.5741416094960955
],
"l_hand_scale": null,
"r_hand_scale": [
0.27124455542782133,
0.27124455542782133,
0.27124455542782133
]
}
],
"framerate": 30,
"mirrorable": true,
"invalid": false
}