{
"label": "d",
"gestures": [
{
"l_hand_position": [
0.1478552222251892,
0.38453614711761475,
-0.5859563946723938
],
"l_wrist": [
-0.003799410734767044,
0.7347186360154828,
0.6783613272951348
],
"l_thumb_cmc": [
-0.3191984823933234,
0.6566220941054303,
0.4476321597524355
],
"l_thumb_mcp": [
-0.6110964323100249,
0.5846689599205304,
0.19084785981418623
],
"l_thumb_ip": [
-0.8294687050077388,
0.6929857993722907,
-0.04905465204655856
],
"l_thumb_tip": [
-1.0379207383857174,
0.7844284947262965,
-0.30735619376539713
],
"l_index_mcp": [
-0.3251523194206784,
-0.15752148990094966,
0.05167189191308103
],
"l_index_pip": [
-0.7737617325842168,
-0.014271427792756882,
-0.2470152644179514
],
"l_index_dip": [
-1.029115814511337,
0.39258021759363587,
-0.42528845414440436
],
"l_index_tip": [
-1.1881867979074363,
0.7464978912103944,
-0.5272233937028151
],
"l_middle_mcp": [
0.0,
0.0,
0.0
],
"l_middle_pip": [
-0.44239309363154056,
0.26858545807513656,
-0.30090438085725807
],
"l_middle_dip": [
-0.7342821059719191,
0.8329364846210485,
-0.3808318911167892
],
"l_middle_tip": [
-0.896535336937747,
1.2023458003980254,
-0.4153795043947612
],
"l_ring_mcp": [
0.2761217165104099,
0.3224917440689584,
-0.05357971165896829
],
"l_ring_pip": [
-0.05875421555089861,
0.48041354330942604,
-0.3391634991028732
],
"l_ring_dip": [
-0.30315694408986593,
0.9683073676024185,
-0.30693847967198706
],
"l_ring_tip": [
-0.43322784431171873,
1.292506188749063,
-0.2488054256755344
],
"l_pinky_mcp": [
0.4769890403814696,
0.7120581168467404,
-0.11887294028699909
],
"l_pinky_pip": [
0.2483441996973941,
0.8707278501058139,
-0.3527614334798194
],
"l_pinky_dip": [
0.037053309839990105,
1.152188122073556,
-0.3150456845947339
],
"l_pinky_tip": [
-0.07449234665812914,
1.3332850567194672,
-0.24814839621610815
],
"r_hand_position": [
-0.27531154453754425,
-0.12195155024528503,
-0.5621718503534794
],
"r_wrist": [
-0.27647851473768303,
0.9085871223663946,
0.31309594688912695
],
"r_thumb_cmc": [
-0.02346044900059023,
0.6319214529325763,
0.4001809306827552
],
"r_thumb_mcp": [
0.20932937586419595,
0.28741618337461294,
0.3544985255063609
],
"r_thumb_ip": [
0.39218536726275277,
0.06957742227855603,
0.28450408087899604
],
"r_thumb_tip": [
0.48093406413652423,
-0.13111439665329816,
0.21462996606528506
],
"r_index_mcp": [
0.03770731883646721,
-0.13681023295885583,
0.11561644570062345
],
"r_index_pip": [
0.2724335269326387,
-0.5791177140136613,
-0.052557957676526434
],
"r_index_dip": [
0.3921855173467112,
-0.905681196763691,
-0.15865752329298805
],
"r_index_tip": [
0.44710604041501845,
-1.2063266807361719,
-0.23710494503447085
],
"r_middle_mcp": [
0.0,
0.0,
0.0
],
"r_middle_pip": [
0.5033306429979364,
-0.16060844590784418,
-0.16700770696596728
],
"r_middle_dip": [
0.46438580688241266,
0.11728566072554701,
-0.1491929287078367
],
"r_middle_tip": [
0.3535630615738487,
0.2354215470754777,
-0.11507933273446934
],
"r_ring_mcp": [
0.0010275498212431974,
0.24951413060211083,
-0.10534244832777556
],
"r_ring_pip": [
0.47071769900370514,
0.12115542550914953,
-0.19567618188629823
],
"r_ring_dip": [
0.4425580462233683,
0.3215049029318741,
-0.06644436336529601
],
"r_ring_tip": [
0.32778719230491266,
0.4065935023119396,
0.028496516224984517
],
"r_pinky_mcp": [
0.04599105283686114,
0.5284837388814567,
-0.21190543568681275
],
"r_pinky_pip": [
0.41965733534566224,
0.34604363013164957,
-0.3092183359582538
],
"r_pinky_dip": [
0.6377236237226663,
0.27276994012541117,
-0.29440216014714415
],
"r_pinky_tip": [
0.7938358544045113,
0.16562125011868517,
-0.27864728421816903
],
"l_hand_velocity": null,
"r_hand_velocity": null,
"m_nose_point": null,
"m_top_nose": null,
"m_eyebrows": null,
"m_forehead": null,
"m_top_chin": null,
"m_bot_up_lip": null,
"m_top_low_lip": null,
"m_bot_nose": null,
"m_chin": null,
"m_nose": null,
"l_eye_exterior": null,
"l_temple": null,
"l_mid_chin": null,
"l_up_lip": null,
"l_ext_nostril": null,
"l_mid_cheek": null,
"l_mid_eyebrow": null,
"l_ext_eyebrow": null,
"l_ext_lips": null,
"l_jaw_angle": null,
"l_mid_ext_face": null,
"l_int_eyebrow": null,
"l_mid_jaw": null,
"l_mid_bot_eyelid": null,
"l_ext_mouth": null,
"l_top_eyelid": null,
"l_eye_int": null,
"l_pupil": null,
"r_eye_exterior": null,
"r_temple": null,
"r_mid_chin": null,
"r_up_lip": null,
"r_ext_nostril": null,
"r_mid_cheek": null,
"r_mid_eyebrow": null,
"r_ext_eyebrow": null,
"r_ext_lips": null,
"r_jaw_angle": null,
"r_mid_ext_face": null,
"r_int_eyebrow": null,
"r_mid_jaw": null,
"r_mid_bot_eyelid": null,
"r_ext_mouth": null,
"r_top_eyelid": null,
"r_eye_int": null,
"r_pupil": null,
"l_shoulder": null,
"l_elbow": null,
"l_hip": null,
"l_knee": null,
"l_ankle": null,
"l_body_wrist": null,
"r_shoulder": null,
"r_elbow": null,
"r_hip": null,
"r_knee": null,
"r_ankle": null,
"r_body_wrist": null,
"m_face_position": null,
"m_body_position": null,
"m_face_scale": null,
"m_body_scale": null,
"l_hand_scale": [
0.12671089004551864,
0.12671089004551864,
0.12671089004551864
],
"r_hand_scale": [
0.19857100454797708,
0.19857100454797708,
0.19857100454797708
]
}
],
"framerate": 30,
"mirrorable": true,
"invalid": false
}