{
"label": "d",
"gestures": [
{
"l_hand_position": null,
"l_wrist": null,
"l_thumb_cmc": null,
"l_thumb_mcp": null,
"l_thumb_ip": null,
"l_thumb_tip": null,
"l_index_mcp": null,
"l_index_pip": null,
"l_index_dip": null,
"l_index_tip": null,
"l_middle_mcp": null,
"l_middle_pip": null,
"l_middle_dip": null,
"l_middle_tip": null,
"l_ring_mcp": null,
"l_ring_pip": null,
"l_ring_dip": null,
"l_ring_tip": null,
"l_pinky_mcp": null,
"l_pinky_pip": null,
"l_pinky_dip": null,
"l_pinky_tip": null,
"r_hand_position": [
-0.1044432520866394,
0.03550595045089722,
0.4899467071518302
],
"r_wrist": [
-0.2607262508598094,
0.962638649023117,
0.07313448926146904
],
"r_thumb_cmc": [
0.08118774511359042,
0.794097429046278,
-0.07518270996652993
],
"r_thumb_mcp": [
0.3020140932101579,
0.5250188257133557,
-0.09976939743481039
],
"r_thumb_ip": [
0.4787194851600149,
0.3698947886741695,
-0.06081328329290495
],
"r_thumb_tip": [
0.6456932569620991,
0.2164613409664824,
-0.018106485718589402
],
"r_index_mcp": [
0.06854973350928041,
0.0035485465732210232,
-0.14038700935192866
],
"r_index_pip": [
0.16811412828883532,
-0.35736105681703195,
-0.10976208279682077
],
"r_index_dip": [
0.31424409133384706,
-0.457763808732379,
-0.07700589825928554
],
"r_index_tip": [
0.4571602436260833,
-0.4864561318494067,
-0.05044334263973339
],
"r_middle_mcp": [
-0.0,
0.0,
-0.0
],
"r_middle_pip": [
0.31320129386212214,
-0.2287706870890596,
0.05454504713442029
],
"r_middle_dip": [
0.5318817772237348,
-0.10100956898881025,
0.09121994526415222
],
"r_middle_tip": [
0.6362352356520221,
0.04729184093287436,
0.1131497179696329
],
"r_ring_mcp": [
-0.03321776062737813,
0.0677423784604855,
0.1471765138288425
],
"r_ring_pip": [
0.2902393704899245,
-0.14914822217211235,
0.2044789056183539
],
"r_ring_dip": [
0.4930038593423454,
0.0009794925108634275,
0.21060173650112698
],
"r_ring_tip": [
0.5874891150018232,
0.16160932676250814,
0.20952598576210435
],
"r_pinky_mcp": [
-0.028400079667571333,
0.17569945010603089,
0.28758895627399395
],
"r_pinky_pip": [
0.23571255300270433,
0.006910213433214008,
0.3296748449171203
],
"r_pinky_dip": [
0.4155784234437891,
0.07504412874067147,
0.331140425220352
],
"r_pinky_tip": [
0.5180275298987643,
0.18981168682629296,
0.3275340207312751
],
"l_hand_velocity": null,
"r_hand_velocity": null,
"m_nose_point": null,
"m_top_nose": null,
"m_eyebrows": null,
"m_forehead": null,
"m_top_chin": null,
"m_bot_up_lip": null,
"m_top_low_lip": null,
"m_bot_nose": null,
"m_chin": null,
"m_nose": null,
"l_eye_exterior": null,
"l_temple": null,
"l_mid_chin": null,
"l_up_lip": null,
"l_ext_nostril": null,
"l_mid_cheek": null,
"l_mid_eyebrow": null,
"l_ext_eyebrow": null,
"l_ext_lips": null,
"l_jaw_angle": null,
"l_mid_ext_face": null,
"l_int_eyebrow": null,
"l_mid_jaw": null,
"l_mid_bot_eyelid": null,
"l_ext_mouth": null,
"l_top_eyelid": null,
"l_eye_int": null,
"l_pupil": null,
"r_eye_exterior": null,
"r_temple": null,
"r_mid_chin": null,
"r_up_lip": null,
"r_ext_nostril": null,
"r_mid_cheek": null,
"r_mid_eyebrow": null,
"r_ext_eyebrow": null,
"r_ext_lips": null,
"r_jaw_angle": null,
"r_mid_ext_face": null,
"r_int_eyebrow": null,
"r_mid_jaw": null,
"r_mid_bot_eyelid": null,
"r_ext_mouth": null,
"r_top_eyelid": null,
"r_eye_int": null,
"r_pupil": null,
"l_shoulder": null,
"l_elbow": null,
"l_hip": null,
"l_knee": null,
"l_ankle": null,
"l_body_wrist": null,
"r_shoulder": null,
"r_elbow": null,
"r_hip": null,
"r_knee": null,
"r_ankle": null,
"r_body_wrist": null,
"m_face_position": null,
"m_body_position": null,
"m_face_scale": null,
"m_body_scale": null,
"l_hand_scale": null,
"r_hand_scale": [
-0.13746597452686546,
0.13746597452686546,
-0.13746597452686546
]
}
],
"framerate": 30,
"mirrorable": true,
"invalid": false
}