{
"label": "d",
"gestures": [
{
"l_hand_position": null,
"l_wrist": null,
"l_thumb_cmc": null,
"l_thumb_mcp": null,
"l_thumb_ip": null,
"l_thumb_tip": null,
"l_index_mcp": null,
"l_index_pip": null,
"l_index_dip": null,
"l_index_tip": null,
"l_middle_mcp": null,
"l_middle_pip": null,
"l_middle_dip": null,
"l_middle_tip": null,
"l_ring_mcp": null,
"l_ring_pip": null,
"l_ring_dip": null,
"l_ring_tip": null,
"l_pinky_mcp": null,
"l_pinky_pip": null,
"l_pinky_dip": null,
"l_pinky_tip": null,
"r_hand_position": [
0.11649155616760254,
0.16314750909805298,
-0.47457641921937466
],
"r_wrist": [
-0.28992253682718216,
0.9511257772318906,
-0.10632346177924833
],
"r_thumb_cmc": [
0.1462804283450906,
0.8443543383998294,
0.0826649953906756
],
"r_thumb_mcp": [
0.3653140724134346,
0.5674456682664863,
0.1382136528789144
],
"r_thumb_ip": [
0.5514188223413481,
0.3883844147528682,
0.12653550728209806
],
"r_thumb_tip": [
0.7334180235028599,
0.280951152485786,
0.10712686512525453
],
"r_index_mcp": [
0.028787699140052206,
0.021562730989148432,
0.14604956133539526
],
"r_index_pip": [
0.22346399733035105,
-0.37440585627238826,
0.1450532428638888
],
"r_index_dip": [
0.31478740530925853,
-0.6313765657177004,
0.12748080240733115
],
"r_index_tip": [
0.3672696297948809,
-0.8578266206480956,
0.10823152446698549
],
"r_middle_mcp": [
0.0,
0.0,
0.0
],
"r_middle_pip": [
0.4149927081330753,
-0.18938594837430964,
-0.032321319038760295
],
"r_middle_dip": [
0.5628221273727877,
0.02011145564500816,
-0.06101993764807824
],
"r_middle_tip": [
0.5949668043657318,
0.22375215849452593,
-0.06391715620192763
],
"r_ring_mcp": [
0.01106154987911796,
0.07447844359285055,
-0.14268803812028183
],
"r_ring_pip": [
0.43016080387604877,
-0.15924518798932555,
-0.16086604000904225
],
"r_ring_dip": [
0.5860121214066883,
0.03911239400074374,
-0.12766556534451975
],
"r_ring_tip": [
0.6401886637408373,
0.19489565963015515,
-0.09469177065936868
],
"r_pinky_mcp": [
0.07886342892070551,
0.21467682674356148,
-0.27737890285056344
],
"r_pinky_pip": [
0.38668760416070697,
-0.02591730484465968,
-0.29638920457457696
],
"r_pinky_dip": [
0.5785114558097834,
-0.09526742695777854,
-0.27562383995558803
],
"r_pinky_tip": [
0.7028330562021669,
-0.18221856260136815,
-0.2549732817606262
],
"l_hand_velocity": null,
"r_hand_velocity": null,
"m_nose_point": null,
"m_top_nose": null,
"m_eyebrows": null,
"m_forehead": null,
"m_top_chin": null,
"m_bot_up_lip": null,
"m_top_low_lip": null,
"m_bot_nose": null,
"m_chin": null,
"m_nose": null,
"l_eye_exterior": null,
"l_temple": null,
"l_mid_chin": null,
"l_up_lip": null,
"l_ext_nostril": null,
"l_mid_cheek": null,
"l_mid_eyebrow": null,
"l_ext_eyebrow": null,
"l_ext_lips": null,
"l_jaw_angle": null,
"l_mid_ext_face": null,
"l_int_eyebrow": null,
"l_mid_jaw": null,
"l_mid_bot_eyelid": null,
"l_ext_mouth": null,
"l_top_eyelid": null,
"l_eye_int": null,
"l_pupil": null,
"r_eye_exterior": null,
"r_temple": null,
"r_mid_chin": null,
"r_up_lip": null,
"r_ext_nostril": null,
"r_mid_cheek": null,
"r_mid_eyebrow": null,
"r_ext_eyebrow": null,
"r_ext_lips": null,
"r_jaw_angle": null,
"r_mid_ext_face": null,
"r_int_eyebrow": null,
"r_mid_jaw": null,
"r_mid_bot_eyelid": null,
"r_ext_mouth": null,
"r_top_eyelid": null,
"r_eye_int": null,
"r_pupil": null,
"l_shoulder": [
0.44205743796270897,
-0.035276722965621135,
0.23095621740635716
],
"l_elbow": [
0.6761196860130074,
0.638566527095577,
-1.0609949282829296
],
"l_hip": [
0.3524888303531706,
1.4531666766512132,
0.21601748638060259
],
"l_knee": [
0.34584006567918835,
2.681772471273526,
-0.3513473499386717
],
"l_ankle": [
0.4022078084836164,
3.7882464119759987,
0.5565443556386948
],
"l_body_wrist": [
0.6015205027581707,
0.3027643324832754,
-2.484266696076553
],
"r_shoulder": [
-0.44205743796270897,
0.035276722965621135,
-0.23095621740635716
],
"r_elbow": [
-0.49776788201611866,
0.6273846525481038,
-1.5484929738854267
],
"r_hip": [
-0.22858774320647696,
1.4649181337939126,
0.20746813262928815
],
"r_knee": [
-0.19822007207229853,
2.6831907581032923,
-0.17042293848880477
],
"r_ankle": [
-0.08127829968129704,
3.7540199932101883,
-0.23221002962951984
],
"r_body_wrist": [
0.1907486345275986,
0.19064247835334958,
-3.0036789211460553
],
"m_face_position": null,
"m_body_position": [
-0.09367529302835464,
0.19687288999557495,
-0.6130334502086043
],
"m_face_scale": null,
"m_body_scale": [
0.546671662576133,
0.546671662576133,
0.546671662576133
],
"l_hand_scale": null,
"r_hand_scale": [
0.23911261449004703,
0.23911261449004703,
0.23911261449004703
]
}
],
"framerate": 30,
"mirrorable": true,
"invalid": false
}