{
"label": "d",
"gestures": [
{
"l_hand_position": [
-0.12952005863189697,
0.06852871179580688,
-0.45639854669570923
],
"l_wrist": [
0.2727836118714814,
0.9490875560590348,
-0.1575497128789438
],
"l_thumb_cmc": [
-0.11519868265468347,
0.8641464263891062,
0.103634803050628
],
"l_thumb_mcp": [
-0.3376692688267917,
0.6159416448964266,
0.1690065553873482
],
"l_thumb_ip": [
-0.5273795138424484,
0.4614406322797212,
0.140130535227572
],
"l_thumb_tip": [
-0.6978230873550126,
0.2951133088572554,
0.08804526434885586
],
"l_index_mcp": [
-0.050327347960278705,
0.0030106900029816326,
0.19827659925128463
],
"l_index_pip": [
-0.25568401689818376,
-0.36680333197675485,
0.20598421010652854
],
"l_index_dip": [
-0.43363746253224933,
-0.4674706271794622,
0.1872544618581348
],
"l_index_tip": [
-0.6056979977638124,
-0.4899534539021358,
0.17230430980393055
],
"l_middle_mcp": [
0.0,
0.0,
0.0
],
"l_middle_pip": [
-0.39882370760078323,
-0.2905946893846496,
0.002663765538397052
],
"l_middle_dip": [
-0.6560215228649773,
-0.11762754426914983,
-0.02105512345135481
],
"l_middle_tip": [
-0.7586885502858465,
0.09104736637960278,
-0.03485201044414794
],
"l_ring_mcp": [
-0.012180705998542865,
0.06026936612449919,
-0.19813689326879103
],
"l_ring_pip": [
-0.4093128792060635,
-0.22013315011785833,
-0.2086753817757561
],
"l_ring_dip": [
-0.6464507527794919,
-0.014479267344620659,
-0.1947746449306264
],
"l_ring_tip": [
-0.7374413147032477,
0.19686970633274775,
-0.18352958370020558
],
"l_pinky_mcp": [
-0.07427007611976544,
0.1707396566430885,
-0.3830436989818935
],
"l_pinky_pip": [
-0.3865808666808683,
-0.0776647750128906,
-0.3901307413481653
],
"l_pinky_dip": [
-0.574792981668573,
0.02279543968063395,
-0.36026480258946714
],
"l_pinky_tip": [
-0.6655340885743766,
0.18600890974712947,
-0.3348371224973541
],
"r_hand_position": null,
"r_wrist": null,
"r_thumb_cmc": null,
"r_thumb_mcp": null,
"r_thumb_ip": null,
"r_thumb_tip": null,
"r_index_mcp": null,
"r_index_pip": null,
"r_index_dip": null,
"r_index_tip": null,
"r_middle_mcp": null,
"r_middle_pip": null,
"r_middle_dip": null,
"r_middle_tip": null,
"r_ring_mcp": null,
"r_ring_pip": null,
"r_ring_dip": null,
"r_ring_tip": null,
"r_pinky_mcp": null,
"r_pinky_pip": null,
"r_pinky_dip": null,
"r_pinky_tip": null,
"l_hand_velocity": null,
"r_hand_velocity": null,
"m_nose_point": null,
"m_top_nose": null,
"m_eyebrows": null,
"m_forehead": null,
"m_top_chin": null,
"m_bot_up_lip": null,
"m_top_low_lip": null,
"m_bot_nose": null,
"m_chin": null,
"m_nose": null,
"l_eye_exterior": null,
"l_temple": null,
"l_mid_chin": null,
"l_up_lip": null,
"l_ext_nostril": null,
"l_mid_cheek": null,
"l_mid_eyebrow": null,
"l_ext_eyebrow": null,
"l_ext_lips": null,
"l_jaw_angle": null,
"l_mid_ext_face": null,
"l_int_eyebrow": null,
"l_mid_jaw": null,
"l_mid_bot_eyelid": null,
"l_ext_mouth": null,
"l_top_eyelid": null,
"l_eye_int": null,
"l_pupil": null,
"r_eye_exterior": null,
"r_temple": null,
"r_mid_chin": null,
"r_up_lip": null,
"r_ext_nostril": null,
"r_mid_cheek": null,
"r_mid_eyebrow": null,
"r_ext_eyebrow": null,
"r_ext_lips": null,
"r_jaw_angle": null,
"r_mid_ext_face": null,
"r_int_eyebrow": null,
"r_mid_jaw": null,
"r_mid_bot_eyelid": null,
"r_ext_mouth": null,
"r_top_eyelid": null,
"r_eye_int": null,
"r_pupil": null,
"l_shoulder": [
0.42865352211354724,
0.032315576853137004,
-0.25536613219512816
],
"l_elbow": [
0.5385700701623533,
0.6231120680644526,
-1.5820398735902517
],
"l_hip": [
0.2890141902383705,
1.801449677704869,
0.13602364643631548
],
"l_knee": [
0.18018870747792026,
3.2993643404495554,
-0.18100816403014197
],
"l_ankle": [
0.17184590860594295,
4.641353097818079,
0.72464615381588
],
"l_body_wrist": [
-0.35121994158780334,
0.10947808690982458,
-2.453826576538092
],
"r_shoulder": [
-0.42865352211354724,
-0.032315576853137004,
0.25536613219512816
],
"r_elbow": [
-0.650905370163951,
0.7978983863168276,
-1.0140848601272408
],
"r_hip": [
-0.37706979611192554,
1.795005170164772,
0.4253613123276521
],
"r_knee": [
-0.4503264573663197,
3.2561643798088555,
0.045170348587230014
],
"r_ankle": [
-0.44845656325973066,
4.587993447919087,
0.4557685889908144
],
"r_body_wrist": [
-0.622400009302876,
0.019267085083836774,
-3.108540766109255
],
"m_face_position": null,
"m_body_position": [
0.05978691577911377,
0.20609286427497864,
-0.6232958463951945
],
"m_face_scale": null,
"m_body_scale": [
0.4481279959234501,
0.4481279959234501,
0.4481279959234501
],
"l_hand_scale": [
0.2767516178982273,
0.2767516178982273,
0.2767516178982273
],
"r_hand_scale": null
}
],
"framerate": 30,
"mirrorable": true,
"invalid": false
}