{
"label": "d",
"gestures": [
{
"l_hand_position": null,
"l_wrist": null,
"l_thumb_cmc": null,
"l_thumb_mcp": null,
"l_thumb_ip": null,
"l_thumb_tip": null,
"l_index_mcp": null,
"l_index_pip": null,
"l_index_dip": null,
"l_index_tip": null,
"l_middle_mcp": null,
"l_middle_pip": null,
"l_middle_dip": null,
"l_middle_tip": null,
"l_ring_mcp": null,
"l_ring_pip": null,
"l_ring_dip": null,
"l_ring_tip": null,
"l_pinky_mcp": null,
"l_pinky_pip": null,
"l_pinky_dip": null,
"l_pinky_tip": null,
"r_hand_position": [
-0.22188737988471985,
-0.010390043258666992,
-0.5054163560271263
],
"r_wrist": [
-0.05632036753880632,
0.9981855976368221,
0.021296217286506137
],
"r_thumb_cmc": [
0.2299139909044731,
0.7902512098592784,
0.034627364832906585
],
"r_thumb_mcp": [
0.3873939178392543,
0.37984443815408203,
0.04926629536121303
],
"r_thumb_ip": [
0.4918267658941451,
0.11672382140689781,
0.03895142649743065
],
"r_thumb_tip": [
0.5976015041126981,
-0.09749654608771044,
0.029458294356362772
],
"r_index_mcp": [
0.07378556249813058,
0.004116832781183065,
0.07790248682242316
],
"r_index_pip": [
0.1547870069434011,
-0.40003090949839504,
0.04107170222885737
],
"r_index_dip": [
0.19786611041877,
-0.6746593006931226,
0.01361895079388261
],
"r_index_tip": [
0.22953000783895433,
-0.9099853788207211,
-0.019205034005295465
],
"r_middle_mcp": [
0.0,
0.0,
0.0
],
"r_middle_pip": [
0.13687045318994248,
-0.41697069094969785,
-0.10464786451055964
],
"r_middle_dip": [
0.21848941083487247,
-0.5592194849108677,
-0.18012808769924515
],
"r_middle_tip": [
0.2556024228351256,
-0.6447430710856367,
-0.21543748073825392
],
"r_ring_mcp": [
-0.03812587425791085,
0.08346341215647443,
-0.08590865311070461
],
"r_ring_pip": [
0.16680472777517938,
-0.321604272462862,
-0.20805797829886072
],
"r_ring_dip": [
0.3286638427196138,
-0.3065073050705808,
-0.25987331168447797
],
"r_ring_tip": [
0.43035244805419637,
-0.26262191918024863,
-0.26815094723321453
],
"r_pinky_mcp": [
-0.0345328145322264,
0.22994176142218076,
-0.17222405056568207
],
"r_pinky_pip": [
0.11051810668827095,
-0.13157952510314508,
-0.28824329761403106
],
"r_pinky_dip": [
0.26279592432284715,
-0.35770301610329497,
-0.35249692284696316
],
"r_pinky_tip": [
0.3891602165056047,
-0.5316834347388054,
-0.38557020333460545
],
"l_hand_velocity": null,
"r_hand_velocity": null,
"m_nose_point": [
0.0,
0.0,
0.0
],
"m_top_nose": [
0.03220535105735777,
-0.3361366230348244,
0.2225193850206667
],
"m_eyebrows": [
0.054053688388697375,
-0.5914825320011565,
0.30500326892581436
],
"m_forehead": [
0.08305192258648444,
-0.9070119079585867,
0.44261441671349994
],
"m_top_chin": [
-0.045942670634147,
0.639787633097477,
0.10851759138331155
],
"m_bot_up_lip": [
-0.025841435761335387,
0.38139901979362584,
0.09764794653222784
],
"m_top_low_lip": [
-0.027081843401013668,
0.4613840539942705,
0.1043801200358202
],
"m_bot_nose": [
-0.02287069847083545,
0.07786853990728165,
0.08094293705005974
],
"m_chin": [
-0.0737828009696055,
0.9889456108592071,
0.12861833867450378
],
"m_nose": [
0.02608873715868005,
-0.2770973150717409,
0.16384152740679267
],
"l_eye_exterior": [
-0.337635448932769,
-0.3172336687497775,
0.43433038062131596
],
"l_temple": [
-0.48358403518950005,
-0.5325918389156571,
0.7518144103430996
],
"l_mid_chin": [
-0.2469023605473711,
0.7512156357354318,
0.14315595034224662
],
"l_up_lip": [
-0.14096101635586739,
0.30366037162974446,
0.10494291111997847
],
"l_ext_nostril": [
-0.1577607385675982,
0.013252858479782807,
0.13397727511576088
],
"l_mid_cheek": [
-0.3948389145825991,
0.015638302794390522,
0.32586052043115565
],
"l_mid_eyebrow": [
-0.286346933423845,
-0.6093075408420994,
0.3730070636047645
],
"l_ext_eyebrow": [
-0.3600831215906387,
-0.5783002753398585,
0.41272189687808514
],
"l_ext_lips": [
-0.2911634596926335,
0.4253293435683073,
0.21767829073303216
],
"l_jaw_angle": [
-0.5154868906102004,
0.5036567952957404,
0.6604502694468316
],
"l_mid_ext_face": [
-0.5531114188178885,
0.15188128436858225,
0.8238347987913289
],
"l_int_eyebrow": [
-0.06921396616345717,
-0.6407415377776132,
0.3134043977438902
],
"l_mid_jaw": [
-0.43445258076467064,
0.7253898025859163,
0.43083500550837345
],
"l_mid_bot_eyelid": [
-0.2501289806717166,
-0.279439852203844,
0.384026499624089
],
"l_ext_mouth": [
-0.19953673171525355,
0.48949449957950797,
0.17278378649558618
],
"l_top_eyelid": [
-0.24666559091300486,
-0.40066473480348436,
0.38987901493863475
],
"l_eye_int": [
-0.12463951419641509,
-0.3374640152353984,
0.40015160390725896
],
"l_pupil": [
-0.2317553449926582,
-0.34034737789970715,
0.4056273283358957
],
"r_eye_exterior": [
0.44225837242549515,
-0.22161871815859546,
0.4453953872377409
],
"r_temple": [
0.5941065012439602,
-0.40644881803775146,
0.7291858449044435
],
"r_mid_chin": [
0.13673543900975582,
0.8024058547898908,
0.1350036222349951
],
"r_up_lip": [
0.10817407794292462,
0.33048633219691254,
0.09833660681142659
],
"r_ext_nostril": [
0.176044269163397,
0.06623991331794551,
0.17057676048504658
],
"r_mid_cheek": [
0.40977451474715304,
0.11678535443894902,
0.30593382301746047
],
"r_mid_eyebrow": [
0.4658499115624078,
-0.4472057656009227,
0.3939664604119787
],
"r_ext_eyebrow": [
0.39711143499416063,
-0.4963079651285898,
0.3578858167386353
],
"r_ext_lips": [
0.19790352832301047,
0.5589430900182062,
0.17912666873950298
],
"r_jaw_angle": [
0.4790419198560932,
0.6347975277721926,
0.6401527829722234
],
"r_mid_ext_face": [
0.5657748886361763,
0.29307146408555373,
0.8001741693389515
],
"r_int_eyebrow": [
0.1865315646981109,
-0.5755838606220222,
0.3077708675241441
],
"r_mid_jaw": [
0.3531526364529079,
0.8329715663776298,
0.4150963096585546
],
"r_mid_bot_eyelid": [
0.31092065697481736,
-0.21180487035655593,
0.3701544490563273
],
"r_ext_mouth": [
0.24093553172216398,
0.4940851780422041,
0.20369427314115224
],
"r_top_eyelid": [
0.3293083350045137,
-0.319318762786853,
0.3766441725996877
],
"r_eye_int": [
0.20253282324996075,
-0.2852861508527428,
0.39126479503812833
],
"r_pupil": [
0.31699709414805893,
-0.27008569635254687,
0.3922305357620748
],
"l_shoulder": [
0.49417296934040844,
0.07236371016548886,
-0.023591732118876253
],
"l_elbow": [
0.6909096145906565,
1.1929135003680582,
-0.03885220384724336
],
"l_hip": [
0.2814575953999597,
2.0350452026739503,
0.20236456260695937
],
"l_knee": [
0.22560700796410393,
3.748088358309162,
-0.23010531466323175
],
"l_ankle": [
0.17959753638960896,
5.283321135718672,
1.149490666383384
],
"l_body_wrist": [
0.9266686387022571,
1.9757167552998416,
-0.5505501830220102
],
"r_shoulder": [
-0.49417296934040844,
-0.07236371016548886,
0.023591732118876253
],
"r_elbow": [
-0.9420732859605262,
0.8051297039577192,
-1.2901903725647763
],
"r_hip": [
-0.40999444497796983,
1.9728346775957848,
0.4998094274994012
],
"r_knee": [
-0.4716266842116014,
3.720273925336078,
0.28527572052402467
],
"r_ankle": [
-0.4474145467066978,
5.191066292971129,
1.168128846302281
],
"r_body_wrist": [
-0.6146261098169917,
0.14965024072583863,
-3.573331062371826
],
"m_face_position": [
0.017625927925109863,
-0.19778838753700256,
-0.5429343469440937
],
"m_body_position": [
-0.012228414416313171,
0.14581811428070068,
-0.6367029100656509
],
"m_face_scale": [
0.15280683891539304,
0.15280683891539304,
0.15280683891539304
],
"m_body_scale": [
0.39517517198272095,
0.39517517198272095,
0.39517517198272095
],
"l_hand_scale": null,
"r_hand_scale": [
0.254339889527499,
0.254339889527499,
0.254339889527499
]
}
],
"framerate": 30,
"mirrorable": true,
"invalid": false
}