{
"label": "d",
"gestures": [
{
"l_hand_position": [
0.1478552222251892,
0.38453614711761475,
-0.5859563946723938
],
"l_wrist": [
-0.003799410734767044,
0.7347186360154828,
0.6783613272951348
],
"l_thumb_cmc": [
-0.3191984823933234,
0.6566220941054303,
0.4476321597524355
],
"l_thumb_mcp": [
-0.6110964323100249,
0.5846689599205304,
0.19084785981418623
],
"l_thumb_ip": [
-0.8294687050077388,
0.6929857993722907,
-0.04905465204655856
],
"l_thumb_tip": [
-1.0379207383857174,
0.7844284947262965,
-0.30735619376539713
],
"l_index_mcp": [
-0.3251523194206784,
-0.15752148990094966,
0.05167189191308103
],
"l_index_pip": [
-0.7737617325842168,
-0.014271427792756882,
-0.2470152644179514
],
"l_index_dip": [
-1.029115814511337,
0.39258021759363587,
-0.42528845414440436
],
"l_index_tip": [
-1.1881867979074363,
0.7464978912103944,
-0.5272233937028151
],
"l_middle_mcp": [
0.0,
0.0,
0.0
],
"l_middle_pip": [
-0.44239309363154056,
0.26858545807513656,
-0.30090438085725807
],
"l_middle_dip": [
-0.7342821059719191,
0.8329364846210485,
-0.3808318911167892
],
"l_middle_tip": [
-0.896535336937747,
1.2023458003980254,
-0.4153795043947612
],
"l_ring_mcp": [
0.2761217165104099,
0.3224917440689584,
-0.05357971165896829
],
"l_ring_pip": [
-0.05875421555089861,
0.48041354330942604,
-0.3391634991028732
],
"l_ring_dip": [
-0.30315694408986593,
0.9683073676024185,
-0.30693847967198706
],
"l_ring_tip": [
-0.43322784431171873,
1.292506188749063,
-0.2488054256755344
],
"l_pinky_mcp": [
0.4769890403814696,
0.7120581168467404,
-0.11887294028699909
],
"l_pinky_pip": [
0.2483441996973941,
0.8707278501058139,
-0.3527614334798194
],
"l_pinky_dip": [
0.037053309839990105,
1.152188122073556,
-0.3150456845947339
],
"l_pinky_tip": [
-0.07449234665812914,
1.3332850567194672,
-0.24814839621610815
],
"r_hand_position": [
-0.27531154453754425,
-0.12195155024528503,
-0.5621718503534794
],
"r_wrist": [
-0.27647851473768303,
0.9085871223663946,
0.31309594688912695
],
"r_thumb_cmc": [
-0.02346044900059023,
0.6319214529325763,
0.4001809306827552
],
"r_thumb_mcp": [
0.20932937586419595,
0.28741618337461294,
0.3544985255063609
],
"r_thumb_ip": [
0.39218536726275277,
0.06957742227855603,
0.28450408087899604
],
"r_thumb_tip": [
0.48093406413652423,
-0.13111439665329816,
0.21462996606528506
],
"r_index_mcp": [
0.03770731883646721,
-0.13681023295885583,
0.11561644570062345
],
"r_index_pip": [
0.2724335269326387,
-0.5791177140136613,
-0.052557957676526434
],
"r_index_dip": [
0.3921855173467112,
-0.905681196763691,
-0.15865752329298805
],
"r_index_tip": [
0.44710604041501845,
-1.2063266807361719,
-0.23710494503447085
],
"r_middle_mcp": [
0.0,
0.0,
0.0
],
"r_middle_pip": [
0.5033306429979364,
-0.16060844590784418,
-0.16700770696596728
],
"r_middle_dip": [
0.46438580688241266,
0.11728566072554701,
-0.1491929287078367
],
"r_middle_tip": [
0.3535630615738487,
0.2354215470754777,
-0.11507933273446934
],
"r_ring_mcp": [
0.0010275498212431974,
0.24951413060211083,
-0.10534244832777556
],
"r_ring_pip": [
0.47071769900370514,
0.12115542550914953,
-0.19567618188629823
],
"r_ring_dip": [
0.4425580462233683,
0.3215049029318741,
-0.06644436336529601
],
"r_ring_tip": [
0.32778719230491266,
0.4065935023119396,
0.028496516224984517
],
"r_pinky_mcp": [
0.04599105283686114,
0.5284837388814567,
-0.21190543568681275
],
"r_pinky_pip": [
0.41965733534566224,
0.34604363013164957,
-0.3092183359582538
],
"r_pinky_dip": [
0.6377236237226663,
0.27276994012541117,
-0.29440216014714415
],
"r_pinky_tip": [
0.7938358544045113,
0.16562125011868517,
-0.27864728421816903
],
"l_hand_velocity": null,
"r_hand_velocity": null,
"m_nose_point": [
0.0,
0.0,
0.0
],
"m_top_nose": [
0.01333773594290179,
-0.30835898157439673,
0.2191273051094828
],
"m_eyebrows": [
0.019555333258900895,
-0.5590084698110155,
0.3002829426616878
],
"m_forehead": [
0.026917398572932065,
-0.8643408222713995,
0.4336287041718488
],
"m_top_chin": [
-0.005442943176405872,
0.6506984805907192,
0.10967676613587475
],
"m_bot_up_lip": [
-0.00027654582585899334,
0.4086129527080578,
0.09216295657973565
],
"m_top_low_lip": [
-3.909926256621997e-05,
0.41266848298934045,
0.1071292939026662
],
"m_bot_nose": [
-0.016480746455646785,
0.08500668422678301,
0.07745772647410523
],
"m_chin": [
-0.010008189364997118,
0.9920794367481917,
0.12521272829479202
],
"m_nose": [
0.010617893490639112,
-0.2553116680136554,
0.16167595981630092
],
"l_eye_exterior": [
-0.34323491285748736,
-0.20925813322345038,
0.42641392292891667
],
"l_temple": [
-0.5032535323175634,
-0.41321617812825634,
0.7376109738598656
],
"l_mid_chin": [
-0.1953456177566259,
0.7845334235769573,
0.1419753025404791
],
"l_up_lip": [
-0.12460405510673722,
0.3137785059216614,
0.10472334012664315
],
"l_ext_nostril": [
-0.1544848519550007,
0.0389121155750827,
0.1297819582298622
],
"l_mid_cheek": [
-0.39240325374447166,
0.08681930160231385,
0.3210952036180437
],
"l_mid_eyebrow": [
-0.3087862224747297,
-0.527420949423338,
0.36829670013921517
],
"l_ext_eyebrow": [
-0.37675458847031223,
-0.4833279779162386,
0.4080461915875911
],
"l_ext_lips": [
-0.26798838204879705,
0.45540866074004716,
0.22101198629512106
],
"l_jaw_angle": [
-0.47452575643101835,
0.6038266104535227,
0.6470021493290146
],
"l_mid_ext_face": [
-0.5296518474515304,
0.26912999905893364,
0.8068726192395232
],
"l_int_eyebrow": [
-0.10192851923825495,
-0.5928175206952289,
0.3083801412501833
],
"l_mid_jaw": [
-0.3799295707758848,
0.7980259274341838,
0.42321185623833724
],
"l_mid_bot_eyelid": [
-0.2558272895387474,
-0.19437220903232105,
0.376444957184479
],
"l_ext_mouth": [
-0.1762517372528034,
0.4917318756640655,
0.18060203295446445
],
"l_top_eyelid": [
-0.25483229476323416,
-0.2658208166802822,
0.38171180094784246
],
"l_eye_int": [
-0.14293346357059308,
-0.2524441851168067,
0.391626537729704
],
"l_pupil": [
-0.2587238932405282,
-0.23244959608001345,
0.3975243407516801
],
"r_eye_exterior": [
0.4103821943391793,
-0.22569723489162427,
0.43626994081499393
],
"r_temple": [
0.5588771207258321,
-0.4070709755406025,
0.7154869514176593
],
"r_mid_chin": [
0.1852087266523483,
0.788937792591448,
0.13238277193748968
],
"r_up_lip": [
0.12738906299661026,
0.31307695925738727,
0.09604707121380417
],
"r_ext_nostril": [
0.1765099552993345,
0.05748630171396251,
0.16389516115754724
],
"r_mid_cheek": [
0.41470388470470176,
0.09418319969427781,
0.2996420829021414
],
"r_mid_eyebrow": [
0.4223587872039945,
-0.46853185984381607,
0.38772541898925905
],
"r_ext_eyebrow": [
0.35191209815929275,
-0.5103613506039179,
0.35236621343882774
],
"r_ext_lips": [
0.2344351055072043,
0.5316029413819833,
0.18241028475478038
],
"r_jaw_angle": [
0.5017066677422873,
0.6153240337099093,
0.6264416137397247
],
"r_mid_ext_face": [
0.5669470456059058,
0.28153525831802956,
0.7844129438831253
],
"r_int_eyebrow": [
0.1441618320695485,
-0.5717685752420991,
0.30282314583033476
],
"r_mid_jaw": [
0.3916585349777807,
0.8085513674602132,
0.40709340161503016
],
"r_mid_bot_eyelid": [
0.2778988232573786,
-0.19819782750403464,
0.36145019271215334
],
"r_ext_mouth": [
0.27401414860783063,
0.4595971692424535,
0.20459625254559025
],
"r_top_eyelid": [
0.28467643605284176,
-0.2814551251939681,
0.3665112307868138
],
"r_eye_int": [
0.16904321800114167,
-0.26555374020707595,
0.3817230648955544
],
"r_pupil": [
0.27179119261734697,
-0.24219702187357284,
0.382748593242323
],
"l_shoulder": [
0.46007979342478666,
0.05038537351091434,
-0.18917689557229583
],
"l_elbow": [
0.7839369940732304,
1.0156911833135986,
-0.9672538456333658
],
"l_hip": [
0.31542433646436274,
1.914865066860842,
-0.3596212152504843
],
"l_knee": [
0.24062589020953162,
3.6638895390297828,
-0.6583520169630592
],
"l_ankle": [
0.19756558782991743,
5.200084837894423,
0.5245657824371782
],
"l_body_wrist": [
0.5374357449524031,
1.0063882707767218,
-2.0296507009439497
],
"r_shoulder": [
-0.46007979342478666,
-0.05038537351091434,
0.18917689557229583
],
"r_elbow": [
-1.1729397235950503,
0.7420272154331004,
-1.1461669361653455
],
"r_hip": [
-0.4101553219414849,
1.9680161472318234,
0.07748366931394046
],