{
"label": "k",
"gestures": [
{
"l_hand_position": [
0.28845518827438354,
0.08979356288909912,
-0.4863853584975004
],
"l_wrist": [
0.11476940199085857,
0.9909306256059209,
-0.06988905209629814
],
"l_thumb_cmc": [
-0.13342153341521204,
0.6103441020374452,
-0.16196614420127742
],
"l_thumb_mcp": [
-0.22163263058855337,
0.1554596207499626,
-0.15412231388752298
],
"l_thumb_ip": [
-0.12919015945127918,
-0.21673636577035582,
-0.1525638516441542
],
"l_thumb_tip": [
-0.09181307376625605,
-0.4981741387269389,
-0.13817542270389968
],
"l_index_mcp": [
-0.18241539138418017,
-0.04704600008666306,
0.005164363964212563
],
"l_index_pip": [
-0.28074519106582,
-0.44651628065550625,
-0.05594159376783948
],
"l_index_dip": [
-0.34478216636523834,
-0.6807142162699377,
-0.10483539324576562
],
"l_index_tip": [
-0.38468908066648805,
-0.9001208546979869,
-0.12998016674635224
],
"l_middle_mcp": [
0.0,
0.0,
0.0
],
"l_middle_pip": [
0.059716561649065296,
-0.48899769640534446,
-0.0853106977552317
],
"l_middle_dip": [
0.13885999178783068,
-0.7781150658210908,
-0.15190233611305387
],
"l_middle_tip": [
0.2136625077298851,
-1.0154991535135056,
-0.18405887734873108
],
"l_ring_mcp": [
0.17095619792671757,
0.12004936360208322,
-0.03036383825797876
],
"l_ring_pip": [
0.21159899004872498,
-0.049970234736551454,
-0.1995216630465547
],
"l_ring_dip": [
0.128162684306953,
0.21883598889137018,
-0.23902622544006444
],
"l_ring_tip": [
0.05906146210052381,
0.4162724671681234,
-0.20767407247974123
],
"l_pinky_mcp": [
0.3445832804677363,
0.27588656157899594,
-0.06665503532929952
],
"l_pinky_pip": [
0.3469839862397384,
0.12931255077281892,
-0.1862361520261692
],
"l_pinky_dip": [
0.24406328808714267,
0.31384622995454825,
-0.1781575598587863
],
"l_pinky_tip": [
0.16661987340456438,
0.46350694988995766,
-0.14102416676913523
],
"r_hand_position": null,
"r_wrist": null,
"r_thumb_cmc": null,
"r_thumb_mcp": null,
"r_thumb_ip": null,
"r_thumb_tip": null,
"r_index_mcp": null,
"r_index_pip": null,
"r_index_dip": null,
"r_index_tip": null,
"r_middle_mcp": null,
"r_middle_pip": null,
"r_middle_dip": null,
"r_middle_tip": null,
"r_ring_mcp": null,
"r_ring_pip": null,
"r_ring_dip": null,
"r_ring_tip": null,
"r_pinky_mcp": null,
"r_pinky_pip": null,
"r_pinky_dip": null,
"r_pinky_tip": null,
"l_hand_velocity": null,
"r_hand_velocity": null,
"m_nose_point": [
0.0,
0.0,
0.0
],
"m_top_nose": [
0.007077622699402981,
-0.45052557169374446,
0.155134322484443
],
"m_eyebrows": [
0.0197259627065918,
-0.7552339833905006,
0.1766781420878099
],
"m_forehead": [
0.03725946393762507,
-1.178511845958272,
0.2428139164831008
],
"m_top_chin": [
-0.05580981677932816,
0.6133971624162678,
0.24743576303879908
],
"m_bot_up_lip": [
-0.031129598061521182,
0.357224843408691,
0.18854955264791767
],
"m_top_low_lip": [
-0.03267304780599626,
0.40541466337734766,
0.1910172824644194
],
"m_bot_nose": [
-0.03172728794186973,
0.05683106170017763,
0.10368133393687289
],
"m_chin": [
-0.08676827543976057,
0.93571675705587,
0.341914341527313
],
"m_nose": [
0.0070678375994574156,
-0.36174516019170794,
0.10825091320647802
],
"l_eye_exterior": [
-0.41762367236657233,
-0.5097753503437321,
0.3367001875202859
],
"l_temple": [
-0.6066692072679809,
-0.8552740494911246,
0.5917471794708895
],
"l_mid_chin": [
-0.270219528915147,
0.7180749664992555,
0.2864003945310168
],
"l_up_lip": [
-0.16768805655083158,
0.2639412889725216,
0.15672684750058385
],
"l_ext_nostril": [
-0.18194554625927284,
-0.030100564999898712,
0.12650187194423437
],
"l_mid_cheek": [
-0.4658276707453542,
-0.09945216132022103,
0.29136466030008445
],
"l_mid_eyebrow": [
-0.3532219387472855,
-0.7788687939814701,
0.22232341171679526
],
"l_ext_eyebrow": [
-0.43780114754208094,
-0.7554272890384048,
0.2589994078676789
],
"l_ext_lips": [
-0.3255159274912089,
0.3718813255598106,
0.27670387376587335
],
"l_jaw_angle": [
-0.6304861405354882,
0.2883397367510797,
0.7637963951586846
],
"l_mid_ext_face": [
-0.6805179556449183,
-0.12612953890650974,
0.8445215226744098
],
"l_int_eyebrow": [
-0.10992161917422476,
-0.7916373509308473,
0.17192816251895324
],
"l_mid_jaw": [
-0.5139943259876091,
0.5926958848497955,
0.5752288324352294
],
"l_mid_bot_eyelid": [
-0.3161643673820067,
-0.4631215913706121,
0.29715877571436833
],
"l_ext_mouth": [
-0.2508965525695787,
0.4284611697960797,
0.2433563779613331
],
"l_top_eyelid": [
-0.3172131703394376,
-0.5867014128055915,
0.28453411293443137
],
"l_eye_int": [
-0.18443855009030233,
-0.5127360420129763,
0.31589682945723546
],
"l_pupil": [
-0.32130513937993943,
-0.5325965997677988,
0.3126451043904554
],
"r_eye_exterior": [
0.4069936589950944,
-0.4562991800534628,
0.4579574549503604
],
"r_temple": [
0.5589950021576803,
-0.7341940215483613,
0.7134970624060998
],
"r_mid_chin": [
0.1200769553503841,
0.7397899005417216,
0.327534837613428
],
"r_up_lip": [
0.10605430804063641,
0.2720405559846086,
0.18707044243178367
],
"r_ext_nostril": [
0.16044648350336108,
-0.008591317752206847,
0.21158441429847466
],
"r_mid_cheek": [
0.3899260483390204,
-0.02691661329516193,
0.383387517249246
],
"r_mid_eyebrow": [
0.428277649248121,
-0.6600189700426269,
0.34958924847473255
],
"r_ext_eyebrow": [
0.35794354901489694,
-0.6973788810266319,
0.2953309597637822
],
"r_ext_lips": [
0.1774216349497453,
0.48604268875330703,
0.3233404464091145
],
"r_jaw_angle": [
0.42631903169166974,
0.36912512250983714,
0.8792000666534333
],
"r_mid_ext_face": [
0.5183361146205988,
-0.019536251585198172,
0.9726555093503811
],
"r_int_eyebrow": [
0.1419390652838681,
-0.7598817061687272,
0.19820930596242067
],
"r_mid_jaw": [
0.3035951069580515,
0.6419365047350556,
0.6628472633187299
],
"r_mid_bot_eyelid": [
0.27154870494040595,
-0.41505678104615795,
0.36433394941754893
],
"r_ext_mouth": [
0.21878864420941824,
0.41003323055165475,
0.34247538720684495
],
"r_top_eyelid": [
0.284414513801487,
-0.5264383770714446,
0.35306067181310613
],
"r_eye_int": [
0.1511634190937779,
-0.4838608111613631,
0.3610308978196609
],
"r_pupil": [
0.2693604370791098,
-0.48091449759816146,
0.37939917790880545
],
"l_shoulder": [
0.4977543965363294,
0.011707537474092377,
-0.04586386698750172
],
"l_elbow": [
1.1471538448958043,
0.8236145153243267,
-1.1572958656099164
],
"l_hip": [
0.34290546331610744,
1.8935256264638876,
0.16904311200893002
],
"l_knee": [
0.29174825539074817,
3.507190231870657,
-0.33405336716950956
],
"l_ankle": [
0.3139047600840958,
4.911595014313465,
0.7198976658594356
],
"l_body_wrist": [
0.9983736406939565,
-0.32130523299351593,
-2.3448164335229635
],
"r_shoulder": [
-0.4977543965363294,
-0.011707537474092377,
0.04586386698750172
],
"r_elbow": [
-0.6768714048891004,
1.1604552808908326,
0.23318768344402066
],
"r_hip": [
-0.39701022095243604,
1.8941924553267455,
0.5976076820813832
],
"r_knee": [
-0.3411649324835476,
3.474254684557326,
0.8241181796016038
],
"r_ankle": [
-0.2968242335739687,
4.842145781812044,
1.7133585743955255
],
"r_body_wrist": [
-0.7472182665705924,
1.849365072332599,
-0.448470303394279
],
"m_face_position": [
-0.054395467042922974,
0.15017831325531006,
-0.5445803850889206
],
"m_body_position": [
-0.07284881174564362,
0.4339148700237274,
-0.6370656341314316
],
"m_face_scale": [
0.1492385162257654,
0.1492385162257654,
0.1492385162257654
],
"m_body_scale": [
0.3659430917021304,
0.3659430917021304,
0.3659430917021304
],
"l_hand_scale": [
0.19480023264896007,
0.19480023264896007,
0.19480023264896007
],
"r_hand_scale": null
}
],
"framerate": 30,
"mirrorable": true,
"invalid": false
}