{
"label": "k",
"gestures": [
{
"l_hand_position": [
0.24802052974700928,
0.07887744903564453,
-0.4992290955269709
],
"l_wrist": [
-0.07001633962565806,
0.99753904965038,
-0.003681929934311875
],
"l_thumb_cmc": [
-0.3119431399163901,
0.6674822723190944,
-0.09019523370211233
],
"l_thumb_mcp": [
-0.32764077166194383,
0.18977387197140916,
-0.09425404209527441
],
"l_thumb_ip": [
-0.19621256835754947,
-0.15192425517041766,
-0.1089457609701847
],
"l_thumb_tip": [
-0.1284881176966458,
-0.43105560700389584,
-0.11497306278897672
],
"l_index_mcp": [
-0.17040027920214737,
-0.015883237459753174,
0.01744830767157587
],
"l_index_pip": [
-0.19661765567550318,
-0.43062859999270076,
-0.06594007898890952
],
"l_index_dip": [
-0.2157142632301698,
-0.686959770127747,
-0.10951996085653048
],
"l_index_tip": [
-0.21322424301222084,
-0.9089335291350256,
-0.13049833493365742
],
"l_middle_mcp": [
0.0,
0.0,
0.0
],
"l_middle_pip": [
-0.003564085186774975,
-0.45610156090987314,
-0.13356936935817246
],
"l_middle_dip": [
0.0078031261225789805,
-0.7509641357071191,
-0.21524946776648007
],
"l_middle_tip": [
0.03138643867954272,
-0.9911431963010296,
-0.24291067948839806
],
"l_ring_mcp": [
0.16169019018779004,
0.08963560376202744,
-0.03506018849637122
],
"l_ring_pip": [
0.03185813909124289,
-0.0472950118886268,
-0.22952283541815138
],
"l_ring_dip": [
-0.10298099621857781,
0.22093826700513045,
-0.2565062446776324
],
"l_ring_tip": [
-0.1798860976201758,
0.42549597571813585,
-0.20783269402923865
],
"l_pinky_mcp": [
0.31427886826762724,
0.23861692661128855,
-0.07669215111471936
],
"l_pinky_pip": [
0.16495622448075084,
0.11708959253980422,
-0.21560012948246524
],
"l_pinky_dip": [
0.023075174213641587,
0.3210856446974177,
-0.2073228832417893
],
"l_pinky_tip": [
-0.06293684805138436,
0.5026447557874558,
-0.15935460584021946
],
"r_hand_position": null,
"r_wrist": null,
"r_thumb_cmc": null,
"r_thumb_mcp": null,
"r_thumb_ip": null,
"r_thumb_tip": null,
"r_index_mcp": null,
"r_index_pip": null,
"r_index_dip": null,
"r_index_tip": null,
"r_middle_mcp": null,
"r_middle_pip": null,
"r_middle_dip": null,
"r_middle_tip": null,
"r_ring_mcp": null,
"r_ring_pip": null,
"r_ring_dip": null,
"r_ring_tip": null,
"r_pinky_mcp": null,
"r_pinky_pip": null,
"r_pinky_dip": null,
"r_pinky_tip": null,
"l_hand_velocity": null,
"r_hand_velocity": null,
"m_nose_point": [
0.0,
0.0,
0.0
],
"m_top_nose": [
0.021812925539647345,
-0.4562740571331308,
0.1622301844477631
],
"m_eyebrows": [
0.03725376914509903,
-0.758180407402759,
0.1919865113830677
],
"m_forehead": [
0.06121190117547239,
-1.1660700184244333,
0.2631908327328004
],
"m_top_chin": [
-0.036831611080235256,
0.6115357697393984,
0.2319140882788981
],
"m_bot_up_lip": [
-0.013113373984936436,
0.36012709965700657,
0.18654324592208216
],
"m_top_low_lip": [
-0.014340137218288774,
0.39825247348981274,
0.18873538007758003
],
"m_bot_nose": [
-0.02712238288027851,
0.058609713161565324,
0.10474804621155796
],
"m_chin": [
-0.05390162232626109,
0.9437776287684275,
0.32615702130544627
],
"m_nose": [
0.01775141061169598,
-0.36776545213983847,
0.11373202752614318
],
"l_eye_exterior": [
-0.3800440813549357,
-0.4955817993810837,
0.3873809869127727
],
"l_temple": [
-0.554900811404164,
-0.8193939377458721,
0.6626327799724111
],
"l_mid_chin": [
-0.24514777883966535,
0.7166382617357587,
0.29268118134544907
],
"l_up_lip": [
-0.14991498805585826,
0.2592486320607448,
0.17249138228106967
],
"l_ext_nostril": [
-0.17507605674284057,
-0.03398728802574785,
0.14470293712111237
],
"l_mid_cheek": [
-0.4306087610613908,
-0.09839072860910501,
0.33899613669137385
],
"l_mid_eyebrow": [
-0.32912139205946445,
-0.7730139787701867,
0.2702017297542799
],
"l_ext_eyebrow": [
-0.4077918609632396,
-0.7449755963839955,
0.3149333338220616
],
"l_ext_lips": [
-0.3064635394522244,
0.36961659387144086,
0.3080944770625252
],
"l_jaw_angle": [
-0.5573716477770497,
0.30664682081178896,
0.8100501013008028
],
"l_mid_ext_face": [
-0.6072457640498565,
-0.10033269643666941,
0.9029766525549109
],
"l_int_eyebrow": [
-0.0954635216509034,
-0.7951128232307548,
0.19927616471539186
],
"l_mid_jaw": [
-0.45757576207794953,
0.6029520927331233,
0.6064252999526167
],
"l_mid_bot_eyelid": [
-0.2847636374176418,
-0.4524797256982336,
0.33847571945318794
],
"l_ext_mouth": [
-0.224390350285155,
0.429743876690201,
0.2657975264134635
],
"l_top_eyelid": [
-0.2844502262927864,
-0.5728181934692435,
0.3281105317221048
],
"l_eye_int": [
-0.15459151376812638,
-0.508487658137802,
0.34803852302948
],
"l_pupil": [
-0.2834370876663043,
-0.520339852722979,
0.3543756733184448
],
"r_eye_exterior": [
0.45167002938086825,
-0.4508077924070944,
0.41868030106603943
],
"r_temple": [
0.6171779845706168,
-0.7226967288991439,
0.6665247341870207
],
"r_mid_chin": [
0.15634531273320446,
0.7467314318086242,
0.2939845098894643
],
"r_up_lip": [
0.12989170316938164,
0.2755867397442427,
0.17206376395903553
],
"r_ext_nostril": [
0.18469893905784687,
-0.011076710788263671,
0.19410717853620754
],
"r_mid_cheek": [
0.42738443465473946,
-0.02787953854123535,
0.3401848754065526
],
"r_mid_eyebrow": [
0.4701879633674544,
-0.6594341129560988,
0.3162510647489541
],
"r_ext_eyebrow": [
0.3961088961667273,
-0.700078994545053,
0.27162218256468185
],
"r_ext_lips": [
0.21166879111777664,
0.4860861957879972,
0.29395378560148483
],
"r_jaw_angle": [
0.5026360952647698,
0.3909990118620665,
0.8146581510606781
],
"r_mid_ext_face": [
0.5904767415254267,
-0.0017167354012550145,
0.9083099364722855
],
"r_int_eyebrow": [
0.17134037534300403,
-0.7654693034266878,
0.199890405463441
],
"r_mid_jaw": [
0.37635564581667585,
0.6662823191332522,
0.6097146657861691
],
"r_mid_bot_eyelid": [
0.31011002392373943,
-0.410443127652319,
0.33936379400751154
],
"r_ext_mouth": [
0.2550755191494141,
0.4117920784587144,
0.30988271526327876
],
"r_top_eyelid": [
0.324018228071321,
-0.5269717868958462,
0.3288548704157643
],
"r_eye_int": [
0.18484067664257683,
-0.48487694610678106,
0.3484195000638666
],
"r_pupil": [
0.31299242877182526,
-0.473291120430838,
0.35524215503759465
],
"l_shoulder": [
0.4866390262006221,
0.019024017564999916,
-0.11322784522455942
],
"l_elbow": [
0.9815122678326681,
0.8712137890109591,
-1.1759508700660168
],
"l_hip": [
0.333543293631583,
1.7913955696414736,
0.09690868131168984
],
"l_knee": [
0.27954957314559875,
3.343776667713916,
-0.4008452418067712
],
"l_ankle": [
0.2845349085885769,
4.747765337441293,
0.5107961002870048
],
"l_body_wrist": [
0.887130424027116,
-0.2554249623622577,
-2.268907930682713
],
"r_shoulder": [
-0.4866390262006221,
-0.019024017564999916,
0.11322784522455942
],
"r_elbow": [
-0.6392515233310639,
1.0045043771165794,
0.1357787386699143
],
"r_hip": [
-0.40519845631000384,
1.7823930560380647,
0.5165040403474085
],
"r_knee": [
-0.3635876891096476,
3.3173723781898947,
0.7467951184751758
],
"r_ankle": [
-0.31870553643988736,
4.678252030018468,
1.5578907248938567
],
"r_body_wrist": [
-0.6619492544996386,
1.5773345168579274,
-0.7739091035851715
],
"m_face_position": [
-0.04498332738876343,
0.14471495151519775,
-0.5440550297498703
],
"m_body_position": [
-0.07504389435052872,
0.4078443944454193,
-0.6106513068079948
],
"m_face_scale": [
0.14634379738695194,
0.14634379738695194,
0.14634379738695194
],
"m_body_scale": [
0.37111407948165903,
0.37111407948165903,
0.37111407948165903
],
"l_hand_scale": [
0.20938056008227687,
0.20938056008227687,
0.20938056008227687
],
"r_hand_scale": null
}
],
"framerate": 30,
"mirrorable": true,
"invalid": false
}