{
"label": "k",
"gestures": [
{
"l_hand_position": null,
"l_wrist": null,
"l_thumb_cmc": null,
"l_thumb_mcp": null,
"l_thumb_ip": null,
"l_thumb_tip": null,
"l_index_mcp": null,
"l_index_pip": null,
"l_index_dip": null,
"l_index_tip": null,
"l_middle_mcp": null,
"l_middle_pip": null,
"l_middle_dip": null,
"l_middle_tip": null,
"l_ring_mcp": null,
"l_ring_pip": null,
"l_ring_dip": null,
"l_ring_tip": null,
"l_pinky_mcp": null,
"l_pinky_pip": null,
"l_pinky_dip": null,
"l_pinky_tip": null,
"r_hand_position": [
-0.12405115365982056,
0.028868556022644043,
-0.5197150949388742
],
"r_wrist": [
-0.12251285541534712,
0.9879739183752129,
0.09432993622549803
],
"r_thumb_cmc": [
0.11841847046868688,
0.791406367031289,
-0.016424443622692776
],
"r_thumb_mcp": [
0.25288937110228366,
0.3599958804299417,
-0.05243733905842732
],
"r_thumb_ip": [
0.26094153791770136,
-0.014077531804833138,
-0.09558662240305983
],
"r_thumb_tip": [
0.33044141952743833,
-0.285407320280417,
-0.1285940184130317
],
"r_index_mcp": [
0.18900333414498152,
0.018041872902800956,
0.02375245727409243
],
"r_index_pip": [
0.31811890931219544,
-0.4152744975599749,
-0.06955434281857463
],
"r_index_dip": [
0.39801773587526657,
-0.671890366405381,
-0.11723484151608365
],
"r_index_tip": [
0.45217044705214704,
-0.9006092630513548,
-0.14817030535124717
],
"r_middle_mcp": [
0.0,
0.0,
0.0
],
"r_middle_pip": [
-0.018561192745934502,
-0.4843039683617773,
-0.1500024157080516
],
"r_middle_dip": [
-0.026195707770979283,
-0.7989869823032573,
-0.22951950582547506
],
"r_middle_tip": [
-0.055265498671612526,
-1.069721021656213,
-0.259516251275875
],
"r_ring_mcp": [
-0.17472874027995877,
0.07670248565047325,
-0.03967479903032887
],
"r_ring_pip": [
-0.0673755468972154,
-0.038473871893082545,
-0.26700036745288436
],
"r_ring_dip": [
0.022711758916700894,
0.2780893593607419,
-0.31093408470389755
],
"r_ring_tip": [
0.06358046243126282,
0.48719045699015523,
-0.2748776452546822
],
"r_pinky_mcp": [
-0.3029588195037736,
0.22189102422186427,
-0.08392074806855004
],
"r_pinky_pip": [
-0.16339496257220848,
0.18429409275581943,
-0.2735338231702091
],
"r_pinky_dip": [
-0.06312616451247548,
0.4267209228998162,
-0.3019197431296923
],
"r_pinky_tip": [
-0.00904788632793871,
0.6069537120389059,
-0.2773906855938875
],
"l_hand_velocity": null,
"r_hand_velocity": null,
"m_nose_point": [
0.0,
0.0,
0.0
],
"m_top_nose": [
-0.013523848551742941,
-0.2325224368626158,
0.23374023830352147
],
"m_eyebrows": [
-0.030314802832202215,
-0.4103324294821152,
0.3440777285320419
],
"m_forehead": [
-0.05142578173729823,
-0.6723071478695791,
0.5045731664778202
],
"m_top_chin": [
0.059111819928867576,
0.6361486901231269,
0.013560081977134951
],
"m_bot_up_lip": [
0.04918686794494825,
0.4437302345896266,
0.04337589195565435
],
"m_top_low_lip": [
0.04957013581803627,
0.4488786123593246,
0.05204654081737599
],
"m_bot_nose": [
-0.0075617290221748085,
0.10375162480236447,
0.05760170517055601
],
"m_chin": [
0.10303521734692075,
0.9944738047373405,
-0.020139406086344947
],
"m_nose": [
-0.012032138519008556,
-0.19752839412061868,
0.1768151329056001
],
"l_eye_exterior": [
-0.3210454016472552,
-0.08950012926810778,
0.43726591894116074
],
"l_temple": [
-0.48945465382538145,
-0.15474625828125635,
0.7478865046874659
],
"l_mid_chin": [
-0.10492345789468581,
0.8156538282153282,
0.04305588857056175
],
"l_up_lip": [
-0.07939332173619537,
0.3845954860255362,
0.06908189861397307
],
"l_ext_nostril": [
-0.148852475076274,
0.0929481913826516,
0.12270021704504858
],
"l_mid_cheek": [
-0.3502630018468811,
0.19608029345291603,
0.29590785865696867
],
"l_mid_eyebrow": [
-0.32889171549484314,
-0.328465737418889,
0.4074400636353225
],
"l_ext_eyebrow": [
-0.3893830749762862,
-0.2825154036890266,
0.4400905385385388
],
"l_ext_lips": [
-0.2258621179114574,
0.5181185949215377,
0.16706848196923796
],
"l_jaw_angle": [
-0.37290615308216357,
0.8058262105358354,
0.5149660761713003
],
"l_mid_ext_face": [
-0.4565432954494609,
0.5088192350143362,
0.706327735172041
],
"l_int_eyebrow": [
-0.1497176938701249,
-0.40994129394007817,
0.3584402073714107
],
"l_mid_jaw": [
-0.27406889909589904,
0.940719192991132,
0.29019243269717887
],
"l_mid_bot_eyelid": [
-0.2373435196040345,
-0.09758089965037658,
0.38988260170750483
],
"l_ext_mouth": [
-0.13553723214695082,
0.55085529104679,
0.12291548911196175
],
"l_top_eyelid": [
-0.2556596777078968,
-0.1675660628573326,
0.408596400229696
],
"l_eye_int": [
-0.15146161889031076,
-0.1622133504855015,
0.405550909875983
],
"l_pupil": [
-0.22232728664793297,
-0.13896146646410618,
0.4126252508561748
],
"r_eye_exterior": [
0.38546924685996037,
-0.17827620820236423,
0.39153132793340756
],
"r_temple": [
0.5171929074720499,
-0.30146861818721826,
0.6570598583357354
],
"r_mid_chin": [
0.27441372778640755,
0.7636782088137641,
0.011764005551344152
],
"r_up_lip": [
0.16645851985985186,
0.36077218444790055,
0.04571608793631414
],
"r_ext_nostril": [
0.19047289339767803,
0.08010770607676648,
0.13027778677568772
],
"r_mid_cheek": [
0.41005054214319886,
0.11191556768495149,
0.22801524513535734
],
"r_mid_eyebrow": [
0.3714629978063717,
-0.38734152727928595,
0.3722049892353086
],
"r_ext_eyebrow": [
0.3015378536739696,
-0.4214155023353304,
0.35345523827590214
],
"r_ext_lips": [
0.2982280377423872,
0.5243801354522514,
0.08964386876992463
],
"r_jaw_angle": [
0.6108734664385848,
0.6621164934657243,
0.4302682455849954
],
"r_mid_ext_face": [
0.6302827809452782,
0.36047321302783775,
0.6114529483554978
],
"r_int_eyebrow": [
0.09843870035636128,
-0.45911624798633216,
0.33870803744963063
],
"r_mid_jaw": [
0.5155537348441568,
0.8187842612948729,
0.22399095090778218
],
"r_mid_bot_eyelid": [
0.2601071585695077,
-0.13333675753718033,
0.3391256350532132
],
"r_ext_mouth": [
0.3316445004648349,
0.45742222646633723,
0.1152701309836815
],
"r_top_eyelid": [
0.2678215203692935,
-0.23808060778928705,
0.35526639674208005
],
"r_eye_int": [
0.1537142449056862,
-0.1815900703636919,
0.3710863331554373
],
"r_pupil": [
0.2702748843381397,
-0.18415830229919375,
0.36192547232055633
],
"l_shoulder": [
0.49571089358770354,
-0.009385484156740394,
-0.06467319897472223
],
"l_elbow": [
0.7747900036258689,
0.9241298839175475,
-0.9210981150554992
],
"l_hip": [
0.3257880562562845,
1.8701236474904663,
-0.10375612348669966
],
"l_knee": [
0.3220620661045483,
3.52210845540202,
-0.30341789318066104
],
"l_ankle": [
0.32732866909461206,
4.979572100661707,
0.7806345042143502
],
"l_body_wrist": [
0.11109885663773096,
1.282479967394984,
-1.9688808131474507
],
"r_shoulder": [
-0.49571089358770354,
0.009385484156740394,
0.06467319897472223
],
"r_elbow": [
-0.8226464347957826,
0.9943872616004741,
-1.4098114270115516
],
"r_hip": [
-0.4061707470368662,
1.9126395717334221,
0.3493856089676091
],
"r_knee": [
-0.3851144415978958,
3.5415606664158434,
0.17667896291817956
],
"r_ankle": [
-0.39046481817454554,
4.969859102049586,
0.7756603981625596
],
"r_body_wrist": [
-0.49862638810673005,
0.21153659663532567,
-3.6774570869923546
],
"m_face_position": [
-0.022934287786483765,
-0.1348246932029724,
-0.5318283587694168
],
"m_body_position": [
0.007258027791976929,
0.16852617263793945,
-0.5446576960384846
],
"m_face_scale": [
0.13257818679561073,
0.13257818679561073,
0.13257818679561073
],
"m_body_scale": [
0.3774490903632724,
0.3774490903632724,
0.3774490903632724
],
"l_hand_scale": null,
"r_hand_scale": [
0.2090042573398741,
0.2090042573398741,
0.2090042573398741
]
}
],
"framerate": 30,
"mirrorable": true,
"invalid": false
}