{
"label": "k",
"gestures": [
{
"l_hand_position": [
0.2655591368675232,
-0.015787601470947266,
-0.5200594067573547
],
"l_wrist": [
-0.10954041997000812,
0.9888420633607614,
0.1009567735282097
],
"l_thumb_cmc": [
-0.2949220766250342,
0.6443238245871754,
-0.008710281541575627
],
"l_thumb_mcp": [
-0.3143310182670476,
0.20643003424000003,
-0.05766104703245861
],
"l_thumb_ip": [
-0.1491214734349849,
-0.07926470292126053,
-0.10760097699910487
],
"l_thumb_tip": [
0.019916221821253348,
-0.24252672384816318,
-0.1518141307258396
],
"l_index_mcp": [
-0.19142312059926803,
-0.08585994522793707,
0.019175260147559058
],
"l_index_pip": [
-0.2081855656468079,
-0.5302328824179416,
-0.10155570695357725
],
"l_index_dip": [
-0.21827297150554364,
-0.7836929790707049,
-0.15408417952911044
],
"l_index_tip": [
-0.1999478875143841,
-0.9873512716098846,
-0.18267540614529393
],
"l_middle_mcp": [
0.0,
0.0,
0.0
],
"l_middle_pip": [
0.08652141938241611,
-0.4475348136472423,
-0.2003086796672934
],
"l_middle_dip": [
-0.034015670918992574,
-0.2716824346584765,
-0.24327309468550734
],
"l_middle_tip": [
-0.14383597995300476,
-0.05028718514848033,
-0.20747451842927778
],
"l_ring_mcp": [
0.16094371150929992,
0.16271154243553348,
-0.03503293117198053
],
"l_ring_pip": [
0.13565289968729985,
0.0011560048318752791,
-0.2568408145592946
],
"l_ring_dip": [
-0.05144528989830634,
0.26334741032962256,
-0.24802250911349474
],
"l_ring_tip": [
-0.16472206387921534,
0.4573384305943512,
-0.168632729829294
],
"l_pinky_mcp": [
0.2886460218468682,
0.3816552877321951,
-0.07698250459270334
],
"l_pinky_pip": [
0.2225454045704373,
0.2854484467844682,
-0.22498164688009428
],
"l_pinky_dip": [
0.04197226003429763,
0.44353986974012327,
-0.21289729404728672
],
"l_pinky_tip": [
-0.0809851356994634,
0.5702588185001939,
-0.1619880269551709
],
"r_hand_position": null,
"r_wrist": null,
"r_thumb_cmc": null,
"r_thumb_mcp": null,
"r_thumb_ip": null,
"r_thumb_tip": null,
"r_index_mcp": null,
"r_index_pip": null,
"r_index_dip": null,
"r_index_tip": null,
"r_middle_mcp": null,
"r_middle_pip": null,
"r_middle_dip": null,
"r_middle_tip": null,
"r_ring_mcp": null,
"r_ring_pip": null,
"r_ring_dip": null,
"r_ring_tip": null,
"r_pinky_mcp": null,
"r_pinky_pip": null,
"r_pinky_dip": null,
"r_pinky_tip": null,
"l_hand_velocity": null,
"r_hand_velocity": null,
"m_nose_point": [
0.0,
0.0,
0.0
],
"m_top_nose": [
0.02277817110173917,
-0.2810035520947741,
0.2565516951780714
],
"m_eyebrows": [
0.04525967324026061,
-0.508135361431161,
0.36630105962542947
],
"m_forehead": [
0.07204974757730266,
-0.7617181797571063,
0.5450783389651231
],
"m_top_chin": [
-0.08648735518284792,
0.6440397729517918,
0.053270739650257776
],
"m_bot_up_lip": [
-0.060179394342695695,
0.42168458766715605,
0.0588999301438362
],
"m_top_low_lip": [
-0.06597850076910067,
0.4612409428205253,
0.05945239150651398
],
"m_bot_nose": [
-0.0327033655390262,
0.07688991334213073,
0.0706502968532715
],
"m_chin": [
-0.12634249383231602,
0.9913837281182661,
0.03458146721235439
],
"m_nose": [
0.019903463649889555,
-0.23291526821947178,
0.19121771063904397
],
"l_eye_exterior": [
-0.3693651234967812,
-0.28952945439799604,
0.4296006719033005
],
"l_temple": [
-0.5582855263188198,
-0.5091621785982211,
0.7553462992365345
],
"l_mid_chin": [
-0.3081529912949584,
0.7268924575653243,
0.056279032716870604
],
"l_up_lip": [
-0.17600166418498434,
0.3082403215029476,
0.05881586424598214
],
"l_ext_nostril": [
-0.17421044338140818,
0.006600725841628356,
0.11767145527846787
],
"l_mid_cheek": [
-0.43332974314992634,
0.0019749737109433898,
0.2825687594819745
],
"l_mid_eyebrow": [
-0.30324325739834224,
-0.6263157583424476,
0.3968958658387491
],
"l_ext_eyebrow": [
-0.38167022469174144,
-0.5936292033398262,
0.4260449659212635
],
"l_ext_lips": [
-0.3414625934109947,
0.41180993056572723,
0.14245297447924862
],
"l_jaw_angle": [
-0.6283190667939976,
0.459974337624749,
0.5498624167452801
],
"l_mid_ext_face": [
-0.6623577598474358,
0.11960411190012833,
0.7471548631717799
],
"l_int_eyebrow": [
-0.08001519294039018,
-0.632982140430034,
0.3638559723916965
],
"l_mid_jaw": [
-0.5407636610529083,
0.688677350618434,
0.31210699267285313
],
"l_mid_bot_eyelid": [
-0.27848926677250724,
-0.2511862067585114,
0.38691237637309633
],
"l_ext_mouth": [
-0.2584726756134791,
0.4796608502010381,
0.1007117385789957
],
"l_top_eyelid": [
-0.2754701367248788,
-0.3371316071639345,
0.39872767245781177
],
"l_eye_int": [
-0.16341681028985514,
-0.29299189626414623,
0.417112729693278
],
"l_pupil": [
-0.28091209854766674,
-0.2955290185415289,
0.4114349445909259
],
"r_eye_exterior": [
0.4022010702474521,
-0.11599946769772447,
0.5154948345338486
],
"r_temple": [
0.5319065171738627,
-0.2486610315919069,
0.8477597385452972
],
"r_mid_chin": [
0.09512733653500498,
0.811129103949534,
0.08401879663413477
],
"r_up_lip": [
0.07672011635177875,
0.36494849866803664,
0.08067660560976642
],
"r_ext_nostril": [
0.14881025150711033,
0.10309764532371903,
0.18381647551195482
],
"r_mid_cheek": [
0.3662544341754013,
0.19023754535367307,
0.3439551783395693
],
"r_mid_eyebrow": [
0.4470668060119646,
-0.37603467738368923,
0.4812745427534158
],
"r_ext_eyebrow": [
0.3925905183028721,
-0.4426492296434235,
0.43994602402406124
],
"r_ext_lips": [
0.14729814904383878,
0.5905716945204058,
0.15027402367821832
],
"r_jaw_angle": [
0.381734929397903,
0.6829366052995474,
0.6395387518294304
],
"r_mid_ext_face": [
0.47112469241334287,
0.3782827430162261,
0.8442946006497236
],
"r_int_eyebrow": [
0.19901920040886356,
-0.5546879658015677,
0.37813733584107456
],
"r_mid_jaw": [
0.27949515006404446,
0.8554469642445546,
0.3797569292617735
],
"r_mid_bot_eyelid": [
0.2706174952160523,
-0.11293593245959302,
0.42891592007724916
],
"r_ext_mouth": [
0.18711628336788771,
0.5311932852330692,
0.1860722195420162
],
"r_top_eyelid": [
0.2916647097013265,
-0.201920656701659,
0.44093948443492204
],
"r_eye_int": [
0.17190369946142087,
-0.20974516844822153,
0.44452413308576905
],
"r_pupil": [
0.2836793877291567,
-0.15492981539164535,
0.45277258224333017
],
"l_shoulder": [
0.3798720934159331,
0.03537261693443133,
0.3231810183395779
],
"l_elbow": [
0.6160028739521107,
0.9278215485551438,
-0.5844034892653241
],
"l_hip": [
0.24509710560540565,
1.426240943266964,
0.10514845304816199
],
"l_knee": [
0.194543928006117,
2.723530140363536,
-0.11077263984562026
],
"l_ankle": [
0.16044023287860865,
3.853333031477906,
0.6367481880902752
],
"l_body_wrist": [
0.6744574338046251,
0.17230434218775512,
-2.5431103438098135
],
"r_shoulder": [
-0.3798720934159331,
-0.03537261693443133,
-0.3231810183395779
],
"r_elbow": [
-0.676315215822212,
0.7956039903851574,
-0.6085448150950573
],
"r_hip": [
-0.3159347728841233,
1.396979419384356,
-0.3025513723251947
],
"r_knee": [
-0.36530470174809765,
2.6765486958646743,
-0.41075873627320864
],
"r_ankle": [
-0.36833794547586923,
3.825536542392098,
0.07525695409401287
],
"r_body_wrist": [
-0.47981453318296613,
0.9061816426476765,
-1.9366391361103776
],
"m_face_position": [
-0.02972012758255005,
-0.24130472540855408,
-0.5392988473176956
],
"m_body_position": [
-0.06304483115673065,
0.10539895296096802,
-0.4509933069348335
],
"m_face_scale": [
0.14094045381905992,
0.14094045381905992,
0.14094045381905992
],
"m_body_scale": [
0.4716995480485191,
0.4716995480485191,
0.4716995480485191
],
"l_hand_scale": [
0.19868991228122182,
0.19868991228122182,
0.19868991228122182
],
"r_hand_scale": null
}
],
"framerate": 30,
"mirrorable": true,
"invalid": false
}