{
"label": "k",
"gestures": [
{
"l_hand_position": null,
"l_wrist": null,
"l_thumb_cmc": null,
"l_thumb_mcp": null,
"l_thumb_ip": null,
"l_thumb_tip": null,
"l_index_mcp": null,
"l_index_pip": null,
"l_index_dip": null,
"l_index_tip": null,
"l_middle_mcp": null,
"l_middle_pip": null,
"l_middle_dip": null,
"l_middle_tip": null,
"l_ring_mcp": null,
"l_ring_pip": null,
"l_ring_dip": null,
"l_ring_tip": null,
"l_pinky_mcp": null,
"l_pinky_pip": null,
"l_pinky_dip": null,
"l_pinky_tip": null,
"r_hand_position": [
-0.2779303789138794,
0.04170650243759155,
-0.5280126947909594
],
"r_wrist": [
0.029715450441962023,
0.9950129661451488,
0.09521653852175137
],
"r_thumb_cmc": [
0.21979048296373965,
0.7448996522873902,
-0.006149587792866956
],
"r_thumb_mcp": [
0.2961246116484289,
0.2744757935511386,
-0.03625664845270322
],
"r_thumb_ip": [
0.2683271300989363,
-0.08653064451584358,
-0.07208049654805293
],
"r_thumb_tip": [
0.3012744806948138,
-0.3681769917794165,
-0.09224874882024908
],
"r_index_mcp": [
0.18573270799904154,
-0.0270103991424742,
0.025087504653860507
],
"r_index_pip": [
0.2889347100930422,
-0.450947773013239,
-0.060554829489988624
],
"r_index_dip": [
0.3591315206575222,
-0.6946331459160733,
-0.09551883817203406
],
"r_index_tip": [
0.40303390356637564,
-0.90732104586173,
-0.11817200938133039
],
"r_middle_mcp": [
0.0,
0.0,
0.0
],
"r_middle_pip": [
-0.09036384726539116,
-0.4685929044882646,
-0.15289292913078348
],
"r_middle_dip": [
-0.11582155668652963,
-0.7697550461368257,
-0.23037916614960716
],
"r_middle_tip": [
-0.16417941354522853,
-0.9973337956209788,
-0.25994606365078504
],
"r_ring_mcp": [
-0.14846683781809195,
0.10746764432817653,
-0.03968235625336619
],
"r_ring_pip": [
-0.03619272333153474,
-0.07125293941590524,
-0.26813392390673085
],
"r_ring_dip": [
0.11072000659872235,
0.18445261013836045,
-0.31807361887320296
],
"r_ring_tip": [
0.17660255207762765,
0.37017670784080015,
-0.29047493387760653
],
"r_pinky_mcp": [
-0.2268884062918969,
0.26573603860741446,
-0.08342832299468587
],
"r_pinky_pip": [
-0.016724589470678092,
0.29564132076504607,
-0.28445831185623416
],
"r_pinky_dip": [
0.09933243350351105,
0.5308130349831607,
-0.3341229584950799
],
"r_pinky_tip": [
0.13963753578970828,
0.6870038153411697,
-0.32598367044172943
],
"l_hand_velocity": null,
"r_hand_velocity": null,
"m_nose_point": [
0.0,
0.0,
0.0
],
"m_top_nose": [
-0.004627907862756935,
-0.3406617963168249,
0.1949001633025722
],
"m_eyebrows": [
0.00773784400890222,
-0.6142391084544712,
0.2586747348179168
],
"m_forehead": [
0.022166423028689465,
-0.9784166671342435,
0.3666370339488592
],
"m_top_chin": [
-0.040937776376084783,
0.6593075840845114,
0.1753688956845167
],
"m_bot_up_lip": [
-0.006968768235197942,
0.3873232640529671,
0.13093835028428655
],
"m_top_low_lip": [
-0.006541254782759802,
0.43264903252566783,
0.1638762368046799
],
"m_bot_nose": [
-0.029118748438793633,
0.07461604547326806,
0.08696395314269477
],
"m_chin": [
-0.05028589614246597,
0.9772047561847182,
0.20625758928852697
],
"m_nose": [
-0.0036663762953414313,
-0.2751569444483596,
0.1416905098059052
],
"l_eye_exterior": [
-0.39676985391962577,
-0.36653859888301016,
0.38831609888221774
],
"l_temple": [
-0.6226638141116088,
-0.6716478308922467,
0.6854717623892673
],
"l_mid_chin": [
-0.2525688937512144,
0.7622570462480601,
0.21961052376831075
],
"l_up_lip": [
-0.14010856522291307,
0.29751255339077004,
0.13601857597483613
],
"l_ext_nostril": [
-0.18989631850515173,
0.0008888468064896132,
0.12747759104961703
],
"l_mid_cheek": [
-0.47591290810166625,
-0.01494690171081146,
0.3069169910009117
],
"l_mid_eyebrow": [
-0.33781802840188513,
-0.6604187827303373,
0.31265342467455604
],
"l_ext_eyebrow": [
-0.4211229858355021,
-0.6271285082502815,
0.34941427240855555
],
"l_ext_lips": [
-0.3623458653343828,
0.3723057329343665,
0.2733235650711001
],
"l_jaw_angle": [
-0.6515346122219997,
0.441939789254506,
0.6921738485549757
],
"l_mid_ext_face": [
-0.7131712894871546,
0.04158857591928498,
0.8154156253870939
],
"l_int_eyebrow": [
-0.10891017311032726,
-0.6771638381603526,
0.2589582801256418
],
"l_mid_jaw": [
-0.48975496407634717,
0.7049087698775328,
0.4896762300374393
],
"l_mid_bot_eyelid": [
-0.3024625911451368,
-0.3273919693404359,
0.34393710080440515
],
"l_ext_mouth": [
-0.18993555706503462,
0.4649487202189662,
0.24483250659062925
],
"l_top_eyelid": [
-0.2973238346027619,
-0.44668999062889786,
0.34915782039217824
],
"l_eye_int": [
-0.17590422175149015,
-0.36982669677605223,
0.36347047048816866
],
"l_pupil": [
-0.2854085787686152,
-0.3829987076281618,
0.3645037175306558
],
"r_eye_exterior": [
0.41524448901419253,
-0.33413165912603193,
0.4404367889169925
],
"r_temple": [
0.5317007977408514,
-0.5559716221061163,
0.6868582849302715
],
"r_mid_chin": [
0.16186317022311755,
0.7844494414663864,
0.22984562183833002
],
"r_up_lip": [
0.12886914687017748,
0.31005244972819507,
0.13969598811514464
],
"r_ext_nostril": [
0.1735626139779085,
0.04262802405561075,
0.17712401544742043
],
"r_mid_cheek": [
0.4241079191408777,
0.06201448854174136,
0.33374409660018883
],
"r_mid_eyebrow": [
0.4264005721397483,
-0.5573344146609055,
0.3750048728895237
],
"r_ext_eyebrow": [
0.3577528984749501,
-0.5984415708204847,
0.3322272956173951
],
"r_ext_lips": [
0.23954916588150738,
0.5145896091770719,
0.2708682048875902
],
"r_jaw_angle": [
0.44848365994125794,
0.5053100634653431,
0.6912946245381716
],
"r_mid_ext_face": [
0.5048855396174675,
0.12930992669286173,
0.8132415756067264
],
"r_int_eyebrow": [
0.14390947372356722,
-0.6542276853819607,
0.2658031782999238
],
"r_mid_jaw": [
0.34789505113066194,
0.738877030617279,
0.49234045818462935
],
"r_mid_bot_eyelid": [
0.2807081729952175,
-0.2957933439170448,
0.3614512728816246
],
"r_ext_mouth": [
0.28463800819262963,
0.42966017536430395,
0.28650855763872457
],
"r_top_eyelid": [
0.30045077412485643,
-0.42396245619388334,
0.36429143225043237
],
"r_eye_int": [
0.17117167772904554,
-0.36735195817429656,
0.3733188351804852
],
"r_pupil": [
0.2900645141741456,
-0.365677125643296,
0.3806454625852578
],
"l_shoulder": [
0.48905140115173124,
0.09826116629397136,
0.034255951746769174
],
"l_elbow": [
0.764444322981663,
1.149219625333774,
-0.3679499824223369
],
"l_hip": [
0.1978687017220506,
2.021323441736159,
0.03656218817001707
],
"l_knee": [
0.150192620178969,
3.664837615542126,
-0.49471755632636605
],
"l_ankle": [
0.07012600956622023,
5.173389888928847,
0.7616695223492825
],
"l_body_wrist": [
0.7833720254555572,
2.050769119974443,
-0.9358879706042095
],
"r_shoulder": [
-0.48905140115173124,
-0.09826116629397136,
-0.034255951746769174
],
"r_elbow": [
-0.8249000823291477,
1.0891276879202894,
-1.5533474854243776
],
"r_hip": [
-0.4890124876129823,
1.9856522262037242,
0.3935875581746889
],
"r_knee": [
-0.4534969262355432,
3.6598843544320414,
0.5445712434284977
],
"r_ankle": [
-0.48575420591494894,
5.1138645955301145,
1.448600120086545
],
"r_body_wrist": [
-0.7658213905741172,
0.48405627850753774,
-4.302811473418768
],
"m_face_position": [
0.037213146686553955,
-0.21085184812545776,
-0.5463907644152641
],
"m_body_position": [
-0.013356760144233704,
0.13916164636611938,
-0.5792506374418736
],
"m_face_scale": [
0.159498404633041,
0.159498404633041,
0.159498404633041
],
"m_body_scale": [
0.37910069493020293,
0.37910069493020293,
0.37910069493020293
],
"l_hand_scale": null,
"r_hand_scale": [
0.29420559129200285,
0.29420559129200285,
0.29420559129200285
]
}
],
"framerate": 30,
"mirrorable": true,
"invalid": false
}