{
"label": "k",
"gestures": [
{
"l_hand_position": null,
"l_wrist": null,
"l_thumb_cmc": null,
"l_thumb_mcp": null,
"l_thumb_ip": null,
"l_thumb_tip": null,
"l_index_mcp": null,
"l_index_pip": null,
"l_index_dip": null,
"l_index_tip": null,
"l_middle_mcp": null,
"l_middle_pip": null,
"l_middle_dip": null,
"l_middle_tip": null,
"l_ring_mcp": null,
"l_ring_pip": null,
"l_ring_dip": null,
"l_ring_tip": null,
"l_pinky_mcp": null,
"l_pinky_pip": null,
"l_pinky_dip": null,
"l_pinky_tip": null,
"r_hand_position": [
-0.20676705241203308,
0.034353792667388916,
-0.5213460326194763
],
"r_wrist": [
0.010420585016599607,
0.9939569689378108,
0.10927467825563106
],
"r_thumb_cmc": [
0.21485026834346369,
0.6877528137450436,
-0.001777440974306348
],
"r_thumb_mcp": [
0.26231073614643236,
0.24714379922582375,
-0.04217404692849289
],
"r_thumb_ip": [
0.2032580082722921,
-0.10907348874557599,
-0.08920266932764022
],
"r_thumb_tip": [
0.22177642404691597,
-0.3733894979281143,
-0.12381149800786048
],
"r_index_mcp": [
0.1905564709456787,
-0.03710884074531001,
0.027951525107616854
],
"r_index_pip": [
0.25693842294699254,
-0.5068913436285238,
-0.07378310904362155
],
"r_index_dip": [
0.2994137795412119,
-0.7768254431606212,
-0.12179504981579778
],
"r_index_tip": [
0.31403103609442173,
-1.0198523607005563,
-0.14928536136230097
],
"r_middle_mcp": [
0.0,
0.0,
0.0
],
"r_middle_pip": [
-0.052634603151381285,
-0.5156792116615259,
-0.1576967067345369
],
"r_middle_dip": [
-0.10145821113828234,
-0.827110593728616,
-0.23400932949216458
],
"r_middle_tip": [
-0.1707922350544357,
-1.085412309421397,
-0.2586753015378178
],
"r_ring_mcp": [
-0.1704051856256012,
0.11668907147658177,
-0.04414972296452248
],
"r_ring_pip": [
-0.09812626020184324,
-0.034082318644711174,
-0.27868531457918005
],
"r_ring_dip": [
0.03538000979239207,
0.24688108770968142,
-0.3199667983687701
],
"r_ring_tip": [
0.11789171658793476,
0.4438259338161866,
-0.2780370411122998
],
"r_pinky_mcp": [
-0.3080474838186612,
0.2803330207651359,
-0.0933566998254805
],
"r_pinky_pip": [
-0.19907857622541714,
0.22630079845035175,
-0.2779384098723544
],
"r_pinky_dip": [
-0.06944569919479227,
0.42467636964302574,
-0.30044788194207817
],
"r_pinky_tip": [
0.012479864949752298,
0.5666019182260122,
-0.2723658973772945
],
"l_hand_velocity": null,
"r_hand_velocity": null,
"m_nose_point": null,
"m_top_nose": null,
"m_eyebrows": null,
"m_forehead": null,
"m_top_chin": null,
"m_bot_up_lip": null,
"m_top_low_lip": null,
"m_bot_nose": null,
"m_chin": null,
"m_nose": null,
"l_eye_exterior": null,
"l_temple": null,
"l_mid_chin": null,
"l_up_lip": null,
"l_ext_nostril": null,
"l_mid_cheek": null,
"l_mid_eyebrow": null,
"l_ext_eyebrow": null,
"l_ext_lips": null,
"l_jaw_angle": null,
"l_mid_ext_face": null,
"l_int_eyebrow": null,
"l_mid_jaw": null,
"l_mid_bot_eyelid": null,
"l_ext_mouth": null,
"l_top_eyelid": null,
"l_eye_int": null,
"l_pupil": null,
"r_eye_exterior": null,
"r_temple": null,
"r_mid_chin": null,
"r_up_lip": null,
"r_ext_nostril": null,
"r_mid_cheek": null,
"r_mid_eyebrow": null,
"r_ext_eyebrow": null,
"r_ext_lips": null,
"r_jaw_angle": null,
"r_mid_ext_face": null,
"r_int_eyebrow": null,
"r_mid_jaw": null,
"r_mid_bot_eyelid": null,
"r_ext_mouth": null,
"r_top_eyelid": null,
"r_eye_int": null,
"r_pupil": null,
"l_shoulder": [
0.3197656519592059,
-0.02321649917372691,
-0.38368075530735224
],
"l_elbow": [
0.4768943201275079,
0.5233905531448851,
-1.0904106777540206
],
"l_hip": [
0.24551752226101364,
1.3306586488247325,
0.08615759942962067
],
"l_knee": [
0.19880087204618652,
2.4319828154839915,
-0.18514342132899894
],
"l_ankle": [
0.2219138811309934,
3.478625489869873,
0.6486665994087065
],
"l_body_wrist": [
0.04178136922974536,
0.5699119075467503,
-1.8463930914330537
],
"r_shoulder": [
-0.3197656519592059,
0.02321649917372691,
0.38368075530735224
],
"r_elbow": [
-0.6294816095067008,
0.6441697185758415,
-0.47340109841775263
],
"r_hip": [
-0.24648125980412336,
1.3239184394850692,
0.6290062923254527
],
"r_knee": [
-0.2513751169337207,
2.4418528766956604,
0.3532867319444985
],
"r_ankle": [
-0.17211406086384032,
3.433050235184135,
0.6636481807757012
],
"r_body_wrist": [
-0.6135386831094047,
0.15132710280717687,
-2.2122405709352946
],
"m_face_position": null,
"m_body_position": [
0.10103239119052887,
0.215956449508667,
-0.6898610964417458
],
"m_face_scale": null,
"m_body_scale": [
0.5356292589906032,
0.5356292589906032,
0.5356292589906032
],
"l_hand_scale": null,
"r_hand_scale": [
0.19534582992475727,
0.19534582992475727,
0.19534582992475727
]
}
],
"framerate": 30,
"mirrorable": true,
"invalid": false
}