{
"label": "k",
"gestures": [
{
"l_hand_position": null,
"l_wrist": null,
"l_thumb_cmc": null,
"l_thumb_mcp": null,
"l_thumb_ip": null,
"l_thumb_tip": null,
"l_index_mcp": null,
"l_index_pip": null,
"l_index_dip": null,
"l_index_tip": null,
"l_middle_mcp": null,
"l_middle_pip": null,
"l_middle_dip": null,
"l_middle_tip": null,
"l_ring_mcp": null,
"l_ring_pip": null,
"l_ring_dip": null,
"l_ring_tip": null,
"l_pinky_mcp": null,
"l_pinky_pip": null,
"l_pinky_dip": null,
"l_pinky_tip": null,
"r_hand_position": [
-0.3060270845890045,
0.07220840454101562,
-0.4867073930799961
],
"r_wrist": [
-0.16440267694484306,
0.9848727226421463,
-0.05474924665066617
],
"r_thumb_cmc": [
0.051913847101662955,
0.6182741592576008,
-0.17333297321869562
],
"r_thumb_mcp": [
0.14613946354226867,
0.1523210439173791,
-0.1673496038269389
],
"r_thumb_ip": [
0.12556701086157585,
-0.2356692073873098,
-0.15958116945752276
],
"r_thumb_tip": [
0.09968775753815856,
-0.5382868979237435,
-0.14648635577881153
],
"r_index_mcp": [
0.1876810977460133,
-0.016086667156197963,
-0.0033813093669033526
],
"r_index_pip": [
0.23345994819647523,
-0.4939625153114969,
-0.035289405299722645
],
"r_index_dip": [
0.2534544926501178,
-0.7851042839815497,
-0.06774869209817667
],
"r_index_tip": [
0.26079385348349876,
-1.0514068009113804,
-0.09457060988405444
],
"r_middle_mcp": [
0.0,
0.0,
0.0
],
"r_middle_pip": [
-0.03398169115201004,
-0.47178841723009235,
-0.07755983465245231
],
"r_middle_dip": [
-0.080760833476353,
-0.792344094353559,
-0.15083934853697764
],
"r_middle_tip": [
-0.14761528992583373,
-1.084293559738563,
-0.1853242927419004
],
"r_ring_mcp": [
-0.18426145961022794,
0.10677701471550405,
-0.01931710878089468
],
"r_ring_pip": [
-0.25051450115774765,
-0.11991153810352936,
-0.1931123364654523
],
"r_ring_dip": [
-0.19499971378534756,
0.21494773589021107,
-0.26026734692808773
],
"r_ring_tip": [
-0.1375296988864885,
0.44232589967346875,
-0.2503783097435777
],
"r_pinky_mcp": [
-0.34905270250509807,
0.2650217407104081,
-0.04333685197053917
],
"r_pinky_pip": [
-0.37744465366362945,
0.09281024456040136,
-0.20674622325750663
],
"r_pinky_dip": [
-0.33345525651264446,
0.32181509479753945,
-0.24125392996388514
],
"r_pinky_tip": [
-0.2697821185679342,
0.5047765677725561,
-0.2291016695052107
],
"l_hand_velocity": null,
"r_hand_velocity": null,
"m_nose_point": [
0.0,
0.0,
0.0
],
"m_top_nose": [
0.01888265138989489,
-0.41783980846807606,
0.14664516747555742
],
"m_eyebrows": [
0.0026277634604565136,
-0.7178241577190584,
0.1722884372080864
],
"m_forehead": [
-0.01109861324424964,
-1.1283526730109494,
0.23765196211668818
],
"m_top_chin": [
0.11852705448460794,
0.6373726124792043,
0.22634493700910188
],
"m_bot_up_lip": [
0.08630466053474473,
0.40058478999607794,
0.15902405242683165
],
"m_top_low_lip": [
0.09038403117099465,
0.41723530356199223,
0.16458352851256888
],
"m_bot_nose": [
0.01186859618097484,
0.06556457444772383,
0.09983506162505364
],
"m_chin": [
0.19037564417744005,
0.932442592755413,
0.30709595458030364
],
"m_nose": [
0.010830597625133526,
-0.3350800435510729,
0.10301236517551235
],
"l_eye_exterior": [
-0.2623871182013737,
-0.38060119960817507,
0.4915586284424307
],
"l_temple": [
-0.3752097628313748,
-0.6648969519959159,
0.8158168929468055
],
"l_mid_chin": [
-0.010078597671884505,
0.7392745716533883,
0.34036325281103297
],
"l_up_lip": [
-0.03445816295319958,
0.3170756188253656,
0.1938034396644989
],
"l_ext_nostril": [
-0.1059242684205576,
0.008998754096800544,
0.18630440046641494
],
"l_mid_cheek": [
-0.2676346911103646,
0.008582724690611273,
0.45661998264947695
],
"l_mid_eyebrow": [
-0.27828874425348676,
-0.6371343379481449,
0.3611810039886497
],
"l_ext_eyebrow": [
-0.3292232970768265,
-0.6065995778321999,
0.4321570515421191
],
"l_ext_lips": [
-0.10739697101927499,
0.4457691109396071,
0.3742119666184009
],
"l_jaw_angle": [
-0.16876908953081216,
0.3794568593712006,
0.935322507039467
],
"l_mid_ext_face": [
-0.2504868788860129,
0.01107648034150973,
1.0432949767583053
],
"l_int_eyebrow": [
-0.10891981847576249,
-0.7019614371600428,
0.22025144790758683
],
"l_mid_jaw": [
-0.09674862401514042,
0.6406918562369803,
0.7013103321188933
],
"l_mid_bot_eyelid": [
-0.18376620609673402,
-0.3530381275116685,
0.4148939169519776
],
"l_ext_mouth": [
-0.05162136446148761,
0.4871351603338962,
0.3068125361683994
],
"l_top_eyelid": [
-0.19764474650777705,
-0.4651582253929801,
0.40652306509252645
],
"l_eye_int": [
-0.08372081705316273,
-0.4292192329158383,
0.3856567739087298
],
"l_pupil": [
-0.17952792813534363,
-0.416310217392785,
0.42771062919265707
],
"r_eye_exterior": [
0.5177171257814661,
-0.5204434498244364,
0.22417884936496535
],
"r_temple": [
0.7202767600039248,
-0.8448929564415482,
0.39453901686078474
],
"r_mid_chin": [
0.3535231493256174,
0.7329542446147224,
0.21089414186710786
],
"r_up_lip": [
0.20314909567121142,
0.28864970934860784,
0.09819129373460282
],
"r_ext_nostril": [
0.23105937767945034,
-0.02435622198545658,
0.1156217219450636
],
"r_mid_cheek": [
0.5147077426620488,
-0.08005643834328614,
0.15879726582331746
],
"r_mid_eyebrow": [
0.4755805747105438,
-0.7267053307700531,
0.13986080597505246
],
"r_ext_eyebrow": [
0.3836958289858016,
-0.7431198176778425,
0.12800882027821395
],
"r_ext_lips": [
0.34979271773412635,
0.4808725863383172,
0.17624422886834468
],
"r_jaw_angle": [
0.8074696761744111,
0.3056294498427783,
0.5416326998292679
],
"r_mid_ext_face": [
0.8435483826000986,
-0.11009528310721498,
0.6033848169375534
],
"r_int_eyebrow": [
0.13779340049309552,
-0.7486018610252344,
0.1367090503650611
],
"r_mid_jaw": [
0.6652536721392944,
0.6206245758105923,
0.4039061303276487
],
"r_mid_bot_eyelid": [
0.3626439802140928,
-0.44841018872436805,
0.19723984839544623
],
"r_ext_mouth": [
0.37718633479403046,
0.3989431511006661,
0.1692949188841877
],
"r_top_eyelid": [
0.3664076111596936,
-0.5628509560406199,
0.1854552232370735
],
"r_eye_int": [
0.2368097824725636,
-0.4912982210086314,
0.24014652559692248
],
"r_pupil": [
0.3764348535806894,
-0.5162269589391806,
0.21226020558995315
],
"l_shoulder": [
0.4603008074294541,
-0.0031504764893257515,
-0.1952261283170949
],
"l_elbow": [
0.8067674115548005,
0.9110574672823546,
-0.14679006719665652
],
"l_hip": [
0.3706205804105555,
1.6837158864942499,
0.6440297539329193
],
"l_knee": [
0.3702486171749727,
3.0046650829751433,
0.6074603532587839
],
"l_ankle": [
0.44410374166208455,
4.174842757296948,
2.2281936163980274
],
"l_body_wrist": [
0.8348425760318676,
1.5367856816334868,
-0.35936396572863893
],
"r_shoulder": [
-0.4603008074294541,
0.0031504764893257515,
0.1952261283170949
],
"r_elbow": [
-0.8932059286775356,
0.7495464005468573,
-1.0646472260417041
],
"r_hip": [
-0.3009397706117222,
1.6900039922578567,
1.158017542881836
],
"r_knee": [
-0.24637661811623077,
3.042085869196283,
1.544172072783227
],
"r_ankle": [
-0.15422827140707174,
4.160222141775661,
2.864209298796169
],
"r_body_wrist": [
-0.761796159491783,
-0.1384350445126126,
-3.3791496148105304
],
"m_face_position": [
-0.007476180791854858,
0.08200627565383911,
-0.5467781722545624
],
"m_body_position": [
0.08309561014175415,
0.3948904871940613,
-0.940560832619667
],
"m_face_scale": [
0.17235413314070652,
0.17235413314070652,
0.17235413314070652
],
"m_body_scale": [
0.49178692224524123,
0.49178692224524123,
0.49178692224524123
],
"l_hand_scale": null,
"r_hand_scale": [
0.24278826158515085,
0.24278826158515085,
0.24278826158515085
]
}
],
"framerate": 30,
"mirrorable": true,
"invalid": false
}