{
"label": "k",
"gestures": [
{
"l_hand_position": null,
"l_wrist": null,
"l_thumb_cmc": null,
"l_thumb_mcp": null,
"l_thumb_ip": null,
"l_thumb_tip": null,
"l_index_mcp": null,
"l_index_pip": null,
"l_index_dip": null,
"l_index_tip": null,
"l_middle_mcp": null,
"l_middle_pip": null,
"l_middle_dip": null,
"l_middle_tip": null,
"l_ring_mcp": null,
"l_ring_pip": null,
"l_ring_dip": null,
"l_ring_tip": null,
"l_pinky_mcp": null,
"l_pinky_pip": null,
"l_pinky_dip": null,
"l_pinky_tip": null,
"r_hand_position": [
-0.3451394587755203,
0.07726168632507324,
-0.5199427623301744
],
"r_wrist": [
-0.003485782108248059,
0.9899848961182771,
0.14113027591830796
],
"r_thumb_cmc": [
0.22085861025239667,
0.6959196945027842,
0.021792465225391574
],
"r_thumb_mcp": [
0.3032271901408143,
0.20308687911477707,
-0.02202242708806588
],
"r_thumb_ip": [
0.2589297285396974,
-0.16651484959958593,
-0.06499389742828716
],
"r_thumb_tip": [
0.27416062231350297,
-0.45178460971929124,
-0.10001924031019042
],
"r_index_mcp": [
0.1951560288431402,
-0.030579048852801462,
0.021381352045582506
],
"r_index_pip": [
0.28262463190082543,
-0.46552442898285273,
-0.07678921686266998
],
"r_index_dip": [
0.3376422232552245,
-0.7295220181935416,
-0.12982865639686625
],
"r_index_tip": [
0.366273806474703,
-0.9743667869553898,
-0.16821125002607884
],
"r_middle_mcp": [
0.0,
0.0,
0.0
],
"r_middle_pip": [
-0.05202215553134448,
-0.4703561852812532,
-0.15179224193070892
],
"r_middle_dip": [
-0.08606304915761144,
-0.7784372763914122,
-0.2248488558735651
],
"r_middle_tip": [
-0.14877433190291625,
-1.043285220966359,
-0.25807975543464023
],
"r_ring_mcp": [
-0.17872552660904212,
0.11472626762129592,
-0.03588206483905771
],
"r_ring_pip": [
-0.1040151011872054,
-0.10706927311366923,
-0.2549112484630751
],
"r_ring_dip": [
0.03247241821853216,
0.20190793901403248,
-0.28280673227528635
],
"r_ring_tip": [
0.09793881438173983,
0.41773665088848494,
-0.2445219442760774
],
"r_pinky_mcp": [
-0.31588650763851894,
0.28165996785416963,
-0.07735800537214259
],
"r_pinky_pip": [
-0.20547186017546942,
0.11517042644994854,
-0.25639480960282024
],
"r_pinky_dip": [
-0.09073715648905188,
0.3173542247934576,
-0.27406304076647914
],
"r_pinky_tip": [
-0.033950416827837726,
0.47223194436104254,
-0.2509077028579884
],
"l_hand_velocity": null,
"r_hand_velocity": null,
"m_nose_point": [
0.0,
0.0,
0.0
],
"m_top_nose": [
0.016971002480844658,
-0.29590114050182553,
0.2025699034583377
],
"m_eyebrows": [
0.004847779177116674,
-0.5411526858870154,
0.2794947870701579
],
"m_forehead": [
-0.01036455231214527,
-0.8811806764821077,
0.4068290921676217
],
"m_top_chin": [
0.08868517000782479,
0.6250310663507461,
0.09352282312757304
],
"m_bot_up_lip": [
0.06303472060188743,
0.4009463517235467,
0.07486896699280567
],
"m_top_low_lip": [
0.061399018509372696,
0.4065431625104248,
0.08021419042357529
],
"m_bot_nose": [
0.0073848217263086146,
0.07850507104428148,
0.0719455432186475
],
"m_chin": [
0.12025970006008958,
0.987970967396041,
0.09721611041380183
],
"m_nose": [
0.012215342110573643,
-0.23961741245877002,
0.1499500216279238
],
"l_eye_exterior": [
-0.2613257378424808,
-0.2300573356284221,
0.4370016014858967
],
"l_temple": [
-0.3667072797898985,
-0.4423907539378465,
0.7457203215847948
],
"l_mid_chin": [
-0.06291045729335558,
0.7628360552238189,
0.1448392144027185
],
"l_up_lip": [
-0.02984476753870859,
0.3262390780462699,
0.10149387750669717
],
"l_ext_nostril": [
-0.09592005597123474,
0.03661776505842636,
0.13808311162319065
],
"l_mid_cheek": [
-0.2964745638943215,
0.08443799682194539,
0.3360453016679485
],
"l_mid_eyebrow": [
-0.25032002137589693,
-0.4939587325691004,
0.38262482173519696
],
"l_ext_eyebrow": [
-0.30267327508190073,
-0.4564251728149836,
0.4305099897068203
],
"l_ext_lips": [
-0.12766091763960727,
0.4338571438123502,
0.21538639089742523
],
"l_jaw_angle": [
-0.2576243739805347,
0.5583771768878686,
0.6260185659373624
],
"l_mid_ext_face": [
-0.32164802341282145,
0.21350701622333632,
0.7859885909999826
],
"l_int_eyebrow": [
-0.08870070292139128,
-0.5496381871274377,
0.3020293872742152
],
"l_mid_jaw": [
-0.1941907595288636,
0.7736340189714511,
0.408534786755209
],
"l_mid_bot_eyelid": [
-0.19059122254474223,
-0.19720392902585035,
0.37978360644542664
],
"l_ext_mouth": [
-0.06894974038196776,
0.4654838817129912,
0.16503521783765593
],
"l_top_eyelid": [
-0.192376644665245,
-0.325747202449998,
0.3886175330499735
],
"l_eye_int": [
-0.0896467005045721,
-0.2689418273930015,
0.38133484832042364
],
"l_pupil": [
-0.17446978414201986,
-0.25209314660649285,
0.3995427534280228
],
"r_eye_exterior": [
0.46117781289650556,
-0.3051333002679922,
0.33124334593419613
],
"r_temple": [
0.6356970003330633,
-0.5382283991732146,
0.5591032057627824
],
"r_mid_chin": [
0.2809714217455093,
0.7606334017861276,
0.08724151243608036
],
"r_up_lip": [
0.16049210354638252,
0.32754664733969274,
0.05950183222172361
],
"r_ext_nostril": [
0.19097523068569136,
0.0387136297153481,
0.12443369866096439
],
"r_mid_cheek": [
0.4541931794294445,
0.05162903161096663,
0.20438162501279133
],
"r_mid_eyebrow": [
0.4518481409507271,
-0.5180472612219639,
0.2996424692559687
],
"r_ext_eyebrow": [
0.3722631009437539,
-0.5523957107553094,
0.28063919672483106
],
"r_ext_lips": [
0.3088952856398297,
0.49463009961102944,
0.11067145634047049
],
"r_jaw_angle": [
0.6649394360012494,
0.5178198766261434,
0.4553387318049725
],
"r_mid_ext_face": [
0.737671009366834,
0.1550883755045322,
0.5931579052484202
],
"r_int_eyebrow": [
0.14519067353902396,
-0.5903244968657289,
0.2670123954779268
],
"r_mid_jaw": [
0.5254124510714037,
0.7498363009781379,
0.27925850340927333
],
"r_mid_bot_eyelid": [
0.3186961226304581,
-0.2559498396041038,
0.2839801990145496
],
"r_ext_mouth": [
0.3372484620063348,
0.4227681536702571,
0.12489743433482896
],
"r_top_eyelid": [
0.3261376826382665,
-0.3682735152411853,
0.290394078808634
],
"r_eye_int": [
0.20065288304234113,
-0.3127437807108361,
0.31830346486793526
],
"r_pupil": [
0.3253662145977979,
-0.30814797990935344,
0.30452446264157057
],
"l_shoulder": [
0.45144106501787234,
0.0026393650170415837,
-0.2149278915539721
],
"l_elbow": [
0.712094174588089,
0.8265493927133742,
-0.801620182441857
],
"l_hip": [
0.29972734029132586,
1.7152693824077057,
-0.2799979707218768
],
"l_knee": [
0.30753473638092893,
3.204576939763381,
-0.6699011493370306
],
"l_ankle": [
0.3419078520621336,
4.560477595018682,
0.3656552820045879
],
"l_body_wrist": [
0.663927939284515,
1.2881846641625716,
-1.745970535189968
],
"r_shoulder": [
-0.45144106501787234,
-0.0026393650170415837,
0.2149278915539721
],
"r_elbow": [
-0.7542922777731621,
0.930256184180581,
-0.826465207821601
],
"r_hip": [
-0.3779962213116086,
1.7540621867715256,
0.15315607561248087
],
"r_knee": [
-0.330582753454765,
3.2600831110595427,
0.30889424440050833
],
"r_ankle": [
-0.3006158336600793,
4.61385625704649,
1.0401284943156337
],
"r_body_wrist": [
-0.766502351466431,
0.3043539547850425,
-3.243095934670934
],
"m_face_position": [
-0.04087412357330322,
-0.1638818383216858,
-0.5336902551352978
],
"m_body_position": [
0.01052112877368927,
0.1578792929649353,
-0.47075726091861725
],
"m_face_scale": [
0.13814325321068222,
0.13814325321068222,
0.13814325321068222
],
"m_body_scale": [
0.4108290027157022,
0.4108290027157022,
0.4108290027157022
],
"l_hand_scale": null,
"r_hand_scale": [
0.14130911489226541,
0.14130911489226541,
0.14130911489226541
]
}
],
"framerate": 30,
"mirrorable": true,
"invalid": false
}