{
"label": "k",
"gestures": [
{
"l_hand_position": null,
"l_wrist": null,
"l_thumb_cmc": null,
"l_thumb_mcp": null,
"l_thumb_ip": null,
"l_thumb_tip": null,
"l_index_mcp": null,
"l_index_pip": null,
"l_index_dip": null,
"l_index_tip": null,
"l_middle_mcp": null,
"l_middle_pip": null,
"l_middle_dip": null,
"l_middle_tip": null,
"l_ring_mcp": null,
"l_ring_pip": null,
"l_ring_dip": null,
"l_ring_tip": null,
"l_pinky_mcp": null,
"l_pinky_pip": null,
"l_pinky_dip": null,
"l_pinky_tip": null,
"r_hand_position": [
-0.33586764335632324,
0.04605501890182495,
-0.5279225669801235
],
"r_wrist": [
0.04112624001820381,
0.9941894344002671,
0.09947864549159416
],
"r_thumb_cmc": [
0.27651642097955054,
0.6988102549284083,
-0.011861892879775114
],
"r_thumb_mcp": [
0.319034961388043,
0.25721952085488703,
-0.06830982084624022
],
"r_thumb_ip": [
0.22985362761539108,
-0.08887513067465427,
-0.13074491388656995
],
"r_thumb_tip": [
0.18409654351873134,
-0.3684357986470406,
-0.17712632210493592
],
"r_index_mcp": [
0.1666605916604182,
-0.0144448444807852,
0.016851290009420972
],
"r_index_pip": [
0.25339946733047386,
-0.3837111287840456,
-0.09159808472368695
],
"r_index_dip": [
0.3275891122893874,
-0.6080259203327435,
-0.14873455824004883
],
"r_index_tip": [
0.38359253347875316,
-0.8048743789294955,
-0.17986346352878482
],
"r_middle_mcp": [
0.0,
0.0,
0.0
],
"r_middle_pip": [
0.05207379706955259,
-0.37536061780709773,
-0.1685552631441754
],
"r_middle_dip": [
0.09488134054071835,
-0.6518526720699387,
-0.248276922550834
],
"r_middle_tip": [
0.09968970597141148,
-0.8696146748522632,
-0.27557990825372675
],
"r_ring_mcp": [
-0.14294598987034673,
0.08793762257641588,
-0.03252561186091336
],
"r_ring_pip": [
0.11497491020276937,
0.06274594120959556,
-0.2555754708734958
],
"r_ring_dip": [
0.2141987818841445,
0.3701126959181139,
-0.2712171776888695
],
"r_ring_tip": [
0.24054132610836632,
0.5678916551913055,
-0.21291423387564512
],
"r_pinky_mcp": [
-0.2263869445697958,
0.23096483483579458,
-0.07295202544185486
],
"r_pinky_pip": [
0.036275246104901085,
0.22967100995639106,
-0.2334967570110158
],
"r_pinky_dip": [
0.12914365164737462,
0.46827669505241487,
-0.238771142534596
],
"r_pinky_tip": [
0.1541673141506092,
0.6521941246230456,
-0.19978521864044238
],
"l_hand_velocity": null,
"r_hand_velocity": null,
"m_nose_point": [
0.0,
0.0,
0.0
],
"m_top_nose": [
0.004584221458866796,
-0.47144415271158524,
0.15771702911068433
],
"m_eyebrows": [
-0.009988173563186282,
-0.7824545700049146,
0.1831483540383311
],
"m_forehead": [
-0.02683884808893396,
-1.2318451099005032,
0.2525639565271747
],
"m_top_chin": [
0.10572810254348061,
0.6178331082656373,
0.24449883624963564
],
"m_bot_up_lip": [
0.06488062019360692,
0.37666005363801336,
0.18822108286427075
],
"m_top_low_lip": [
0.06690772463788498,
0.4037851158915688,
0.18748732481280614
],
"m_bot_nose": [
0.002349464212163609,
0.0636612593324746,
0.11080735509756039
],
"m_chin": [
0.15910999490688146,
0.9259149940292054,
0.3425863881601671
],
"m_nose": [
0.0005313034847129794,
-0.37808116597858893,
0.11026276211011672
],
"l_eye_exterior": [
-0.3287260044686098,
-0.4576660388796254,
0.48953345960632794
],
"l_temple": [
-0.4696601090076236,
-0.750429196680275,
0.8214204293532394
],
"l_mid_chin": [
-0.050508132487565256,
0.739467858074107,
0.34991592639334723
],
"l_up_lip": [
-0.072553815400805,
0.2931426866349221,
0.20495456080392502
],
"l_ext_nostril": [
-0.12745677376278713,
-0.0006753326487396496,
0.1872687338160259
],
"l_mid_cheek": [
-0.32348655174241037,
-0.021356887871447662,
0.45127782217366885
],
"l_mid_eyebrow": [
-0.34240969713285935,
-0.7471002972694614,
0.347721856002359
],
"l_ext_eyebrow": [
-0.40071181753240814,
-0.7100611968226795,
0.4155695968455384
],
"l_ext_lips": [
-0.14893113484484297,
0.43582450485829033,
0.380312390499718
],
"l_jaw_angle": [
-0.2767521308854184,
0.3594691309590913,
0.9715886290281603
],
"l_mid_ext_face": [
-0.36717220161388514,
-0.03414653010394143,
1.07863493959272
],
"l_int_eyebrow": [
-0.1442006712258313,
-0.8078243575040451,
0.22023174898554138
],
"l_mid_jaw": [
-0.18405414948594345,
0.6393511760210278,
0.7317134966238651
],
"l_mid_bot_eyelid": [
-0.23912289814044796,
-0.4330899793215586,
0.4168696859608995
],
"l_ext_mouth": [
-0.1044097101060585,
0.47790167538451467,
0.31572625150961686
],
"l_top_eyelid": [
-0.25703820821539664,
-0.5471197679698082,
0.4071662397055678
],
"l_eye_int": [
-0.12960374883013476,
-0.5073378432508514,
0.3984775328525844
],
"l_pupil": [
-0.24448351240411922,
-0.49691647569752606,
0.4316605451934969
],
"r_eye_exterior": [
0.5082875874182489,
-0.5769520621413042,
0.3070861794245138
],
"r_temple": [
0.7172917928062361,
-0.942969079781485,
0.5086064893796997
],
"r_mid_chin": [
0.338372270131533,
0.7200211546853588,
0.2582657006846612
],
"r_up_lip": [
0.19980256752848063,
0.264232474179346,
0.1352672784635071
],
"r_ext_nostril": [
0.23074467925325762,
-0.04551284699974142,
0.15375613489177933
],
"r_mid_cheek": [
0.5237855680667421,
-0.12031137812978154,
0.23675120599591995
],
"r_mid_eyebrow": [
0.48154906182000695,
-0.8007497777468221,
0.20509460772754107
],
"r_ext_eyebrow": [
0.3889761147012107,
-0.8236789993602562,
0.18054558245278288
],
"r_ext_lips": [
0.35336937599193874,
0.46614660883728287,
0.2327486913135626
],
"r_jaw_angle": [
0.7734432498115736,
0.2571405592858637,
0.681327793536131
],
"r_mid_ext_face": [
0.8224559501722603,
-0.18096628223567127,
0.7552643396260864
],
"r_int_eyebrow": [
0.1326827640959341,
-0.8324985265566858,
0.1611779129931104
],
"r_mid_jaw": [
0.6345640965846586,
0.585191415522077,
0.5114418676041101
],
"r_mid_bot_eyelid": [
0.3542752290696583,
-0.5053221726198508,
0.25984515462639773
],
"r_ext_mouth": [
0.3867004170263207,
0.38608151577859534,
0.2350235360628654
],
"r_top_eyelid": [
0.3545529600824933,
-0.6292848099283315,
0.2477512489821137
],
"r_eye_int": [
0.21939200916685325,
-0.5503077732944293,
0.2936725255945347
],
"r_pupil": [
0.3537673464605297,
-0.5778204787013574,
0.2763622689729168
],
"l_shoulder": [
0.4624876096557233,
-0.002059478748203497,
-0.19000255119924325
],
"l_elbow": [
0.8091980274217635,
0.9462311514988573,
-0.21970406359556272
],
"l_hip": [
0.3521989390861394,
1.759638249306038,
0.5094205188278744
],
"l_knee": [
0.33377611303725396,
3.1306144752980356,
0.4361740123594517
],
"l_ankle": [
0.3680690735772805,
4.350813967487283,
1.8625602545695574
],
"l_body_wrist": [
0.8408380442307586,
1.595315431709448,
-0.5348780753638116
],
"r_shoulder": [
-0.4624876096557233,
0.002059478748203497,
0.19000255119924325
],
"r_elbow": [
-0.9062932078082347,
0.813486881300334,
-1.2617261032997311
],
"r_hip": [
-0.3302509373763086,
1.761012122325548,
1.0258482653341998
],
"r_knee": [
-0.29503549207867114,
3.1533710849289434,
1.1175785602982222
],
"r_ankle": [
-0.23977081616361862,
4.33892768452956,
2.0684822742150013
],
"r_body_wrist": [
-0.7862411986116519,
-0.10123257870615675,
-3.033398985966567
],
"m_face_position": [
-0.0013120174407958984,
0.08870947360992432,
-0.5487671457231045
],
"m_body_position": [
0.0778471827507019,
0.3940427601337433,
-0.8584729880094528
],
"m_face_scale": [
0.1616034776156865,
0.1616034776156865,
0.1616034776156865
],
"m_body_scale": [
0.47028680248464894,
0.47028680248464894,
0.47028680248464894
],
"l_hand_scale": null,
"r_hand_scale": [
0.28069571577869595,
0.28069571577869595,
0.28069571577869595
]
}
],
"framerate": 30,
"mirrorable": true,
"invalid": false
}