{
"label": "k",
"gestures": [
{
"l_hand_position": [
0.2355860471725464,
0.08574479818344116,
-0.49769842135719955
],
"l_wrist": [
0.025231983722024086,
0.999618741966586,
-0.011212390761627354
],
"l_thumb_cmc": [
-0.2173773029592745,
0.6554023451770911,
-0.09743518072351291
],
"l_thumb_mcp": [
-0.26374879688810665,
0.1782795752824758,
-0.09938956984888153
],
"l_thumb_ip": [
-0.15880243281191087,
-0.17036438189867614,
-0.11153909152311926
],
"l_thumb_tip": [
-0.1283374025671663,
-0.451592285904843,
-0.1144529082022881
],
"l_index_mcp": [
-0.1698637841733865,
-0.02941360079969013,
0.020801722663350206
],
"l_index_pip": [
-0.22674202293509613,
-0.43689739067131866,
-0.0502644889869863
],
"l_index_dip": [
-0.26810318406237793,
-0.6666499688359989,
-0.09480775044239852
],
"l_index_tip": [
-0.2828954984007948,
-0.8890052283518298,
-0.12074881748527952
],
"l_middle_mcp": [
0.0,
0.0,
0.0
],
"l_middle_pip": [
0.010663544584418299,
-0.487184522840018,
-0.11688501934845363
],
"l_middle_dip": [
0.030442091021833952,
-0.7807683924525584,
-0.19395924758981764
],
"l_middle_tip": [
0.05552482460998398,
-1.0299470079835977,
-0.22822757921539719
],
"l_ring_mcp": [
0.16494114308473481,
0.10590255219068469,
-0.03965639824988305
],
"l_ring_pip": [
0.12881796476864796,
-0.10577333758061862,
-0.2301437846975665
],
"l_ring_dip": [
0.024705833444631484,
0.1996844835872623,
-0.254695595052924
],
"l_ring_tip": [
-0.03970140672023093,
0.42073815998034897,
-0.21040895707976448
],
"l_pinky_mcp": [
0.3299586534558683,
0.26479035375621224,
-0.08481901191833681
],
"l_pinky_pip": [
0.27453865238348846,
0.06810713356140577,
-0.22049548220813636
],
"l_pinky_dip": [
0.15202607021615414,
0.2673334134302765,
-0.20307501166382944
],
"l_pinky_tip": [
0.06791781237991572,
0.4397515817042274,
-0.15595873706329763
],
"r_hand_position": null,
"r_wrist": null,
"r_thumb_cmc": null,
"r_thumb_mcp": null,
"r_thumb_ip": null,
"r_thumb_tip": null,
"r_index_mcp": null,
"r_index_pip": null,
"r_index_dip": null,
"r_index_tip": null,
"r_middle_mcp": null,
"r_middle_pip": null,
"r_middle_dip": null,
"r_middle_tip": null,
"r_ring_mcp": null,
"r_ring_pip": null,
"r_ring_dip": null,
"r_ring_tip": null,
"r_pinky_mcp": null,
"r_pinky_pip": null,
"r_pinky_dip": null,
"r_pinky_tip": null,
"l_hand_velocity": null,
"r_hand_velocity": null,
"m_nose_point": [
0.0,
0.0,
0.0
],
"m_top_nose": [
0.023581656941917817,
-0.45969435191502045,
0.16058865660233265
],
"m_eyebrows": [
0.037834273079098965,
-0.7402791258605782,
0.18973583352851056
],
"m_forehead": [
0.05780059740206682,
-1.1125713872677554,
0.26636989091524677
],
"m_top_chin": [
-0.018398311904264934,
0.60253133835863,
0.2428486101352817
],
"m_bot_up_lip": [
0.003786265986292284,
0.3597095642004121,
0.19399525512467292
],
"m_top_low_lip": [
0.0020442568782516593,
0.4002238355825377,
0.19581142215268507
],
"m_bot_nose": [
-0.023612698604804357,
0.05298689321852338,
0.10731022447674043
],
"m_chin": [
-0.029632330547196554,
0.9404521058702883,
0.3386321921354816
],
"m_nose": [
0.018768156979840734,
-0.37133589228021896,
0.11219733351359823
],
"l_eye_exterior": [
-0.35746190274166706,
-0.49282029908721714,
0.4004741281353229
],
"l_temple": [
-0.532863431546453,
-0.8015251436215844,
0.6824753374980995
],
"l_mid_chin": [
-0.2253973944270182,
0.7029453995955247,
0.30964051071017346
],
"l_up_lip": [
-0.1335998452987344,
0.2596827068637338,
0.1802786309897921
],
"l_ext_nostril": [
-0.16801218348752517,
-0.03926321067921154,
0.15208200287878126
],
"l_mid_cheek": [
-0.40441956560887937,
-0.10704472380663234,
0.3521526104965582
],
"l_mid_eyebrow": [
-0.31901210616296266,
-0.7709613589663253,
0.2755590304426464
],
"l_ext_eyebrow": [
-0.3938843928238276,
-0.7381339835779452,
0.32141169084239635
],
"l_ext_lips": [
-0.27895304442935087,
0.36869244961967057,
0.32124371549535585
],
"l_jaw_angle": [
-0.5309084194490001,
0.2775790424036888,
0.8317322044304812
],
"l_mid_ext_face": [
-0.5739254249013529,
-0.12169434647441502,
0.9266859452659738
],
"l_int_eyebrow": [
-0.0898070024956845,
-0.8031033671136053,
0.20084859567579166
],
"l_mid_jaw": [
-0.4416934549842898,
0.5794579886464793,
0.6250947725969662
],
"l_mid_bot_eyelid": [
-0.26207740777825717,
-0.45622993895970965,
0.35042196439854423
],
"l_ext_mouth": [
-0.21323478077655308,
0.43445094490134106,
0.27558754167392635
],
"l_top_eyelid": [
-0.26766899152716134,
-0.5712576798863078,
0.3386775293010133
],
"l_eye_int": [
-0.13300944103949108,
-0.5158940572423006,
0.35697484730824297
],
"l_pupil": [
-0.26248850559003745,
-0.5205882918680241,
0.365356364328283
],
"r_eye_exterior": [
0.48055863802556803,
-0.4495339255207371,
0.4081995517850811
],
"r_temple": [
0.6382453841739919,
-0.7263981927921701,
0.6538199513905969
],
"r_mid_chin": [
0.18698558304105653,
0.7317965830338988,
0.3010141576796525
],
"r_up_lip": [
0.14691038781160237,
0.2708773107636582,
0.1729488545214999
],
"r_ext_nostril": [
0.1934301998549414,
-0.02314482722537633,
0.19369607067645728
],
"r_mid_cheek": [
0.43747607748251405,
-0.05178647943926631,
0.33060255348841844
],
"r_mid_eyebrow": [
0.4947777618422663,
-0.6585933984175844,
0.3007418478988956
],
"r_ext_eyebrow": [
0.41775277670451316,
-0.6984259785450042,
0.25878781797103073
],
"r_ext_lips": [
0.23223717977830735,
0.47903535010799764,
0.2915001496636822
],
"r_jaw_angle": [
0.5518829851513813,
0.351005236861267,
0.8057891346730566
],
"r_mid_ext_face": [
0.631619214476514,
-0.040990107398741614,
0.8968268778357524
],
"r_int_eyebrow": [
0.18378910864960846,
-0.7615091726173744,
0.1946129101858335
],
"r_mid_jaw": [
0.429156503385989,
0.639547704464962,
0.6058116201343351
],
"r_mid_bot_eyelid": [
0.33271475389123956,
-0.40858262020060365,
0.33487485539628326
],
"r_ext_mouth": [
0.2727583946902892,
0.4058950657033218,
0.3060645879480726
],
"r_top_eyelid": [
0.3505349148242427,
-0.5226974911725779,
0.32310640513069266
],
"r_eye_int": [
0.21141149152490163,
-0.4849487868878833,
0.34628518736581154
],
"r_pupil": [
0.3377243064610211,
-0.4707897041822945,
0.35004529385864747
],
"l_shoulder": [
0.4955659307906976,
0.023457204587499614,
-0.0621624307157443
],
"l_elbow": [
1.0400844620812018,
0.9296885978615199,
-1.225880806382785
],
"l_hip": [
0.33612300488081703,
1.89228051934976,
0.18313167962073937
],
"l_knee": [
0.277527306218918,
3.4987008414475613,
-0.29398494893010324
],
"l_ankle": [
0.2967957448258491,
4.922356106795427,
0.6410459882873428
],
"l_body_wrist": [
0.9703755564612195,
-0.30801459375926216,
-2.385198310002058
],
"r_shoulder": [
-0.4955659307906976,
-0.023457204587499614,
0.0621624307157443
],
"r_elbow": [
-0.6495701036274785,
1.1065873598319718,
0.20186216627002773
],
"r_hip": [
-0.4281601024445598,
1.8872758027037062,
0.5878653451892916
],
"r_knee": [
-0.40388283660887725,
3.4604013914903162,
0.8043638577417392
],
"r_ankle": [
-0.34238054492146347,
4.835061141855013,
1.5772868344160178
],
"r_body_wrist": [
-0.6933120883939053,
1.6467231878502318,
-0.8631170328267855
],
"m_face_position": [
-0.05037853121757507,
0.14318203926086426,
-0.544430784881115
],
"m_body_position": [
-0.07881975173950195,
0.41393932700157166,
-0.6364924386143684
],
"m_face_scale": [
0.14593138967739117,
0.14593138967739117,
0.14593138967739117
],
"m_body_scale": [
0.3625072718360235,
0.3625072718360235,
0.3625072718360235
],
"l_hand_scale": [
0.20527142334359658,
0.20527142334359658,
0.20527142334359658
],
"r_hand_scale": null
}
],
"framerate": 30,
"mirrorable": true,
"invalid": false
}