{
"label": "k",
"gestures": [
{
"l_hand_position": [
-0.010429978370666504,
-0.007509738206863403,
-0.5144305769354105
],
"l_wrist": [
0.1980235354480508,
0.977669728962417,
0.07034614757901499
],
"l_thumb_cmc": [
-0.09023429565780043,
0.7868796394109093,
-0.023118043690461103
],
"l_thumb_mcp": [
-0.23619154855975186,
0.37959784591847373,
-0.05071261738417638
],
"l_thumb_ip": [
-0.27540455416660925,
0.03566935804091085,
-0.08253692822682261
],
"l_thumb_tip": [
-0.379336488835367,
-0.2010847111557443,
-0.10524922557849466
],
"l_index_mcp": [
-0.15304890640654784,
0.06671869573725517,
0.014412943310968413
],
"l_index_pip": [
-0.3553170610303227,
-0.33100751088232994,
-0.09295492809833455
],
"l_index_dip": [
-0.46605851721068453,
-0.5514765204731807,
-0.1434333828290841
],
"l_index_tip": [
-0.540398989852345,
-0.739993428101748,
-0.16256440533047126
],
"l_middle_mcp": [
0.0,
0.0,
0.0
],
"l_middle_pip": [
-0.11392640967282852,
-0.40409451553452724,
-0.13065472486249954
],
"l_middle_dip": [
-0.16425747876666216,
-0.6870717422730849,
-0.19746216796392524
],
"l_middle_tip": [
-0.1969183974095892,
-0.9059190013810453,
-0.2135779411099797
],
"l_ring_mcp": [
0.14300837793091242,
0.02812167347246129,
-0.029078545119523198
],
"l_ring_pip": [
-0.08294477203247513,
0.14331244706651122,
-0.1865419745976779
],
"l_ring_dip": [
-0.10949132960997117,
0.4382243510575496,
-0.20652151778473482
],
"l_ring_tip": [
-0.08385044188021665,
0.6506403954045507,
-0.16515725573131113
],
"l_pinky_mcp": [
0.2662294532307551,
0.12141917874521675,
-0.06908211413503987
],
"l_pinky_pip": [
0.02487918946031135,
0.28460566005959304,
-0.1747444226463741
],
"l_pinky_dip": [
-0.013581125180689666,
0.5271357353208146,
-0.17155322215303276
],
"l_pinky_tip": [
0.0026387041136555992,
0.7008604712735408,
-0.13548639868146908
],
"r_hand_position": null,
"r_wrist": null,
"r_thumb_cmc": null,
"r_thumb_mcp": null,
"r_thumb_ip": null,
"r_thumb_tip": null,
"r_index_mcp": null,
"r_index_pip": null,
"r_index_dip": null,
"r_index_tip": null,
"r_middle_mcp": null,
"r_middle_pip": null,
"r_middle_dip": null,
"r_middle_tip": null,
"r_ring_mcp": null,
"r_ring_pip": null,
"r_ring_dip": null,
"r_ring_tip": null,
"r_pinky_mcp": null,
"r_pinky_pip": null,
"r_pinky_dip": null,
"r_pinky_tip": null,
"l_hand_velocity": null,
"r_hand_velocity": null,
"m_nose_point": [
0.0,
0.0,
0.0
],
"m_top_nose": [
0.00020698770039238052,
-0.2980394848353237,
0.25814697966033556
],
"m_eyebrows": [
-0.008846594173065629,
-0.5491017829372842,
0.3854521166526561
],
"m_forehead": [
-0.01737067845459979,
-0.8676182652757113,
0.565502566770047
],
"m_top_chin": [
0.05549751215835271,
0.5956013442990399,
-0.005580257469075606
],
"m_bot_up_lip": [
0.05373561080065437,
0.34952880296489175,
0.05639583188681864
],
"m_top_low_lip": [
0.05676549976608327,
0.3510614140733661,
0.05584384380323593
],
"m_bot_nose": [
-0.008473465013399462,
0.09672991313930027,
0.06378091998771301
],
"m_chin": [
0.06951980120297309,
0.9968582780793035,
-0.037954850354932644
],
"m_nose": [
-0.0009537472005973369,
-0.2457986459872608,
0.19359750223049968
],
"l_eye_exterior": [
-0.35513651574864563,
-0.2114667538509924,
0.47395776130556533
],
"l_temple": [
-0.5332248740735307,
-0.3699767319773831,
0.8198048112706735
],
"l_mid_chin": [
-0.14271977355360055,
0.769919569509635,
0.02778361947362804
],
"l_up_lip": [
-0.1023441412743982,
0.3140827857487874,
0.07660161222832282
],
"l_ext_nostril": [
-0.15413517028928397,
0.05393107134097647,
0.13052995839830442
],
"l_mid_cheek": [
-0.4079191311200116,
0.0996134572899239,
0.3182036475870225
],
"l_mid_eyebrow": [
-0.3457812229898699,
-0.47739407663488514,
0.4523194963967951
],
"l_ext_eyebrow": [
-0.41026992000303936,
-0.4331159994910211,
0.48943352186649275
],
"l_ext_lips": [
-0.2545785831042679,
0.44692979729263127,
0.17035346946775476
],
"l_jaw_angle": [
-0.46666680123731,
0.6863110727964193,
0.5427305994036039
],
"l_mid_ext_face": [
-0.5298303760232701,
0.3445217554569739,
0.7567337983271256
],
"l_int_eyebrow": [
-0.1483876280420689,
-0.5559980317445461,
0.3989923636692289
],
"l_mid_jaw": [
-0.36483912685214753,
0.8641305475831433,
0.29528598537471845
],
"l_mid_bot_eyelid": [
-0.27003700593938307,
-0.200025546300369,
0.4215479461939179
],
"l_ext_mouth": [
-0.17285703237646938,
0.4696302837371167,
0.12086390217469928
],
"l_top_eyelid": [
-0.2816934706747971,
-0.30608343784088715,
0.4417806493454231
],
"l_eye_int": [
-0.16997799885369932,
-0.2573571298620775,
0.44106040544576025
],
"l_pupil": [
-0.2677516211602324,
-0.24092942321931365,
0.4475483171370544
],
"r_eye_exterior": [
0.4390304349688189,
-0.2583276666219076,
0.44182231000545974
],
"r_temple": [
0.628715617505276,
-0.44380769104664014,
0.7319297304650326
],
"r_mid_chin": [
0.26989166348632304,
0.7583480549321303,
0.0006003520377906122
],
"r_up_lip": [
0.20821559353030142,
0.2839563023146799,
0.05706982618907997
],
"r_ext_nostril": [
0.2101017877444097,
0.046531386347167025,
0.1457569453035847
],
"r_mid_cheek": [
0.4919493715375377,
0.05448136793911409,
0.256154952588814
],
"r_mid_eyebrow": [
0.42666204280384706,
-0.4833353252893681,
0.4270346707826406
],
"r_ext_eyebrow": [
0.3456847456718904,
-0.5193246225713934,
0.4018041606455564
],
"r_ext_lips": [
0.3241522612510477,
0.48211545104540915,
0.09164569943890108
],
"r_jaw_angle": [
0.6525933778195477,
0.6390665060675129,
0.4639356943814745
],
"r_mid_ext_face": [
0.7045548083311245,
0.28696864994956706,
0.6662657016579584
],
"r_int_eyebrow": [
0.1199127861736832,
-0.5740119758491546,
0.3803475894650135
],
"r_mid_jaw": [
0.5366537030135657,
0.8360398608536215,
0.2349519877396372
],
"r_mid_bot_eyelid": [
0.296369299577315,
-0.20365885703643333,
0.3771876440631395
],
"r_ext_mouth": [
0.36644165269235246,
0.417070693854067,
0.12519081591466621
],
"r_top_eyelid": [
0.302794187773877,
-0.3078448380177129,
0.39709019431480586
],
"r_eye_int": [
0.1766810424345659,
-0.2666377466708327,
0.4118489060041334
],
"r_pupil": [
0.2902476258086885,
-0.2567882895716529,
0.40393809482976206
],
"l_shoulder": [
0.41653297357171726,
-0.05434952487485436,
-0.2711944156382662
],
"l_elbow": [
0.7619921689444079,
0.6684859394944609,
-1.3109565095128533
],
"l_hip": [
0.3448346442595809,
1.7267725494108945,
0.03344938171996013
],
"l_knee": [
0.2803564443025974,
3.27328342317357,
-0.19578428255301988
],
"l_ankle": [
0.30658135977401274,
4.655463001949548,
0.6007209417005952
],
"l_body_wrist": [
0.34840539802765447,
-0.04439132528285905,
-2.3477242814097874
],
"r_shoulder": [
-0.41653297357171726,
0.05434952487485436,
0.2711944156382662
],
"r_elbow": [
-0.6704274445406035,
0.7555127540552989,
-0.4299820261619576
],
"r_hip": [
-0.31119458347295426,
1.7229697766544438,
0.22793415407523052
],
"r_knee": [
-0.35617211057658027,
3.256099247594089,
-0.017529809635318434
],
"r_ankle": [
-0.26814213699437717,
4.628210925492453,
0.38028003548631534
],
"r_body_wrist": [
-0.7711863060057133,
1.0693722863962454,
-1.7759568727207666
],
"m_face_position": [
-0.10684224963188171,
-0.09819459915161133,
-0.5312077645212412
],
"m_body_position": [
-0.0739971250295639,
0.1864897608757019,
-0.548360887914896
],
"m_face_scale": [
0.11892841094215326,
0.11892841094215326,
0.11892841094215326
],
"m_body_scale": [
0.38739848384828646,
0.38739848384828646,
0.38739848384828646
],
"l_hand_scale": [
0.2051384157573492,
0.2051384157573492,
0.2051384157573492
],
"r_hand_scale": null
}
],
"framerate": 30,
"mirrorable": true,
"invalid": false
}