{
"label": "k",
"gestures": [
{
"l_hand_position": null,
"l_wrist": null,
"l_thumb_cmc": null,
"l_thumb_mcp": null,
"l_thumb_ip": null,
"l_thumb_tip": null,
"l_index_mcp": null,
"l_index_pip": null,
"l_index_dip": null,
"l_index_tip": null,
"l_middle_mcp": null,
"l_middle_pip": null,
"l_middle_dip": null,
"l_middle_tip": null,
"l_ring_mcp": null,
"l_ring_pip": null,
"l_ring_dip": null,
"l_ring_tip": null,
"l_pinky_mcp": null,
"l_pinky_pip": null,
"l_pinky_dip": null,
"l_pinky_tip": null,
"r_hand_position": [
-0.3187352120876312,
-0.029876023530960083,
-0.5206330008804798
],
"r_wrist": [
-0.03356004699123069,
0.9972215385466264,
0.06650508480293593
],
"r_thumb_cmc": [
0.21760976335468488,
0.711392654856617,
0.02962033432969605
],
"r_thumb_mcp": [
0.30922441378044446,
0.33065069689626525,
-0.00755281042499446
],
"r_thumb_ip": [
0.2948817908832922,
0.010490483419909543,
-0.06780834824952067
],
"r_thumb_tip": [
0.27756978445722674,
-0.24876840678680356,
-0.1185770572646504
],
"r_index_mcp": [
0.12080817729738576,
-0.008139317223254176,
0.05057176990924696
],
"r_index_pip": [
0.18192269717500634,
-0.32162045895258057,
-0.06669607815602897
],
"r_index_dip": [
0.20732440782679468,
-0.5327370672237826,
-0.13529741788883962
],
"r_index_tip": [
0.2230197893768659,
-0.7286019772664948,
-0.16760450855906803
],
"r_middle_mcp": [
0.0,
0.0,
0.0
],
"r_middle_pip": [
0.24285730389797824,
-0.2096226470890072,
-0.1444894143762661
],
"r_middle_dip": [
0.4406913648591623,
-0.304190879808261,
-0.19859534191047598
],
"r_middle_tip": [
0.5884751807290496,
-0.37192736605627524,
-0.20806832662835417
],
"r_ring_mcp": [
-0.11220077849238948,
0.03989701478722896,
-0.06687082829302556
],
"r_ring_pip": [
0.20757871646370463,
0.07211952802410544,
-0.27057213050702783
],
"r_ring_dip": [
0.25056360003145334,
0.396433401208586,
-0.27402940719704577
],
"r_ring_tip": [
0.2361968670425676,
0.6455657647188086,
-0.20867304807260978
],
"r_pinky_mcp": [
-0.20501853210126417,
0.13072751089479612,
-0.13560503768476184
],
"r_pinky_pip": [
0.0898533169712933,
0.18119905822650353,
-0.2723123796382451
],
"r_pinky_dip": [
0.13989606968348567,
0.4378762474948865,
-0.25185436645149384
],
"r_pinky_tip": [
0.12078483565479119,
0.6486751020471467,
-0.19394283864101683
],
"l_hand_velocity": null,
"r_hand_velocity": null,
"m_nose_point": [
0.0,
0.0,
0.0
],
"m_top_nose": [
0.038330540613204456,
-0.4732107513457121,
0.15927183980419912
],
"m_eyebrows": [
0.0683206905267263,
-0.794487902943061,
0.1839877196658172
],
"m_forehead": [
0.11277940340255732,
-1.2123274210967367,
0.2500393922291361
],
"m_top_chin": [
-0.08420953378351727,
0.6189240308856855,
0.24839082353709166
],
"m_bot_up_lip": [
-0.046575945477489764,
0.3583052678032253,
0.19503368339532784
],
"m_top_low_lip": [
-0.05042278834373783,
0.41198178007970226,
0.19586353657808594
],
"m_bot_nose": [
-0.03512205597992517,
0.055508453502575154,
0.10684295562491106
],
"m_chin": [
-0.1246149055885546,
0.9283608391911908,
0.350167499293386
],
"m_nose": [
0.03187985054040642,
-0.37954570317102915,
0.11096123428791833
],
"l_eye_exterior": [
-0.3932436956303613,
-0.5698487393140512,
0.3638454230736335
],
"l_temple": [
-0.565196770465165,
-0.9392386370930506,
0.6273827156760683
],
"l_mid_chin": [
-0.30646837574832675,
0.6924884737173321,
0.3015791023987012
],
"l_up_lip": [
-0.1811590218728605,
0.23753102849759766,
0.16916605854584651
],
"l_ext_nostril": [
-0.18633416402251143,
-0.05467978972944309,
0.13729307319433415
],
"l_mid_cheek": [
-0.4578063525429158,
-0.15554706792588474,
0.3198746537592824
],
"l_mid_eyebrow": [
-0.3118056114764852,
-0.8443519608982668,
0.24579799401970903
],
"l_ext_eyebrow": [
-0.398239382994332,
-0.8287141874067439,
0.2871821390918975
],
"l_ext_lips": [
-0.3500052752971563,
0.3481062263279479,
0.3003239557198303
],
"l_jaw_angle": [
-0.6263619726817516,
0.2178951693158022,
0.8003336008529255
],
"l_mid_ext_face": [
-0.6597275419129066,
-0.2076827730657765,
0.8844874619192108
],
"l_int_eyebrow": [
-0.06697870259920642,
-0.8322335044222898,
0.1846312007069121
],
"l_mid_jaw": [
-0.5303531615387419,
0.5383079331175673,
0.6046868602627262
],
"l_mid_bot_eyelid": [
-0.293506732181679,
-0.5171085636821144,
0.31913832834178796
],
"l_ext_mouth": [
-0.26861593607111145,
0.4151548745598986,
0.26124201372649497
],
"l_top_eyelid": [
-0.2884265758674253,
-0.6331667312200641,
0.3068984664973268
],
"l_eye_int": [
-0.15896455478397492,
-0.5574356431201899,
0.333640261286664
],
"l_pupil": [
-0.3063628730278152,
-0.585580830902234,
0.3349727678457835
],
"r_eye_exterior": [
0.45125950809193,
-0.4297715085872295,
0.44502127370522543
],
"r_temple": [
0.6243580887307691,
-0.7116272014091222,
0.7027331926956158
],
"r_mid_chin": [
0.09588160691353223,
0.7567266096035029,
0.3239971279604113
],
"r_up_lip": [
0.10290421521492624,
0.2838640840093527,
0.1863094889894804
],
"r_ext_nostril": [
0.1757187874444558,
0.0031831105612575125,
0.20784220612275212
],
"r_mid_cheek": [
0.40916625969339177,
0.0018883651494097432,
0.37074774971824176
],
"r_mid_eyebrow": [
0.4933263808103403,
-0.6381056607913544,
0.3371483910700039
],
"r_ext_eyebrow": [
0.42301148854432397,
-0.6840068562746863,
0.2859053391586177
],
"r_ext_lips": [
0.1668952877682534,
0.5149921657538775,
0.3190599420740661
],
"r_jaw_angle": [
0.434956332948573,
0.40600184581678184,
0.8716795234631817
],
"r_mid_ext_face": [
0.5433723975714917,
0.014306636318486016,
0.9632823440147005
],
"r_int_eyebrow": [
0.20288239928249976,
-0.7741979936679675,
0.19885810484678365
],
"r_mid_jaw": [
0.29961503921686744,
0.6766784236315562,
0.6583354944469161
],
"r_mid_bot_eyelid": [
0.3108854674963273,
-0.39994211677474034,
0.3562719929143787
],
"r_ext_mouth": [
0.21302334748762203,
0.44382790981386927,
0.3367738418054029
],
"r_top_eyelid": [
0.33021082816522473,
-0.5157391984663606,
0.3449562027428002
],
"r_eye_int": [
0.18856674849105864,
-0.48951993613770584,
0.3584832514769997
],
"r_pupil": [
0.30349359967314277,
-0.46679745464220934,
0.3718805737029753
],
"l_shoulder": [
0.4548597795469378,
0.05284843064349619,
0.20077256866671478
],
"l_elbow": [
0.6059988320696166,
1.0316653041297899,
0.5896197580378443
],
"l_hip": [
0.24200779210512355,
1.7533003821512299,
0.6692259685544892
],
"l_knee": [
0.214545430443183,
3.1484826932310366,
0.30717416215489257
],
"l_ankle": [
0.19895909657530353,
4.417641345311306,
1.353526467739116
],
"l_body_wrist": [
0.6739884427460753,
1.6337841649456784,
0.4674684159724532
],
"r_shoulder": [
-0.4548597795469378,
-0.05284843064349619,
-0.20077256866671478
],
"r_elbow": [
-0.803639062640923,
0.7931623213439367,
-1.5223085597739228
],
"r_hip": [
-0.41095152732551826,
1.721921014361775,
0.8452005472734018
],
"r_knee": [
-0.35766168644445545,
3.1259569331749337,
0.5125704412239115
],
"r_ankle": [
-0.357876542192379,
4.361562257004493,
1.0839391928549509
],
"r_body_wrist": [
-0.6403988483960347,
-0.18904384474339092,
-3.451812381457076
],
"m_face_position": [
-0.018096745014190674,
0.07612550258636475,
-0.5545275397598743
],
"m_body_position": [
-0.03146559000015259,
0.3638216555118561,
-0.8352193385362625
],
"m_face_scale": [
0.17852684421494755,
0.17852684421494755,
0.17852684421494755
],
"m_body_scale": [
0.44580917699320843,
0.44580917699320843,
0.44580917699320843
],
"l_hand_scale": null,
"r_hand_scale": [
0.3102594134439846,
0.3102594134439846,
0.3102594134439846
]
}
],
"framerate": 30,
"mirrorable": true,
"invalid": false
}