{
"label": "k",
"gestures": [
{
"l_hand_position": [
0.29438966512680054,
-0.07511410117149353,
-0.5121307363733649
],
"l_wrist": [
-0.0075270774279480885,
0.9991054927748191,
0.04161198640511453
],
"l_thumb_cmc": [
-0.21746619143313858,
0.6566010817825818,
-0.03156917597545615
],
"l_thumb_mcp": [
-0.2537858990061577,
0.19090633187212047,
-0.0491064396103533
],
"l_thumb_ip": [
-0.17255111960449168,
-0.1444557894069425,
-0.07708492274148736
],
"l_thumb_tip": [
-0.20021085457019938,
-0.3926612442648341,
-0.09720629681909336
],
"l_index_mcp": [
-0.16710255009811142,
-0.024517540494665462,
0.03390520922800848
],
"l_index_pip": [
-0.23514679845905842,
-0.4334536489942784,
-0.0644897763182165
],
"l_index_dip": [
-0.2757486494423979,
-0.6794396740749126,
-0.12534856263288735
],
"l_index_tip": [
-0.2896118433851392,
-0.8988246415474899,
-0.15852493844386348
],
"l_middle_mcp": [
0.0,
0.0,
0.0
],
"l_middle_pip": [
0.05412523770931451,
-0.47884408290414165,
-0.1308565651779702
],
"l_middle_dip": [
0.10796096457690758,
-0.7891040194428454,
-0.2055728398125527
],
"l_middle_tip": [
0.17164006006302931,
-1.0359490186928173,
-0.23298942451800814
],
"l_ring_mcp": [
0.15202897184534836,
0.11502954761039218,
-0.048387262784255036
],
"l_ring_pip": [
0.09961053957861189,
-0.1018438213046876,
-0.23098556888887217
],
"l_ring_dip": [
-0.04867033004185138,
0.1530167026902327,
-0.24208368894500282
],
"l_ring_tip": [
-0.13196869201801908,
0.3785148776414543,
-0.1888122628705956
],
"l_pinky_mcp": [
0.2918169100715556,
0.28394092709883517,
-0.10314266193639487
],
"l_pinky_pip": [
0.21671828842535823,
0.12109772347682665,
-0.22935024665818457
],
"l_pinky_dip": [
0.07179807537648758,
0.27806320275010094,
-0.20306987955524072
],
"l_pinky_tip": [
-0.017120804282534756,
0.43570410509232066,
-0.14768861255326718
],
"r_hand_position": null,
"r_wrist": null,
"r_thumb_cmc": null,
"r_thumb_mcp": null,
"r_thumb_ip": null,
"r_thumb_tip": null,
"r_index_mcp": null,
"r_index_pip": null,
"r_index_dip": null,
"r_index_tip": null,
"r_middle_mcp": null,
"r_middle_pip": null,
"r_middle_dip": null,
"r_middle_tip": null,
"r_ring_mcp": null,
"r_ring_pip": null,
"r_ring_dip": null,
"r_ring_tip": null,
"r_pinky_mcp": null,
"r_pinky_pip": null,
"r_pinky_dip": null,
"r_pinky_tip": null,
"l_hand_velocity": null,
"r_hand_velocity": null,
"m_nose_point": [
0.0,
0.0,
0.0
],
"m_top_nose": [
-0.0013666233883398709,
-0.2153460899515703,
0.26203194878156105
],
"m_eyebrows": [
0.006831722783690337,
-0.4026542681837801,
0.38687006866377527
],
"m_forehead": [
0.019619288581905467,
-0.6088560757542015,
0.575632135862202
],
"m_top_chin": [
-0.05256550784176489,
0.6309689902049868,
-0.006965627303712735
],
"m_bot_up_lip": [
-0.03176362472870993,
0.4550935175908533,
0.03390927747202638
],
"m_top_low_lip": [
-0.030826053467645338,
0.46047026222238224,
0.03306358993724363
],
"m_bot_nose": [
-0.03212401457404108,
0.08869938225436835,
0.056896742885124814
],
"m_chin": [
-0.07808835851285698,
0.9956355894985474,
-0.05110754532011545
],
"m_nose": [
0.00021679157040229525,
-0.18045284189724173,
0.19729973835962047
],
"l_eye_exterior": [
-0.4060682126083629,
-0.2929412650687372,
0.4105811347591324
],
"l_temple": [
-0.5877372830987216,
-0.33672444880244445,
0.7229533354843848
],
"l_mid_chin": [
-0.2805201014222671,
0.7294402873491888,
-0.006464754255254136
],
"l_up_lip": [
-0.16489386424684999,
0.36853303512694524,
0.04048918046533784
],
"l_ext_nostril": [
-0.19107458322844742,
0.024865679439591237,
0.1021488572429431
],
"l_mid_cheek": [
-0.44870208733338596,
0.05557296807184336,
0.2508306645433459
],
"l_mid_eyebrow": [
-0.3613004047807867,
-0.4636605314213932,
0.3979571537979285
],
"l_ext_eyebrow": [
-0.4434269419667642,
-0.4494898737433567,
0.42010276561076904
],
"l_ext_lips": [
-0.35362347370412917,
0.39884046181523586,
0.11521816276943377
],
"l_jaw_angle": [
-0.6261625433340218,
0.5598867984966985,
0.44823552364218056
],
"l_mid_ext_face": [
-0.6676068527378503,
0.25515731751758536,
0.6556921823393126
],
"l_int_eyebrow": [
-0.13172945925857923,
-0.476338742950776,
0.38081406410979013
],
"l_mid_jaw": [
-0.5278343216554952,
0.7449063792222297,
0.22034855217104543
],
"l_mid_bot_eyelid": [
-0.291995415994494,
-0.26513138531872665,
0.37482892199335704
],
"l_ext_mouth": [
-0.2607929398644139,
0.508872117170215,
0.08047823942051882
],
"l_top_eyelid": [
-0.3185816606869646,
-0.3712113869320199,
0.3896697122156345
],
"l_eye_int": [
-0.18892949686182214,
-0.30622846224343414,
0.4082973514543287
],
"l_pupil": [
-0.3089936875194457,
-0.3283530527675449,
0.39870755934628244
],
"r_eye_exterior": [
0.3738565403495048,
-0.1566908999264149,
0.5060209769068976
],
"r_temple": [
0.4755659437394022,
-0.12045150517950388,
0.8309520906250268
],
"r_mid_chin": [
0.13479399283215188,
0.7977740708124492,
0.025600487845219275
],
"r_up_lip": [
0.10848344288596463,
0.4091288251125352,
0.06690407442501252
],
"r_ext_nostril": [
0.15649197100550316,
0.11170908884445442,
0.16971438340021855
],
"r_mid_cheek": [
0.35816773173452326,
0.20316672558478927,
0.32331337306434466
],
"r_mid_eyebrow": [
0.40728984356376485,
-0.27850667585261846,
0.488699413209886
],
"r_ext_eyebrow": [
0.3483193995588203,
-0.32547298372554045,
0.4526361616139269
],
"r_ext_lips": [
0.20075474509431263,
0.5582986782546759,
0.12837316544604124
],
"r_jaw_angle": [
0.3719876715384162,
0.7306591299885727,
0.5522798585088375
],
"r_mid_ext_face": [
0.4357473968438398,
0.4591336132312363,
0.7676356639990332
],
"r_int_eyebrow": [
0.16274790653146906,
-0.42807281840882255,
0.39974279791099443
],
"r_mid_jaw": [
0.2928284254048823,
0.8723897559945936,
0.2991521627558961
],
"r_mid_bot_eyelid": [
0.23508065797384645,
-0.17276440901700985,
0.42544669306978883
],
"r_ext_mouth": [
0.2400327072218783,
0.4959996820032009,
0.16760008832024556
],
"r_top_eyelid": [
0.2796686194182594,
-0.2510300870016388,
0.44125079201700046
],
"r_eye_int": [
0.15680495947852768,
-0.25659173183911377,
0.4414969044730299
],
"r_pupil": [
0.26397946226377556,
-0.22352021262819383,
0.448810308848836
],
"l_shoulder": [
0.33606085845565836,
0.05823183888175724,
0.3656120243570978
],
"l_elbow": [
0.6361988820277038,
0.7620618315412877,
-0.4118280712363559
],
"l_hip": [
0.20781704372962953,
1.2693886111259227,
0.4337550661441281
],
"l_knee": [
0.15041889867050712,
2.3394137624731153,
0.5197355877190933
],
"l_ankle": [
0.10207556970708465,
3.2507263004631164,
1.6052181456961672
],
"l_body_wrist": [
0.5828331235938771,
0.15353262792428737,
-1.7982764879200697
],
"r_shoulder": [
-0.33606085845565836,
-0.05823183888175724,
-0.3656120243570978
],
"r_elbow": [
-0.6119796439933196,
0.6655289578893624,
-0.8224660807491013
],
"r_hip": [
-0.2942270599415963,
1.2359139283611782,
0.1451349340971748
],
"r_knee": [
-0.32544707816031554,
2.3134090326830465,
0.18951311933870316
],
"r_ankle": [
-0.33137021176935544,
3.212107438152892,
0.965998267639978
],
"r_body_wrist": [
-0.32825650766015907,
0.7558382452996425,
-1.5812801372600234
],
"m_face_position": [
-0.00860026478767395,
-0.27889178693294525,
-0.5442549847066402
],
"m_body_position": [
-0.07003264129161835,
0.1373332142829895,
-0.6682371981441975
],
"m_face_scale": [
0.17101259509996358,
0.17101259509996358,
0.17101259509996358
],
"m_body_scale": [
0.5926191212281795,
0.5926191212281795,
0.5926191212281795
],
"l_hand_scale": [
0.29152682676790176,
0.29152682676790176,
0.29152682676790176
],
"r_hand_scale": null
}
],
"framerate": 30,
"mirrorable": true,
"invalid": false
}