{
"label": "k",
"gestures": [
{
"l_hand_position": [
0.2921912670135498,
0.10284602642059326,
-0.4973582914099097
],
"l_wrist": [
0.14307350798990218,
0.9896527173801114,
-0.010838371354806224
],
"l_thumb_cmc": [
-0.16060154175990896,
0.71881176495986,
-0.09225940107186577
],
"l_thumb_mcp": [
-0.2731935116789534,
0.23048673557256857,
-0.08806781206494449
],
"l_thumb_ip": [
-0.2389434769161417,
-0.1677025046699848,
-0.09813366909326872
],
"l_thumb_tip": [
-0.2709326582125605,
-0.4489351906515307,
-0.10206141289356743
],
"l_index_mcp": [
-0.17363354621897642,
0.02351287605048639,
0.024009512589810836
],
"l_index_pip": [
-0.27302355027720726,
-0.4054613872982728,
-0.05182985555795037
],
"l_index_dip": [
-0.33548644408354006,
-0.6578622612754064,
-0.09459590417476431
],
"l_index_tip": [
-0.36692832521145835,
-0.8849611403312984,
-0.12272117654448086
],
"l_middle_mcp": [
0.0,
0.0,
0.0
],
"l_middle_pip": [
-0.09750037563910505,
-0.44329442850379475,
-0.13493787065702456
],
"l_middle_dip": [
-0.14178595866588284,
-0.741090892417815,
-0.2224558644652547
],
"l_middle_tip": [
-0.15761046563795633,
-0.9909967574721931,
-0.2610994931689965
],
"l_ring_mcp": [
0.17798186806710325,
0.056455063940581036,
-0.04289505191907005
],
"l_ring_pip": [
0.08673313742690233,
-0.12026370968045197,
-0.2486781575809151
],
"l_ring_dip": [
-0.017660334659711334,
0.196139614944299,
-0.2811465169264475
],
"l_ring_tip": [
-0.08148878885072103,
0.43812552322608633,
-0.23968033677841974
],
"l_pinky_mcp": [
0.3694562259450552,
0.1769564750346981,
-0.09176561123317759
],
"l_pinky_pip": [
0.2641662380328281,
0.06369248506961278,
-0.25809505856996423
],
"l_pinky_dip": [
0.15196138883171767,
0.28082318905028847,
-0.2699129547603532
],
"l_pinky_tip": [
0.08063262357372356,
0.4627513407720356,
-0.23768298462192822
],
"r_hand_position": null,
"r_wrist": null,
"r_thumb_cmc": null,
"r_thumb_mcp": null,
"r_thumb_ip": null,
"r_thumb_tip": null,
"r_index_mcp": null,
"r_index_pip": null,
"r_index_dip": null,
"r_index_tip": null,
"r_middle_mcp": null,
"r_middle_pip": null,
"r_middle_dip": null,
"r_middle_tip": null,
"r_ring_mcp": null,
"r_ring_pip": null,
"r_ring_dip": null,
"r_ring_tip": null,
"r_pinky_mcp": null,
"r_pinky_pip": null,
"r_pinky_dip": null,
"r_pinky_tip": null,
"l_hand_velocity": null,
"r_hand_velocity": null,
"m_nose_point": [
0.0,
0.0,
0.0
],
"m_top_nose": [
0.03633304941685393,
-0.4743927015622574,
0.13710664214514112
],
"m_eyebrows": [
0.04869487923815526,
-0.8073132706374635,
0.15129307711164774
],
"m_forehead": [
0.05725539956846647,
-1.239820142913934,
0.2199162451575341
],
"m_top_chin": [
0.01944850040596322,
0.6092289297690655,
0.24382396385325214
],
"m_bot_up_lip": [
0.011161010419713378,
0.3619515715835354,
0.201630441809389
],
"m_top_low_lip": [
0.011257039249534554,
0.38270518273972604,
0.19731357409558026
],
"m_bot_nose": [
-0.012517899621201908,
0.05919562259852456,
0.10581865229155853
],
"m_chin": [
0.03714608126857128,
0.9439527476734758,
0.32798380875598715
],
"m_nose": [
0.026967392530585055,
-0.374535938578342,
0.09415358232104862
],
"l_eye_exterior": [
-0.36020358982464895,
-0.5142158389279468,
0.35848246125192185
],
"l_temple": [
-0.5019924521997338,
-0.8765739264373409,
0.620270271374561
],
"l_mid_chin": [
-0.16693170713906746,
0.7242123449824033,
0.3204680667166648
],
"l_up_lip": [
-0.13776832071811665,
0.26304591632136703,
0.18353411408375556
],
"l_ext_nostril": [
-0.15160326583895012,
-0.02246670672451105,
0.14105523103406684
],
"l_mid_cheek": [
-0.39539824775987514,
-0.08822533982614875,
0.33251855450074536
],
"l_mid_eyebrow": [
-0.3044501325658139,
-0.8003733056647082,
0.23339889713225376
],
"l_ext_eyebrow": [
-0.3793289339390533,
-0.7767072484308436,
0.27993198873416486
],
"l_ext_lips": [
-0.26945193896693315,
0.38373450897295264,
0.32738648889295957
],
"l_jaw_angle": [
-0.44298044113050394,
0.2802539888468752,
0.8013123179769629
],
"l_mid_ext_face": [
-0.49582200314625285,
-0.14436933880779382,
0.8800257084308771
],
"l_int_eyebrow": [
-0.08202936877009591,
-0.8229029911437674,
0.15839204966877238
],
"l_mid_jaw": [
-0.3475145642581443,
0.5922389877403595,
0.6110653663821897
],
"l_mid_bot_eyelid": [
-0.2639325763963316,
-0.47148429493822785,
0.3121951982329001
],
"l_ext_mouth": [
-0.19365324383192678,
0.4406081801720152,
0.28514226317079094
],
"l_top_eyelid": [
-0.27106918931696167,
-0.5992209997533234,
0.2974983024152104
],
"l_eye_int": [
-0.14794205194481194,
-0.5315013955188174,
0.3162744396351047
],
"l_pupil": [
-0.278176057169846,
-0.5402108247993866,
0.3249459531348746
],
"r_eye_exterior": [
0.49715649174116744,
-0.5333048279595508,
0.37206838897400957
],
"r_temple": [
0.7289509913304433,
-0.9013864540601222,
0.5996342404514425
],
"r_mid_chin": [
0.24193187573317074,
0.7410924873165908,
0.31479171915744636
],
"r_up_lip": [
0.16095717158734413,
0.26082678737831017,
0.184680263152496
],
"r_ext_nostril": [
0.22469148757850674,
-0.024223501836803645,
0.1863211190597595
],
"r_mid_cheek": [
0.5001357724155048,
-0.07769228083662356,
0.32092302739695583
],
"r_mid_eyebrow": [
0.5123121545922183,
-0.7517118437248846,
0.26809268002914466
],
"r_ext_eyebrow": [
0.42812700285667227,
-0.7796351178769784,
0.22599370644714772
],
"r_ext_lips": [
0.2921114377972037,
0.4731793965766774,
0.3130299364100963
],
"r_jaw_angle": [
0.6714357814480246,
0.28924544543644126,
0.7878551535776536
],
"r_mid_ext_face": [
0.7800184987501458,
-0.15492479840389298,
0.857907680000497
],
"r_int_eyebrow": [
0.17843643834162068,
-0.8201550609963415,
0.15641484039128195
],
"r_mid_jaw": [
0.49089203358468764,
0.6115927445972067,
0.5957751162801657
],
"r_mid_bot_eyelid": [
0.33926232768551906,
-0.48018711420374255,
0.3015074493988742
],
"r_ext_mouth": [
0.3341355265645498,
0.3963317287748099,
0.32496322122541876
],
"r_top_eyelid": [
0.34918102249802385,
-0.58294383768134,
0.28926117226150544
],
"r_eye_int": [
0.20148758056387708,
-0.5303589645835451,
0.31042090981904696
],
"r_pupil": [
0.33460079817978283,
-0.5392013286113239,
0.31516171934041654
],
"l_shoulder": [
0.43104688369780786,
-0.004288622369583742,
-0.253338097751956
],
"l_elbow": [
0.9034886198559112,
0.9389470968519844,
-1.3929910636961103
],
"l_hip": [
0.31554269431876525,
1.6812782062631235,
0.20247561602753622
],
"l_knee": [
0.333429881105205,
3.149646427439425,
-0.1969261486020138
],
"l_ankle": [
0.34951972079823757,
4.417999901187152,
0.8403733894019645
],
"l_body_wrist": [
0.8955228046893721,
-0.0398106702883448,
-3.118818649971223
],
"r_shoulder": [
-0.43104688369780786,
0.004288622369583742,
0.253338097751956
],
"r_elbow": [
-0.6697053442153453,
0.8418605916511751,
1.290487699100755
],
"r_hip": [
-0.3201408170121538,
1.679720653389383,
0.7512066855068167
],
"r_knee": [
-0.2734124032990787,
3.0952182304703606,
0.5113227959209417
],
"r_ankle": [
-0.21029417868078057,
4.380740291560181,
1.0647817488129832
],
"r_body_wrist": [
-0.6610642022140512,
1.4369536119706747,
1.3358231002851575
],
"m_face_position": [
-0.049623191356658936,
0.08284926414489746,
-0.5469771586358547
],
"m_body_position": [
0.003988444805145264,
0.3918655514717102,
-0.7143903039395809
],
"m_face_scale": [
0.16231182487373483,
0.16231182487373483,
0.16231182487373483
],
"m_body_scale": [
0.45661539550304436,
0.45661539550304436,
0.45661539550304436
],
"l_hand_scale": [
0.24373315172329624,
0.24373315172329624,
0.24373315172329624
],
"r_hand_scale": null
}
],
"framerate": 30,
"mirrorable": true,
"invalid": false
}