{
"label": "k",
"gestures": [
{
"l_hand_position": [
0.24208396673202515,
0.12293541431427002,
-0.485300088301301
],
"l_wrist": [
0.10844230406148031,
0.9891889277701218,
-0.09871946042617002
],
"l_thumb_cmc": [
-0.20581673870621087,
0.6370121249214015,
-0.1383556697762483
],
"l_thumb_mcp": [
-0.3102834160390417,
0.15015636336668503,
-0.10408125094529193
],
"l_thumb_ip": [
-0.23621195014532395,
-0.2516457237837189,
-0.0951614893333044
],
"l_thumb_tip": [
-0.25160409418446605,
-0.525651746066138,
-0.08240508184132994
],
"l_index_mcp": [
-0.1932441994472346,
0.009004802546083285,
0.043907268709112456
],
"l_index_pip": [
-0.2816102289844081,
-0.38199200189055055,
-0.010724099991669395
],
"l_index_dip": [
-0.3252900860004865,
-0.6389943343012114,
-0.057689977791502034
],
"l_index_tip": [
-0.350772204158544,
-0.8793001952769082,
-0.09450342651916062
],
"l_middle_mcp": [
0.0,
0.0,
0.0
],
"l_middle_pip": [
-0.047406907003035285,
-0.48547878250250603,
-0.10218611597665964
],
"l_middle_dip": [
-0.06515432567683038,
-0.8156259219388999,
-0.19163646882729043
],
"l_middle_tip": [
-0.06364205042704808,
-1.1113683991581385,
-0.23948476466423105
],
"l_ring_mcp": [
0.19795354786271602,
0.07936683097560497,
-0.06595921671611098
],
"l_ring_pip": [
0.15800074083359444,
-0.21557607773875248,
-0.2568845611735918
],
"l_ring_dip": [
0.026273480828470332,
0.0674623667277157,
-0.30585211531953166
],
"l_ring_tip": [
-0.0688553571642542,
0.30356543945960907,
-0.2797389109499637
],
"l_pinky_mcp": [
0.4098357992369923,
0.23004516547138373,
-0.13410375597845875
],
"l_pinky_pip": [
0.31872942127207676,
0.023625598145222602,
-0.2920394693265616
],
"l_pinky_dip": [
0.15541770425687523,
0.1823768726191934,
-0.30803821967164385
],
"l_pinky_tip": [
0.02946775200191204,
0.3423129895334383,
-0.28401640230877256
],
"r_hand_position": null,
"r_wrist": null,
"r_thumb_cmc": null,
"r_thumb_mcp": null,
"r_thumb_ip": null,
"r_thumb_tip": null,
"r_index_mcp": null,
"r_index_pip": null,
"r_index_dip": null,
"r_index_tip": null,
"r_middle_mcp": null,
"r_middle_pip": null,
"r_middle_dip": null,
"r_middle_tip": null,
"r_ring_mcp": null,
"r_ring_pip": null,
"r_ring_dip": null,
"r_ring_tip": null,
"r_pinky_mcp": null,
"r_pinky_pip": null,
"r_pinky_dip": null,
"r_pinky_tip": null,
"l_hand_velocity": null,
"r_hand_velocity": null,
"m_nose_point": [
0.0,
0.0,
0.0
],
"m_top_nose": [
0.029860778414182842,
-0.4449887663614192,
0.16633200652283972
],
"m_eyebrows": [
0.05531379649949357,
-0.7402352617042713,
0.1992428481746006
],
"m_forehead": [
0.09252269587437781,
-1.1496675833679388,
0.27605253048373307
],
"m_top_chin": [
-0.07558143980591797,
0.6158299898456737,
0.2339319735001567
],
"m_bot_up_lip": [
-0.04970634295254776,
0.37140285207136997,
0.18491509818084403
],
"m_top_low_lip": [
-0.05064235679484598,
0.3795725020835784,
0.19170291245344873
],
"m_bot_nose": [
-0.03425108796254909,
0.05528982564715034,
0.1033643048847284
],
"m_chin": [
-0.1132927682459162,
0.9395197232785397,
0.32321422962764657
],
"m_nose": [
0.025099208304724733,
-0.35869830032946104,
0.11719766803433215
],
"l_eye_exterior": [
-0.39319676748819216,
-0.5215087129782792,
0.3649611948847407
],
"l_temple": [
-0.5724350764316876,
-0.8617876186003877,
0.628999695977303
],
"l_mid_chin": [
-0.2966028620518411,
0.7048980064803461,
0.2805897723678937
],
"l_up_lip": [
-0.18473051063237503,
0.25806444332259226,
0.1624615049075363
],
"l_ext_nostril": [
-0.18534799978873648,
-0.04619125716493732,
0.1334582357942276
],
"l_mid_cheek": [
-0.456628245192014,
-0.12964779314947014,
0.3110016410519918
],
"l_mid_eyebrow": [
-0.3238055605913885,
-0.7978788332847075,
0.25338825139646765
],
"l_ext_eyebrow": [
-0.40744063148417364,
-0.7774495305500805,
0.29170386554772104
],
"l_ext_lips": [
-0.34672859903698594,
0.3466921633414242,
0.29025991833333953
],
"l_jaw_angle": [
-0.6285890033641065,
0.26399118862274984,
0.7680839028019115
],
"l_mid_ext_face": [
-0.66469102466119,
-0.14791856857229457,
0.8603294956232017
],
"l_int_eyebrow": [
-0.08106232725249156,
-0.7952830776261645,
0.19793427934518398
],
"l_mid_jaw": [
-0.5276203214917076,
0.5727545599517181,
0.5734216208307253
],
"l_mid_bot_eyelid": [
-0.2946485664020027,
-0.4728547863270083,
0.3224817612816643
],
"l_ext_mouth": [
-0.2704050216425217,
0.4233931378351802,
0.25472976816243004
],
"l_top_eyelid": [
-0.2937624119325784,
-0.5887947037388914,
0.31250397414633463
],
"l_eye_int": [
-0.16377193147800953,
-0.5206848827249472,
0.3402382390711083
],
"l_pupil": [
-0.2996517627030805,
-0.5400241828618232,
0.3390308901620675
],
"r_eye_exterior": [
0.43147534217804046,
-0.41350027118972205,
0.45954953701080425
],
"r_temple": [
0.5904718963356422,
-0.6688742260453108,
0.7243192150196789
],
"r_mid_chin": [
0.10559026220417257,
0.7543999260041108,
0.3092190845737664
],
"r_up_lip": [
0.09515162719256393,
0.283393004742537,
0.1830219042336285
],
"r_ext_nostril": [
0.17177915499474022,
0.0006742521347102179,
0.20837999774366006
],
"r_mid_cheek": [
0.4021630168654706,
1.1506009124747746e-06,
0.3759805058162247
],
"r_mid_eyebrow": [
0.4660695009793258,
-0.6184679342043409,
0.35543479163354924
],
"r_ext_eyebrow": [
0.39882953425521245,
-0.6629785469697901,
0.30442000869491626
],
"r_ext_lips": [
0.17478222337629937,
0.4970319797672032,
0.3159449914983828
],
"r_jaw_angle": [
0.4212424729629461,
0.4154041321662303,
0.856892890406163
],
"r_mid_ext_face": [
0.5172614614766973,
0.034780747915924975,
0.9595748649789415
],
"r_int_eyebrow": [
0.1872219451415204,
-0.7412259290899121,
0.21601898701940722
],
"r_mid_jaw": [
0.30037088827337727,
0.6800293018917537,
0.6402547302780172
],
"r_mid_bot_eyelid": [
0.29506144036276244,
-0.3858609196038905,
0.369784519902548
],
"r_ext_mouth": [
0.22078593259250331,
0.4226199340219971,
0.33520198396829265
],
"r_top_eyelid": [
0.3140519166563398,
-0.49701855608989104,
0.36061327778874347
],
"r_eye_int": [
0.1777482807618406,
-0.46611379911445605,
0.3717825443797736
],
"r_pupil": [
0.2944587172514444,
-0.4527829369425233,
0.3859715450874545
],
"l_shoulder": [
0.4197166274014856,
0.008619400557630776,
-0.27159465866756227
],
"l_elbow": [
0.9153266071753284,
0.8205611176243994,
-1.245596999246528
],
"l_hip": [
0.26827288086577294,
1.6274519839425339,
0.06407541559281446
],
"l_knee": [
0.2692630499340989,
2.953595058237559,
-0.3289264490614707
],
"l_ankle": [
0.23008930162702565,
4.112626658271753,
0.6018508490723306
],
"l_body_wrist": [
0.8300135221418513,
-0.20890442708190934,
-2.64256983378319
],
"r_shoulder": [
-0.4197166274014856,
-0.008619400557630776,
0.27159465866756227
],
"r_elbow": [
-0.4768467059908294,
0.9048234398127777,
1.0684853694151812
],
"r_hip": [
-0.31880074113145535,
1.6189275179144023,
0.7731814699355126
],
"r_knee": [
-0.287578481788569,
2.944339615588781,
0.605612028038208
],
"r_ankle": [
-0.2982304055893309,
4.055179649838324,
1.158980313564235
],
"r_body_wrist": [
-0.5050902420234128,
1.3628158529787884,
0.629356540333722
],
"m_face_position": [
-0.10448700189590454,
0.1291854977607727,
-0.5474569238722324
],
"m_body_position": [
-0.10611556470394135,
0.42636457085609436,
-0.6906298398971558
],
"m_face_scale": [
0.15540917131863663,
0.15540917131863663,
0.15540917131863663
],
"m_body_scale": [
0.46429507834439343,
0.46429507834439343,
0.46429507834439343
],
"l_hand_scale": [
0.14890566250677073,
0.14890566250677073,
0.14890566250677073
],
"r_hand_scale": null
}
],
"framerate": 30,
"mirrorable": true,
"invalid": false
}