{
"label": "k",
"gestures": [
{
"l_hand_position": null,
"l_wrist": null,
"l_thumb_cmc": null,
"l_thumb_mcp": null,
"l_thumb_ip": null,
"l_thumb_tip": null,
"l_index_mcp": null,
"l_index_pip": null,
"l_index_dip": null,
"l_index_tip": null,
"l_middle_mcp": null,
"l_middle_pip": null,
"l_middle_dip": null,
"l_middle_tip": null,
"l_ring_mcp": null,
"l_ring_pip": null,
"l_ring_dip": null,
"l_ring_tip": null,
"l_pinky_mcp": null,
"l_pinky_pip": null,
"l_pinky_dip": null,
"l_pinky_tip": null,
"r_hand_position": [
-0.3164452314376831,
0.13311588764190674,
-0.4968358469195664
],
"r_wrist": [
-0.017914658184026943,
0.9997390932734346,
-0.014170758729168545
],
"r_thumb_cmc": [
0.19861538012046412,
0.6024774985085679,
-0.0952178838168935
],
"r_thumb_mcp": [
0.2380291765256597,
0.12747285858265855,
-0.10143223339289469
],
"r_thumb_ip": [
0.14780702577494254,
-0.2262578634172985,
-0.11832498906833447
],
"r_thumb_tip": [
0.06943234006291926,
-0.5033766733984377,
-0.12883332975368103
],
"r_index_mcp": [
0.18235190401919893,
-0.030999775629460276,
0.02232591600795812
],
"r_index_pip": [
0.24285698198801434,
-0.4369142586184941,
-0.02224693799673144
],
"r_index_dip": [
0.2951379851878665,
-0.6776104212406436,
-0.05199533960601946
],
"r_index_tip": [
0.342624553622267,
-0.892602470866268,
-0.07440540608322423
],
"r_middle_mcp": [
0.0,
0.0,
0.0
],
"r_middle_pip": [
-0.05976731860168331,
-0.44306701423068645,
-0.09825792093406231
],
"r_middle_dip": [
-0.0957301177573493,
-0.7430839955299569,
-0.1719319185109088
],
"r_middle_tip": [
-0.1477792613551192,
-0.9790798287519213,
-0.2076974301064841
],
"r_ring_mcp": [
-0.17247377728754024,
0.10841445313297728,
-0.03860741645688806
],
"r_ring_pip": [
-0.14950312481573574,
-0.07445936858578497,
-0.2288835678760508
],
"r_ring_dip": [
-0.051400884439731724,
0.2471719465803633,
-0.27109721580745566
],
"r_ring_tip": [
0.0006927756677068302,
0.4663325301803261,
-0.24065911906291865
],
"r_pinky_mcp": [
-0.31503893399295535,
0.26922971026768855,
-0.07962560922778734
],
"r_pinky_pip": [
-0.264227409431228,
0.0771223501986465,
-0.23997610432405594
],
"r_pinky_dip": [
-0.17844459586021735,
0.3147772409878418,
-0.2513131645536181
],
"r_pinky_tip": [
-0.12603017661414692,
0.511393916587996,
-0.22172633760172883
],
"l_hand_velocity": null,
"r_hand_velocity": null,
"m_nose_point": [
0.0,
0.0,
0.0
],
"m_top_nose": [
0.020786983446075248,
-0.38359897592135994,
0.15108695490434834
],
"m_eyebrows": [
0.027015428548844044,
-0.6620950946435393,
0.1792823592819621
],
"m_forehead": [
0.03968685766239967,
-1.0591859737194453,
0.25618401311495154
],
"m_top_chin": [
0.007949679589868435,
0.6490746847643375,
0.24063302817399443
],
"m_bot_up_lip": [
-0.007273115142958974,
0.38797420629087853,
0.17880990739830213
],
"m_top_low_lip": [
-0.00577740213816249,
0.3944289302948667,
0.1983947841816495
],
"m_bot_nose": [
-0.01673592837269685,
0.06394244103528363,
0.10112527176067498
],
"m_chin": [
0.013948437406294895,
0.948736875100158,
0.3157590583326311
],
"m_nose": [
0.015466872978577842,
-0.3053920644369905,
0.10625487953607363
],
"l_eye_exterior": [
-0.3529769078482269,
-0.4380153592474017,
0.4014246999331146
],
"l_temple": [
-0.5275738973838213,
-0.7216403401607341,
0.6932223611337881
],
"l_mid_chin": [
-0.1882699158111159,
0.7375756767389913,
0.32266531939872173
],
"l_up_lip": [
-0.13301185071442972,
0.28737723422426387,
0.18673462766794716
],
"l_ext_nostril": [
-0.1773488818129342,
-0.013243091040569246,
0.15276554907339915
],
"l_mid_cheek": [
-0.39703293652881544,
-0.025275447943568074,
0.35887495853547313
],
"l_mid_eyebrow": [
-0.33919661744133184,
-0.696930684147579,
0.2844039725848222
],
"l_ext_eyebrow": [
-0.4093959067887423,
-0.6619765585831516,
0.3327213188625649
],
"l_ext_lips": [
-0.2869877315466,
0.3948489190839082,
0.3463171895980321
],
"l_jaw_angle": [
-0.5203297535144076,
0.3593161254674922,
0.8215568660084938
],
"l_mid_ext_face": [
-0.5774361101213885,
-0.033690372102721855,
0.913681113384911
],
"l_int_eyebrow": [
-0.11547836022295799,
-0.7303309648053903,
0.1972061631260314
],
"l_mid_jaw": [
-0.3848326219811459,
0.6403211943496354,
0.6237257908552376
],
"l_mid_bot_eyelid": [
-0.25061041583860383,
-0.41047863712947236,
0.3493833515522485
],
"l_ext_mouth": [
-0.17115944378435052,
0.44324533686386947,
0.3058857018602972
],
"l_top_eyelid": [
-0.2755984233034681,
-0.5190126020191088,
0.342502555738548
],
"l_eye_int": [
-0.14262103514972624,
-0.45926020242832916,
0.34946580961941615
],
"l_pupil": [
-0.26330721848585265,
-0.4710967665414863,
0.3639921990801304
],
"r_eye_exterior": [
0.45136070184166,
-0.448601046020429,
0.3417075203219389
],
"r_temple": [
0.6292749968755491,
-0.7302794603190876,
0.532798833430628
],
"r_mid_chin": [
0.23349823961927696,
0.7516307208577434,
0.28611221075447324
],
"r_up_lip": [
0.1232335725060881,
0.2874003355012084,
0.15441484059812888
],
"r_ext_nostril": [
0.21785147964809792,
-0.0015326371769619873,
0.16147697906891015
],
"r_mid_cheek": [
0.4791273006006607,
-0.02483538755324689,
0.27342484551733376
],
"r_mid_eyebrow": [
0.46396718228315015,
-0.6472546071086717,
0.2505062618616213
],
"r_ext_eyebrow": [
0.3872467054218536,
-0.6808518166846991,
0.2178383549984404
],
"r_ext_lips": [
0.28942983948720774,
0.49698685993556324,
0.2794266196954207
],
"r_jaw_angle": [
0.6074980669059802,
0.3735787023692875,
0.6705478897485039
],
"r_mid_ext_face": [
0.6611407468091078,
-0.03227892195235434,
0.7420705319585896
],
"r_int_eyebrow": [
0.1593802541540967,
-0.72417087675981,
0.17395469829464366
],
"r_mid_jaw": [
0.47869746536570845,
0.6596459805779566,
0.5135893642323005
],
"r_mid_bot_eyelid": [
0.308895126924487,
-0.39971268465438575,
0.2842239628075139
],
"r_ext_mouth": [
0.331168166284177,
0.4127993686887565,
0.28485011414664696
],
"r_top_eyelid": [
0.3238549079386586,
-0.5151641565058181,
0.27598323205491876
],
"r_eye_int": [
0.19063476702226964,
-0.46023386444512415,
0.3044728034421192
],
"r_pupil": [
0.30569086619943747,
-0.4649836384687113,
0.299406337332524
],
"l_shoulder": [
0.43130279311532366,
0.004291320105069373,
-0.2529021257772978
],
"l_elbow": [
0.8140546898640334,
0.9895396873522629,
-0.7759394817321562
],
"l_hip": [
0.3287359101744237,
1.7127592434011378,
0.3282546194470638
],
"l_knee": [
0.3330284760260643,
3.0699173597393923,
0.2737247105060679
],
"l_ankle": [
0.40739996157307873,
4.2703630489190605,
1.7826956635303999
],
"l_body_wrist": [
0.7427910651794878,
1.4204531154559568,
-1.9366320136633026
],
"r_shoulder": [
-0.43130279311532366,
-0.004291320105069373,
0.2529021257772978
],
"r_elbow": [
-0.76751006835027,
0.826712305524717,
-1.0003046679306427
],
"r_hip": [
-0.33249820323560786,
1.6904434929905487,
0.8754256680066529
],
"r_knee": [
-0.24861800331908404,
3.0782289808621615,
1.4804874421317946
],
"r_ankle": [
-0.1672636929918696,
4.224233883886779,
2.819075975623362
],
"r_body_wrist": [
-0.7716129000783088,
0.04153180651956473,
-3.5883546580639627
],
"m_face_position": [
-0.00536876916885376,
0.12562286853790283,
-0.5454084947705269
],
"m_body_position": [
0.008699655532836914,
0.42271339893341064,
-0.7564709484577179
],
"m_face_scale": [
0.15738884651366422,
0.15738884651366422,
0.15738884651366422
],
"m_body_scale": [
0.4306187272742643,
0.4306187272742643,
0.4306187272742643
],
"l_hand_scale": null,
"r_hand_scale": [
0.2232671561692231,
0.2232671561692231,
0.2232671561692231
]
}
],
"framerate": 30,
"mirrorable": true,
"invalid": false
}