{
"label": "k",
"gestures": [
{
"l_hand_position": [
0.2552787661552429,
-0.12902787327766418,
-0.502351486356929
],
"l_wrist": [
0.12383557689047311,
0.9921723285430314,
0.016087895129653067
],
"l_thumb_cmc": [
-0.12394852649089282,
0.6625821324360297,
-0.08957425596872673
],
"l_thumb_mcp": [
-0.2296599739970528,
0.23114034773107342,
-0.11033119797884273
],
"l_thumb_ip": [
-0.23191407288196286,
-0.1462880817565736,
-0.13467492055648325
],
"l_thumb_tip": [
-0.3134534903777268,
-0.4100133698080041,
-0.15063149817750754
],
"l_index_mcp": [
-0.18276672508923286,
-0.016905537756680408,
0.00965694514438113
],
"l_index_pip": [
-0.2876096431770031,
-0.4871000449334319,
-0.06838285174052523
],
"l_index_dip": [
-0.33597042136969846,
-0.7671469580057991,
-0.11225912685902097
],
"l_index_tip": [
-0.3584119167079602,
-1.0094775733243018,
-0.1325316560154868
],
"l_middle_mcp": [
0.0,
0.0,
0.0
],
"l_middle_pip": [
0.011563674073293206,
-0.5326672573771187,
-0.10548946503404677
],
"l_middle_dip": [
0.049480487949924566,
-0.8441233339726943,
-0.16988066368784224
],
"l_middle_tip": [
0.08504003958819392,
-1.0994014598497766,
-0.1934017043947363
],
"l_ring_mcp": [
0.16588544906982672,
0.10560624535125643,
-0.029445455270367838
],
"l_ring_pip": [
0.18758155859737652,
-0.07565013562261699,
-0.21019496790397788
],
"l_ring_dip": [
0.14719494064225377,
0.18817077221689443,
-0.2458595178170056
],
"l_ring_tip": [
0.10672310078645336,
0.3940844179466492,
-0.20909289377930518
],
"l_pinky_mcp": [
0.3171975453634801,
0.25370987980049686,
-0.06411144801680156
],
"l_pinky_pip": [
0.3189121773842918,
0.09239114210215174,
-0.19091513117430536
],
"l_pinky_dip": [
0.25594664887306817,
0.2839789455519598,
-0.17917747088213462
],
"l_pinky_tip": [
0.20643965650427254,
0.4624495082223409,
-0.13619194174659674
],
"r_hand_position": null,
"r_wrist": null,
"r_thumb_cmc": null,
"r_thumb_mcp": null,
"r_thumb_ip": null,
"r_thumb_tip": null,
"r_index_mcp": null,
"r_index_pip": null,
"r_index_dip": null,
"r_index_tip": null,
"r_middle_mcp": null,
"r_middle_pip": null,
"r_middle_dip": null,
"r_middle_tip": null,
"r_ring_mcp": null,
"r_ring_pip": null,
"r_ring_dip": null,
"r_ring_tip": null,
"r_pinky_mcp": null,
"r_pinky_pip": null,
"r_pinky_dip": null,
"r_pinky_tip": null,
"l_hand_velocity": null,
"r_hand_velocity": null,
"m_nose_point": [
0.0,
0.0,
0.0
],
"m_top_nose": [
0.0116141416173048,
-0.31995912336616184,
0.2366184379878312
],
"m_eyebrows": [
0.01993209735512143,
-0.5732131090035643,
0.33193416087642225
],
"m_forehead": [
0.028592315614568167,
-0.874951948372604,
0.48522247226593695
],
"m_top_chin": [
0.0028532726382565266,
0.6097525750929395,
0.057938181509362086
],
"m_bot_up_lip": [
0.001228589753942153,
0.3956139127669535,
0.0788595884328804
],
"m_top_low_lip": [
0.00011417096551816218,
0.397447157963278,
0.07306938663475825
],
"m_bot_nose": [
-0.015904816696438014,
0.08599502340284117,
0.07621847724617202
],
"m_chin": [
0.0006802686695457163,
0.9981737170322488,
0.06040503174870065
],
"m_nose": [
0.008901078936702157,
-0.2650118424613025,
0.1747885655776631
],
"l_eye_exterior": [
-0.3457234542098361,
-0.2713873895357641,
0.4573226154500453
],
"l_temple": [
-0.5202392832526833,
-0.4497216865503602,
0.7940848224991637
],
"l_mid_chin": [
-0.19412769686968423,
0.7725032864390796,
0.0909500370469563
],
"l_up_lip": [
-0.1279398337346979,
0.31197942415118524,
0.09250023339126705
],
"l_ext_nostril": [
-0.15286415670707074,
0.03637121414019049,
0.13645187698420885
],
"l_mid_cheek": [
-0.3962070509628143,
0.07241593937898694,
0.3359394946081403
],
"l_mid_eyebrow": [
-0.32235195651848,
-0.540605530726683,
0.4072713848946091
],
"l_ext_eyebrow": [
-0.39043290445671813,
-0.5014854502917033,
0.4483856546569927
],
"l_ext_lips": [
-0.26603537515217585,
0.4533686476989075,
0.19621613670768503
],
"l_jaw_angle": [
-0.48956284676755996,
0.5987558580391605,
0.6471867246777279
],
"l_mid_ext_face": [
-0.5439808350822759,
0.24981809055010917,
0.8317667493684936
],
"l_int_eyebrow": [
-0.11822553704360322,
-0.594577100551226,
0.34394829599596816
],
"l_mid_jaw": [
-0.39445492724198955,
0.7982828901531411,
0.3986295613678881
],
"l_mid_bot_eyelid": [
-0.25851110792464993,
-0.24385916734981913,
0.40373632568882784
],
"l_ext_mouth": [
-0.1876517494505455,
0.48696495655217303,
0.14519348274251248
],
"l_top_eyelid": [
-0.26500683496281485,
-0.35818987206973696,
0.4119569951200893
],
"l_eye_int": [
-0.14741149160388095,
-0.3148344494139124,
0.41889558845418756
],
"l_pupil": [
-0.2596330379608054,
-0.3019716880487149,
0.42638090673253926
],
"r_eye_exterior": [
0.42820196179973297,
-0.2617975291820872,
0.4454087750482554
],
"r_temple": [
0.578516300276898,
-0.41556804311542056,
0.7384217196854964
],
"r_mid_chin": [
0.19807861317643116,
0.7878202228130688,
0.07149507605554296
],
"r_up_lip": [
0.13100792805807412,
0.31587250385039994,
0.07762129665061845
],
"r_ext_nostril": [
0.17593119849037836,
0.05681132221688287,
0.1621157448894748
],
"r_mid_cheek": [
0.42296161463241905,
0.0953592959496499,
0.29148649478966465
],
"r_mid_eyebrow": [
0.4300294483727967,
-0.48030122793974783,
0.40538757178777585
],
"r_ext_eyebrow": [
0.35736438594404973,
-0.527032455701014,
0.37172915430483083
],
"r_ext_lips": [
0.23476855459535984,
0.527126847047506,
0.13503462972474492
],
"r_jaw_angle": [
0.5352222194775471,
0.6319092536511944,
0.594072626375462
],
"r_mid_ext_face": [
0.5984063346447234,
0.28862319933021646,
0.7726799885419622
],
"r_int_eyebrow": [
0.14763307341195897,
-0.5968297237458903,
0.3304568353714312
],
"r_mid_jaw": [
0.4239490933341814,
0.8307394923506201,
0.35650477058648267
],
"r_mid_bot_eyelid": [
0.2894399223335503,
-0.23177306900005437,
0.37241440700021505
],
"r_ext_mouth": [
0.27368032309325385,
0.4646735762846006,
0.1638703723595434
],
"r_top_eyelid": [
0.30721003221663373,
-0.35429704274544666,
0.38059791922785496
],
"r_eye_int": [
0.1802616831824883,
-0.2997986840800041,
0.3977240961022936
],
"r_pupil": [
0.301678749387188,
-0.2870713755488972,
0.39546022168446493
],
"l_shoulder": [
0.47842149675916434,
-0.03645978311700759,
-0.14065402821740178
],
"l_elbow": [
1.0165818168274094,
0.7478414283752937,
-1.5439383710157557
],
"l_hip": [
0.3884756712111267,
2.0612855093892835,
-0.24910867519392343
],
"l_knee": [
0.3100198978179013,
3.9240115132462248,
-0.8567650101355145
],
"l_ankle": [
0.2541091429171883,
5.6496680367321,
0.11911400877396233
],
"l_body_wrist": [
1.0213781553573493,
-0.4440410860253477,
-3.5556252109551445
],
"r_shoulder": [
-0.47842149675916434,
0.03645978311700759,
0.14065402821740178
],
"r_elbow": [
-0.7687822535340209,
0.9061469574512123,
-0.41462805101678735
],
"r_hip": [
-0.3735905946800811,
2.047689448838159,
-0.11262177640252163
],
"r_knee": [
-0.4225296747737011,
3.9126929710295575,
-0.6090242409686493
],
"r_ankle": [
-0.4515596807812979,
5.621842591053065,
-0.30365740870070357
],
"r_body_wrist": [
-0.957094829133673,
1.5469947694137696,
-1.6973211565099198
],
"m_face_position": [
-0.10573956370353699,
-0.0916445255279541,
-0.5327134765684605
],
"m_body_position": [
-0.08093670010566711,
0.18812203407287598,
-0.43950081896036863
],
"m_face_scale": [
0.11903077938521248,
0.11903077938521248,
0.11903077938521248
],
"m_body_scale": [
0.3211166208101958,
0.3211166208101958,
0.3211166208101958
],
"l_hand_scale": [
0.14617569731485142,
0.14617569731485142,
0.14617569731485142
],
"r_hand_scale": null
}
],
"framerate": 30,
"mirrorable": true,
"invalid": false
}