{
"label": "k",
"gestures": [
{
"l_hand_position": [
0.2793516516685486,
0.0012807250022888184,
-0.49640196678228676
],
"l_wrist": [
-0.07715451484622808,
0.9968160920279787,
-0.020121121064973727
],
"l_thumb_cmc": [
-0.2645395269882724,
0.6333779475306078,
-0.103362865723418
],
"l_thumb_mcp": [
-0.29399254787173995,
0.15410503185654983,
-0.1340287695734532
],
"l_thumb_ip": [
-0.16644223431172075,
-0.19065131082512599,
-0.18586907379666387
],
"l_thumb_tip": [
-0.015185505572523015,
-0.4042143785928281,
-0.2148757973313056
],
"l_index_mcp": [
-0.16506991553651437,
-0.06394948826396223,
0.036067066604343063
],
"l_index_pip": [
-0.10905884305854381,
-0.46150943744973844,
-0.1326180553722281
],
"l_index_dip": [
-0.15213371943571657,
-0.36941108113398097,
-0.23441684003181695
],
"l_index_tip": [
-0.17969476039009225,
-0.23625516037390204,
-0.26386354848224947
],
"l_middle_mcp": [
0.0,
0.0,
0.0
],
"l_middle_pip": [
0.0893533854355475,
-0.5454845466069388,
-0.1633676979172618
],
"l_middle_dip": [
0.14419280367624568,
-0.8555312575027898,
-0.26956877962545706
],
"l_middle_tip": [
0.21865068046286246,
-1.1125891971921777,
-0.3115214804071341
],
"l_ring_mcp": [
0.1510557308714665,
0.14327114678689767,
-0.06421206750966264
],
"l_ring_pip": [
0.14335481256600305,
-0.14974941139611217,
-0.29286282417923426
],
"l_ring_dip": [
-0.007425254563152154,
0.126618323446957,
-0.31656184360353673
],
"l_ring_tip": [
-0.10160758877120751,
0.35872319451551665,
-0.25530511844029297
],
"l_pinky_mcp": [
0.29189723676633617,
0.33768341771419846,
-0.13352821238357154
],
"l_pinky_pip": [
0.24205443218615386,
0.07975448726464192,
-0.2811494067733594
],
"l_pinky_dip": [
0.08992137941003175,
0.2641895307011782,
-0.24545557709498084
],
"l_pinky_tip": [
-0.014778176560304846,
0.4470819238361222,
-0.17255807958854658
],
"r_hand_position": null,
"r_wrist": null,
"r_thumb_cmc": null,
"r_thumb_mcp": null,
"r_thumb_ip": null,
"r_thumb_tip": null,
"r_index_mcp": null,
"r_index_pip": null,
"r_index_dip": null,
"r_index_tip": null,
"r_middle_mcp": null,
"r_middle_pip": null,
"r_middle_dip": null,
"r_middle_tip": null,
"r_ring_mcp": null,
"r_ring_pip": null,
"r_ring_dip": null,
"r_ring_tip": null,
"r_pinky_mcp": null,
"r_pinky_pip": null,
"r_pinky_dip": null,
"r_pinky_tip": null,
"l_hand_velocity": null,
"r_hand_velocity": null,
"m_nose_point": null,
"m_top_nose": null,
"m_eyebrows": null,
"m_forehead": null,
"m_top_chin": null,
"m_bot_up_lip": null,
"m_top_low_lip": null,
"m_bot_nose": null,
"m_chin": null,
"m_nose": null,
"l_eye_exterior": null,
"l_temple": null,
"l_mid_chin": null,
"l_up_lip": null,
"l_ext_nostril": null,
"l_mid_cheek": null,
"l_mid_eyebrow": null,
"l_ext_eyebrow": null,
"l_ext_lips": null,
"l_jaw_angle": null,
"l_mid_ext_face": null,
"l_int_eyebrow": null,
"l_mid_jaw": null,
"l_mid_bot_eyelid": null,
"l_ext_mouth": null,
"l_top_eyelid": null,
"l_eye_int": null,
"l_pupil": null,
"r_eye_exterior": null,
"r_temple": null,
"r_mid_chin": null,
"r_up_lip": null,
"r_ext_nostril": null,
"r_mid_cheek": null,
"r_mid_eyebrow": null,
"r_ext_eyebrow": null,
"r_ext_lips": null,
"r_jaw_angle": null,
"r_mid_ext_face": null,
"r_int_eyebrow": null,
"r_mid_jaw": null,
"r_mid_bot_eyelid": null,
"r_ext_mouth": null,
"r_top_eyelid": null,
"r_eye_int": null,
"r_pupil": null,
"l_shoulder": [
0.4358685025760077,
0.071212908419538,
0.23440855388952703
],
"l_elbow": [
0.7187122821819226,
0.9928385606304531,
-0.9755163505534269
],
"l_hip": [
0.21961690192067054,
1.7848993797899082,
0.10269390705541326
],
"l_knee": [
0.09819431618112912,
3.1772622854617647,
-0.1251390519130611
],
"l_ankle": [
0.04916846033724243,
4.5015862625528875,
0.9120876378976192
],
"l_body_wrist": [
0.8177079560924818,
0.14337171341067909,
-3.434808964672696
],
"r_shoulder": [
-0.4358685025760077,
-0.071212908419538,
-0.23440855388952703
],
"r_elbow": [
-0.7622828624166944,
0.8770017294920005,
0.07954446221130121
],
"r_hip": [
-0.3783868916267211,
1.7377522781453487,
-0.08832129235439788
],
"r_knee": [
-0.5354335198217581,
3.0622206866148214,
-0.3819355530403501
],
"r_ankle": [
-0.5538519594036933,
4.508376829896887,
0.24729697677332765
],
"r_body_wrist": [
-0.6017830454596025,
0.9653381384241919,
-1.8684506664696343
],
"m_face_position": null,
"m_body_position": [
-0.05852065980434418,
0.13315197825431824,
-0.5008444376289845
],
"m_face_scale": null,
"m_body_scale": [
0.41598635019671176,
0.41598635019671176,
0.41598635019671176
],
"l_hand_scale": [
0.17881583125857795,
0.17881583125857795,
0.17881583125857795
],
"r_hand_scale": null
}
],
"framerate": 30,
"mirrorable": true,
"invalid": false
}