{
"label": "k",
"gestures": [
{
"l_hand_position": [
0.10995697975158691,
0.049766480922698975,
-0.5201988443732262
],
"l_wrist": [
0.07433827936393178,
0.9950397403708119,
0.06610397343577346
],
"l_thumb_cmc": [
-0.18168254565197556,
0.8148168925956529,
-0.025989658085699828
],
"l_thumb_mcp": [
-0.3006250020592078,
0.41301608158646047,
-0.04681770509703017
],
"l_thumb_ip": [
-0.2773109954918558,
0.11038987138636507,
-0.07081837730498475
],
"l_thumb_tip": [
-0.23322687117334395,
-0.09727151214329152,
-0.09061304263543914
],
"l_index_mcp": [
-0.16658755690391963,
0.0398427490765468,
0.006255963865444896
],
"l_index_pip": [
-0.26313673024755163,
-0.33366044433269826,
-0.08210889557114515
],
"l_index_dip": [
-0.298545766502748,
-0.5767543698764923,
-0.1380070411553883
],
"l_index_tip": [
-0.32325275750660243,
-0.7880934781048743,
-0.17800801520057508
],
"l_middle_mcp": [
0.0,
0.0,
0.0
],
"l_middle_pip": [
-0.17898065131924973,
-0.09314269144828936,
-0.1507969537460377
],
"l_middle_dip": [
-0.33048550879306604,
-0.17372140844114556,
-0.21673775196111938
],
"l_middle_tip": [
-0.46415563988954817,
-0.25385741738489903,
-0.22923103845475765
],
"l_ring_mcp": [
0.14060189162737605,
0.04707998693940586,
-0.019676575713699355
],
"l_ring_pip": [
-0.09769364046153703,
0.18502406972385435,
-0.1898719862040563
],
"l_ring_dip": [
-0.17986587234891616,
0.5163091644579964,
-0.18884029308522046
],
"l_ring_tip": [
-0.22188461097723228,
0.7595050133133816,
-0.13707366258017342
],
"l_pinky_mcp": [
0.25864254617913274,
0.16306949580430877,
-0.05155364004410234
],
"l_pinky_pip": [
0.02751402727906376,
0.3351414046802583,
-0.1934038484027965
],
"l_pinky_dip": [
-0.05131141368588544,
0.574646946916157,
-0.2000085277610388
],
"l_pinky_tip": [
-0.07791447088814395,
0.7535645910973322,
-0.16317790514481936
],
"r_hand_position": null,
"r_wrist": null,
"r_thumb_cmc": null,
"r_thumb_mcp": null,
"r_thumb_ip": null,
"r_thumb_tip": null,
"r_index_mcp": null,
"r_index_pip": null,
"r_index_dip": null,
"r_index_tip": null,
"r_middle_mcp": null,
"r_middle_pip": null,
"r_middle_dip": null,
"r_middle_tip": null,
"r_ring_mcp": null,
"r_ring_pip": null,
"r_ring_dip": null,
"r_ring_tip": null,
"r_pinky_mcp": null,
"r_pinky_pip": null,
"r_pinky_dip": null,
"r_pinky_tip": null,
"l_hand_velocity": null,
"r_hand_velocity": null,
"m_nose_point": [
0.0,
0.0,
0.0
],
"m_top_nose": [
0.005923797461522611,
-0.4504733597387422,
0.126981312868036
],
"m_eyebrows": [
-0.001419185310310888,
-0.7318467993795977,
0.14311883129651937
],
"m_forehead": [
-0.015396772660579431,
-1.1021431288672432,
0.18311219551208927
],
"m_top_chin": [
0.11163592712054919,
0.6149964939581446,
0.2978856307036353
],
"m_bot_up_lip": [
0.0489167846261803,
0.38908231792291,
0.21086836655731248
],
"m_top_low_lip": [
0.04790583196075469,
0.410693491394006,
0.24240132932882857
],
"m_bot_nose": [
-0.00042991946197437413,
0.04905662122277084,
0.10724146231333302
],
"m_chin": [
0.14550032574152502,
0.9010858620959281,
0.40850204937056067
],
"m_nose": [
0.0014897975867530068,
-0.35866247983383054,
0.08667301269469815
],
"l_eye_exterior": [
-0.3259221523162171,
-0.432255739405749,
0.3805172558995842
],
"l_temple": [
-0.45917237580952314,
-0.7130500542830571,
0.6222864958358295
],
"l_mid_chin": [
-0.07409778168467936,
0.6968866092647437,
0.39330193276734526
],
"l_up_lip": [
-0.08952231347113283,
0.29992278152804364,
0.21147644322167383
],
"l_ext_nostril": [
-0.14405181985450966,
-0.018256483109216886,
0.1539198746438872
],
"l_mid_cheek": [
-0.3457378308268721,
-0.06346638346399101,
0.3620747486950812
],
"l_mid_eyebrow": [
-0.33383246222310153,
-0.6937236303659322,
0.2467519976089333
],
"l_ext_eyebrow": [
-0.3922312437642477,
-0.6555605576088228,
0.2966666614772562
],
"l_ext_lips": [
-0.18353136915619597,
0.35835712944921594,
0.38618184710155357
],
"l_jaw_angle": [
-0.33428615043660553,
0.2854463973847257,
0.8310932864521304
],
"l_mid_ext_face": [
-0.400429207613002,
-0.09126471910333972,
0.8917321427040442
],
"l_int_eyebrow": [
-0.14308961915390034,
-0.7611587013572291,
0.16034202431870886
],
"l_mid_jaw": [
-0.24055624746111334,
0.5739410937794958,
0.6626006406063728
],
"l_mid_bot_eyelid": [
-0.23320805985317844,
-0.41569533888743665,
0.33058385563786585
],
"l_ext_mouth": [
-0.12436765020268296,
0.47612244505729245,
0.3486961187025881
],
"l_top_eyelid": [
-0.25858857562889725,
-0.5222019000300713,
0.3159274465150392
],
"l_eye_int": [
-0.13520672138381654,
-0.4837957614270272,
0.3254164591153334
],
"l_pupil": [
-0.24367255632954904,
-0.46707331701142507,
0.3413616913800962
],
"r_eye_exterior": [
0.5221238274885505,
-0.6068955135554128,
0.3152011197696473
],
"r_temple": [
0.6919642222691275,
-0.9335666417866192,
0.5030599008054721
],
"r_mid_chin": [
0.3490418607840311,
0.6493508411507974,
0.3535361283234913
],
"r_up_lip": [
0.18569172312734405,
0.2604479165788486,
0.1841376132845133
],
"r_ext_nostril": [
0.25047146023425115,
-0.10178126394072416,
0.16791773916813407
],
"r_mid_cheek": [
0.5276728767507735,
-0.20571941196186214,
0.2666838849289603
],
"r_mid_eyebrow": [
0.4822832360559648,
-0.7948461355507578,
0.20737307513854042
],
"r_ext_eyebrow": [
0.3894129985098846,
-0.805832850582634,
0.17626585169500475
],
"r_ext_lips": [
0.38757916125683006,
0.35697680691512873,
0.32753174788057027
],
"r_jaw_angle": [
0.8066916485393625,
0.13257654420725015,
0.7236914501264236
],
"r_mid_ext_face": [
0.8496957393543698,
-0.29138476838733224,
0.7679972704503871
],
"r_int_eyebrow": [
0.14304711299240572,
-0.7940654101355501,
0.13524610464365036
],
"r_mid_jaw": [
0.6548291046420416,
0.47504677892967295,
0.5819493413523545
],
"r_mid_bot_eyelid": [
0.35374009283821434,
-0.5388230236362331,
0.2644936519455677
],
"r_ext_mouth": [
0.42325623079738145,
0.2592608669586594,
0.32513611634167466
],
"r_top_eyelid": [
0.36576777509036745,
-0.6147258424808727,
0.2520894241991486
],
"r_eye_int": [
0.2424853332148232,
-0.5521821029631204,
0.28295673519549697
],
"r_pupil": [
0.33944761290381203,
-0.5358049126755768,
0.27715725402437247
],
"l_shoulder": [
0.3556843899746574,
-0.036965494553814836,
-0.3494598216401246
],
"l_elbow": [
0.5105039064385404,
0.5962979781844793,
-1.3582603378041571
],
"l_hip": [
0.272908647682811,
1.2416250141780452,
0.4286816603008034
],
"l_knee": [
0.2973949371329762,
2.2900274876694087,
0.30270457640933995
],
"l_ankle": [
0.3255471857349202,
3.181512823878416,
1.1956015927004224
],
"l_body_wrist": [
0.25999341369808926,
-0.15717846197416618,
-2.4952117905731055
],
"r_shoulder": [
-0.3556843899746574,
0.036965494553814836,
0.3494598216401246
],
"r_elbow": [
-0.4459848006973541,
0.7089319442686656,
0.9598783073785708
],
"r_hip": [
-0.1960111014541155,
1.257978535858523,
0.9443927221581736
],
"r_knee": [
-0.14101698321530173,
2.2562490033174702,
0.6608761371240616
],
"r_ankle": [
-0.0842265625503264,
3.1387476574782878,
1.2519208680643736
],
"r_body_wrist": [
-0.4587760785969254,
1.1389851812122307,
0.44368844288971465
],
"m_face_position": [
-0.04990297555923462,
0.09623408317565918,
-0.5502080209553242
],
"m_body_position": [
-0.003918126225471497,
0.3903878331184387,
-0.916270412504673
],
"m_face_scale": [
0.17177671961524485,
0.17177671961524485,
0.17177671961524485
],
"m_body_scale": [
0.6110438406990526,
0.6110438406990526,
0.6110438406990526
],
"l_hand_scale": [
0.3055574471526573,
0.3055574471526573,
0.3055574471526573
],
"r_hand_scale": null
}
],
"framerate": 30,
"mirrorable": true,
"invalid": false
}