{
"label": "k",
"gestures": [
{
"l_hand_position": null,
"l_wrist": null,
"l_thumb_cmc": null,
"l_thumb_mcp": null,
"l_thumb_ip": null,
"l_thumb_tip": null,
"l_index_mcp": null,
"l_index_pip": null,
"l_index_dip": null,
"l_index_tip": null,
"l_middle_mcp": null,
"l_middle_pip": null,
"l_middle_dip": null,
"l_middle_tip": null,
"l_ring_mcp": null,
"l_ring_pip": null,
"l_ring_dip": null,
"l_ring_tip": null,
"l_pinky_mcp": null,
"l_pinky_pip": null,
"l_pinky_dip": null,
"l_pinky_tip": null,
"r_hand_position": [
-0.3118480145931244,
0.09720784425735474,
-0.5144470958039165
],
"r_wrist": [
-0.008597032672071082,
0.996221839259931,
0.08641838930919424
],
"r_thumb_cmc": [
0.2034946004729907,
0.6844340055801227,
-0.02968768273006676
],
"r_thumb_mcp": [
0.2459632341515942,
0.2355635619137336,
-0.059237815477690296
],
"r_thumb_ip": [
0.19855044431818555,
-0.12475863070828141,
-0.09037377011192105
],
"r_thumb_tip": [
0.23710298971934826,
-0.3873888827479006,
-0.1134122529313005
],
"r_index_mcp": [
0.18533111721362272,
-0.04488879138678771,
0.017304596679513597
],
"r_index_pip": [
0.23714844789668968,
-0.48384222169826463,
-0.07399153433488781
],
"r_index_dip": [
0.27336836486447064,
-0.7446208106475104,
-0.12246834634425902
],
"r_index_tip": [
0.28418776760645026,
-0.9820146435681627,
-0.15571119836458303
],
"r_middle_mcp": [
0.0,
0.0,
0.0
],
"r_middle_pip": [
-0.10396365378293222,
-0.46785199585054027,
-0.14811406732666083
],
"r_middle_dip": [
-0.1895006125463216,
-0.7540534715795338,
-0.2258761624920912
],
"r_middle_tip": [
-0.2794658217185317,
-1.003255734567225,
-0.25609176730252053
],
"r_ring_mcp": [
-0.16179109031261985,
0.13807591572833094,
-0.03522515723285835
],
"r_ring_pip": [
-0.19933749472195936,
-0.033721054219219414,
-0.25205071360423137
],
"r_ring_dip": [
-0.07283380480585419,
0.24602393418839713,
-0.3011759620016155
],
"r_ring_tip": [
0.029544695593078776,
0.44053216607043977,
-0.2742170122127131
],
"r_pinky_mcp": [
-0.2896834829796645,
0.3305251595778509,
-0.07584865686322623
],
"r_pinky_pip": [
-0.3079675641095088,
0.22880223740312589,
-0.2530219364764987
],
"r_pinky_dip": [
-0.19343149701481863,
0.41770752609363715,
-0.2861849915688523
],
"r_pinky_tip": [
-0.08572458516202403,
0.5610904611923749,
-0.271728689521937
],
"l_hand_velocity": null,
"r_hand_velocity": null,
"m_nose_point": [
0.0,
0.0,
0.0
],
"m_top_nose": [
-0.002940683018998017,
-0.30519983621232005,
0.26138711382076385
],
"m_eyebrows": [
-0.014562455910657017,
-0.5714734818144607,
0.377695986727644
],
"m_forehead": [
-0.02987760891712442,
-0.890190929576399,
0.5580393230916733
],
"m_top_chin": [
0.04855707095143506,
0.5906157390468915,
0.0010863212891721488
],
"m_bot_up_lip": [
0.04037669803975898,
0.3907059269140415,
0.05325291411500154
],
"m_top_low_lip": [
0.04011523746421729,
0.3971117110148129,
0.041445103167117116
],
"m_bot_nose": [
-0.004632692201558851,
0.09576118321855467,
0.06986167949432735
],
"m_chin": [
0.08024444610422689,
0.9964729071371228,
-0.024547387052738633
],
"m_nose": [
-0.0038143804765810372,
-0.2514806652909106,
0.19492851882459394
],
"l_eye_exterior": [
-0.3379884393998838,
-0.18326839536724165,
0.49351087487794587
],
"l_temple": [
-0.5147387822894516,
-0.3344010905299277,
0.8588281659611565
],
"l_mid_chin": [
-0.12818653583551856,
0.802633071915465,
0.03480988616388142
],
"l_up_lip": [
-0.09302682452777515,
0.3302963091850924,
0.0780069529453913
],
"l_ext_nostril": [
-0.14158963364069635,
0.06888163893528952,
0.14068156178910202
],
"l_mid_cheek": [
-0.37852156471146026,
0.1545092289693476,
0.34650132161756775
],
"l_mid_eyebrow": [
-0.34264333579154116,
-0.46193247801490006,
0.46018382008049386
],
"l_ext_eyebrow": [
-0.4072016442749586,
-0.41388286012706405,
0.5034141931471514
],
"l_ext_lips": [
-0.22694204140870242,
0.496977675578203,
0.17445707417737386
],
"l_jaw_angle": [
-0.404189608465307,
0.7199688680610674,
0.6189195012481449
],
"l_mid_ext_face": [
-0.48422149310926527,
0.38529958085298377,
0.8337809039602597
],
"l_int_eyebrow": [
-0.14705560668415332,
-0.5467454986032104,
0.393548515438721
],
"l_mid_jaw": [
-0.30295247279201515,
0.8894314963779745,
0.3503625819379206
],
"l_mid_bot_eyelid": [
-0.251039824797607,
-0.175888371240239,
0.4358163586945715
],
"l_ext_mouth": [
-0.1395438543282518,
0.5151661505775269,
0.11980953733596195
],
"l_top_eyelid": [
-0.26247847549227404,
-0.27501585936889295,
0.45148860310373934
],
"l_eye_int": [
-0.1418922592877689,
-0.26384740123463785,
0.4508824318326167
],
"l_pupil": [
-0.25245590325826983,
-0.2250077820173143,
0.46126144057045604
],
"r_eye_exterior": [
0.4457064542438308,
-0.29131847512153786,
0.44774711910799425
],
"r_temple": [
0.6038392074490253,
-0.495187868165096,
0.7475003797575333
],
"r_mid_chin": [
0.26646574926928485,
0.7606878599077378,
0.0008280416509760261
],
"r_up_lip": [
0.1658645515798248,
0.29750047092435045,
0.05119447342449523
],
"r_ext_nostril": [
0.19504385119261602,
0.042341145150269745,
0.14978925590116215
],
"r_mid_cheek": [
0.46487241257805206,
0.04835723324054871,
0.26938761953873663
],
"r_mid_eyebrow": [
0.4178494266256684,
-0.5330073420642993,
0.4271279713774119
],
"r_ext_eyebrow": [
0.33679515129605186,
-0.5679557393381841,
0.39979512013315793
],
"r_ext_lips": [
0.2939942047710461,
0.4954563143285338,
0.08705327367807811
],
"r_jaw_angle": [
0.6338582745210468,
0.5904211405269272,
0.5145756345078502
],
"r_mid_ext_face": [
0.6860101789008981,
0.23407856790046777,
0.718059338898258
],
"r_int_eyebrow": [
0.11495658081605255,
-0.6021591735600007,
0.3721751659042211
],
"r_mid_jaw": [
0.5153238252757544,
0.7932219881076561,
0.2694707134868366
],
"r_mid_bot_eyelid": [
0.30252186119527374,
-0.24837307661825098,
0.3791463616181675
],
"r_ext_mouth": [
0.33402436775409955,
0.4318131178595124,
0.12033105513233405
],
"r_top_eyelid": [
0.3041909177318901,
-0.35752463389260114,
0.39364133176004207
],
"r_eye_int": [
0.1881395954983977,
-0.29261929138191417,
0.41280667417747335
],
"r_pupil": [
0.30249491678481716,
-0.3044351638229734,
0.4051473356844355
],
"l_shoulder": [
0.46644701384342496,
-0.0396606845723526,
-0.17565367452975214
],
"l_elbow": [
0.7125677364349343,
0.816682380379212,
-0.659877786325159
],
"l_hip": [
0.3128344694232052,
1.7347755504560907,
-0.22404861194628922
],
"l_knee": [
0.28702253221465046,
3.2723358040460453,
-0.43589377626096815
],
"l_ankle": [
0.2792400723460932,
4.652926118969943,
0.7103788402792661
],
"l_body_wrist": [
0.3013356890061922,
1.573368303256825,
-1.4116628124126447
],
"r_shoulder": [
-0.46644701384342496,
0.0396606845723526,
0.17565367452975214
],
"r_elbow": [
-0.7783520298700501,
0.9018100244750602,
-0.8250344248615785
],
"r_hip": [
-0.37321045714995293,
1.7521727262604847,
0.25534757528461627
],
"r_knee": [
-0.3571393975767826,
3.2872306483895852,
0.1840616799375763
],
"r_ankle": [
-0.35594078677918495,
4.648798765097398,
0.788208888553044
],
"r_body_wrist": [
-0.693173809116543,
0.20847519122483388,
-3.064816446330559
],
"m_face_position": [
-0.039130210876464844,
-0.10954716801643372,
-0.5323190800845623
],
"m_body_position": [
0.007101461291313171,
0.18565264344215393,
-0.5040816105902195
],
"m_face_scale": [
0.11945523258180228,
0.11945523258180228,
0.11945523258180228
],
"m_body_scale": [
0.39921723483210236,
0.39921723483210236,
0.39921723483210236
],
"l_hand_scale": null,
"r_hand_scale": [
0.16717767084646448,
0.16717767084646448,
0.16717767084646448
]
}
],
"framerate": 30,
"mirrorable": true,
"invalid": false
}