{
"label": "k",
"gestures": [
{
"l_hand_position": null,
"l_wrist": null,
"l_thumb_cmc": null,
"l_thumb_mcp": null,
"l_thumb_ip": null,
"l_thumb_tip": null,
"l_index_mcp": null,
"l_index_pip": null,
"l_index_dip": null,
"l_index_tip": null,
"l_middle_mcp": null,
"l_middle_pip": null,
"l_middle_dip": null,
"l_middle_tip": null,
"l_ring_mcp": null,
"l_ring_pip": null,
"l_ring_dip": null,
"l_ring_tip": null,
"l_pinky_mcp": null,
"l_pinky_pip": null,
"l_pinky_dip": null,
"l_pinky_tip": null,
"r_hand_position": [
-0.30141422152519226,
-0.00774875283241272,
-0.5176574494689703
],
"r_wrist": [
-0.07993030238368294,
0.9949887658209612,
0.06007081363635131
],
"r_thumb_cmc": [
0.1495615659611689,
0.7569513956287199,
-0.051644336171506676
],
"r_thumb_mcp": [
0.2489524686266872,
0.3458276804199015,
-0.09920380490526047
],
"r_thumb_ip": [
0.2326192086431784,
-0.010449948829507848,
-0.1517720974526941
],
"r_thumb_tip": [
0.2507566975651087,
-0.2654269564654006,
-0.19065652098515487
],
"r_index_mcp": [
0.1553323916124064,
-0.007793080793978828,
0.0073507996083441215
],
"r_index_pip": [
0.2065443695532878,
-0.4039325509807763,
-0.10265681582661719
],
"r_index_dip": [
0.22115501468555362,
-0.6637268174393876,
-0.16494717106828122
],
"r_index_tip": [
0.23752629365377292,
-0.8885948168637483,
-0.19708984011796774
],
"r_middle_mcp": [
0.0,
0.0,
0.0
],
"r_middle_pip": [
0.11617248251673333,
-0.19152839135202843,
-0.15940134176856047
],
"r_middle_dip": [
0.27326819464001273,
-0.23473894446271745,
-0.21948406129803477
],
"r_middle_tip": [
0.41118343036080374,
-0.26628182600961114,
-0.23053640826728558
],
"r_ring_mcp": [
-0.15782253372698496,
0.03844794024199442,
-0.029700836391680092
],
"r_ring_pip": [
0.02766388057485069,
0.03484049620474365,
-0.25826461696426645
],
"r_ring_dip": [
0.07624053457153904,
0.37416287488078037,
-0.2825524877347941
],
"r_ring_tip": [
0.09038856469784748,
0.6331486042645483,
-0.2285483955567735
],
"r_pinky_mcp": [
-0.30497055315477206,
0.12015732834221034,
-0.06595643088983584
],
"r_pinky_pip": [
-0.11268021065716557,
0.16987946900223624,
-0.23993485336366022
],
"r_pinky_dip": [
-0.060359497738166734,
0.4312485324995361,
-0.2544674328473205
],
"r_pinky_tip": [
-0.04892318436932965,
0.6269641827516402,
-0.21860062682331174
],
"l_hand_velocity": null,
"r_hand_velocity": null,
"m_nose_point": [
0.0,
0.0,
0.0
],
"m_top_nose": [
0.038693149039779606,
-0.45917945687191397,
0.15328467667652165
],
"m_eyebrows": [
0.06666889516851826,
-0.7741693526620692,
0.17342900862419103
],
"m_forehead": [
0.10890711005121928,
-1.189112574677231,
0.23385043401837588
],
"m_top_chin": [
-0.07426397919248255,
0.6330055439038693,
0.2664627189774768
],
"m_bot_up_lip": [
-0.044098235459998386,
0.37455512344683334,
0.19646868676690793
],
"m_top_low_lip": [
-0.04610137263656066,
0.4035491928753011,
0.20291566037906467
],
"m_bot_nose": [
-0.03247772884125475,
0.05524036617946906,
0.10716439308793876
],
"m_chin": [
-0.10656904371674644,
0.9220241513102382,
0.372175366355611
],
"m_nose": [
0.0317182369459632,
-0.3680833479096022,
0.10630961392975717
],
"l_eye_exterior": [
-0.3808888995873108,
-0.5474411308561664,
0.3627944818246428
],
"l_temple": [
-0.5514384913726585,
-0.9125515491778092,
0.6255181068375701
],
"l_mid_chin": [
-0.28972923827123087,
0.6924836140468082,
0.32175089772829235
],
"l_up_lip": [
-0.17142694440944561,
0.2530176021006275,
0.1723374144126987
],
"l_ext_nostril": [
-0.1808288961330103,
-0.049331813060567546,
0.13912832797302346
],
"l_mid_cheek": [
-0.442840559395745,
-0.1408554560391378,
0.32466231126862394
],
"l_mid_eyebrow": [
-0.3088877143310718,
-0.8209519735168147,
0.2416240939662643
],
"l_ext_eyebrow": [
-0.39249884165893456,
-0.8026731610757541,
0.28467996636544207
],
"l_ext_lips": [
-0.3331780842254529,
0.3595983658618351,
0.308670850951161
],
"l_jaw_angle": [
-0.5958452446227677,
0.2212622241686959,
0.8124764417865884
],
"l_mid_ext_face": [
-0.6327277293288257,
-0.19582378513026943,
0.8918208539141638
],
"l_int_eyebrow": [
-0.06785212444594706,
-0.8175884858275165,
0.17626839573371286
],
"l_mid_jaw": [
-0.5023968732157907,
0.5362587228008011,
0.6212513297356395
],
"l_mid_bot_eyelid": [
-0.2835890904709353,
-0.4948024494760214,
0.3169502602208282
],
"l_ext_mouth": [
-0.25193919293915396,
0.4150615779571145,
0.26934470731375143
],
"l_top_eyelid": [
-0.2800410533491364,
-0.6115185756303829,
0.3035476335830196
],
"l_eye_int": [
-0.15262964380426622,
-0.5383937517453133,
0.3285012990100176
],
"l_pupil": [
-0.2945595472997076,
-0.5620497535993542,
0.3319949220081377
],
"r_eye_exterior": [
0.4550974149074139,
-0.42238214882701014,
0.42621902933329714
],
"r_temple": [
0.6322219516354605,
-0.6998064959113863,
0.6745754686457123
],
"r_mid_chin": [
0.1098239146559681,
0.7552119331396039,
0.3367938546411765
],
"r_up_lip": [
0.09950994538806833,
0.29616354268039613,
0.18398831473829313
],
"r_ext_nostril": [
0.1793062807793547,
0.007725985365621791,
0.20263623636129574
],
"r_mid_cheek": [
0.4159062465135603,
0.00836348975588825,
0.35787043307435806
],
"r_mid_eyebrow": [
0.49069003443855164,
-0.6323637476663354,
0.31806778864161994
],
"r_ext_eyebrow": [
0.4205995465715758,
-0.6778845654244479,
0.26858060890450575
],
"r_ext_lips": [
0.17366448247523067,
0.5233346501100911,
0.3193158018575946
],
"r_jaw_angle": [
0.45419414612866243,
0.40155711545900497,
0.859693818515975
],
"r_mid_ext_face": [
0.5602529552337274,
0.014012221044059725,
0.9429037406598547
],
"r_int_eyebrow": [
0.2022607306762147,
-0.7651364998035061,
0.18583680097605923
],
"r_mid_jaw": [
0.3189758664042837,
0.6722878315166321,
0.6565271366564668
],
"r_mid_bot_eyelid": [
0.31457441196045544,
-0.3968156146547549,
0.34132179993457856
],
"r_ext_mouth": [
0.21725116275515766,
0.4512329365851643,
0.3333948715179272
],
"r_top_eyelid": [
0.33433077535886324,
-0.5057324638978503,
0.3287150299088549
],
"r_eye_int": [
0.19828912124332732,
-0.48037606517065184,
0.34475695683062
],
"r_pupil": [
0.3099590254374492,
-0.4652408657819565,
0.3562612121632826
],
"l_shoulder": [
0.4641175660587254,
0.049815452569718054,
0.17920185702441482
],
"l_elbow": [
0.6040896762266691,
1.0832301205900252,
0.1516970846575041
],
"l_hip": [
0.2211988352695505,
1.796092679718268,
0.5236346657358889
],
"l_knee": [
0.1877918086968989,
3.215007945291583,
0.3642222652841104
],
"l_ankle": [
0.15820335942817107,
4.4644502353422455,
1.7126212609255462
],
"l_body_wrist": [
0.5522101717884995,
1.6534301435599439,
-0.2520215093266365
],
"r_shoulder": [
-0.4641175660587254,
-0.049815452569718054,
-0.17920185702441482
],
"r_elbow": [
-0.9072831041597982,
0.7009564343954653,
-1.6000015325372734
],
"r_hip": [
-0.4488759313372694,
1.7495745039116042,
0.8022871589188156
],
"r_knee": [
-0.39825385261205004,
3.1746255243035373,
0.6878794891541908
],
"r_ankle": [
-0.42371602845786754,
4.411265920395539,
1.5311078698545812
],
"r_body_wrist": [
-0.6734733546388378,
-0.12160606167162794,
-3.8992815591172505
],
"m_face_position": [
-0.01951584219932556,
0.07419610023498535,
-0.5547319054603577
],
"m_body_position": [
-0.021045967936515808,
0.3606436848640442,
-0.7889723107218742
],
"m_face_scale": [
0.18054239440323244,
0.18054239440323244,
0.18054239440323244
],
"m_body_scale": [
0.43963096370312027,
0.43963096370312027,
0.43963096370312027
],
"l_hand_scale": null,
"r_hand_scale": [
0.2939550064391645,
0.2939550064391645,
0.2939550064391645
]
}
],
"framerate": 30,
"mirrorable": true,
"invalid": false
}