{
"label": "k",
"gestures": [
{
"l_hand_position": null,
"l_wrist": null,
"l_thumb_cmc": null,
"l_thumb_mcp": null,
"l_thumb_ip": null,
"l_thumb_tip": null,
"l_index_mcp": null,
"l_index_pip": null,
"l_index_dip": null,
"l_index_tip": null,
"l_middle_mcp": null,
"l_middle_pip": null,
"l_middle_dip": null,
"l_middle_tip": null,
"l_ring_mcp": null,
"l_ring_pip": null,
"l_ring_dip": null,
"l_ring_tip": null,
"l_pinky_mcp": null,
"l_pinky_pip": null,
"l_pinky_dip": null,
"l_pinky_tip": null,
"r_hand_position": [
-0.2756785750389099,
0.0377347469329834,
-0.5357581451535225
],
"r_wrist": [
0.011499476150497692,
0.9924448214811267,
0.12215170225403585
],
"r_thumb_cmc": [
0.20794041058009538,
0.7507664651759469,
0.03485466930562769
],
"r_thumb_mcp": [
0.33398426328488295,
0.31219516061181807,
0.007812445665715843
],
"r_thumb_ip": [
0.3997380227671898,
-0.014721194538707702,
-0.025049837795531427
],
"r_thumb_tip": [
0.504707850532553,
-0.24020126877138281,
-0.044597298011729875
],
"r_index_mcp": [
0.1913803138342766,
-0.02032392631450084,
0.030402606687230153
],
"r_index_pip": [
0.28933608826612195,
-0.42425855135050167,
-0.054717712037425335
],
"r_index_dip": [
0.34579841843234577,
-0.6675008347832705,
-0.0910076779586183
],
"r_index_tip": [
0.3801437322893919,
-0.8771691802114695,
-0.11522634223883209
],
"r_middle_mcp": [
0.0,
0.0,
0.0
],
"r_middle_pip": [
-0.0725735690351034,
-0.45220898937630805,
-0.1403489705496757
],
"r_middle_dip": [
-0.07319742956354146,
-0.7527158257174827,
-0.21016169205365773
],
"r_middle_tip": [
-0.08988111747801622,
-0.9857437164609931,
-0.23894558147978895
],
"r_ring_mcp": [
-0.1558217907870548,
0.11780722412877423,
-0.041495302205348056
],
"r_ring_pip": [
-0.031651250351162244,
-0.014161063888011517,
-0.24962438274698517
],
"r_ring_dip": [
0.12025359627276357,
0.2179692129065369,
-0.2997225312643002
],
"r_ring_tip": [
0.19409646900704544,
0.3844636203121093,
-0.2796009167701549
],
"r_pinky_mcp": [
-0.24751885346350672,
0.3005983589611267,
-0.08582681303127185
],
"r_pinky_pip": [
-0.031497219512466625,
0.3348147877938578,
-0.2622271951315037
],
"r_pinky_dip": [
0.08000929833284942,
0.5306874471794376,
-0.30398820816897043
],
"r_pinky_tip": [
0.12082920127077088,
0.6547581169922235,
-0.2964011713140457
],
"l_hand_velocity": null,
"r_hand_velocity": null,
"m_nose_point": [
0.0,
0.0,
0.0
],
"m_top_nose": [
0.016075330646987712,
-0.3478434107672413,
0.210549238197039
],
"m_eyebrows": [
0.025746847086909528,
-0.5925317291211818,
0.2817848281207075
],
"m_forehead": [
0.04182879400388503,
-0.9321955004381081,
0.4057674531475564
],
"m_top_chin": [
-0.018429987621529333,
0.6413343473701082,
0.13940791001918174
],
"m_bot_up_lip": [
-0.005074311510076037,
0.3923109937845878,
0.11529637284433983
],
"m_top_low_lip": [
-0.0014261737529224934,
0.47004113902441247,
0.12618211266597823
],
"m_bot_nose": [
-0.02141943894434342,
0.0753657476455788,
0.08570468032051841
],
"m_chin": [
-0.03242045808125509,
0.9844158815989188,
0.17284179457997204
],
"m_nose": [
0.012951348501088674,
-0.2865907183614397,
0.15440145755000695
],
"l_eye_exterior": [
-0.35968910703926016,
-0.3183773010208095,
0.41834271953810676
],
"l_temple": [
-0.5085871604026916,
-0.5345282685278536,
0.7210293180378677
],
"l_mid_chin": [
-0.21936059359222945,
0.7658157914847297,
0.17436947523893978
],
"l_up_lip": [
-0.12460605053272483,
0.3208095153824302,
0.11746781887043499
],
"l_ext_nostril": [
-0.16418531274076303,
0.01394838363119235,
0.13292796276093696
],
"l_mid_cheek": [
-0.39985519563815936,
0.025761733694382043,
0.3200917161365896
],
"l_mid_eyebrow": [
-0.3159970978927039,
-0.6072024807853461,
0.3443343812352389
],
"l_ext_eyebrow": [
-0.3876792372225836,
-0.5710128623417442,
0.3826558055179084
],
"l_ext_lips": [
-0.2806184319857993,
0.43484276647467496,
0.2350808108801766
],
"l_jaw_angle": [
-0.5160414912555957,
0.5094233834150366,
0.6802694651538842
],
"l_mid_ext_face": [
-0.5612890589903912,
0.15327471596035108,
0.826978957487259
],
"l_int_eyebrow": [
-0.09944658119250864,
-0.6443042255608751,
0.2874395781820394
],
"l_mid_jaw": [
-0.42021603138445723,
0.7374180255560477,
0.46087449222819393
],
"l_mid_bot_eyelid": [
-0.2669606128782372,
-0.28278544419207624,
0.37085881808770066
],
"l_ext_mouth": [
-0.17798868978805643,
0.5053462908203417,
0.19479458414273182
],
"l_top_eyelid": [
-0.26878798989180785,
-0.40788918525610446,
0.37333658248167645
],
"l_eye_int": [
-0.1429603186199495,
-0.33610927215862757,
0.38817498652189397
],
"l_pupil": [
-0.2564422138798789,
-0.33787563246008867,
0.39122177885126885
],
"r_eye_exterior": [
0.426128955115485,
-0.27536235683633664,
0.4535157067463981
],
"r_temple": [
0.561638986158634,
-0.46863417083298226,
0.7339261282578766
],
"r_mid_chin": [
0.16881853958498677,
0.7872721712698383,
0.17738502407115012
],
"r_up_lip": [
0.12303248098729669,
0.32973743658983595,
0.11838982366102441
],
"r_ext_nostril": [
0.17898884926787656,
0.0439189839641927,
0.18033917713411618
],
"r_mid_cheek": [
0.40740932189671264,
0.0736567283506785,
0.32528276862922356
],
"r_mid_eyebrow": [
0.44578111483198013,
-0.4936252009664261,
0.38816521144245025
],
"r_ext_eyebrow": [
0.37664293131240373,
-0.53755557961782,
0.34881639874245013
],
"r_ext_lips": [
0.2191176294554558,
0.5343374994098724,
0.21583440310994623
],
"r_jaw_angle": [
0.4836456604015174,
0.5695108771618783,
0.6935591164044177
],
"r_mid_ext_face": [
0.5552954535225679,
0.22246932156010107,
0.8411553267551138
],
"r_int_eyebrow": [
0.1620302465775196,
-0.602985711379798,
0.2889600751967925
],
"r_mid_jaw": [
0.3698774276793389,
0.7808062376389981,
0.4708181602042626
],
"r_mid_bot_eyelid": [
0.29403255181547805,
-0.24920254423102287,
0.37536874798392283
],
"r_ext_mouth": [
0.2590758569055721,
0.46319329958705524,
0.23864519998371742
],
"r_top_eyelid": [
0.3117189442044913,
-0.3653774451612581,
0.37810114687978963
],
"r_eye_int": [
0.180902054006011,
-0.31966370607024003,
0.39153582194409187
],
"r_pupil": [
0.2962001153775873,
-0.30519962095055536,
0.3958433238437954
],
"l_shoulder": [
0.4824455383016634,
0.10436538830027345,
0.07971303718809941
],
"l_elbow": [
0.6923993998395401,
1.136285835669092,
0.1054274038146014
],
"l_hip": [
0.2088569890727674,
2.0943441416421535,
0.025327585817860883
],
"l_knee": [
0.14864454670599758,
3.7697044209562196,
-0.4413042531225969
],
"l_ankle": [
0.04938165020613094,
5.305628814373666,
1.0335573903982949
],
"l_body_wrist": [
0.7785203569969321,
2.2437101969189333,
-0.1501212892103757
],
"r_shoulder": [
-0.4824455383016634,
-0.10436538830027345,
-0.07971303718809941
],
"r_elbow": [
-0.8197400652635247,
0.9266111530483139,
-2.0154124659455404
],
"r_hip": [
-0.49468729941607564,
2.0624850906972743,
0.5389644775428568
],
"r_knee": [
-0.4694437542117218,
3.7869834459074894,
0.7330343802309095
],
"r_ankle": [
-0.5204508901191592,
5.282217875882508,
2.0252272537668823
],
"r_body_wrist": [
-0.7829891595355979,
0.3545172958256092,
-5.2126109700034995
],
"m_face_position": [
0.03657662868499756,
-0.2174704372882843,
-0.5467040874063969
],
"m_body_position": [
0.0015632659196853638,
0.13131946325302124,
-0.6017825081944466
],
"m_face_scale": [
0.1621583774449704,
0.1621583774449704,
0.1621583774449704
],
"m_body_scale": [
0.3687141658004109,
0.3687141658004109,
0.3687141658004109
],
"l_hand_scale": null,
"r_hand_scale": [
0.29273951991968067,
0.29273951991968067,
0.29273951991968067
]
}
],
"framerate": 30,
"mirrorable": true,
"invalid": false
}