{
"label": "k",
"gestures": [
{
"l_hand_position": [
0.15848952531814575,
0.024884402751922607,
-0.5228147711604834
],
"l_wrist": [
0.015989372495169095,
0.99684331456327,
0.07776725646262798
],
"l_thumb_cmc": [
-0.24690238927277314,
0.7141062987390658,
0.054492486028468484
],
"l_thumb_mcp": [
-0.3187538915989621,
0.35972197286230007,
0.039212453110713516
],
"l_thumb_ip": [
-0.31536572209149116,
0.05223380582859629,
0.008759067579354228
],
"l_thumb_tip": [
-0.3155455331981182,
-0.2322247235622186,
-0.03213195903744328
],
"l_index_mcp": [
-0.10073241687275113,
-0.007243847892172049,
0.05415024650791111
],
"l_index_pip": [
-0.22829204132507494,
-0.3479255515620025,
-0.013762914801163139
],
"l_index_dip": [
-0.28093240311340073,
-0.5605487311497661,
-0.0675007148213019
],
"l_index_tip": [
-0.3193873955881858,
-0.7690585030999965,
-0.11243544687476563
],
"l_middle_mcp": [
0.0,
0.0,
0.0
],
"l_middle_pip": [
-0.3630904342597791,
-0.0994682533637871,
-0.11438671484478051
],
"l_middle_dip": [
-0.6080509651691766,
-0.0966081392982637,
-0.1674105212782835
],
"l_middle_tip": [
-0.8037891707272944,
-0.10866879149592669,
-0.18319788564603576
],
"l_ring_mcp": [
0.04225215605868553,
0.08933422130012465,
-0.05928269962369977
],
"l_ring_pip": [
-0.33828422224813715,
0.21981491273547255,
-0.1813409804114266
],
"l_ring_dip": [
-0.3695160908227004,
0.5106277837757329,
-0.18481542369420995
],
"l_ring_tip": [
-0.3355748650652321,
0.6870748988858659,
-0.16393630656894076
],
"l_pinky_mcp": [
0.055059786260319314,
0.2335734084501169,
-0.12434676442455198
],
"l_pinky_pip": [
-0.2805047168089377,
0.3977547647951971,
-0.23801901583729096
],
"l_pinky_dip": [
-0.30687376162529695,
0.6234989741687438,
-0.24146790968882195
],
"l_pinky_tip": [
-0.2632410219852211,
0.7696400955211488,
-0.21774114844906803
],
"r_hand_position": null,
"r_wrist": null,
"r_thumb_cmc": null,
"r_thumb_mcp": null,
"r_thumb_ip": null,
"r_thumb_tip": null,
"r_index_mcp": null,
"r_index_pip": null,
"r_index_dip": null,
"r_index_tip": null,
"r_middle_mcp": null,
"r_middle_pip": null,
"r_middle_dip": null,
"r_middle_tip": null,
"r_ring_mcp": null,
"r_ring_pip": null,
"r_ring_dip": null,
"r_ring_tip": null,
"r_pinky_mcp": null,
"r_pinky_pip": null,
"r_pinky_dip": null,
"r_pinky_tip": null,
"l_hand_velocity": null,
"r_hand_velocity": null,
"m_nose_point": [
0.0,
0.0,
0.0
],
"m_top_nose": [
0.03803700827891542,
-0.44252356044037044,
0.1450699266350712
],
"m_eyebrows": [
0.04343738557955882,
-0.7550777152439735,
0.1662071557720155
],
"m_forehead": [
0.042263632949940406,
-1.1693712703370724,
0.2241432222572975
],
"m_top_chin": [
0.08679897211014435,
0.5985214882411256,
0.249362940797537
],
"m_bot_up_lip": [
0.06438562895546385,
0.3690542431562237,
0.18836459001106756
],
"m_top_low_lip": [
0.06390905332571231,
0.39574178141956073,
0.19225545538901118
],
"m_bot_nose": [
0.0026813695760938504,
0.061240752551165574,
0.10829458045751449
],
"m_chin": [
0.1264594740425863,
0.928127815303407,
0.35012392075520515
],
"m_nose": [
0.026471641661778626,
-0.353784655428572,
0.10026979177418675
],
"l_eye_exterior": [
-0.3313132867950223,
-0.44177010046850734,
0.4213436616663748
],
"l_temple": [
-0.45183691117490804,
-0.7508085734052485,
0.6809951880099001
],
"l_mid_chin": [
-0.08820116739080638,
0.7195985328038599,
0.3413953172098914
],
"l_up_lip": [
-0.07041086922074674,
0.2885950338019295,
0.19140186661596123
],
"l_ext_nostril": [
-0.12364881045651965,
-0.00583077649826179,
0.16408355175528466
],
"l_mid_cheek": [
-0.33666522240459773,
-0.03892760354167963,
0.39176393227665307
],
"l_mid_eyebrow": [
-0.32780004443778266,
-0.7134906977127992,
0.2899322172402286
],
"l_ext_eyebrow": [
-0.39107761327273827,
-0.6808355961616739,
0.34750551557589854
],
"l_ext_lips": [
-0.17181483693720007,
0.401671532308206,
0.3506566159969336
],
"l_jaw_angle": [
-0.317333851156102,
0.3128573509994962,
0.8515490162858188
],
"l_mid_ext_face": [
-0.3821617283559203,
-0.0691834473794415,
0.9348945575871375
],
"l_int_eyebrow": [
-0.11803009704469576,
-0.7771361097486343,
0.1881476261240495
],
"l_mid_jaw": [
-0.2330257926208382,
0.5964283889853392,
0.6509049694504121
],
"l_mid_bot_eyelid": [
-0.23229359123282506,
-0.416876298780184,
0.3613363643865621
],
"l_ext_mouth": [
-0.11736010315204688,
0.46282132600060366,
0.29856408510809057
],
"l_top_eyelid": [
-0.2500713433533995,
-0.531410230034995,
0.3499618621706869
],
"l_eye_int": [
-0.11560992924885695,
-0.4795845906197472,
0.35289892829438413
],
"l_pupil": [
-0.23951366846088903,
-0.48122010757069705,
0.37494639945908514
],
"r_eye_exterior": [
0.5766017972835515,
-0.5154659436461374,
0.32813823507248513
],
"r_temple": [
0.812300943948868,
-0.8690958644643916,
0.5420347518474189
],
"r_mid_chin": [
0.335236018267405,
0.7228092759679556,
0.2893833612682537
],
"r_up_lip": [
0.20323328136059346,
0.26661121859143094,
0.1548446605175618
],
"r_ext_nostril": [
0.25356001636373054,
-0.02883186722118798,
0.16711140793239646
],
"r_mid_cheek": [
0.5705667989797801,
-0.08767527881655039,
0.26837212388655796
],
"r_mid_eyebrow": [
0.53431568599495,
-0.7566027572591785,
0.22720800868944785
],
"r_ext_eyebrow": [
0.43482237706468524,
-0.7850021342745005,
0.1950719128104304
],
"r_ext_lips": [
0.36356464950368533,
0.4592401258753189,
0.2672418399967521
],
"r_jaw_angle": [
0.8372877955042068,
0.2900468905284706,
0.7252321664307834
],
"r_mid_ext_face": [
0.9212839453092128,
-0.13974486919401102,
0.7894768265802257
],
"r_int_eyebrow": [
0.17078083335879216,
-0.8033543909110862,
0.15447348477228776
],
"r_mid_jaw": [
0.6606850724322049,
0.6104458112740898,
0.5552398174320007
],
"r_mid_bot_eyelid": [
0.4015499053284742,
-0.4599963738581788,
0.2726219116469917
],
"r_ext_mouth": [
0.40909391458421934,
0.3827231640703845,
0.271666063585836
],
"r_top_eyelid": [
0.4080257578711017,
-0.5456266466086362,
0.26212026924111453
],
"r_eye_int": [
0.27937874070021523,
-0.4868435257510779,
0.29520183029072516
],
"r_pupil": [
0.4083010739570276,
-0.5179619104909495,
0.28780676759561263
],
"l_shoulder": [
0.3533644409125692,
-0.03205584590781318,
-0.3522868073625266
],
"l_elbow": [
0.511851718642653,
0.6763909611546011,
-1.0963226392139545
],
"l_hip": [
0.267340985626604,
1.2979770749489197,
0.34588615453310945
],
"l_knee": [
0.2664105403047033,
2.3901214611217667,
0.2636405982726111
],
"l_ankle": [
0.2797064248663261,
3.3087636404635163,
1.1624536538000445
],
"l_body_wrist": [
0.24405248055463385,
-0.15480706325284796,
-2.105251899107741
],
"r_shoulder": [
-0.3533644409125692,
0.03205584590781318,
0.3522868073625266
],
"r_elbow": [
-0.4426927374482449,
0.7482599254018876,
1.0325877960695506
],
"r_hip": [
-0.21522444756006143,
1.3106042273741108,
0.8289216691694524
],
"r_knee": [
-0.18461016102182037,
2.3563478426087845,
0.9515030832958824
],
"r_ankle": [
-0.14102692789431728,
3.276982786734447,
1.8062876269634596
],
"r_body_wrist": [
-0.4311673344459409,
1.211867128135875,
0.8140170422041495
],
"m_face_position": [
-0.04789799451828003,
0.09708935022354126,
-0.5497878827154636
],
"m_body_position": [
0.009353190660476685,
0.36982181668281555,
-0.8408038020133972
],
"m_face_scale": [
0.1710313046700296,
0.1710313046700296,
0.1710313046700296
],
"m_body_scale": [
0.5857677597999992,
0.5857677597999992,
0.5857677597999992
],
"l_hand_scale": [
0.29336402859500144,
0.29336402859500144,
0.29336402859500144
],
"r_hand_scale": null
}
],
"framerate": 30,
"mirrorable": true,
"invalid": false
}