{
"label": "k",
"gestures": [
{
"l_hand_position": null,
"l_wrist": null,
"l_thumb_cmc": null,
"l_thumb_mcp": null,
"l_thumb_ip": null,
"l_thumb_tip": null,
"l_index_mcp": null,
"l_index_pip": null,
"l_index_dip": null,
"l_index_tip": null,
"l_middle_mcp": null,
"l_middle_pip": null,
"l_middle_dip": null,
"l_middle_tip": null,
"l_ring_mcp": null,
"l_ring_pip": null,
"l_ring_dip": null,
"l_ring_tip": null,
"l_pinky_mcp": null,
"l_pinky_pip": null,
"l_pinky_dip": null,
"l_pinky_tip": null,
"r_hand_position": [
-0.25987978279590607,
0.06182217597961426,
-0.5182585902512074
],
"r_wrist": [
0.029016844188162895,
0.997306716657602,
0.0673597480918207
],
"r_thumb_cmc": [
0.23828070311413357,
0.7193580517260132,
-0.05310489823326393
],
"r_thumb_mcp": [
0.3071924304008018,
0.24325521558653493,
-0.09002083483433959
],
"r_thumb_ip": [
0.22300771352066107,
-0.1265550099125051,
-0.13033861168650746
],
"r_thumb_tip": [
0.17691476807727022,
-0.4234138915407556,
-0.15239209766145628
],
"r_index_mcp": [
0.1839332761875806,
-0.003156228748250108,
0.01620872722887373
],
"r_index_pip": [
0.2816850051815158,
-0.40655751033406384,
-0.08696099815641929
],
"r_index_dip": [
0.3587900859318384,
-0.6410946169945159,
-0.13340265366433093
],
"r_index_tip": [
0.4187721749587316,
-0.8465864593354332,
-0.15276006140298476
],
"r_middle_mcp": [
0.0,
0.0,
0.0
],
"r_middle_pip": [
0.03767833273646441,
-0.4586186833655402,
-0.1638013099265631
],
"r_middle_dip": [
0.08014152716538275,
-0.7507969837446876,
-0.23845953830249997
],
"r_middle_tip": [
0.0962951560326982,
-0.9823344197500171,
-0.2544225269075378
],
"r_ring_mcp": [
-0.15917093116290554,
0.06292887734859262,
-0.036679168596559376
],
"r_ring_pip": [
0.04298019894642725,
-0.02854744476498281,
-0.28137239747923576
],
"r_ring_dip": [
0.12606274245325017,
0.3196236817132936,
-0.3020526331508332
],
"r_ring_tip": [
0.14625697738701707,
0.5526199445007233,
-0.23264894074673315
],
"r_pinky_mcp": [
-0.2833030836475312,
0.1767303395651764,
-0.08030869470793933
],
"r_pinky_pip": [
-0.049817192020393725,
0.17406027646847852,
-0.26156661681691773
],
"r_pinky_dip": [
0.02798036144731965,
0.4416189371634563,
-0.26633894506652295
],
"r_pinky_tip": [
0.03643543298730155,
0.624574879665041,
-0.21769967678894486
],
"l_hand_velocity": null,
"r_hand_velocity": null,
"m_nose_point": [
0.0,
0.0,
0.0
],
"m_top_nose": [
0.031171652082739733,
-0.4647885793893867,
0.1547084582209916
],
"m_eyebrows": [
0.050667977276066666,
-0.7768433639750462,
0.1773488068358762
],
"m_forehead": [
0.08301478139903384,
-1.212058051526978,
0.23994420299747013
],
"m_top_chin": [
-0.033817516115411034,
0.6148440836189225,
0.25186234687325587
],
"m_bot_up_lip": [
-0.025259744261547312,
0.36884641677098723,
0.195094674668317
],
"m_top_low_lip": [
-0.026792119841144244,
0.40536649906817585,
0.19721217877291974
],
"m_bot_nose": [
-0.02521828081501335,
0.05618615954940243,
0.10863301170873935
],
"m_chin": [
-0.049314213466154486,
0.9338755360694605,
0.35418157981633136
],
"m_nose": [
0.02453112164553175,
-0.3732543000871359,
0.10743655206404307
],
"l_eye_exterior": [
-0.38044519575910657,
-0.5292082453774514,
0.39211361207409706
],
"l_temple": [
-0.5262671757809956,
-0.8932760885325077,
0.6662299411116623
],
"l_mid_chin": [
-0.24216584192786314,
0.7092088633268719,
0.3192616415803644
],
"l_up_lip": [
-0.1573452742740106,
0.26150109757888507,
0.180835125184109
],
"l_ext_nostril": [
-0.16856432605733387,
-0.04255602606955099,
0.14982158571519547
],
"l_mid_cheek": [
-0.4238412996065101,
-0.12186461324762629,
0.35122944665601674
],
"l_mid_eyebrow": [
-0.31430373357458685,
-0.8077233543783204,
0.26649676179595966
],
"l_ext_eyebrow": [
-0.39409765571016864,
-0.7860473631345054,
0.313886248774164
],
"l_ext_lips": [
-0.30511816261358715,
0.3603127433304937,
0.32413281024877133
],
"l_jaw_angle": [
-0.5451411948878812,
0.2542159345840252,
0.8443249017162954
],
"l_mid_ext_face": [
-0.5888257709188629,
-0.16501459432906546,
0.9305635989790065
],
"l_int_eyebrow": [
-0.08155416947689953,
-0.8149247045090326,
0.18786016706994385
],
"l_mid_jaw": [
-0.44850141864125864,
0.5672302258490923,
0.6401400862469101
],
"l_mid_bot_eyelid": [
-0.282046412530678,
-0.48330112229571986,
0.34109573713202684
],
"l_ext_mouth": [
-0.23154021357378016,
0.41978302047844485,
0.2803718801226699
],
"l_top_eyelid": [
-0.2819815594476377,
-0.6016572900673958,
0.3293107380975751
],
"l_eye_int": [
-0.15317235048822106,
-0.5341262708413405,
0.34690170219269434
],
"l_pupil": [
-0.2971509790815084,
-0.5525231059246536,
0.3562558319202828
],
"r_eye_exterior": [
0.47180901422560667,
-0.45776247433825606,
0.40412218591053267
],
"r_temple": [
0.6528153865447998,
-0.7595208574230808,
0.6467015437652471
],
"r_mid_chin": [
0.16425549430790526,
0.7552832577484669,
0.31365916123528176
],
"r_up_lip": [
0.11790503129784911,
0.2900506296538918,
0.17693885694262096
],
"r_ext_nostril": [
0.19016447817671936,
-0.007076428208462431,
0.19348844232458146
],
"r_mid_cheek": [
0.448818064705174,
-0.021823594025707382,
0.3345575695784496
],
"r_mid_eyebrow": [
0.4998000301319166,
-0.672917361568268,
0.2962829468395939
],
"r_ext_eyebrow": [
0.4237440199819497,
-0.7143124111348681,
0.25231931968157073
],
"r_ext_lips": [
0.21576372655604045,
0.4991174780120499,
0.3043929928189453
],
"r_jaw_angle": [
0.5323282811320238,
0.3782189276298217,
0.8269855174152602
],
"r_mid_ext_face": [
0.6242970406518015,
-0.02783862888058683,
0.9091814843423562
],
"r_int_eyebrow": [
0.19246552226513816,
-0.7840110472047265,
0.1822873757541778
],
"r_mid_jaw": [
0.3950438728233795,
0.6656013667798315,
0.6274757719904097
],
"r_mid_bot_eyelid": [
0.32304171194607895,
-0.4212406200989079,
0.3281272828471343
],
"r_ext_mouth": [
0.2587375765868183,
0.42496098985714303,
0.31663868820608443
],
"r_top_eyelid": [
0.3397791231969539,
-0.5397124956936038,
0.31658188223224226
],
"r_eye_int": [
0.1946705270885082,
-0.4954442419152594,
0.3384187450591992
],
"r_pupil": [
0.3160751441515099,
-0.4893062342745057,
0.3435721619643488
],
"l_shoulder": [
0.4948858910270724,
0.016451801307865794,
0.06940672226857492
],
"l_elbow": [
0.7785039195580641,
1.1033541045549466,
0.2554259882617281
],
"l_hip": [
0.3534352148656078,
1.9871938855768616,
0.6524267213976362
],
"l_knee": [
0.3210208973141065,
3.565947248342439,
0.41741146779668464
],
"l_ankle": [
0.3369296516882225,
4.992299170077393,
1.918568829660139
],
"l_body_wrist": [
0.8436586951309321,
1.8006605728285376,
-0.236452807324999
],
"r_shoulder": [
-0.4948858910270724,
-0.016451801307865794,
-0.06940672226857492
],
"r_elbow": [
-0.9358210023969761,
0.9159302632459507,
-1.15240188350731
],
"r_hip": [
-0.38811808997630937,
1.9688384084438653,
1.1477842185339207
],
"r_knee": [
-0.34560271278801385,
3.58496898598843,
1.2037700113634382
],
"r_ankle": [
-0.2911682622037501,
4.9423903088995305,
2.181863607402401
],
"r_body_wrist": [
-0.738734338765174,
-0.0993841325062533,
-3.6467640536932047
],
"m_face_position": [
0.012359380722045898,
0.0784064531326294,
-0.5510963350534439
],
"m_body_position": [
0.013742119073867798,
0.3848663866519928,
-0.8586044609546661
],
"m_face_scale": [
0.1681901535370206,
0.1681901535370206,
0.1681901535370206
],
"m_body_scale": [
0.4007873847928077,
0.4007873847928077,
0.4007873847928077
],
"l_hand_scale": null,
"r_hand_scale": [
0.27107194672765833,
0.27107194672765833,
0.27107194672765833
]
}
],
"framerate": 30,
"mirrorable": true,
"invalid": false
}