{
"label": "k",
"gestures": [
{
"l_hand_position": [
0.3292471170425415,
0.07118403911590576,
-0.5128541858866811
],
"l_wrist": [
-0.00748149427399314,
0.9986758775028071,
0.05089714075885199
],
"l_thumb_cmc": [
-0.2497216584481519,
0.726450733911903,
-0.030514669063838287
],
"l_thumb_mcp": [
-0.30478168015621193,
0.24576378277071137,
-0.044510351439204725
],
"l_thumb_ip": [
-0.23688487753153484,
-0.10666510352094705,
-0.07082494398647511
],
"l_thumb_tip": [
-0.23833491856684758,
-0.38327801369844244,
-0.0909424564053657
],
"l_index_mcp": [
-0.16741743312788535,
0.001330620338068559,
0.024295501785441695
],
"l_index_pip": [
-0.2206774120338083,
-0.43522719704607654,
-0.07874006844169797
],
"l_index_dip": [
-0.256877223902196,
-0.7016008444766574,
-0.13700606975243015
],
"l_index_tip": [
-0.2670893455815551,
-0.9271929138215582,
-0.17072526179914652
],
"l_middle_mcp": [
0.0,
0.0,
0.0
],
"l_middle_pip": [
-0.08772205442290966,
-0.38097574314188715,
-0.1600993125924671
],
"l_middle_dip": [
-0.13356850972836976,
-0.6676413507280136,
-0.25598258277525293
],
"l_middle_tip": [
-0.14895843906946815,
-0.906720878583014,
-0.2923111082064065
],
"l_ring_mcp": [
0.1636627614431864,
0.07314541307134378,
-0.037550607312515506
],
"l_ring_pip": [
-0.004810105198683097,
-0.0011307204752902566,
-0.23278856397133604
],
"l_ring_dip": [
-0.15266071669332085,
0.28332017599830767,
-0.2481745991592634
],
"l_ring_tip": [
-0.24169757883233195,
0.4985113162373764,
-0.19568344999417064
],
"l_pinky_mcp": [
0.32534375293625545,
0.21476042329742717,
-0.08363746757396445
],
"l_pinky_pip": [
0.14238628856322566,
0.18164501674975925,
-0.2294967949942602
],
"l_pinky_dip": [
0.008701662267574985,
0.3957044924764054,
-0.22543826135758124
],
"l_pinky_tip": [
-0.06829943446163081,
0.5718906145082636,
-0.17858363339707603
],
"r_hand_position": null,
"r_wrist": null,
"r_thumb_cmc": null,
"r_thumb_mcp": null,
"r_thumb_ip": null,
"r_thumb_tip": null,
"r_index_mcp": null,
"r_index_pip": null,
"r_index_dip": null,
"r_index_tip": null,
"r_middle_mcp": null,
"r_middle_pip": null,
"r_middle_dip": null,
"r_middle_tip": null,
"r_ring_mcp": null,
"r_ring_pip": null,
"r_ring_dip": null,
"r_ring_tip": null,
"r_pinky_mcp": null,
"r_pinky_pip": null,
"r_pinky_dip": null,
"r_pinky_tip": null,
"l_hand_velocity": null,
"r_hand_velocity": null,
"m_nose_point": [
0.0,
0.0,
0.0
],
"m_top_nose": [
0.0008677164050993908,
-0.43832923201505775,
0.1738083527319719
],
"m_eyebrows": [
0.006423435584926711,
-0.7376162380200849,
0.2113181330336146
],
"m_forehead": [
0.015023854390391144,
-1.1417376030831012,
0.2959300352775384
],
"m_top_chin": [
-0.035168774012426546,
0.6233096766071834,
0.2163022802822171
],
"m_bot_up_lip": [
-0.02010955314944117,
0.37596611623075127,
0.17172495803953666
],
"m_top_low_lip": [
-0.021666562105402073,
0.42483232507892243,
0.1740624829416068
],
"m_bot_nose": [
-0.028308562490961114,
0.060909553760683716,
0.10057568315650993
],
"m_chin": [
-0.05445747133295568,
0.953537748490723,
0.2963108941960503
],
"m_nose": [
0.001767085803170616,
-0.35343342921151655,
0.12317946783768173
],
"l_eye_exterior": [
-0.4106447109330218,
-0.45255875543098256,
0.3693135114294253
],
"l_temple": [
-0.6019030580753489,
-0.775630598417443,
0.6431531191543984
],
"l_mid_chin": [
-0.24277792559688025,
0.7404554584399495,
0.2572980011632006
],
"l_up_lip": [
-0.15413805117215104,
0.28950888366217487,
0.1503237218427501
],
"l_ext_nostril": [
-0.17807956162717686,
-0.017126214353755043,
0.131987322056934
],
"l_mid_cheek": [
-0.44897878424263177,
-0.062240394124404526,
0.307645888380707
],
"l_mid_eyebrow": [
-0.357309417775481,
-0.7314585814767038,
0.2656914791328924
],
"l_ext_eyebrow": [
-0.43748238182878896,
-0.7039280813828157,
0.30389018899552656
],
"l_ext_lips": [
-0.3039868565480741,
0.3975895312395884,
0.2708397986524796
],
"l_jaw_angle": [
-0.5916651715887717,
0.3552169604244435,
0.7558014129794925
],
"l_mid_ext_face": [
-0.6509363735065278,
-0.04844853080683332,
0.8570740587906079
],
"l_int_eyebrow": [
-0.12311387408304213,
-0.7556382851246517,
0.21058806957106554
],
"l_mid_jaw": [
-0.4764680823959476,
0.6441698831374371,
0.5535365995889796
],
"l_mid_bot_eyelid": [
-0.3146477260468783,
-0.4108427631795495,
0.32628930230470904
],
"l_ext_mouth": [
-0.23114748425190532,
0.4606610374699573,
0.2335005040897808
],
"l_top_eyelid": [
-0.3165152526322165,
-0.5264287067385471,
0.31817548886156466
],
"l_eye_int": [
-0.18684001372113018,
-0.47166071777621416,
0.344487584963022
],
"l_pupil": [
-0.3216543547648838,
-0.47716939954749116,
0.3435925396688266
],
"r_eye_exterior": [
0.4044690174886177,
-0.4369729277910691,
0.46202518863005276
],
"r_temple": [
0.5488363732771613,
-0.7075750720367325,
0.7282482341350535
],
"r_mid_chin": [
0.14868135811558758,
0.7493518946210277,
0.2852914594353699
],
"r_up_lip": [
0.11379427805737406,
0.2894091502094592,
0.1699148577640733
],
"r_ext_nostril": [
0.16454198324755817,
-0.004601531749235042,
0.20488798887091766
],
"r_mid_cheek": [
0.39205715393167323,
-0.023657340847731183,
0.3699854357266362
],
"r_mid_eyebrow": [
0.4169084668941856,
-0.6472384551320753,
0.3651183901844
],
"r_ext_eyebrow": [
0.3453596171829802,
-0.68238211894896,
0.3153813220121782
],
"r_ext_lips": [
0.19960695666292064,
0.49274939171942655,
0.2934191486929962
],
"r_jaw_angle": [
0.45191915277411593,
0.394864898190929,
0.8367518205166032
],
"r_mid_ext_face": [
0.5318413685367308,
0.008589455198960223,
0.9471441975751385
],
"r_int_eyebrow": [
0.1296287319996249,
-0.7384047335265732,
0.22868769634887465
],
"r_mid_jaw": [
0.3388330883304413,
0.6627570864740597,
0.6149699308087838
],
"r_mid_bot_eyelid": [
0.2721725924612101,
-0.3897586868777744,
0.37169076282703917
],
"r_ext_mouth": [
0.2391261604691632,
0.41628389498817153,
0.31455126951888884
],
"r_top_eyelid": [
0.2800858407041687,
-0.4993012075998703,
0.3640591753822256
],
"r_eye_int": [
0.15027903851503183,
-0.4604898637426012,
0.3749247614972369
],
"r_pupil": [
0.2703356578746659,
-0.45149546243243704,
0.38873893884861055
],
"l_shoulder": [
0.4440261580937103,
0.005239037932275637,
-0.22981149538281057
],
"l_elbow": [
1.014733463580305,
0.7341378248952114,
-1.8582461253180986
],
"l_hip": [
0.31917636294268126,
1.7249781775777646,
0.3984717616273279
],
"l_knee": [
0.3201123151205,
3.228553687723784,
-0.4553490696620607
],
"l_ankle": [
0.3091743132144403,
4.530284992687169,
0.39439216531384025
],
"l_body_wrist": [
0.963800947841863,
-0.0928811114936796,
-4.00277097122239
],
"r_shoulder": [
-0.4440261580937103,
-0.005239037932275637,
0.22981149538281057
],
"r_elbow": [
-0.6194510468785784,
0.9299909164671355,
1.4120610115951782
],
"r_hip": [
-0.3352307066418802,
1.7165288478257128,
0.849759548833738
],
"r_knee": [
-0.2832525568297815,
3.1606944714827923,
-0.07338116302661515
],
"r_ankle": [
-0.2840543415509175,
4.487057848153473,
0.32452768226526824
],
"r_body_wrist": [
-0.6292171631342428,
1.635226589094938,
1.494967980191607
],
"m_face_position": [
-0.03777033090591431,
0.07179772853851318,
-0.550643727183342
],
"m_body_position": [
-0.03816618025302887,
0.3956408202648163,
-0.7734218761324883
],
"m_face_scale": [
0.16853432192476542,
0.16853432192476542,
0.16853432192476542
],
"m_body_scale": [
0.44425560600987596,
0.44425560600987596,
0.44425560600987596
],
"l_hand_scale": [
0.2525521199619133,
0.2525521199619133,
0.2525521199619133
],
"r_hand_scale": null
}
],
"framerate": 30,
"mirrorable": true,
"invalid": false
}