{
"label": "k",
"gestures": [
{
"l_hand_position": null,
"l_wrist": null,
"l_thumb_cmc": null,
"l_thumb_mcp": null,
"l_thumb_ip": null,
"l_thumb_tip": null,
"l_index_mcp": null,
"l_index_pip": null,
"l_index_dip": null,
"l_index_tip": null,
"l_middle_mcp": null,
"l_middle_pip": null,
"l_middle_dip": null,
"l_middle_tip": null,
"l_ring_mcp": null,
"l_ring_pip": null,
"l_ring_dip": null,
"l_ring_tip": null,
"l_pinky_mcp": null,
"l_pinky_pip": null,
"l_pinky_dip": null,
"l_pinky_tip": null,
"r_hand_position": [
-0.31581300497055054,
0.14325439929962158,
-0.5007470606942661
],
"r_wrist": [
-0.03705594441725916,
0.9993077136689833,
0.0033091365964822554
],
"r_thumb_cmc": [
0.18594581022068912,
0.6267615519405143,
-0.07106322293901458
],
"r_thumb_mcp": [
0.22809094510904854,
0.14610681167558687,
-0.08016493459998875
],
"r_thumb_ip": [
0.13930802798386938,
-0.212303105747289,
-0.1000264604513332
],
"r_thumb_tip": [
0.06969267943490196,
-0.4914802725119451,
-0.11365612807026916
],
"r_index_mcp": [
0.1816603463038281,
-0.03281152129481049,
0.02518863627594951
],
"r_index_pip": [
0.2448646872844886,
-0.4625587851003731,
-0.022148441590943355
],
"r_index_dip": [
0.2930224305182261,
-0.7232873889748487,
-0.05559588281963235
],
"r_index_tip": [
0.33637021903963027,
-0.9517281045841863,
-0.08141485607724117
],
"r_middle_mcp": [
0.0,
0.0,
0.0
],
"r_middle_pip": [
-0.047171906402041525,
-0.44062003915354375,
-0.10084430715027379
],
"r_middle_dip": [
-0.07518574563365168,
-0.738955471034585,
-0.17596972050676987
],
"r_middle_tip": [
-0.12035061202856333,
-0.9767215524893984,
-0.21436759003103822
],
"r_ring_mcp": [
-0.17223415998590536,
0.10274767425283392,
-0.03888903812881417
],
"r_ring_pip": [
-0.14357521489100014,
-0.08891864206747208,
-0.21835333078291838
],
"r_ring_dip": [
-0.05229520955917262,
0.23104119758583194,
-0.2551439781356543
],
"r_ring_tip": [
-0.005400361510406731,
0.45047035766838384,
-0.22587418832295023
],
"r_pinky_mcp": [
-0.31576229673090356,
0.2563115058983659,
-0.08019707607423009
],
"r_pinky_pip": [
-0.2593483267389258,
0.05073302009211999,
-0.22753846841565317
],
"r_pinky_dip": [
-0.1778407151981426,
0.2827135372105149,
-0.2330299345512767
],
"r_pinky_tip": [
-0.12898976523434705,
0.48000547753660344,
-0.20259549672864924
],
"l_hand_velocity": null,
"r_hand_velocity": null,
"m_nose_point": [
0.0,
0.0,
0.0
],
"m_top_nose": [
0.015218829314372526,
-0.4779467854010091,
0.15457872940563638
],
"m_eyebrows": [
0.021457009116330413,
-0.7938498973807945,
0.1773727728300353
],
"m_forehead": [
0.0343733446399658,
-1.222353911878251,
0.24043767814532674
],
"m_top_chin": [
0.010983935580476181,
0.6116195423960228,
0.24849714376415283
],
"m_bot_up_lip": [
0.012238800720744486,
0.3716400888293406,
0.19387833340916746
],
"m_top_low_lip": [
0.013543466877941343,
0.39577068963674666,
0.195259721747938
],
"m_bot_nose": [
-0.01771892068840683,
0.059261202039458956,
0.10889037533802746
],
"m_chin": [
0.02149114691019273,
0.9361587129807655,
0.3509202113225757
],
"m_nose": [
0.01095200670268731,
-0.3837758737368417,
0.10729383104330781
],
"l_eye_exterior": [
-0.3699257691457959,
-0.5078864338604686,
0.42107681031501026
],
"l_temple": [
-0.5397464336299594,
-0.831670958390302,
0.7143068797787153
],
"l_mid_chin": [
-0.18105280190707393,
0.7208825719161678,
0.32901979995648
],
"l_up_lip": [
-0.1306186293076492,
0.2664193757235979,
0.19140087087422644
],
"l_ext_nostril": [
-0.1602415995263977,
-0.029137611114247213,
0.16206598849382928
],
"l_mid_cheek": [
-0.39842460189371354,
-0.0874678554340256,
0.3832974112197402
],
"l_mid_eyebrow": [
-0.3297210868824902,
-0.78560983718464,
0.29183786088760605
],
"l_ext_eyebrow": [
-0.4029528798442737,
-0.7542781699778065,
0.34581749909931975
],
"l_ext_lips": [
-0.25910304406724727,
0.38572694906134913,
0.34446336138000644
],
"l_jaw_angle": [
-0.46646283154572604,
0.30933218909294596,
0.8858589830459926
],
"l_mid_ext_face": [
-0.5355402558050179,
-0.09995184583892237,
0.9780921230847314
],
"l_int_eyebrow": [
-0.1079975214206138,
-0.8206400331406272,
0.19718642369168046
],
"l_mid_jaw": [
-0.36441090895261485,
0.6028216304860475,
0.6705098975483332
],
"l_mid_bot_eyelid": [
-0.2753520315140532,
-0.4642639559998886,
0.36308232123839534
],
"l_ext_mouth": [
-0.19106601927854755,
0.4396518114884717,
0.2936653506523524
],
"l_top_eyelid": [
-0.2814106866824057,
-0.5931164565015433,
0.3513598577874833
],
"l_eye_int": [
-0.15268770898687573,
-0.5305466998051696,
0.360860986287368
],
"l_pupil": [
-0.28048816300591467,
-0.5354834264187647,
0.3779035142828992
],
"r_eye_exterior": [
0.48211260030497227,
-0.5113435883259605,
0.3656969562064313
],
"r_temple": [
0.6761871632755505,
-0.8200243479877927,
0.5931437416353141
],
"r_mid_chin": [
0.22237218354526037,
0.7380265719938228,
0.2932191213665328
],
"r_up_lip": [
0.15513599123846017,
0.26838129481792045,
0.16303654354425823
],
"r_ext_nostril": [
0.20218991981385923,
-0.02775482965227129,
0.17791851315743057
],
"r_mid_cheek": [
0.47032461927376246,
-0.06732977002409336,
0.29648046475666695
],
"r_mid_eyebrow": [
0.4857067075670177,
-0.7272996739200747,
0.26113910932027934
],
"r_ext_eyebrow": [
0.4035735852609114,
-0.7625254593538378,
0.22416722907076178
],
"r_ext_lips": [
0.2591289486284722,
0.47731905161504673,
0.278062446840126
],
"r_jaw_angle": [
0.6147166435415433,
0.3408751090006215,
0.7735574388589113
],
"r_mid_ext_face": [
0.6933889967922193,
-0.07549753842148063,
0.8525724753167994
],
"r_int_eyebrow": [
0.16351260261006395,
-0.8091737506139316,
0.1729662990300023
],
"r_mid_jaw": [
0.4760621783692571,
0.6370381420847988,
0.5853029430194346
],
"r_mid_bot_eyelid": [
0.33339190377544975,
-0.4606067942244739,
0.29974053494122516
],
"r_ext_mouth": [
0.2990918549870119,
0.40081344422186715,
0.2871078106906298
],
"r_top_eyelid": [
0.34559395616515426,
-0.5807344778571293,
0.2868371212040217
],
"r_eye_int": [
0.20854115595666703,
-0.5282590659952902,
0.3180163794771173
],
"r_pupil": [
0.33215169780548703,
-0.5304812355651748,
0.3151615029224402
],
"l_shoulder": [
0.4571768551062786,
0.010072238117111084,
-0.20220750029226162
],
"l_elbow": [
0.7829037271469964,
1.0673674003632097,
-0.45944951005797846
],
"l_hip": [
0.3446898722099251,
1.8392772469316927,
0.3546119484347859
],
"l_knee": [
0.32249191774424446,
3.301132663192563,
0.30328229051258343
],
"l_ankle": [
0.364712840856487,
4.5976435177650465,
1.8297781875188721
],
"l_body_wrist": [
0.7940665699533508,
1.6435190396919712,
-1.1764678593609825
],
"r_shoulder": [
-0.4571768551062786,
-0.010072238117111084,
0.20220750029226162
],
"r_elbow": [
-0.8503899304134164,
0.8539150211204248,
-1.2556118265834952
],
"r_hip": [
-0.36607928258771766,
1.813771026121984,
0.9976744081484007
],
"r_knee": [
-0.3022371215112259,
3.321831036210534,
1.7336945807766693
],
"r_ankle": [
-0.2616504754530139,
4.557933652677793,
3.2595244828405936
],
"r_body_wrist": [
-0.8092171954697248,
-0.07062539624761843,
-3.9437769404661465
],
"m_face_position": [
-0.005626469850540161,
0.13355141878128052,
-0.544683650135994
],
"m_body_position": [
0.017131641507148743,
0.4236255884170532,
-0.769307442009449
],
"m_face_scale": [
0.14841014115739087,
0.14841014115739087,
0.14841014115739087
],
"m_body_scale": [
0.40224491043701405,
0.40224491043701405,
0.40224491043701405
],
"l_hand_scale": null,
"r_hand_scale": [
0.22583681420612903,
0.22583681420612903,
0.22583681420612903
]
}
],
"framerate": 30,
"mirrorable": true,
"invalid": false
}