{
"label": "k",
"gestures": [
{
"l_hand_position": null,
"l_wrist": null,
"l_thumb_cmc": null,
"l_thumb_mcp": null,
"l_thumb_ip": null,
"l_thumb_tip": null,
"l_index_mcp": null,
"l_index_pip": null,
"l_index_dip": null,
"l_index_tip": null,
"l_middle_mcp": null,
"l_middle_pip": null,
"l_middle_dip": null,
"l_middle_tip": null,
"l_ring_mcp": null,
"l_ring_pip": null,
"l_ring_dip": null,
"l_ring_tip": null,
"l_pinky_mcp": null,
"l_pinky_pip": null,
"l_pinky_dip": null,
"l_pinky_tip": null,
"r_hand_position": [
-0.3116197884082794,
-0.009314090013504028,
-0.5026175223756582
],
"r_wrist": [
-0.1270313438241625,
0.9918529841248078,
0.009523422123438154
],
"r_thumb_cmc": [
0.15776348248448008,
0.7375731706529143,
-0.026381914757437085
],
"r_thumb_mcp": [
0.2762360797285865,
0.34098629568618244,
-0.05505299764856242
],
"r_thumb_ip": [
0.28670180458533623,
0.0041790488019038865,
-0.10840448726990082
],
"r_thumb_tip": [
0.2978711558628464,
-0.2718520459379816,
-0.15261022907536115
],
"r_index_mcp": [
0.11263925129118948,
0.010546808289615031,
0.04279929603813222
],
"r_index_pip": [
0.19649079450631515,
-0.32380798995142135,
-0.049413830528312025
],
"r_index_dip": [
0.24435543976986232,
-0.516042175233085,
-0.1062796785676151
],
"r_index_tip": [
0.29257861906309135,
-0.6907078136592455,
-0.13330771084002654
],
"r_middle_mcp": [
0.0,
0.0,
0.0
],
"r_middle_pip": [
0.270874708731145,
-0.1658544275210464,
-0.12160124956997814
],
"r_middle_dip": [
0.49304949359988753,
-0.15273256983608932,
-0.16679407106025473
],
"r_middle_tip": [
0.6603363228346806,
-0.13746774639670087,
-0.17535968751004052
],
"r_ring_mcp": [
-0.11191150580116091,
0.011896934167071788,
-0.06259965117196575
],
"r_ring_pip": [
0.20417773158260197,
0.0309147931848872,
-0.2572810683318896
],
"r_ring_dip": [
0.21341869552193335,
0.37158987157727774,
-0.27300111887865497
],
"r_ring_tip": [
0.16500570728358774,
0.6307160461675443,
-0.22020298574651345
],
"r_pinky_mcp": [
-0.20417323296968232,
0.05911600137656886,
-0.12525317475802392
],
"r_pinky_pip": [
0.08753227578590402,
0.10534483174218255,
-0.26205767384993
],
"r_pinky_dip": [
0.11330070999084756,
0.3751083288820141,
-0.25147574385944815
],
"r_pinky_tip": [
0.0707796038735302,
0.590941153537139,
-0.20430656789323487
],
"l_hand_velocity": null,
"r_hand_velocity": null,
"m_nose_point": [
0.0,
0.0,
0.0
],
"m_top_nose": [
0.03803163231019686,
-0.44303263140183724,
0.1626853801162886
],
"m_eyebrows": [
0.06642097000822764,
-0.72678830066132,
0.19045900229314836
],
"m_forehead": [
0.10138965858910998,
-1.139143378072265,
0.2671327019511535
],
"m_top_chin": [
-0.04089854504868991,
0.6207228979184098,
0.24444945073737356
],
"m_bot_up_lip": [
-0.014895925166181257,
0.368942637416324,
0.18614720141946675
],
"m_top_low_lip": [
-0.01711075134429713,
0.40980294832134956,
0.19189001840057732
],
"m_bot_nose": [
-0.024892047616325904,
0.056952673151551024,
0.10621716475171347
],
"m_chin": [
-0.064818700174158,
0.9403758918243854,
0.3339037558686998
],
"m_nose": [
0.03016009697875688,
-0.3575154887331827,
0.11432624590157656
],
"l_eye_exterior": [
-0.3517727527566138,
-0.5134553877772392,
0.394014585994113
],
"l_temple": [
-0.5085777803056178,
-0.8352637505277509,
0.6731953313774613
],
"l_mid_chin": [
-0.25164595497201064,
0.7083361141071042,
0.3055216908596751
],
"l_up_lip": [
-0.1480008059248706,
0.2538594850774599,
0.17268777029284435
],
"l_ext_nostril": [
-0.1663917530455902,
-0.040122197521403585,
0.14756582166171467
],
"l_mid_cheek": [
-0.41779858261061537,
-0.1125833521831821,
0.34545960811158205
],
"l_mid_eyebrow": [
-0.29040306395733023,
-0.7886417485834076,
0.2727532096685306
],
"l_ext_eyebrow": [
-0.36943887123854396,
-0.7639457319579032,
0.317793597936928
],
"l_ext_lips": [
-0.30319789332188873,
0.35628519175442386,
0.31524467169096815
],
"l_jaw_angle": [
-0.5420444826750078,
0.2717417236765437,
0.8205683116021825
],
"l_mid_ext_face": [
-0.5773584126124526,
-0.1308220107655776,
0.9164247524617317
],
"l_int_eyebrow": [
-0.05592504953602992,
-0.8017703166596125,
0.19943358659396423
],
"l_mid_jaw": [
-0.45258987124525846,
0.5704939257429517,
0.614797172682227
],
"l_mid_bot_eyelid": [
-0.25634859263364257,
-0.4661625062188532,
0.34425767284797254
],
"l_ext_mouth": [
-0.22687638622267733,
0.42528097212391225,
0.27273818079466045
],
"l_top_eyelid": [
-0.25478374689782063,
-0.581671742446858,
0.3335671617469598
],
"l_eye_int": [
-0.12370705785325847,
-0.5114986420688576,
0.35284119253556473
],
"l_pupil": [
-0.257078443554015,
-0.5275965126242161,
0.36002901409589244
],
"r_eye_exterior": [
0.47602108295725615,
-0.41464005352213995,
0.41914017982961743
],
"r_temple": [
0.6542527838302961,
-0.6840444721535752,
0.6678379340055774
],
"r_mid_chin": [
0.14903150771297485,
0.758224867207583,
0.3051286106157413
],
"r_up_lip": [
0.13130495984296503,
0.2846888415794263,
0.1729075457399404
],
"r_ext_nostril": [
0.18874463229898655,
0.0010274616064377784,
0.19617317404321377
],
"r_mid_cheek": [
0.4401218142017635,
-0.0017471059545608643,
0.34204286692099206
],
"r_mid_eyebrow": [
0.5077703270343334,
-0.6233276799600854,
0.31329635235346337
],
"r_ext_eyebrow": [
0.43667102072697245,
-0.6684052493131056,
0.2684081842758081
],
"r_ext_lips": [
0.2112953246431209,
0.5033742105583496,
0.30089444690949896
],
"r_jaw_angle": [
0.5080849486741478,
0.41127334276159383,
0.8168423051970957
],
"r_mid_ext_face": [
0.6073414336631369,
0.02269358435562571,
0.9108970835432748
],
"r_int_eyebrow": [
0.21328414815000046,
-0.7427828094215181,
0.19716131807024248
],
"r_mid_jaw": [
0.3725465294748558,
0.6811283086537518,
0.6126863158333341
],
"r_mid_bot_eyelid": [
0.3336530088413778,
-0.3881637190799933,
0.3409973210506283
],
"r_ext_mouth": [
0.25519751809662894,
0.42860896271354404,
0.3146622635919237
],
"r_top_eyelid": [
0.3549520190077546,
-0.49634609451469197,
0.33048996628109667
],
"r_eye_int": [
0.21879602118283334,
-0.46248878824540895,
0.350056544971913
],
"r_pupil": [
0.33260740221760776,
-0.4485467725618366,
0.35673891844340677
],
"l_shoulder": [
0.48798448004580947,
0.007510414055097832,
-0.1086956342966083
],
"l_elbow": [
0.6514503446317846,
1.1007713554352327,
-0.12375507617934456
],
"l_hip": [
0.2499124302132459,
1.8622950942395267,
0.1670676930499271
],
"l_knee": [
0.20741017312672133,
3.350739266666895,
0.10080924775055766
],
"l_ankle": [
0.173234796079215,
4.638634940407196,
1.5135240471161764
],
"l_body_wrist": [
0.45032313349994946,
1.7122816467979212,
-0.3616721414824513
],
"r_shoulder": [
-0.48798448004580947,
-0.007510414055097832,
0.1086956342966083
],
"r_elbow": [
-0.8591293670322186,
0.9848362917623935,
-1.2134731862809038
],
"r_hip": [
-0.44956568234938177,
1.8270903460198322,
0.6642839001848925
],
"r_knee": [
-0.41309846848413717,
3.313117169220729,
0.9725045034765957
],
"r_ankle": [
-0.46479278000868823,
4.595005754134496,
2.1331824798120826
],
"r_body_wrist": [
-0.5906988445054756,
-0.09097475402469067,
-3.172257674235927
],
"m_face_position": [
-0.03499987721443176,
0.06624454259872437,
-0.5561067163944244
],
"m_body_position": [
-0.009786009788513184,
0.364968478679657,
-0.6724566146731377
],
"m_face_scale": [
0.18395463869258422,
0.18395463869258422,
0.18395463869258422
],
"m_body_scale": [
0.42217761367224343,
0.42217761367224343,
0.42217761367224343
],
"l_hand_scale": null,
"r_hand_scale": [
0.27492838374296974,
0.27492838374296974,
0.27492838374296974
]
}
],
"framerate": 30,
"mirrorable": true,
"invalid": false
}