{
"label": "k",
"gestures": [
{
"l_hand_position": null,
"l_wrist": null,
"l_thumb_cmc": null,
"l_thumb_mcp": null,
"l_thumb_ip": null,
"l_thumb_tip": null,
"l_index_mcp": null,
"l_index_pip": null,
"l_index_dip": null,
"l_index_tip": null,
"l_middle_mcp": null,
"l_middle_pip": null,
"l_middle_dip": null,
"l_middle_tip": null,
"l_ring_mcp": null,
"l_ring_pip": null,
"l_ring_dip": null,
"l_ring_tip": null,
"l_pinky_mcp": null,
"l_pinky_pip": null,
"l_pinky_dip": null,
"l_pinky_tip": null,
"r_hand_position": [
-0.313161239027977,
0.10390615463256836,
-0.5054193274118006
],
"r_wrist": [
0.02619531468138059,
0.999354701313131,
0.0245761358249483
],
"r_thumb_cmc": [
0.2022509257612407,
0.6768819039422955,
-0.09453423854357806
],
"r_thumb_mcp": [
0.2151445129106867,
0.19343367446835533,
-0.1100916849907834
],
"r_thumb_ip": [
0.10626874121554257,
-0.1731299067519446,
-0.12586002649324485
],
"r_thumb_tip": [
0.02104747517496534,
-0.4655687075128542,
-0.13603882126325917
],
"r_index_mcp": [
0.19557668176806461,
-0.05930441932546081,
0.00916304299504826
],
"r_index_pip": [
0.19171191669587023,
-0.5002772629604949,
-0.05658823114308614
],
"r_index_dip": [
0.1959834706923331,
-0.774788835285147,
-0.09523116020787346
],
"r_index_tip": [
0.1895577598658446,
-1.026695241690276,
-0.12041843064944985
],
"r_middle_mcp": [
0.0,
0.0,
0.0
],
"r_middle_pip": [
-0.1169936433590962,
-0.40983348934683855,
-0.12022579717339364
],
"r_middle_dip": [
-0.21329801554448072,
-0.6966185997895267,
-0.1963850797306421
],
"r_middle_tip": [
-0.3157751393639951,
-0.9498878166638661,
-0.22439944028313163
],
"r_ring_mcp": [
-0.17202394091747583,
0.13447793136369607,
-0.02878851594241367
],
"r_ring_pip": [
-0.22527200294801816,
0.059367397278520306,
-0.24617030036366588
],
"r_ring_dip": [
-0.1058459375113652,
0.4111560263610881,
-0.3052712407608537
],
"r_ring_tip": [
-0.011737347069187245,
0.6281307515664278,
-0.2778753919560486
],
"r_pinky_mcp": [
-0.31461565578400796,
0.3126395873609441,
-0.06125363385135942
],
"r_pinky_pip": [
-0.3452441926514382,
0.24677194633509342,
-0.2472264987491772
],
"r_pinky_dip": [
-0.24784615290138837,
0.4967379290277153,
-0.27463962932597263
],
"r_pinky_tip": [
-0.15269916953574972,
0.6709162970668608,
-0.2503454953890313
],
"l_hand_velocity": null,
"r_hand_velocity": null,
"m_nose_point": [
0.0,
0.0,
0.0
],
"m_top_nose": [
-0.008203177907200574,
-0.47163617383402684,
0.15977352227042715
],
"m_eyebrows": [
-0.013448739155319266,
-0.795720048431383,
0.18458354847064987
],
"m_forehead": [
-0.018010397293653006,
-1.2343296384393738,
0.25016596730504054
],
"m_top_chin": [
0.016740988548855973,
0.6038181369493594,
0.2458356588596209
],
"m_bot_up_lip": [
-0.0004387226251236391,
0.3762483606655787,
0.19583796294836395
],
"m_top_low_lip": [
0.001477588526134666,
0.4145697044771197,
0.19058504476095117
],
"m_bot_nose": [
-0.020036084150340652,
0.061698469491669364,
0.11018447320655787
],
"m_chin": [
0.0278883652776694,
0.9373465427203688,
0.34728043125449937
],
"m_nose": [
-0.0068979882624861325,
-0.37781255523355894,
0.11084636902988794
],
"l_eye_exterior": [
-0.4222003879856418,
-0.492784312089755,
0.40479691277118085
],
"l_temple": [
-0.6127975164240864,
-0.8137145882807544,
0.6884321381821659
],
"l_mid_chin": [
-0.18445562158841677,
0.738321792547969,
0.3143189369641309
],
"l_up_lip": [
-0.14292334861042408,
0.2887632471652521,
0.18084690944866455
],
"l_ext_nostril": [
-0.17160824551239115,
-0.014586815733374007,
0.1540511957784516
],
"l_mid_cheek": [
-0.4408692758181157,
-0.05609428604210577,
0.36034410007514284
],
"l_mid_eyebrow": [
-0.3837225027369622,
-0.7750850408085612,
0.27913094250474535
],
"l_ext_eyebrow": [
-0.4628080499816779,
-0.7387645811844469,
0.32841968009953243
],
"l_ext_lips": [
-0.2720643418339126,
0.40700123094231766,
0.32222896021754704
],
"l_jaw_angle": [
-0.5368952494686134,
0.3307586388364939,
0.8617035856390132
],
"l_mid_ext_face": [
-0.6198731893827533,
-0.07827925719316786,
0.9535165107996623
],
"l_int_eyebrow": [
-0.14862857244214078,
-0.8191622302931794,
0.19721180465353783
],
"l_mid_jaw": [
-0.4080368440342453,
0.626070603888902,
0.6480593391669796
],
"l_mid_bot_eyelid": [
-0.3189489088580731,
-0.4569684444747032,
0.35139268078161906
],
"l_ext_mouth": [
-0.2039415744025273,
0.45874895084672956,
0.27477899843172116
],
"l_top_eyelid": [
-0.3303091412812815,
-0.589683461678578,
0.339457406349493
],
"l_eye_int": [
-0.19351713449249963,
-0.5284542098971892,
0.3561450570884668
],
"l_pupil": [
-0.3361426477712249,
-0.525899941564449,
0.3669641955209942
],
"r_eye_exterior": [
0.4402823470791296,
-0.5340998666625661,
0.4077233545588326
],
"r_temple": [
0.6020396635830102,
-0.8688147345467458,
0.656405488198424
],
"r_mid_chin": [
0.2278548036797136,
0.7218056544270032,
0.3044793429549488
],
"r_up_lip": [
0.13717583826062316,
0.2757113507181077,
0.17368635850297767
],
"r_ext_nostril": [
0.18978351956645903,
-0.03502746801346259,
0.19437144159688413
],
"r_mid_cheek": [
0.45702455543139187,
-0.09155315786025435,
0.3335799932900665
],
"r_mid_eyebrow": [
0.4452953324777852,
-0.7476764648706934,
0.3003678560034937
],
"r_ext_eyebrow": [
0.3645667100448168,
-0.7760023329700801,
0.2561750143054895
],
"r_ext_lips": [
0.2554654603818877,
0.4624356033416286,
0.2943107621698515
],
"r_jaw_angle": [
0.5696551029498105,
0.2861138341668224,
0.8324720135104671
],
"r_mid_ext_face": [
0.6313743090993865,
-0.13161434793027918,
0.9195613516305994
],
"r_int_eyebrow": [
0.1257491265517727,
-0.8086365467004308,
0.18821571641340193
],
"r_mid_jaw": [
0.45392137556582784,
0.5945651149104914,
0.6261363207974151
],
"r_mid_bot_eyelid": [
0.29599058234743253,
-0.47520287899397545,
0.3311851904284115
],
"r_ext_mouth": [
0.2934920183702455,
0.3863889929830797,
0.3077238602936615
],
"r_top_eyelid": [
0.30126216606821843,
-0.5946065882263046,
0.3197966071057212
],
"r_eye_int": [
0.16379357499008923,
-0.5271648776967564,
0.3429307616065765
],
"r_pupil": [
0.2836998432258038,
-0.5389278485446033,
0.3471666623508646
],
"l_shoulder": [
0.47069885357435476,
-0.012068484633506871,
-0.16821694600259185
],
"l_elbow": [
0.8107253528528573,
0.9191048158454775,
-0.3488890149503186
],
"l_hip": [
0.36248157621715255,
1.868348207011115,
0.18528648628902636
],
"l_knee": [
0.36142615264151295,
3.3445041847480805,
-0.0925506723188406
],
"l_ankle": [
0.41418803838572,
4.664903834120558,
1.1586963115517592
],
"l_body_wrist": [
0.9865314839667041,
1.4396034362510528,
-1.100509762516142
],
"r_shoulder": [
-0.47069885357435476,
0.012068484633506871,
0.16821694600259185
],
"r_elbow": [
-0.9001692925776537,
0.8312608274572535,
-1.3478141661183138
],
"r_hip": [
-0.3569275110624677,
1.8652490526681118,
0.8738458227189196
],
"r_knee": [
-0.2752906818724148,
3.3738336019935833,
1.4279489527626166
],
"r_ankle": [
-0.22087898690644098,
4.621672032366756,
2.7269088264502703
],
"r_body_wrist": [
-0.7779755814270409,
-0.12196691677639247,
-4.042478419440268
],
"m_face_position": [
0.009220480918884277,
0.13541114330291748,
-0.5449310913681984
],
"m_body_position": [
0.03253906965255737,
0.422800749540329,
-0.7111655846238136
],
"m_face_scale": [
0.1465924208821506,
0.1465924208821506,
0.1465924208821506
],
"m_body_scale": [
0.40407590204669547,
0.40407590204669547,
0.40407590204669547
],
"l_hand_scale": null,
"r_hand_scale": [
0.22051974632367863,
0.22051974632367863,
0.22051974632367863
]
}
],
"framerate": 30,
"mirrorable": true,
"invalid": false
}