{
"label": "p",
"gestures": [
{
"l_hand_position": null,
"l_wrist": null,
"l_thumb_cmc": null,
"l_thumb_mcp": null,
"l_thumb_ip": null,
"l_thumb_tip": null,
"l_index_mcp": null,
"l_index_pip": null,
"l_index_dip": null,
"l_index_tip": null,
"l_middle_mcp": null,
"l_middle_pip": null,
"l_middle_dip": null,
"l_middle_tip": null,
"l_ring_mcp": null,
"l_ring_pip": null,
"l_ring_dip": null,
"l_ring_tip": null,
"l_pinky_mcp": null,
"l_pinky_pip": null,
"l_pinky_dip": null,
"l_pinky_tip": null,
"r_hand_position": [
-0.0543745756149292,
0.034199059009552,
0.5042985146865249
],
"r_wrist": [
-0.25542897144417204,
0.9661924332000725,
-0.03504600653278094
],
"r_thumb_cmc": [
-0.3539489506649104,
0.5122239069985205,
-0.13455753282423946
],
"r_thumb_mcp": [
-0.29138915503765284,
0.14887016466219277,
-0.15611142055193464
],
"r_thumb_ip": [
-0.09625649262337023,
0.02953563307742164,
-0.15052475155852255
],
"r_thumb_tip": [
0.087014489275293,
0.05897456503142631,
-0.1336032394278307
],
"r_index_mcp": [
-0.19510885158489855,
-0.10080873445337114,
-0.06571133087177776
],
"r_index_pip": [
0.07035273992996086,
-0.5333608774298255,
-0.06220981212118469
],
"r_index_dip": [
0.21718003261805843,
-0.7422129509869791,
-0.07167267306018159
],
"r_index_tip": [
0.3296419813461149,
-0.9028434786560856,
-0.08655701536373854
],
"r_middle_mcp": [
-0.0,
0.0,
-0.0
],
"r_middle_pip": [
0.23606882341374222,
-0.45461166156256894,
-0.01446624243807343
],
"r_middle_dip": [
0.3717895790324012,
-0.6951250921387901,
-0.01327450511248304
],
"r_middle_tip": [
0.465033515803392,
-0.8542234658273252,
-0.017322828246700415
],
"r_ring_mcp": [
0.16150351042397373,
0.17232528941139053,
0.04907440029192687
],
"r_ring_pip": [
0.29446366763996024,
0.02591152765810622,
0.02349831224841223
],
"r_ring_dip": [
0.20135652165410453,
0.18198471117662945,
0.003789391753773967
],
"r_ring_tip": [
0.1116781350995561,
0.3128023796833425,
-0.018396902794785158
],
"r_pinky_mcp": [
0.28800898913570083,
0.3824480837611843,
0.09085043970438048
],
"r_pinky_pip": [
0.32593721066806974,
0.3093881983108418,
0.037796183801823896
],
"r_pinky_dip": [
0.24445509470987328,
0.4338007537132378,
-0.021729876976812716
],
"r_pinky_tip": [
0.16932123742664823,
0.5310281450531261,
-0.07212576216498563
],
"l_hand_velocity": null,
"r_hand_velocity": null,
"m_nose_point": null,
"m_top_nose": null,
"m_eyebrows": null,
"m_forehead": null,
"m_top_chin": null,
"m_bot_up_lip": null,
"m_top_low_lip": null,
"m_bot_nose": null,
"m_chin": null,
"m_nose": null,
"l_eye_exterior": null,
"l_temple": null,
"l_mid_chin": null,
"l_up_lip": null,
"l_ext_nostril": null,
"l_mid_cheek": null,
"l_mid_eyebrow": null,
"l_ext_eyebrow": null,
"l_ext_lips": null,
"l_jaw_angle": null,
"l_mid_ext_face": null,
"l_int_eyebrow": null,
"l_mid_jaw": null,
"l_mid_bot_eyelid": null,
"l_ext_mouth": null,
"l_top_eyelid": null,
"l_eye_int": null,
"l_pupil": null,
"r_eye_exterior": null,
"r_temple": null,
"r_mid_chin": null,
"r_up_lip": null,
"r_ext_nostril": null,
"r_mid_cheek": null,
"r_mid_eyebrow": null,
"r_ext_eyebrow": null,
"r_ext_lips": null,
"r_jaw_angle": null,
"r_mid_ext_face": null,
"r_int_eyebrow": null,
"r_mid_jaw": null,
"r_mid_bot_eyelid": null,
"r_ext_mouth": null,
"r_top_eyelid": null,
"r_eye_int": null,
"r_pupil": null,
"l_shoulder": null,
"l_elbow": null,
"l_hip": null,
"l_knee": null,
"l_ankle": null,
"l_body_wrist": null,
"r_shoulder": null,
"r_elbow": null,
"r_hip": null,
"r_knee": null,
"r_ankle": null,
"r_body_wrist": null,
"m_face_position": null,
"m_body_position": null,
"m_face_scale": null,
"m_body_scale": null,
"l_hand_scale": null,
"r_hand_scale": [
-0.12265963301333367,
0.12265963301333367,
-0.12265963301333367
]
}
],
"framerate": 30,
"mirrorable": true,
"invalid": false
}