{
"label": "p",
"gestures": [
{
"l_hand_position": [
0.14643704891204834,
0.006199479103088379,
-0.5318683609366417
],
"l_wrist": [
0.3742684842753014,
0.8786437968823212,
0.29649313630923535
],
"l_thumb_cmc": [
0.026845759512475594,
0.6608282510126527,
0.21418585229718332
],
"l_thumb_mcp": [
-0.24547593915045285,
0.4980179528249289,
0.10887484653592797
],
"l_thumb_ip": [
-0.4891279637577011,
0.47833808681421347,
0.011355448498595822
],
"l_thumb_tip": [
-0.6577493900993442,
0.4950921476774837,
-0.09122494500683588
],
"l_index_mcp": [
-0.22852778583047187,
-0.11230245000270492,
0.034555337178913056
],
"l_index_pip": [
-0.5676172896018915,
0.2909717655533244,
-0.12425792146747505
],
"l_index_dip": [
-0.7404915589450048,
0.6037850325352454,
-0.2290352336266686
],
"l_index_tip": [
-0.8690916752627716,
0.8013084893307452,
-0.2802697154464983
],
"l_middle_mcp": [
0.0,
0.0,
0.0
],
"l_middle_pip": [
-0.45264246374521805,
0.4998368764192466,
-0.13035342972984282
],
"l_middle_dip": [
-0.6376014839930177,
0.7628332643620389,
-0.14506109757140384
],
"l_middle_tip": [
-0.791120853552937,
0.9455557849586547,
-0.12334131984065863
],
"l_ring_mcp": [
0.1973986830733286,
0.2580204119026055,
-0.030552925435650545
],
"l_ring_pip": [
-0.17490059459117338,
0.7593906187298669,
-0.11337948984061312
],
"l_ring_dip": [
-0.08441635492225981,
0.7849243132349779,
-0.008984054589997932
],
"l_ring_tip": [
0.010635157527995393,
0.6792853345460905,
0.09055650444967103
],
"l_pinky_mcp": [
0.3183792840905084,
0.5714126289554008,
-0.070459270338293
],
"l_pinky_pip": [
0.006465497007972588,
0.9455513485596442,
-0.1099216980649442
],
"l_pinky_dip": [
0.03760790896214744,
0.9495923535083616,
0.012508634966395718
],
"l_pinky_tip": [
0.11958202622910995,
0.8225166948005885,
0.1364819856989023
],
"r_hand_position": null,
"r_wrist": null,
"r_thumb_cmc": null,
"r_thumb_mcp": null,
"r_thumb_ip": null,
"r_thumb_tip": null,
"r_index_mcp": null,
"r_index_pip": null,
"r_index_dip": null,
"r_index_tip": null,
"r_middle_mcp": null,
"r_middle_pip": null,
"r_middle_dip": null,
"r_middle_tip": null,
"r_ring_mcp": null,
"r_ring_pip": null,
"r_ring_dip": null,
"r_ring_tip": null,
"r_pinky_mcp": null,
"r_pinky_pip": null,
"r_pinky_dip": null,
"r_pinky_tip": null,
"l_hand_velocity": null,
"r_hand_velocity": null,
"m_nose_point": null,
"m_top_nose": null,
"m_eyebrows": null,
"m_forehead": null,
"m_top_chin": null,
"m_bot_up_lip": null,
"m_top_low_lip": null,
"m_bot_nose": null,
"m_chin": null,
"m_nose": null,
"l_eye_exterior": null,
"l_temple": null,
"l_mid_chin": null,
"l_up_lip": null,
"l_ext_nostril": null,
"l_mid_cheek": null,
"l_mid_eyebrow": null,
"l_ext_eyebrow": null,
"l_ext_lips": null,
"l_jaw_angle": null,
"l_mid_ext_face": null,
"l_int_eyebrow": null,
"l_mid_jaw": null,
"l_mid_bot_eyelid": null,
"l_ext_mouth": null,
"l_top_eyelid": null,
"l_eye_int": null,
"l_pupil": null,
"r_eye_exterior": null,
"r_temple": null,
"r_mid_chin": null,
"r_up_lip": null,
"r_ext_nostril": null,
"r_mid_cheek": null,
"r_mid_eyebrow": null,
"r_ext_eyebrow": null,
"r_ext_lips": null,
"r_jaw_angle": null,
"r_mid_ext_face": null,
"r_int_eyebrow": null,
"r_mid_jaw": null,
"r_mid_bot_eyelid": null,
"r_ext_mouth": null,
"r_top_eyelid": null,
"r_eye_int": null,
"r_pupil": null,
"l_shoulder": null,
"l_elbow": null,
"l_hip": null,
"l_knee": null,
"l_ankle": null,
"l_body_wrist": null,
"r_shoulder": null,
"r_elbow": null,
"r_hip": null,
"r_knee": null,
"r_ankle": null,
"r_body_wrist": null,
"m_face_position": null,
"m_body_position": null,
"m_face_scale": null,
"m_body_scale": null,
"l_hand_scale": [
0.10748292862549658,
0.10748292862549658,
0.10748292862549658
],
"r_hand_scale": null
}
],
"framerate": 30,
"mirrorable": true,
"invalid": false
}