{
"label": "p",
"gestures": [
{
"l_hand_position": [
0.15214496850967407,
0.0012799501419067383,
-0.5316395536065102
],
"l_wrist": [
0.3008433610799534,
0.8864266456320772,
0.3517684949047892
],
"l_thumb_cmc": [
0.09596257159136776,
0.9003518116589226,
0.15803861067028874
],
"l_thumb_mcp": [
-0.19131082685917936,
0.8381806140205781,
-0.007520736113223358
],
"l_thumb_ip": [
-0.35453208952572085,
0.8898746368202787,
-0.14922133659627515
],
"l_thumb_tip": [
-0.4215111241947019,
0.9514706170165015,
-0.2645985737352197
],
"l_index_mcp": [
-0.263464830428538,
0.06348863113481666,
-0.0032677801361657853
],
"l_index_pip": [
-0.39060113899553217,
0.698126432643357,
-0.18402141198834146
],
"l_index_dip": [
-0.40584970275500076,
1.1666854396761064,
-0.2712279878903168
],
"l_index_tip": [
-0.3896342700461595,
1.4556924427678866,
-0.3171309444788995
],
"l_middle_mcp": [
0.0,
0.0,
0.0
],
"l_middle_pip": [
-0.15859367810624733,
0.7933832362901861,
-0.18410234335944642
],
"l_middle_dip": [
-0.19533271010369108,
1.2194477234397472,
-0.21599327973223426
],
"l_middle_tip": [
-0.21303655107866737,
1.424329838314144,
-0.2192331439297487
],
"l_ring_mcp": [
0.2885974588760759,
0.07969876230041258,
-0.005665195977347125
],
"l_ring_pip": [
0.19097219078438193,
0.8264456480469723,
-0.15064409684644223
],
"l_ring_dip": [
0.1937594771456303,
0.9935270968890421,
-0.11896083186296874
],
"l_ring_tip": [
0.2064546851395521,
0.9439165805847682,
-0.08680142202677131
],
"l_pinky_mcp": [
0.5568966340514772,
0.25647739643115264,
-0.03014892381531421
],
"l_pinky_pip": [
0.49979569983441446,
0.818644427161424,
-0.11942161052394247
],
"l_pinky_dip": [
0.45691217921559774,
0.9564143060928003,
-0.09083519232527851
],
"l_pinky_tip": [
0.44071265113649255,
0.8642761352600546,
-0.05534111178774922
],
"r_hand_position": null,
"r_wrist": null,
"r_thumb_cmc": null,
"r_thumb_mcp": null,
"r_thumb_ip": null,
"r_thumb_tip": null,
"r_index_mcp": null,
"r_index_pip": null,
"r_index_dip": null,
"r_index_tip": null,
"r_middle_mcp": null,
"r_middle_pip": null,
"r_middle_dip": null,
"r_middle_tip": null,
"r_ring_mcp": null,
"r_ring_pip": null,
"r_ring_dip": null,
"r_ring_tip": null,
"r_pinky_mcp": null,
"r_pinky_pip": null,
"r_pinky_dip": null,
"r_pinky_tip": null,
"l_hand_velocity": null,
"r_hand_velocity": null,
"m_nose_point": null,
"m_top_nose": null,
"m_eyebrows": null,
"m_forehead": null,
"m_top_chin": null,
"m_bot_up_lip": null,
"m_top_low_lip": null,
"m_bot_nose": null,
"m_chin": null,
"m_nose": null,
"l_eye_exterior": null,
"l_temple": null,
"l_mid_chin": null,
"l_up_lip": null,
"l_ext_nostril": null,
"l_mid_cheek": null,
"l_mid_eyebrow": null,
"l_ext_eyebrow": null,
"l_ext_lips": null,
"l_jaw_angle": null,
"l_mid_ext_face": null,
"l_int_eyebrow": null,
"l_mid_jaw": null,
"l_mid_bot_eyelid": null,
"l_ext_mouth": null,
"l_top_eyelid": null,
"l_eye_int": null,
"l_pupil": null,
"r_eye_exterior": null,
"r_temple": null,
"r_mid_chin": null,
"r_up_lip": null,
"r_ext_nostril": null,
"r_mid_cheek": null,
"r_mid_eyebrow": null,
"r_ext_eyebrow": null,
"r_ext_lips": null,
"r_jaw_angle": null,
"r_mid_ext_face": null,
"r_int_eyebrow": null,
"r_mid_jaw": null,
"r_mid_bot_eyelid": null,
"r_ext_mouth": null,
"r_top_eyelid": null,
"r_eye_int": null,
"r_pupil": null,
"l_shoulder": null,
"l_elbow": null,
"l_hip": null,
"l_knee": null,
"l_ankle": null,
"l_body_wrist": null,
"r_shoulder": null,
"r_elbow": null,
"r_hip": null,
"r_knee": null,
"r_ankle": null,
"r_body_wrist": null,
"m_face_position": null,
"m_body_position": null,
"m_face_scale": null,
"m_body_scale": null,
"l_hand_scale": [
0.08994308565159795,
0.08994308565159795,
0.08994308565159795
],
"r_hand_scale": null
}
],
"framerate": 30,
"mirrorable": true,
"invalid": false
}