{
"label": "p",
"gestures": [
{
"l_hand_position": [
0.08494424819946289,
0.0036903023719787598,
-0.5313792750239372
],
"l_wrist": [
0.24987090618094543,
0.9181550964268516,
0.3074991856082096
],
"l_thumb_cmc": [
0.27349396436465145,
0.43689690774766704,
0.37946065888533964
],
"l_thumb_mcp": [
0.06150265884955768,
0.05459050202664261,
0.3198895580130739
],
"l_thumb_ip": [
-0.2862166785708992,
-0.05109236891759762,
0.24844961620278
],
"l_thumb_tip": [
-0.5601037375393889,
0.10123266620925714,
0.171409681402795
],
"l_index_mcp": [
0.059776663969406084,
-0.24568529558495006,
0.09829329108742874
],
"l_index_pip": [
-0.3984063457807533,
-0.38895309226541874,
0.019876886322267015
],
"l_index_dip": [
-0.40680209887967006,
-0.22493947962785205,
0.038339756449783775
],
"l_index_tip": [
-0.3281247688098154,
-0.0984725346335697,
0.052741884117674824
],
"l_middle_mcp": [
0.0,
0.0,
0.0
],
"l_middle_pip": [
-0.5398508960928994,
-0.1710823063903906,
-0.061255404972162024
],
"l_middle_dip": [
-0.49833882092293175,
0.06841948841664915,
0.013839901628356051
],
"l_middle_tip": [
-0.3905549673783852,
0.18919882760873988,
0.05977259357115869
],
"l_ring_mcp": [
-0.12171797667852176,
0.31675072539147625,
-0.07888384345896252
],
"l_ring_pip": [
-0.6925252188469389,
0.18360555282960903,
-0.10060852630938506
],
"l_ring_dip": [
-0.6053364852598019,
0.40650187506633745,
0.03841663769381083
],
"l_ring_tip": [
-0.4486313365606098,
0.5017236399856995,
0.11249385190399244
],
"l_pinky_mcp": [
-0.27002970865088527,
0.6745077013958267,
-0.15207307199946885
],
"l_pinky_pip": [
-0.7261555427773919,
0.5897225105944169,
-0.19297732536836787
],
"l_pinky_dip": [
-0.6267399899597258,
0.7233343734809005,
-0.11701091703709308
],
"l_pinky_tip": [
-0.4639766284358527,
0.7849637805162425,
-0.06334912291550666
],
"r_hand_position": null,
"r_wrist": null,
"r_thumb_cmc": null,
"r_thumb_mcp": null,
"r_thumb_ip": null,
"r_thumb_tip": null,
"r_index_mcp": null,
"r_index_pip": null,
"r_index_dip": null,
"r_index_tip": null,
"r_middle_mcp": null,
"r_middle_pip": null,
"r_middle_dip": null,
"r_middle_tip": null,
"r_ring_mcp": null,
"r_ring_pip": null,
"r_ring_dip": null,
"r_ring_tip": null,
"r_pinky_mcp": null,
"r_pinky_pip": null,
"r_pinky_dip": null,
"r_pinky_tip": null,
"l_hand_velocity": null,
"r_hand_velocity": null,
"m_nose_point": null,
"m_top_nose": null,
"m_eyebrows": null,
"m_forehead": null,
"m_top_chin": null,
"m_bot_up_lip": null,
"m_top_low_lip": null,
"m_bot_nose": null,
"m_chin": null,
"m_nose": null,
"l_eye_exterior": null,
"l_temple": null,
"l_mid_chin": null,
"l_up_lip": null,
"l_ext_nostril": null,
"l_mid_cheek": null,
"l_mid_eyebrow": null,
"l_ext_eyebrow": null,
"l_ext_lips": null,
"l_jaw_angle": null,
"l_mid_ext_face": null,
"l_int_eyebrow": null,
"l_mid_jaw": null,
"l_mid_bot_eyelid": null,
"l_ext_mouth": null,
"l_top_eyelid": null,
"l_eye_int": null,
"l_pupil": null,
"r_eye_exterior": null,
"r_temple": null,
"r_mid_chin": null,
"r_up_lip": null,
"r_ext_nostril": null,
"r_mid_cheek": null,
"r_mid_eyebrow": null,
"r_ext_eyebrow": null,
"r_ext_lips": null,
"r_jaw_angle": null,
"r_mid_ext_face": null,
"r_int_eyebrow": null,
"r_mid_jaw": null,
"r_mid_bot_eyelid": null,
"r_ext_mouth": null,
"r_top_eyelid": null,
"r_eye_int": null,
"r_pupil": null,
"l_shoulder": null,
"l_elbow": null,
"l_hip": null,
"l_knee": null,
"l_ankle": null,
"l_body_wrist": null,
"r_shoulder": null,
"r_elbow": null,
"r_hip": null,
"r_knee": null,
"r_ankle": null,
"r_body_wrist": null,
"m_face_position": null,
"m_body_position": null,
"m_face_scale": null,
"m_body_scale": null,
"l_hand_scale": [
0.10204649349586076,
0.10204649349586076,
0.10204649349586076
],
"r_hand_scale": null
}
],
"framerate": 30,
"mirrorable": true,
"invalid": false
}