{
"label": "p",
"gestures": [
{
"l_hand_position": [
0.11417371034622192,
-0.044337451457977295,
-0.5218118838965893
],
"l_wrist": [
0.05285998618617715,
0.9825032413743183,
0.17858668077254575
],
"l_thumb_cmc": [
-0.1862522089090351,
0.855004359307734,
0.01108602052417777
],
"l_thumb_mcp": [
-0.3754261990791757,
0.5791739580484467,
-0.10161879704887233
],
"l_thumb_ip": [
-0.41765025728731153,
0.3175571661477193,
-0.2102661324216296
],
"l_thumb_tip": [
-0.31184780937910844,
0.148698510926184,
-0.2962513622362374
],
"l_index_mcp": [
-0.19003827522332548,
-0.00975919839134079,
0.013972420268425054
],
"l_index_pip": [
-0.20122664288527717,
-0.4933449864328602,
-0.2094881355677481
],
"l_index_dip": [
-0.3672489205070889,
-0.5693849903808528,
-0.3281862313315424
],
"l_index_tip": [
-0.5049591523494159,
-0.522064529682367,
-0.37627404392754454
],
"l_middle_mcp": [
0.0,
0.0,
0.0
],
"l_middle_pip": [
-0.039962569254743,
-0.540676427602095,
-0.22686030783859476
],
"l_middle_dip": [
-0.2672300085476684,
-0.5341027857802992,
-0.3056478085758585
],
"l_middle_tip": [
-0.4199786051070434,
-0.45475107185437746,
-0.29237016234342905
],
"l_ring_mcp": [
0.1392148003454151,
0.13785053785745446,
-0.039372978978131495
],
"l_ring_pip": [
-0.13338051022072558,
0.13793960167575273,
-0.2285132652033339
],
"l_ring_dip": [
-0.25676244778777996,
0.4278718555024201,
-0.2158164553722243
],
"l_ring_tip": [
-0.22226815296608973,
0.5454419519072052,
-0.14849744630624487
],
"l_pinky_mcp": [
0.21646509618041987,
0.3549217560232248,
-0.09827072951224057
],
"l_pinky_pip": [
-0.09784380270925397,
0.47566813660003354,
-0.20978027709228947
],
"l_pinky_dip": [
-0.16917147663265417,
0.6662183457707282,
-0.1858253736099714
],
"l_pinky_tip": [
-0.10982862051620719,
0.717733346295371,
-0.1305077750622994
],
"r_hand_position": null,
"r_wrist": null,
"r_thumb_cmc": null,
"r_thumb_mcp": null,
"r_thumb_ip": null,
"r_thumb_tip": null,
"r_index_mcp": null,
"r_index_pip": null,
"r_index_dip": null,
"r_index_tip": null,
"r_middle_mcp": null,
"r_middle_pip": null,
"r_middle_dip": null,
"r_middle_tip": null,
"r_ring_mcp": null,
"r_ring_pip": null,
"r_ring_dip": null,
"r_ring_tip": null,
"r_pinky_mcp": null,
"r_pinky_pip": null,
"r_pinky_dip": null,
"r_pinky_tip": null,
"l_hand_velocity": null,
"r_hand_velocity": null,
"m_nose_point": null,
"m_top_nose": null,
"m_eyebrows": null,
"m_forehead": null,
"m_top_chin": null,
"m_bot_up_lip": null,
"m_top_low_lip": null,
"m_bot_nose": null,
"m_chin": null,
"m_nose": null,
"l_eye_exterior": null,
"l_temple": null,
"l_mid_chin": null,
"l_up_lip": null,
"l_ext_nostril": null,
"l_mid_cheek": null,
"l_mid_eyebrow": null,
"l_ext_eyebrow": null,
"l_ext_lips": null,
"l_jaw_angle": null,
"l_mid_ext_face": null,
"l_int_eyebrow": null,
"l_mid_jaw": null,
"l_mid_bot_eyelid": null,
"l_ext_mouth": null,
"l_top_eyelid": null,
"l_eye_int": null,
"l_pupil": null,
"r_eye_exterior": null,
"r_temple": null,
"r_mid_chin": null,
"r_up_lip": null,
"r_ext_nostril": null,
"r_mid_cheek": null,
"r_mid_eyebrow": null,
"r_ext_eyebrow": null,
"r_ext_lips": null,
"r_jaw_angle": null,
"r_mid_ext_face": null,
"r_int_eyebrow": null,
"r_mid_jaw": null,
"r_mid_bot_eyelid": null,
"r_ext_mouth": null,
"r_top_eyelid": null,
"r_eye_int": null,
"r_pupil": null,
"l_shoulder": null,
"l_elbow": null,
"l_hip": null,
"l_knee": null,
"l_ankle": null,
"l_body_wrist": null,
"r_shoulder": null,
"r_elbow": null,
"r_hip": null,
"r_knee": null,
"r_ankle": null,
"r_body_wrist": null,
"m_face_position": null,
"m_body_position": null,
"m_face_scale": null,
"m_body_scale": null,
"l_hand_scale": [
0.12213542917146458,
0.12213542917146458,
0.12213542917146458
],
"r_hand_scale": null
}
],
"framerate": 30,
"mirrorable": true,
"invalid": false
}