{
"label": "p",
"gestures": [
{
"l_hand_position": null,
"l_wrist": null,
"l_thumb_cmc": null,
"l_thumb_mcp": null,
"l_thumb_ip": null,
"l_thumb_tip": null,
"l_index_mcp": null,
"l_index_pip": null,
"l_index_dip": null,
"l_index_tip": null,
"l_middle_mcp": null,
"l_middle_pip": null,
"l_middle_dip": null,
"l_middle_tip": null,
"l_ring_mcp": null,
"l_ring_pip": null,
"l_ring_dip": null,
"l_ring_tip": null,
"l_pinky_mcp": null,
"l_pinky_pip": null,
"l_pinky_dip": null,
"l_pinky_tip": null,
"r_hand_position": [
-0.29476284980773926,
-0.011826157569885254,
-0.5781425982713699
],
"r_wrist": [
-0.4212519140461014,
0.550139977852272,
0.7210359420175929
],
"r_thumb_cmc": [
0.02635616473086463,
0.5725692819308605,
0.41738713244090175
],
"r_thumb_mcp": [
0.2693629789438523,
0.5940014713928418,
0.0973677198302487
],
"r_thumb_ip": [
0.32963492764657565,
0.7200773474916944,
-0.18274050281022036
],
"r_thumb_tip": [
0.2653415216484122,
0.801778048278377,
-0.45852917873318577
],
"r_index_mcp": [
0.34307315078070916,
0.06904125001720213,
0.010536938588486556
],
"r_index_pip": [
0.33899133312720353,
0.9351307161545775,
-0.3548484391753835
],
"r_index_dip": [
0.2853591613068004,
1.5027573234801153,
-0.5769427267357484
],
"r_index_tip": [
0.24278489708789056,
1.900202919812035,
-0.7092432819469905
],
"r_middle_mcp": [
0.0,
0.0,
0.0
],
"r_middle_pip": [
0.1097948038454453,
0.9120843339734885,
-0.3792939029589668
],
"r_middle_dip": [
0.11315862197772589,
1.4832506156909098,
-0.4859095446194707
],
"r_middle_tip": [
0.10965345886118269,
1.8768512984625967,
-0.5424002400029277
],
"r_ring_mcp": [
-0.3171126970077314,
0.03742782184444578,
-0.021168336325016305
],
"r_ring_pip": [
-0.17154523758296988,
0.9730953189509312,
-0.3114242488667663
],
"r_ring_dip": [
-0.09133965874071483,
1.370832404939112,
-0.30210029223466556
],
"r_ring_tip": [
-0.04115490208608609,
1.56670795414193,
-0.270123051972066
],
"r_pinky_mcp": [
-0.5725988433818494,
0.1668294299270958,
-0.07075457671846305
],
"r_pinky_pip": [
-0.4598333199547137,
0.8182978120616285,
-0.2320898391103943
],
"r_pinky_dip": [
-0.34729425099166417,
0.9478077662995305,
-0.2167286092156609
],
"r_pinky_tip": [
-0.2473835589007766,
0.8978436893139109,
-0.20086201600414033
],
"l_hand_velocity": null,
"r_hand_velocity": null,
"m_nose_point": null,
"m_top_nose": null,
"m_eyebrows": null,
"m_forehead": null,
"m_top_chin": null,
"m_bot_up_lip": null,
"m_top_low_lip": null,
"m_bot_nose": null,
"m_chin": null,
"m_nose": null,
"l_eye_exterior": null,
"l_temple": null,
"l_mid_chin": null,
"l_up_lip": null,
"l_ext_nostril": null,
"l_mid_cheek": null,
"l_mid_eyebrow": null,
"l_ext_eyebrow": null,
"l_ext_lips": null,
"l_jaw_angle": null,
"l_mid_ext_face": null,
"l_int_eyebrow": null,
"l_mid_jaw": null,
"l_mid_bot_eyelid": null,
"l_ext_mouth": null,
"l_top_eyelid": null,
"l_eye_int": null,
"l_pupil": null,
"r_eye_exterior": null,
"r_temple": null,
"r_mid_chin": null,
"r_up_lip": null,
"r_ext_nostril": null,
"r_mid_cheek": null,
"r_mid_eyebrow": null,
"r_ext_eyebrow": null,
"r_ext_lips": null,
"r_jaw_angle": null,
"r_mid_ext_face": null,
"r_int_eyebrow": null,
"r_mid_jaw": null,
"r_mid_bot_eyelid": null,
"r_ext_mouth": null,
"r_top_eyelid": null,
"r_eye_int": null,
"r_pupil": null,
"l_shoulder": null,
"l_elbow": null,
"l_hip": null,
"l_knee": null,
"l_ankle": null,
"l_body_wrist": null,
"r_shoulder": null,
"r_elbow": null,
"r_hip": null,
"r_knee": null,
"r_ankle": null,
"r_body_wrist": null,
"m_face_position": null,
"m_body_position": null,
"m_face_scale": null,
"m_body_scale": null,
"l_hand_scale": null,
"r_hand_scale": [
0.1083759270779366,
0.1083759270779366,
0.1083759270779366
]
}
],
"framerate": 30,
"mirrorable": true,
"invalid": false
}