{
"label": "p",
"gestures": [
{
"l_hand_position": [
-0.01955348253250122,
-0.13359150290489197,
-0.5455050319433212
],
"l_wrist": [
0.9070679688489374,
0.11385644356510777,
0.4052954603088574
],
"l_thumb_cmc": [
0.4101019192736798,
0.24277102457995733,
0.3690653699983579
],
"l_thumb_mcp": [
0.006849675419813272,
0.45946656515040657,
0.2477578596978316
],
"l_thumb_ip": [
-0.2320212413925286,
0.7840628752927703,
0.12679434700496056
],
"l_thumb_tip": [
-0.3930415690089157,
1.0453756699599284,
-0.013106524106794712
],
"l_index_mcp": [
-0.299533213734141,
0.07492464569071935,
0.08439407974474489
],
"l_index_pip": [
-0.42527366498072366,
0.9242145870660922,
-0.04515845277803314
],
"l_index_dip": [
-0.4095434338218958,
1.423060481683904,
-0.10775043107488312
],
"l_index_tip": [
-0.40347362069169346,
1.7597141317320846,
-0.1480615207880704
],
"l_middle_mcp": [
0.0,
0.0,
0.0
],
"l_middle_pip": [
-0.11085139898352644,
1.0172735526688752,
-0.10371766974047629
],
"l_middle_dip": [
-0.11636617738004032,
1.4368569835099152,
-0.11312764526731568
],
"l_middle_tip": [
-0.1599097272693032,
1.729683328465431,
-0.13169503030038016
],
"l_ring_mcp": [
0.3452289499556591,
0.07450525072217432,
-0.06791291924033853
],
"l_ring_pip": [
0.27714150401163806,
0.9921072001576372,
-0.14507485791634459
],
"l_ring_dip": [
0.3736172114087957,
0.9243903082491154,
-0.05851857148487451
],
"l_ring_tip": [
0.40829161947274484,
0.7210166630466022,
-0.012439075595145012
],
"l_pinky_mcp": [
0.6597183722357942,
0.22509618105431864,
-0.1348660411503683
],
"l_pinky_pip": [
0.5424587243088409,
0.9576308102244061,
-0.2073155597470564
],
"l_pinky_dip": [
0.5906111063745896,
0.9050158533414553,
-0.11180827647544658
],
"l_pinky_tip": [
0.6073640772889898,
0.6755173523166811,
-0.03206015730669722
],
"r_hand_position": null,
"r_wrist": null,
"r_thumb_cmc": null,
"r_thumb_mcp": null,
"r_thumb_ip": null,
"r_thumb_tip": null,
"r_index_mcp": null,
"r_index_pip": null,
"r_index_dip": null,
"r_index_tip": null,
"r_middle_mcp": null,
"r_middle_pip": null,
"r_middle_dip": null,
"r_middle_tip": null,
"r_ring_mcp": null,
"r_ring_pip": null,
"r_ring_dip": null,
"r_ring_tip": null,
"r_pinky_mcp": null,
"r_pinky_pip": null,
"r_pinky_dip": null,
"r_pinky_tip": null,
"l_hand_velocity": null,
"r_hand_velocity": null,
"m_nose_point": [
0.0,
0.0,
0.0
],
"m_top_nose": [
0.04663812773393751,
-0.32459121811789016,
0.21452376202183548
],
"m_eyebrows": [
0.05320231014773216,
-0.5651199367280778,
0.29711839429820375
],
"m_forehead": [
0.059436970823123936,
-0.9013177035123855,
0.43262934671977843
],
"m_top_chin": [
0.05349245335474083,
0.6316269947086025,
0.0995262129252103
],
"m_bot_up_lip": [
0.06400406007878068,
0.38174149949991465,
0.09519474538561279
],
"m_top_low_lip": [
0.06804446147703996,
0.41346993078472233,
0.10051754694340756
],
"m_bot_nose": [
0.00452142109772041,
0.07979430424380862,
0.08122801435926116
],
"m_chin": [
0.07514244176084492,
0.9909476163579668,
0.11124942732743373
],
"m_nose": [
0.0345614978490017,
-0.26380471220844404,
0.15846397027861742
],
"l_eye_exterior": [
-0.24914195196659872,
-0.24413650308715792,
0.5038422246587926
],
"l_temple": [
-0.36877994650670354,
-0.43542920473948504,
0.8398078905505946
],
"l_mid_chin": [
-0.12858157002098944,
0.7769871006478049,
0.17779892319574128
],
"l_up_lip": [
-0.06991220709802887,
0.3333359867076387,
0.1319078338903817
],
"l_ext_nostril": [
-0.11945614229443022,
0.04509197345266793,
0.1648411303053543
],
"l_mid_cheek": [
-0.3221073625577961,
0.0895213484222237,
0.40193835344120443
],
"l_mid_eyebrow": [
-0.2390935899104879,
-0.5080806809276232,
0.4274273299195196
],
"l_ext_eyebrow": [
-0.29799402824336585,
-0.46508178580336645,
0.4824188679047229
],
"l_ext_lips": [
-0.20635963876501018,
0.47050535811684707,
0.2772257385505442
],
"l_jaw_angle": [
-0.3341911024553448,
0.5849776550316986,
0.7354974424316357
],
"l_mid_ext_face": [
-0.3534843951423153,
0.22552960007935025,
0.9075337004046685
],
"l_int_eyebrow": [
-0.05996967484503995,
-0.5721418945693301,
0.32916257594482107
],
"l_mid_jaw": [
-0.2864569389309353,
0.8060922107404974,
0.48817951634500756
],
"l_mid_bot_eyelid": [
-0.17049673514583483,
-0.23363720215417874,
0.43901583009238143
],
"l_ext_mouth": [
-0.12519200823882876,
0.5012818680976047,
0.21669605033451173
],
"l_top_eyelid": [
-0.1801647115271586,
-0.33739115505517087,
0.44591240559582646
],
"l_eye_int": [
-0.06932672490556367,
-0.3052694853804683,
0.43233807548192255
],
"l_pupil": [
-0.1666731891322672,
-0.2874832419053967,
0.4581512155521163
],
"r_eye_exterior": [
0.5314400804430686,
-0.39926166442605177,
0.32725940844609147
],
"r_temple": [
0.7810138289448857,
-0.620370203970332,
0.5676984443310803
],
"r_mid_chin": [
0.2891688618186874,
0.7595281912149476,
0.08690737621303937
],
"r_up_lip": [
0.20249206536564768,
0.3009230799778332,
0.06686459248496707
],
"r_ext_nostril": [
0.2422296523967984,
0.013595437963848307,
0.12763329772581633
],
"r_mid_cheek": [
0.5320881854389314,
-0.007516650641891914,
0.19457927934554867
],
"r_mid_eyebrow": [
0.49238423423668,
-0.5851482953344068,
0.28271630638927214
],
"r_ext_eyebrow": [
0.40136513431135873,
-0.5983515887564544,
0.2694126993057145
],
"r_ext_lips": [
0.3347320103379679,
0.4931988776048975,
0.12468572748494028
],
"r_jaw_angle": [
0.8348475629050429,
0.485371027180182,
0.47735602618308515
],
"r_mid_ext_face": [
0.9042970722591899,
0.08767575322514404,
0.6187171602205993
],
"r_int_eyebrow": [
0.1686609845816037,
-0.5965833833120454,
0.2730968219817414
],
"r_mid_jaw": [
0.6518259936176396,
0.7527025791066193,
0.2924776518920579
],
"r_mid_bot_eyelid": [
0.362856759076159,
-0.3342936507141838,
0.2899370380071185
],
"r_ext_mouth": [
0.3788665932461143,
0.41832360824108134,
0.13720257995369575
],
"r_top_eyelid": [
0.3780071021060311,
-0.4200611859388505,
0.29788174644562526
],
"r_eye_int": [
0.26820444270567545,
-0.3691969760926491,
0.33473708647678047
],
"r_pupil": [
0.4063793339755538,
-0.3610584728091571,
0.3117685539227442
],
"l_shoulder": [
0.3065905269357236,
-0.04777559631170032,
-0.39207109201053936
],
"l_elbow": [
0.7055213501489914,
-0.0887801556639869,
-1.4608496543214304
],
"l_hip": [
0.20423385781494083,
1.1610922207869563,
-0.46823798447191806
],
"l_knee": [
0.1734394403308881,
2.222753019562588,
-0.5760974576746907
],
"l_ankle": [
0.17859032704024452,
3.155943897957381,
0.1509029122597564
],
"l_body_wrist": [
0.28534543491448267,
-0.4764217729294992,
-1.7213782938681508
],
"r_shoulder": [
-0.3065905269357236,
0.04777559631170032,
0.39207109201053936
],
"r_elbow": [
-0.5030736237508507,
0.5357021642100278,
0.7061871553142004
],
"r_hip": [
-0.256784427684202,
1.1495933936803029,
0.13931375907247487
],
"r_knee": [
-0.26902364269194434,
2.2004702655056647,
0.5877318671501329
],
"r_ankle": [
-0.2659921552027246,
3.154016278474848,
1.2139456752029076
],
"r_body_wrist": [
-0.5642042077187146,
1.0331738303354598,
0.4793000386656367
],
"m_face_position": [
-0.1139402687549591,
-0.07451802492141724,
-0.5293967723846436
],
"m_body_position": [
-0.05068126320838928,
0.15492933988571167,
-0.4193413630127907
],
"m_face_scale": [
0.10898157630276631,
0.10898157630276631,
0.10898157630276631
],
"m_body_scale": [
0.47940499718507407,
0.47940499718507407,
0.47940499718507407
],
"l_hand_scale": [
0.11227523671996745,
0.11227523671996745,
0.11227523671996745
],
"r_hand_scale": null
}
],
"framerate": 30,
"mirrorable": true,
"invalid": false
}