{
"label": "o",
"gestures": [
{
"l_hand_position": null,
"l_wrist": null,
"l_thumb_cmc": null,
"l_thumb_mcp": null,
"l_thumb_ip": null,
"l_thumb_tip": null,
"l_index_mcp": null,
"l_index_pip": null,
"l_index_dip": null,
"l_index_tip": null,
"l_middle_mcp": null,
"l_middle_pip": null,
"l_middle_dip": null,
"l_middle_tip": null,
"l_ring_mcp": null,
"l_ring_pip": null,
"l_ring_dip": null,
"l_ring_tip": null,
"l_pinky_mcp": null,
"l_pinky_pip": null,
"l_pinky_dip": null,
"l_pinky_tip": null,
"r_hand_position": [
-0.2949967682361603,
-0.037780702114105225,
-0.514241368509829
],
"r_wrist": [
0.06084397303766889,
0.9969148940144176,
0.049585330867243614
],
"r_thumb_cmc": [
0.3468563784499572,
0.6999144806062398,
0.03385119304097496
],
"r_thumb_mcp": [
0.44400450744501696,
0.36040242886501833,
0.010197802482879829
],
"r_thumb_ip": [
0.5195472504814082,
0.13010027248474618,
-0.02405738909686334
],
"r_thumb_tip": [
0.6126451153828354,
-0.04019229535148963,
-0.04828962319718587
],
"r_index_mcp": [
0.07428527792685527,
-0.02730646859283385,
0.05008439600756827
],
"r_index_pip": [
0.36614740189784134,
-0.1342093683893455,
-0.05090357269774484
],
"r_index_dip": [
0.5540245593845006,
-0.19671811566168296,
-0.1290984682988931
],
"r_index_tip": [
0.7158030124399727,
-0.24608858856322657,
-0.18332028288942956
],
"r_middle_mcp": [
0.0,
0.0,
0.0
],
"r_middle_pip": [
0.36064844336907886,
-0.1436882418621188,
-0.10897613424167958
],
"r_middle_dip": [
0.5670513957218228,
-0.19604471450969946,
-0.1641854309221123
],
"r_middle_tip": [
0.7559295240733794,
-0.23628992736311694,
-0.1937635778348374
],
"r_ring_mcp": [
-0.014743594235649339,
0.10785998026275134,
-0.06424174033807582
],
"r_ring_pip": [
0.33435913217114394,
-0.03183599923824012,
-0.17594070378602727
],
"r_ring_dip": [
0.5433957159629702,
-0.11135595946364184,
-0.21017575947808834
],
"r_ring_tip": [
0.7184379927565552,
-0.18433116605845654,
-0.21917445850077047
],
"r_pinky_mcp": [
0.014613635076503068,
0.2771457666848584,
-0.13262842883680587
],
"r_pinky_pip": [
0.2755680988087553,
0.15822519844073035,
-0.21857983698278444
],
"r_pinky_dip": [
0.43997364643542464,
0.0709130841765528,
-0.2489642624512309
],
"r_pinky_tip": [
0.5905926284127805,
-0.017948060256802147,
-0.2622666070179529
],
"l_hand_velocity": null,
"r_hand_velocity": null,
"m_nose_point": [
0.0,
0.0,
0.0
],
"m_top_nose": [
0.006425559354818763,
-0.3348473627016328,
0.2065855569368538
],
"m_eyebrows": [
0.01626957467675815,
-0.6102153507720212,
0.2775232134177191
],
"m_forehead": [
0.030989746257502306,
-0.9380136686236824,
0.4000428398134838
],
"m_top_chin": [
-0.03931598659349248,
0.6492047630929513,
0.12987179236526067
],
"m_bot_up_lip": [
-0.038559532032061326,
0.3966943540218098,
0.10316233298378562
],
"m_top_low_lip": [
-0.038136576240662405,
0.4877284764743765,
0.11586725356187737
],
"m_bot_nose": [
-0.026851516850682464,
0.07847944709406898,
0.0779518167623706
],
"m_chin": [
-0.058792352193091535,
0.9862632862704152,
0.15436382179346578
],
"m_nose": [
0.00633535373913103,
-0.2751018627892516,
0.15157398621066906
],
"l_eye_exterior": [
-0.3876125948672898,
-0.3085357695050149,
0.37621974959186344
],
"l_temple": [
-0.5820940308042407,
-0.5635731522811847,
0.6596851069813642
],
"l_mid_chin": [
-0.23948655222191934,
0.7634252846002906,
0.14462710109194957
],
"l_up_lip": [
-0.15411049279650457,
0.31916730605270943,
0.0942561425911267
],
"l_ext_nostril": [
-0.16860533748660966,
0.015272821338266723,
0.11505160156515114
],
"l_mid_cheek": [
-0.438716321937354,
0.021518905204611343,
0.2778673529735327
],
"l_mid_eyebrow": [
-0.33632097062263944,
-0.6410506994508048,
0.3165757426939172
],
"l_ext_eyebrow": [
-0.41501694862407507,
-0.6030720766118861,
0.34984578328247906
],
"l_ext_lips": [
-0.29851920319207115,
0.43557821454347034,
0.19273908265468367
],
"l_jaw_angle": [
-0.5724805825331878,
0.5006800939716164,
0.6036364465492478
],
"l_mid_ext_face": [
-0.6312609572171424,
0.13605364917821558,
0.7476750940209128
],
"l_int_eyebrow": [
-0.10609864742099852,
-0.6775687211950454,
0.27485939279624055
],
"l_mid_jaw": [
-0.464302714385445,
0.7340888089008493,
0.39829690731461903
],
"l_mid_bot_eyelid": [
-0.2922152904144246,
-0.28069404951615023,
0.33360030983382316
],
"l_ext_mouth": [
-0.20813654494740688,
0.504957374773573,
0.15645251691708592
],
"l_top_eyelid": [
-0.290099762863109,
-0.3544075708651906,
0.33645281679743616
],
"l_eye_int": [
-0.17270201990861067,
-0.32753378333345656,
0.3565768743913667
],
"l_pupil": [
-0.2879947156322882,
-0.32154615165645795,
0.3542752392737638
],
"r_eye_exterior": [
0.39167147327607726,
-0.22595028255993163,
0.46308810840273884
],
"r_temple": [
0.5256852029294042,
-0.4463375735714859,
0.7484760899444471
],
"r_mid_chin": [
0.13579557128603015,
0.789041620821224,
0.16917467855813462
],
"r_up_lip": [
0.08880218848432626,
0.34168652041883724,
0.11281838095042133
],
"r_ext_nostril": [
0.15327075711685548,
0.057481002091174634,
0.18039739407731376
],
"r_mid_cheek": [
0.38254835428531864,
0.09866098854410658,
0.3356782614592575
],
"r_mid_eyebrow": [
0.4140540691786116,
-0.4832364426765657,
0.4064442219110896
],
"r_ext_eyebrow": [
0.34995193746624126,
-0.5324846851475925,
0.36148906260026564
],
"r_ext_lips": [
0.18398633070426954,
0.5454568889886615,
0.20473136483269883
],
"r_jaw_angle": [
0.4228814934125515,
0.5902797225564518,
0.6871101640498413
],
"r_mid_ext_face": [
0.4931774945373725,
0.246434630412838,
0.839674154553326
],
"r_int_eyebrow": [
0.1477453824331114,
-0.6134547055478282,
0.2907772187921941
],
"r_mid_jaw": [
0.32400228962385585,
0.7960297488083193,
0.46172344434901896
],
"r_mid_bot_eyelid": [
0.2618304083683388,
-0.2087520766278985,
0.3761301522090616
],
"r_ext_mouth": [
0.22350986507327592,
0.47895438958581216,
0.23115229081474686
],
"r_top_eyelid": [
0.2727202099567991,
-0.2921737434296058,
0.37987384901511023
],
"r_eye_int": [
0.15615434244157872,
-0.2823671578237194,
0.3850387404429051
],
"r_pupil": [
0.26904985200064174,
-0.2514421649749888,
0.3963527259853223
],
"l_shoulder": [
0.4864355479392137,
0.09979394732640678,
0.058494664526700955
],
"l_elbow": [
0.8594083611678331,
1.075960790287528,
-0.14678339595580298
],
"l_hip": [
0.3392386033183635,
2.288712446513264,
0.348131227051836
],
"l_knee": [
0.2864795113250354,
4.291380106114661,
-0.3147879467363705
],
"l_ankle": [
0.25330476257309875,
6.047537278800802,
1.03790864516662
],
"l_body_wrist": [
1.1108852247349617,
2.255823412332991,
-1.1882925714852872
],
"r_shoulder": [
-0.4864355479392137,
-0.09979394732640678,
-0.058494664526700955
],
"r_elbow": [
-0.9282726525918531,
1.0652084828555073,
-1.8937203318540825
],
"r_hip": [
-0.53100187994207,
2.2817716894614537,
0.14777430508069084
],
"r_knee": [
-0.5280485689374498,
4.233453710171866,
-0.23206043031257975
],
"r_ankle": [
-0.5074107058890394,
6.015252037892328,
0.566032762030805
],
"r_body_wrist": [
-0.46167108994750206,
0.4740984095910983,
-4.536155003429438
],
"m_face_position": [
-0.01681920886039734,
-0.21481573581695557,
-0.5433709621429443
],
"m_body_position": [
-0.055020809173583984,
0.14614802598953247,
-0.5853244885802269
],
"m_face_scale": [
0.15924418098974852,
0.15924418098974852,
0.15924418098974852
],
"m_body_scale": [
0.3536042012349845,
0.3536042012349845,
0.3536042012349845
],
"l_hand_scale": null,
"r_hand_scale": [
0.28722414823087256,
0.28722414823087256,
0.28722414823087256
]
}
],
"framerate": 30,
"mirrorable": true,
"invalid": false
}