{
"label": "o",
"gestures": [
{
"l_hand_position": null,
"l_wrist": null,
"l_thumb_cmc": null,
"l_thumb_mcp": null,
"l_thumb_ip": null,
"l_thumb_tip": null,
"l_index_mcp": null,
"l_index_pip": null,
"l_index_dip": null,
"l_index_tip": null,
"l_middle_mcp": null,
"l_middle_pip": null,
"l_middle_dip": null,
"l_middle_tip": null,
"l_ring_mcp": null,
"l_ring_pip": null,
"l_ring_dip": null,
"l_ring_tip": null,
"l_pinky_mcp": null,
"l_pinky_pip": null,
"l_pinky_dip": null,
"l_pinky_tip": null,
"r_hand_position": [
-0.004705637693405151,
-0.15954181551933289,
-0.4747172724455595
],
"r_wrist": [
-0.4327006929193814,
0.8853815172970164,
-0.16991079770256032
],
"r_thumb_cmc": [
-0.017852693494886617,
0.7745488491870227,
-0.09604903220331171
],
"r_thumb_mcp": [
0.2253107418282762,
0.498149152764916,
-0.04659155734871081
],
"r_thumb_ip": [
0.3813415525024872,
0.3037607677999615,
-0.051044403475211025
],
"r_thumb_tip": [
0.5214315999019492,
0.15380322970748456,
-0.05129352171394295
],
"r_index_mcp": [
0.08096101163791883,
0.09117219311846322,
0.10518802010051329
],
"r_index_pip": [
0.3447460944988556,
0.03670401301927315,
0.009900850831009032
],
"r_index_dip": [
0.43329934779346385,
0.2258871649556129,
-0.0915559786609627
],
"r_index_tip": [
0.4815045844625572,
0.44406151607849165,
-0.1460611928945826
],
"r_middle_mcp": [
0.0,
0.0,
0.0
],
"r_middle_pip": [
0.2777119703381283,
0.034746017017590204,
-0.16608673411947286
],
"r_middle_dip": [
0.39212815568033466,
0.2932409455830634,
-0.3138895315887411
],
"r_middle_tip": [
0.4454927598825042,
0.5845735660941102,
-0.3782797928356524
],
"r_ring_mcp": [
-0.09735842700798668,
-0.11817535340231149,
-0.13017555834318295
],
"r_ring_pip": [
0.21160036352434772,
-0.08714283923529448,
-0.31464099216807456
],
"r_ring_dip": [
0.3777400095296698,
0.13039880839235962,
-0.44652817594786326
],
"r_ring_tip": [
0.47915803360783976,
0.36452053222820907,
-0.48879060133284896
],
"r_pinky_mcp": [
-0.21048296789286355,
-0.23235800526068376,
-0.2540634504523148
],
"r_pinky_pip": [
0.08961176484011708,
-0.18958312309175718,
-0.3849228791065014
],
"r_pinky_dip": [
0.2982753346479471,
-0.08938684365457188,
-0.4618285247161289
],
"r_pinky_tip": [
0.4839216359916396,
0.03324907940337392,
-0.49521680289417236
],
"l_hand_velocity": null,
"r_hand_velocity": null,
"m_nose_point": null,
"m_top_nose": null,
"m_eyebrows": null,
"m_forehead": null,
"m_top_chin": null,
"m_bot_up_lip": null,
"m_top_low_lip": null,
"m_bot_nose": null,
"m_chin": null,
"m_nose": null,
"l_eye_exterior": null,
"l_temple": null,
"l_mid_chin": null,
"l_up_lip": null,
"l_ext_nostril": null,
"l_mid_cheek": null,
"l_mid_eyebrow": null,
"l_ext_eyebrow": null,
"l_ext_lips": null,
"l_jaw_angle": null,
"l_mid_ext_face": null,
"l_int_eyebrow": null,
"l_mid_jaw": null,
"l_mid_bot_eyelid": null,
"l_ext_mouth": null,
"l_top_eyelid": null,
"l_eye_int": null,
"l_pupil": null,
"r_eye_exterior": null,
"r_temple": null,
"r_mid_chin": null,
"r_up_lip": null,
"r_ext_nostril": null,
"r_mid_cheek": null,
"r_mid_eyebrow": null,
"r_ext_eyebrow": null,
"r_ext_lips": null,
"r_jaw_angle": null,
"r_mid_ext_face": null,
"r_int_eyebrow": null,
"r_mid_jaw": null,
"r_mid_bot_eyelid": null,
"r_ext_mouth": null,
"r_top_eyelid": null,
"r_eye_int": null,
"r_pupil": null,
"l_shoulder": [
0.3614950590392727,
0.1072214062135708,
0.3283670086043621
],
"l_elbow": [
0.5798585300975948,
0.7249129976806458,
0.46114273089532587
],
"l_hip": [
0.2519043637880574,
1.618619598461818,
0.4035120575787044
],
"l_knee": [
0.24753198527451586,
3.0598865918003084,
0.24718527463770767
],
"l_ankle": [
0.19510548414931797,
4.50918674229242,
0.8366650344143656
],
"l_body_wrist": [
0.6858833709455826,
1.2381641422344114,
0.12621304722194157
],
"r_shoulder": [
-0.3614950590392727,
-0.1072214062135708,
-0.3283670086043621
],
"r_elbow": [
-0.6763367087905732,
0.5937907639074564,
-1.3324423404125771
],
"r_hip": [
-0.3414612324711224,
1.8187499822773017,
0.44812526303753797
],
"r_knee": [
-0.2878306981645052,
3.0359811729168795,
0.12770566999756583
],
"r_ankle": [
-0.2835282405340526,
4.640389296573715,
0.7249729234454094
],
"r_body_wrist": [
-0.09998138641891302,
-0.2103392199665504,
-2.4629099020776155
],
"m_face_position": null,
"m_body_position": [
-0.06946319341659546,
0.18076035380363464,
-0.7275611702352762
],
"m_face_scale": null,
"m_body_scale": [
0.538753714682448,
0.538753714682448,
0.538753714682448
],
"l_hand_scale": null,
"r_hand_scale": [
0.14879882462052432,
0.14879882462052432,
0.14879882462052432
]
}
],
"framerate": 30,
"mirrorable": true,
"invalid": false
}