{
"label": "o",
"gestures": [
{
"l_hand_position": null,
"l_wrist": null,
"l_thumb_cmc": null,
"l_thumb_mcp": null,
"l_thumb_ip": null,
"l_thumb_tip": null,
"l_index_mcp": null,
"l_index_pip": null,
"l_index_dip": null,
"l_index_tip": null,
"l_middle_mcp": null,
"l_middle_pip": null,
"l_middle_dip": null,
"l_middle_tip": null,
"l_ring_mcp": null,
"l_ring_pip": null,
"l_ring_dip": null,
"l_ring_tip": null,
"l_pinky_mcp": null,
"l_pinky_pip": null,
"l_pinky_dip": null,
"l_pinky_tip": null,
"r_hand_position": [
-0.07702115178108215,
-0.13827839493751526,
-0.49538112012669444
],
"r_wrist": [
-0.24832958903066887,
0.9681989048556651,
-0.03038578365206098
],
"r_thumb_cmc": [
0.12366502101705076,
0.8090054583658832,
-0.09211201837228097
],
"r_thumb_mcp": [
0.35537464138196356,
0.45223443139946445,
-0.10126883228258259
],
"r_thumb_ip": [
0.38243083749638324,
0.08366294630526958,
-0.1205583381974401
],
"r_thumb_tip": [
0.3730527809265886,
-0.18020883386268724,
-0.1325825020700651
],
"r_index_mcp": [
0.14729319051554585,
0.07912400692305417,
0.028312213405439594
],
"r_index_pip": [
0.33533899828953034,
-0.19517851083167845,
-0.08852583961902681
],
"r_index_dip": [
0.4392795337432873,
-0.06304969131564388,
-0.17730514113720833
],
"r_index_tip": [
0.47653157978228433,
0.135437245569404,
-0.2177941592459417
],
"r_middle_mcp": [
0.0,
0.0,
0.0
],
"r_middle_pip": [
0.2194811490763861,
-0.21316016131209917,
-0.16452192420658418
],
"r_middle_dip": [
0.3154700117186904,
-0.011690464823524569,
-0.27220688858417286
],
"r_middle_tip": [
0.3459563911804906,
0.21791516597289778,
-0.30913699343675094
],
"r_ring_mcp": [
-0.15814135367228868,
-0.06941871537144886,
-0.0555322904751186
],
"r_ring_pip": [
0.08004551945421669,
-0.3605472676792252,
-0.19794225496856505
],
"r_ring_dip": [
0.24810568109224598,
-0.3401359611804713,
-0.2800615820050454
],
"r_ring_tip": [
0.360870973464108,
-0.2625530369159144,
-0.3050557222728049
],
"r_pinky_mcp": [
-0.35360690585409943,
-0.11385326535812179,
-0.11699990898044682
],
"r_pinky_pip": [
-0.12155377698820863,
-0.3255180275052898,
-0.20593441551144
],
"r_pinky_dip": [
0.09267827985747894,
-0.42717830961065945,
-0.2611102111437601
],
"r_pinky_tip": [
0.29799440886442513,
-0.49365426294376397,
-0.2923239973056907
],
"l_hand_velocity": null,
"r_hand_velocity": null,
"m_nose_point": [
0.0,
0.0,
0.0
],
"m_top_nose": [
0.01880303459089085,
-0.2982787443347728,
0.2290268618319569
],
"m_eyebrows": [
0.027977871367035473,
-0.5421152390996952,
0.3192746756318047
],
"m_forehead": [
0.03792968042819093,
-0.773136556779146,
0.468211617849966
],
"m_top_chin": [
-0.0038138806563842173,
0.6479800026346363,
0.08519136422363892
],
"m_bot_up_lip": [
0.01812032171373742,
0.3858840867464056,
0.07683091012755178
],
"m_top_low_lip": [
0.022394432515368726,
0.48830666461789013,
0.0822508857070144
],
"m_bot_nose": [
-0.013590909115115821,
0.0857188185948592,
0.07494840521518707
],
"m_chin": [
-0.010510496401654404,
0.9957729849466822,
0.09124522955072964
],
"m_nose": [
0.01463844787855135,
-0.2475492469068037,
0.16927346312829197
],
"l_eye_exterior": [
-0.32905653989391265,
-0.2634296674285612,
0.44455992415889195
],
"l_temple": [
-0.48709674780569623,
-0.37312262225873133,
0.7706544241736539
],
"l_mid_chin": [
-0.19799474833224734,
0.7690010683657907,
0.11965943229614147
],
"l_up_lip": [
-0.11054758618197848,
0.3244994600601912,
0.09248090551284412
],
"l_ext_nostril": [
-0.1454834809638482,
0.0480413870273717,
0.13529800302142275
],
"l_mid_cheek": [
-0.3631988620497116,
0.09568684638003871,
0.3305693294517233
],
"l_mid_eyebrow": [
-0.31408684842823487,
-0.5580672128156764,
0.3945072364695528
],
"l_ext_eyebrow": [
-0.38087421829963636,
-0.5115000123978316,
0.435058029657483
],
"l_ext_lips": [
-0.25063958166319744,
0.47494682461798754,
0.2017157648680615
],
"l_jaw_angle": [
-0.4464928859987168,
0.5850786390393966,
0.6332722197108822
],
"l_mid_ext_face": [
-0.4993783288707766,
0.2654299131220211,
0.808149013478835
],
"l_int_eyebrow": [
-0.10532973645066555,
-0.610727310828061,
0.3316786901749681
],
"l_mid_jaw": [
-0.37238858189025476,
0.77772197167778,
0.40074126081416656
],
"l_mid_bot_eyelid": [
-0.23699715424824055,
-0.2395328086430119,
0.3921481515070609
],
"l_ext_mouth": [
-0.16403693801328664,
0.5310418575701473,
0.1526456694928675
],
"l_top_eyelid": [
-0.25153714493154006,
-0.3601478338480114,
0.3999408667835798
],
"l_eye_int": [
-0.12817905647277933,
-0.31457932521301213,
0.404844323705006
],
"l_pupil": [
-0.23301078269164766,
-0.29970713689999656,
0.4135804559218325
],
"r_eye_exterior": [
0.4507366582459972,
-0.2692769944605251,
0.41960759613088067
],
"r_temple": [
0.5884794192544625,
-0.35691658700112633,
0.6965513603205585
],
"r_mid_chin": [
0.1929322167345294,
0.782171435507389,
0.09576017647858567
],
"r_up_lip": [
0.15207438879018517,
0.32391844812309445,
0.07390058023897465
],
"r_ext_nostril": [
0.1787020990843482,
0.07285584397564622,
0.1548447376620104
],
"r_mid_cheek": [
0.41470972035860393,
0.10993795296719222,
0.2745439192482347
],
"r_mid_eyebrow": [
0.4642039234414944,
-0.483740616783826,
0.38152461298406537
],
"r_ext_eyebrow": [
0.39449393950095957,
-0.5268497944312259,
0.3507836852082493
],
"r_ext_lips": [
0.23390834595999022,
0.5491295510273188,
0.13792511432394441
],
"r_jaw_angle": [
0.5211865976190645,
0.6150008492041384,
0.565994996671825
],
"r_mid_ext_face": [
0.590540532865142,
0.29371345973478036,
0.7315646756585783
],
"r_int_eyebrow": [
0.18169893766695627,
-0.5854961280766273,
0.3154858624444636
],
"r_mid_jaw": [
0.415300845147151,
0.8037553134385912,
0.34777487935390733
],
"r_mid_bot_eyelid": [
0.3095856754902669,
-0.23799088500961985,
0.35176708249582944
],
"r_ext_mouth": [
0.26960709319654397,
0.4842598067611134,
0.1616749432208963
],
"r_top_eyelid": [
0.33641678766454325,
-0.35131120516989767,
0.35926685303243017
],
"r_eye_int": [
0.2116955631536908,
-0.3068323085765374,
0.377614195143141
],
"r_pupil": [
0.3251388594037745,
-0.2989137550824437,
0.3738278624665329
],
"l_shoulder": [
0.3594954304862835,
0.0787731685884308,
0.3384639173826663
],
"l_elbow": [
0.5231055917544766,
0.7408670783883733,
0.2651955597211092
],
"l_hip": [
0.20885910031331342,
1.6927963351341853,
0.40583224062719764
],
"l_knee": [
0.17413020211021246,
3.184017133477368,
0.19983220853976252
],
"l_ankle": [
0.13646413911287283,
4.66275606210111,
1.0458231001982472
],
"l_body_wrist": [
0.631854524237365,
1.4141071670007708,
-0.38715921468114345
],
"r_shoulder": [
-0.3594954304862835,
-0.0787731685884308,
-0.3384639173826663
],
"r_elbow": [
-0.6738354424881956,
0.619407177098438,
-1.5558121193332908
],
"r_hip": [
-0.40342789677837576,
1.7183035569573317,
0.38276403309342405
],
"r_knee": [
-0.37022032867155485,
3.1580262450439776,
-0.015586342709238572
],
"r_ankle": [
-0.37118906382424677,
4.853487536469535,
0.5082209088114127
],
"r_body_wrist": [
-0.21974603849578492,
-0.23936041354259793,
-3.162662066103927
],
"m_face_position": [
0.05398964881896973,
-0.2031824290752411,
-0.5419136434793472
],
"m_body_position": [
-0.02004513144493103,
0.15703266859054565,
-0.6992727611213923
],
"m_face_scale": [
0.15618968540300415,
0.15618968540300415,
0.15618968540300415
],
"m_body_scale": [
0.51019281493414,
0.51019281493414,
0.51019281493414
],
"l_hand_scale": null,
"r_hand_scale": [
0.15200109655097482,
0.15200109655097482,
0.15200109655097482
]
}
],
"framerate": 30,
"mirrorable": true,
"invalid": false
}