{
"label": "o",
"gestures": [
{
"l_hand_position": null,
"l_wrist": null,
"l_thumb_cmc": null,
"l_thumb_mcp": null,
"l_thumb_ip": null,
"l_thumb_tip": null,
"l_index_mcp": null,
"l_index_pip": null,
"l_index_dip": null,
"l_index_tip": null,
"l_middle_mcp": null,
"l_middle_pip": null,
"l_middle_dip": null,
"l_middle_tip": null,
"l_ring_mcp": null,
"l_ring_pip": null,
"l_ring_dip": null,
"l_ring_tip": null,
"l_pinky_mcp": null,
"l_pinky_pip": null,
"l_pinky_dip": null,
"l_pinky_tip": null,
"r_hand_position": [
-0.14325565099716187,
0.020234525203704834,
0.5004556883359328
],
"r_wrist": [
-0.28188894556744926,
0.9594408984136478,
-0.003432902282947376
],
"r_thumb_cmc": [
-0.021323403449165914,
0.7947996889401371,
0.05033664581016313
],
"r_thumb_mcp": [
0.17493740306114064,
0.4254918838607929,
0.06993602337517484
],
"r_thumb_ip": [
0.254644669521402,
0.12664318112784925,
0.10105503928183952
],
"r_thumb_tip": [
0.3481146195168077,
-0.09395669547508259,
0.12492453216895721
],
"r_index_mcp": [
0.13457255236919066,
0.03971510834038868,
-0.03166759997338445
],
"r_index_pip": [
0.25039283100935367,
-0.2664709232769278,
0.055780448060215766
],
"r_index_dip": [
0.3651785509916056,
-0.404843143772526,
0.13410027661548024
],
"r_index_tip": [
0.4882173908229914,
-0.49411491400571855,
0.18375565433074514
],
"r_middle_mcp": [
-0.0,
0.0,
-0.0
],
"r_middle_pip": [
0.10739742651121557,
-0.33923578027105966,
0.13414996428105727
],
"r_middle_dip": [
0.26464630126893235,
-0.3666827920957731,
0.2249698820588552
],
"r_middle_tip": [
0.397398946415678,
-0.3063548658427394,
0.2590931003833999
],
"r_ring_mcp": [
-0.14140584822686855,
0.021624700697194688,
0.048361382194203266
],
"r_ring_pip": [
-0.08295283502770094,
-0.2774660276940016,
0.17674690109651398
],
"r_ring_dip": [
0.07924207428595761,
-0.22114544464518962,
0.2261226471259221
],
"r_ring_tip": [
0.21992813191880212,
-0.11465729820440364,
0.22439456596491056
],
"r_pinky_mcp": [
-0.28984076816855436,
0.09289474615825986,
0.10296365042350092
],
"r_pinky_pip": [
-0.2644635472004559,
-0.23098856979278828,
0.18953766526748803
],
"r_pinky_dip": [
-0.17654761458339277,
-0.4124763815785843,
0.22308497814989428
],
"r_pinky_tip": [
-0.08469057027341084,
-0.5345915724692918,
0.22789358231988255
],
"l_hand_velocity": null,
"r_hand_velocity": null,
"m_nose_point": null,
"m_top_nose": null,
"m_eyebrows": null,
"m_forehead": null,
"m_top_chin": null,
"m_bot_up_lip": null,
"m_top_low_lip": null,
"m_bot_nose": null,
"m_chin": null,
"m_nose": null,
"l_eye_exterior": null,
"l_temple": null,
"l_mid_chin": null,
"l_up_lip": null,
"l_ext_nostril": null,
"l_mid_cheek": null,
"l_mid_eyebrow": null,
"l_ext_eyebrow": null,
"l_ext_lips": null,
"l_jaw_angle": null,
"l_mid_ext_face": null,
"l_int_eyebrow": null,
"l_mid_jaw": null,
"l_mid_bot_eyelid": null,
"l_ext_mouth": null,
"l_top_eyelid": null,
"l_eye_int": null,
"l_pupil": null,
"r_eye_exterior": null,
"r_temple": null,
"r_mid_chin": null,
"r_up_lip": null,
"r_ext_nostril": null,
"r_mid_cheek": null,
"r_mid_eyebrow": null,
"r_ext_eyebrow": null,
"r_ext_lips": null,
"r_jaw_angle": null,
"r_mid_ext_face": null,
"r_int_eyebrow": null,
"r_mid_jaw": null,
"r_mid_bot_eyelid": null,
"r_ext_mouth": null,
"r_top_eyelid": null,
"r_eye_int": null,
"r_pupil": null,
"l_shoulder": null,
"l_elbow": null,
"l_hip": null,
"l_knee": null,
"l_ankle": null,
"l_body_wrist": null,
"r_shoulder": null,
"r_elbow": null,
"r_hip": null,
"r_knee": null,
"r_ankle": null,
"r_body_wrist": null,
"m_face_position": null,
"m_body_position": null,
"m_face_scale": null,
"m_body_scale": null,
"l_hand_scale": null,
"r_hand_scale": [
-0.13274172567440062,
0.13274172567440062,
-0.13274172567440062
]
}
],
"framerate": 30,
"mirrorable": true,
"invalid": false
}