{
"label": "o",
"gestures": [
{
"l_hand_position": [
-0.14012306928634644,
0.15174072980880737,
-0.47610230557620525
],
"l_wrist": [
0.28548866087173996,
0.9497097823583686,
-0.1286372955502437
],
"l_thumb_cmc": [
0.5341326439707152,
0.5823984788255544,
-0.26119213200825725
],
"l_thumb_mcp": [
0.598113358262065,
0.14889470870919516,
-0.2747349538256557
],
"l_thumb_ip": [
0.6793623281736729,
-0.17351675595012775,
-0.25194976028604726
],
"l_thumb_tip": [
0.8154090773864333,
-0.41388275036196476,
-0.20586948866402144
],
"l_index_mcp": [
0.12713877929319645,
-0.057501388598343216,
-0.11646435756897144
],
"l_index_pip": [
0.36121057618677077,
-0.35585036153970284,
-0.04853512997406348
],
"l_index_dip": [
0.48048204974546693,
-0.18391890595596916,
-0.004306526117388213
],
"l_index_tip": [
0.47894166782701764,
-0.008322746712054721,
0.03560743521930704
],
"l_middle_mcp": [
0.0,
0.0,
0.0
],
"l_middle_pip": [
0.25398205936812757,
-0.21119049993353042,
0.10219858310767996
],
"l_middle_dip": [
0.378798234056522,
-0.058927228474533314,
0.10736612969767045
],
"l_middle_tip": [
0.3832947311188231,
0.09000919022203914,
0.09478465290424376
],
"l_ring_mcp": [
-0.05377123234258577,
0.09826423841611995,
0.10739482536687088
],
"l_ring_pip": [
0.1869582806515472,
-0.08142110382105346,
0.2116757294621661
],
"l_ring_dip": [
0.2860417994735743,
0.05095292058010741,
0.1862577433659548
],
"l_ring_tip": [
0.28190721676328545,
0.17503820795122887,
0.14457771498920552
],
"l_pinky_mcp": [
-0.07598885923424549,
0.16897935101559122,
0.2056198202996748
],
"l_pinky_pip": [
0.10504211136493088,
-0.005605180611395373,
0.28353614216695805
],
"l_pinky_dip": [
0.17932535296150165,
0.10349820013985736,
0.2808919294960228
],
"l_pinky_tip": [
0.17330997066655338,
0.21159284088869298,
0.2677761437537172
],
"r_hand_position": null,
"r_wrist": null,
"r_thumb_cmc": null,
"r_thumb_mcp": null,
"r_thumb_ip": null,
"r_thumb_tip": null,
"r_index_mcp": null,
"r_index_pip": null,
"r_index_dip": null,
"r_index_tip": null,
"r_middle_mcp": null,
"r_middle_pip": null,
"r_middle_dip": null,
"r_middle_tip": null,
"r_ring_mcp": null,
"r_ring_pip": null,
"r_ring_dip": null,
"r_ring_tip": null,
"r_pinky_mcp": null,
"r_pinky_pip": null,
"r_pinky_dip": null,
"r_pinky_tip": null,
"l_hand_velocity": null,
"r_hand_velocity": null,
"m_nose_point": [
0.0,
0.0,
0.0
],
"m_top_nose": [
0.022342831792847163,
-0.2976949531358712,
0.2578837777707362
],
"m_eyebrows": [
0.04598593080120644,
-0.5366828199851311,
0.37051860706928297
],
"m_forehead": [
0.07241279739765519,
-0.7936066751748634,
0.5469157304903717
],
"m_top_chin": [
-0.09755660176986554,
0.6244185976735609,
0.03603402619250391
],
"m_bot_up_lip": [
-0.07406189581124217,
0.42531426628310637,
0.05922788674902679
],
"m_top_low_lip": [
-0.07712954575534817,
0.45967155854478986,
0.05802696491672103
],
"m_bot_nose": [
-0.03750343997847588,
0.07959222519379164,
0.06908205894245488
],
"m_chin": [
-0.1470312746766025,
0.9889560172198264,
0.018649404056756982
],
"m_nose": [
0.020192207883630957,
-0.2467997931370969,
0.19212780151875317
],
"l_eye_exterior": [
-0.3727272104549517,
-0.31838868651513136,
0.4223308939134428
],
"l_temple": [
-0.5688167972494669,
-0.5344474614938918,
0.7439218325465982
],
"l_mid_chin": [
-0.3257180127977402,
0.7203306173400488,
0.03843052018014126
],
"l_up_lip": [
-0.19123777925532345,
0.316263224905653,
0.05733446401795341
],
"l_ext_nostril": [
-0.18335789325195528,
-0.0018820109829551018,
0.11337476321573711
],
"l_mid_cheek": [
-0.44683641999219664,
-0.01903667765720909,
0.27650165029963203
],
"l_mid_eyebrow": [
-0.297267409102719,
-0.6445398349681877,
0.3944201505852326
],
"l_ext_eyebrow": [
-0.3779691411712753,
-0.6142343181514676,
0.4221498517044851
],
"l_ext_lips": [
-0.3651234645615269,
0.388531070251827,
0.1386373626761328
],
"l_jaw_angle": [
-0.6605533805962116,
0.4690082771842611,
0.5359923890618762
],
"l_mid_ext_face": [
-0.6876482309788629,
0.12077774836723659,
0.7319686648591746
],
"l_int_eyebrow": [
-0.06828575011586928,
-0.6490931359087803,
0.36523263560771846
],
"l_mid_jaw": [
-0.5682546241595978,
0.6937953592985755,
0.29926932576948756
],
"l_mid_bot_eyelid": [
-0.2816392552792267,
-0.27847869838224254,
0.38097828742435086
],
"l_ext_mouth": [
-0.2764192609267771,
0.48560743770276454,
0.0985794922666865
],
"l_top_eyelid": [
-0.27644076716586924,
-0.365501759307158,
0.3935797674099075
],
"l_eye_int": [
-0.16401647218681026,
-0.31556556250950324,
0.4132233108100991
],
"l_pupil": [
-0.2811360092844701,
-0.3275920664722312,
0.40590523497881537
],
"r_eye_exterior": [
0.3964116014423679,
-0.11932973328916133,
0.5246897044585938
],
"r_temple": [
0.516282646769479,
-0.23467844665997253,
0.8578074764719696
],
"r_mid_chin": [
0.07607875091330513,
0.8150178566902381,
0.07247598541638785
],
"r_up_lip": [
0.06381288250948142,
0.37722782110976844,
0.08418513793851207
],
"r_ext_nostril": [
0.1479224932245817,
0.10637437486004289,
0.18591142310916373
],
"r_mid_cheek": [
0.3572556220520503,
0.19726232201221083,
0.35323033960536865
],
"r_mid_eyebrow": [
0.4410439295551137,
-0.3540752794151014,
0.492642477986196
],
"r_ext_eyebrow": [
0.38462532217029943,
-0.4187643261051975,
0.44990503771706175
],
"r_ext_lips": [
0.1404710115039294,
0.5855234889634312,
0.15351515037630015
],
"r_jaw_angle": [
0.351439474751966,
0.7275102601985761,
0.6453548945469818
],
"r_mid_ext_face": [
0.4403514286563461,
0.4192357428660977,
0.8519190682085357
],
"r_int_eyebrow": [
0.1948340525563148,
-0.5444691538484484,
0.3841902845569636
],
"r_mid_jaw": [
0.24912225189665949,
0.8868235329583215,
0.38180689593377304
],
"r_mid_bot_eyelid": [
0.2676847169818864,
-0.12811546208309138,
0.43470687426141835
],
"r_ext_mouth": [
0.18415534459749267,
0.5309428047714331,
0.19210720929482242
],
"r_top_eyelid": [
0.2888404043768462,
-0.2155150972545106,
0.44773423826729725
],
"r_eye_int": [
0.1704476979249304,
-0.21378061907172774,
0.4489166512925843
],
"r_pupil": [
0.2813239738141356,
-0.17115826406453544,
0.45890487456255374
],
"l_shoulder": [
0.4978179690242444,
0.011700850343133515,
-0.04517034223718045
],
"l_elbow": [
0.6162256509312785,
0.8844055430375268,
-1.2475305685981082
],
"l_hip": [
0.3004697734939106,
1.8255764212443104,
0.2036977475287915
],
"l_knee": [
0.2591101662273773,
3.4406179886979205,
-0.3459804564413962
],
"l_ankle": [
0.2677896829695992,
4.923580241771438,
0.6884472792316325
],
"l_body_wrist": [
0.21259362130124473,
0.6890951732918709,
-3.1459697325075866
],
"r_shoulder": [
-0.4978179690242444,
-0.011700850343133515,
0.04517034223718045
],
"r_elbow": [
-0.8041243823090255,
0.8018665177428511,
-0.9839726208525243
],
"r_hip": [
-0.41641778190097045,
1.830474675858494,
0.4399111026379034
],
"r_knee": [
-0.43287466391427337,
3.4258225840432917,
0.024013097386137355
],
"r_ankle": [
-0.38475050254311605,
4.867264777058565,
0.24207803647355722
],
"r_body_wrist": [
-0.5590149651025874,
1.1065285535674172,
-3.2506822789974237
],
"m_face_position": [
0.0591275691986084,
-0.14048483967781067,
-0.5385048091411591
],
"m_body_position": [
0.028337597846984863,
0.19172537326812744,
-0.6251071617007256
],
"m_face_scale": [
0.1385752397710335,
0.1385752397710335,
0.1385752397710335
],
"m_body_scale": [
0.39562382186628703,
0.39562382186628703,
0.39562382186628703
],
"l_hand_scale": [
0.1857733437008466,
0.1857733437008466,
0.1857733437008466
],
"r_hand_scale": null
}
],
"framerate": 30,
"mirrorable": true,
"invalid": false
}