{
"label": "o",
"gestures": [
{
"l_hand_position": [
0.23234015703201294,
-0.09444281458854675,
-0.48100622184574604
],
"l_wrist": [
-0.15534422326786834,
0.9849961112360822,
-0.0751720236996349
],
"l_thumb_cmc": [
-0.3488468553407142,
0.5746360562582377,
-0.014250099605370858
],
"l_thumb_mcp": [
-0.3969208127137826,
0.21219627767589255,
0.007955784386704171
],
"l_thumb_ip": [
-0.4539828073674497,
-0.023084227391981585,
-0.00815612694274644
],
"l_thumb_tip": [
-0.5235334159818743,
-0.19405154325443136,
-0.036645091991467094
],
"l_index_mcp": [
-0.08705372790313431,
-0.01672917103482832,
0.08175923098984997
],
"l_index_pip": [
-0.27078493892484184,
-0.18345746309466412,
0.021608055553815116
],
"l_index_dip": [
-0.43672595506351664,
-0.26280308155187226,
-0.06534875558739538
],
"l_index_tip": [
-0.5828207772393565,
-0.3450613260574806,
-0.12334018180362458
],
"l_middle_mcp": [
0.0,
0.0,
0.0
],
"l_middle_pip": [
-0.26523803456945566,
-0.18850499273091986,
-0.04946806785942453
],
"l_middle_dip": [
-0.4581735920911491,
-0.2548227574503596,
-0.15111950017018932
],
"l_middle_tip": [
-0.611763281036442,
-0.3150549677571934,
-0.21973333152490357
],
"l_ring_mcp": [
0.05928995602456328,
0.07870978257840977,
-0.08873137290075511
],
"l_ring_pip": [
-0.2209222434813123,
-0.12031840599338325,
-0.14964259118228396
],
"l_ring_dip": [
-0.42480465154182806,
-0.20068081931446094,
-0.23034538339530553
],
"l_ring_tip": [
-0.5877970687248436,
-0.257424955000708,
-0.27543210042340077
],
"l_pinky_mcp": [
0.08122375804800486,
0.19682829786295478,
-0.1762133894093848
],
"l_pinky_pip": [
-0.18550791880842957,
0.01611928282683976,
-0.2184038672277759
],
"l_pinky_dip": [
-0.3468342596375394,
-0.06502580660102811,
-0.2464779791464301
],
"l_pinky_tip": [
-0.48561844350667605,
-0.12597087019138203,
-0.25826743606581637
],
"r_hand_position": null,
"r_wrist": null,
"r_thumb_cmc": null,
"r_thumb_mcp": null,
"r_thumb_ip": null,
"r_thumb_tip": null,
"r_index_mcp": null,
"r_index_pip": null,
"r_index_dip": null,
"r_index_tip": null,
"r_middle_mcp": null,
"r_middle_pip": null,
"r_middle_dip": null,
"r_middle_tip": null,
"r_ring_mcp": null,
"r_ring_pip": null,
"r_ring_dip": null,
"r_ring_tip": null,
"r_pinky_mcp": null,
"r_pinky_pip": null,
"r_pinky_dip": null,
"r_pinky_tip": null,
"l_hand_velocity": null,
"r_hand_velocity": null,
"m_nose_point": [
0.0,
0.0,
0.0
],
"m_top_nose": [
0.003560559506550385,
-0.2503022102032884,
0.24474114089338123
],
"m_eyebrows": [
0.009283286722367815,
-0.4618557810325118,
0.35279760261106374
],
"m_forehead": [
0.013673104109737539,
-0.6754600378719928,
0.5197485385027543
],
"m_top_chin": [
-0.027082837215342766,
0.6542788758423984,
0.03403626015329525
],
"m_bot_up_lip": [
-0.005644437478972619,
0.42119210975442717,
0.04057246102879395
],
"m_top_low_lip": [
-0.005868663614682525,
0.4979696280186614,
0.04589440432102853
],
"m_bot_nose": [
-0.02203116488676657,
0.087726897174387,
0.06053650176643198
],
"m_chin": [
-0.04063453811564123,
0.9991350647422598,
0.008829309973549679
],
"m_nose": [
0.0037568250219585735,
-0.20945102237808355,
0.1832898934816545
],
"l_eye_exterior": [
-0.3672773593420622,
-0.2562482615993221,
0.3960765051172963
],
"l_temple": [
-0.5483259836176606,
-0.31737522852964184,
0.6962210013860044
],
"l_mid_chin": [
-0.2317208446884577,
0.7673765183141694,
0.033016576918888804
],
"l_up_lip": [
-0.12846930916706326,
0.340249721802928,
0.04513362741106106
],
"l_ext_nostril": [
-0.1584315491001868,
0.04857517389023042,
0.10432816597077828
],
"l_mid_cheek": [
-0.39759406778417206,
0.10315953606104684,
0.2539242271426922
],
"l_mid_eyebrow": [
-0.3346893465759592,
-0.5279061622202172,
0.3755012655138613
],
"l_ext_eyebrow": [
-0.4095684289172562,
-0.4878448168207612,
0.4003626652695636
],
"l_ext_lips": [
-0.28599547534277053,
0.4638937494703096,
0.122770528869601
],
"l_jaw_angle": [
-0.54283072957733,
0.6109906042734761,
0.47894486118317503
],
"l_mid_ext_face": [
-0.5934915853509699,
0.2999263583325801,
0.6669186771897762
],
"l_int_eyebrow": [
-0.11725006517322423,
-0.5624971475509661,
0.3499097102371994
],
"l_mid_jaw": [
-0.45098658596574037,
0.7953869265591343,
0.26148939249794073
],
"l_mid_bot_eyelid": [
-0.2663792060945788,
-0.2277405150951841,
0.3580218866722284
],
"l_ext_mouth": [
-0.19318353348654402,
0.5346173424614751,
0.08609991603169344
],
"l_top_eyelid": [
-0.2814871410035413,
-0.3448881181243349,
0.3710652905541064
],
"l_eye_int": [
-0.15529274398244555,
-0.28838168879664877,
0.3873654753322891
],
"l_pupil": [
-0.26886643856374065,
-0.28363974798457614,
0.38117569301299625
],
"r_eye_exterior": [
0.3916133812971839,
-0.17979616887718017,
0.4777233654070747
],
"r_temple": [
0.48011036807200985,
-0.23792070636039153,
0.783759570253327
],
"r_mid_chin": [
0.15757613451005295,
0.7874376320118066,
0.05718966061409102
],
"r_up_lip": [
0.11339853482443725,
0.3509182317723725,
0.06481658499356113
],
"r_ext_nostril": [
0.1492117600445687,
0.0932418138444781,
0.16525677597638902
],
"r_mid_cheek": [
0.3561780754288725,
0.1568421231293582,
0.31035709592224514
],
"r_mid_eyebrow": [
0.4103473576815324,
-0.3927330688469437,
0.4538549848264992
],
"r_ext_eyebrow": [
0.34859443363865167,
-0.4392317607997994,
0.41736269986412083
],
"r_ext_lips": [
0.19649443171246486,
0.5577003678448824,
0.1266007392454079
],
"r_jaw_angle": [
0.4161732686058181,
0.6758617688488439,
0.5630545560460133
],
"r_mid_ext_face": [
0.46959825718515624,
0.3762440596861751,
0.7582017593865695
],
"r_int_eyebrow": [
0.15427966757202977,
-0.5129806929076108,
0.36385986125124103
],
"r_mid_jaw": [
0.33496480378370586,
0.8381284327078341,
0.32438767318020706
],
"r_mid_bot_eyelid": [
0.26106722941054855,
-0.17690107213381068,
0.3982385375332393
],
"r_ext_mouth": [
0.22910264828162455,
0.49293040267589694,
0.1598247997511566
],
"r_top_eyelid": [
0.2837532139856715,
-0.262118007560597,
0.41207700390828544
],
"r_eye_int": [
0.1688816054490805,
-0.24235697445568186,
0.4136859121177759
],
"r_pupil": [
0.27448977028416294,
-0.22461370598550776,
0.42096928164973235
],
"l_shoulder": [
0.43110784465330537,
0.07658697579113705,
0.24141346569226269
],
"l_elbow": [
0.7811436986219626,
0.9901815372357468,
-1.1852038680055703
],
"l_hip": [
0.3304848050779433,
2.039563826552694,
0.11499159000359202
],
"l_knee": [
0.2767652660628457,
3.9234705675528545,
-0.3237993680725783
],
"l_ankle": [
0.23133532764832787,
5.611955950869062,
0.46036439481782165
],
"l_body_wrist": [
0.7175498804647589,
0.17865976685600732,
-3.792981147222281
],
"r_shoulder": [
-0.43110784465330537,
-0.07658697579113705,
-0.24141346569226269
],
"r_elbow": [
-0.8471299321491569,
0.9587781389359131,
-1.8060956990562294
],
"r_hip": [
-0.4581192880410934,
2.038813632143473,
-0.1972877758154223
],
"r_knee": [
-0.48627062691187267,
3.861346978049524,
-0.5710734696381043
],
"r_ankle": [
-0.49194669051486056,
5.573401736287681,
0.03048560663401385
],
"r_body_wrist": [
-0.31345534436731354,
0.9783295449864706,
-3.6600278398685746
],
"m_face_position": [
-0.027320414781570435,
-0.24324649572372437,
-0.5418156124651432
],
"m_body_position": [
-0.06017257273197174,
0.15880578756332397,
-0.48185761272907257
],
"m_face_scale": [
0.16520949536333945,
0.16520949536333945,
0.16520949536333945
],
"m_body_scale": [
0.37549140295646133,
0.37549140295646133,
0.37549140295646133
],
"l_hand_scale": [
0.25268206049601694,
0.25268206049601694,
0.25268206049601694
],
"r_hand_scale": null
}
],
"framerate": 30,
"mirrorable": true,
"invalid": false
}