{
"label": "o",
"gestures": [
{
"l_hand_position": null,
"l_wrist": null,
"l_thumb_cmc": null,
"l_thumb_mcp": null,
"l_thumb_ip": null,
"l_thumb_tip": null,
"l_index_mcp": null,
"l_index_pip": null,
"l_index_dip": null,
"l_index_tip": null,
"l_middle_mcp": null,
"l_middle_pip": null,
"l_middle_dip": null,
"l_middle_tip": null,
"l_ring_mcp": null,
"l_ring_pip": null,
"l_ring_dip": null,
"l_ring_tip": null,
"l_pinky_mcp": null,
"l_pinky_pip": null,
"l_pinky_dip": null,
"l_pinky_tip": null,
"r_hand_position": [
-0.17616727948188782,
0.059446513652801514,
-0.5832345709204674
],
"r_wrist": [
-0.3901783868879094,
0.7101676070345019,
0.5860228633120368
],
"r_thumb_cmc": [
0.05363225168528359,
0.5238295031858284,
0.516767155244206
],
"r_thumb_mcp": [
0.47309116558343645,
0.5183182251042426,
0.33913950040323193
],
"r_thumb_ip": [
0.7331806446555361,
0.7077168445281087,
0.16514039826268823
],
"r_thumb_tip": [
0.7114913964739569,
0.7896226703753326,
-0.005569819412003932
],
"r_index_mcp": [
0.2304130112356949,
-0.1413775227853261,
0.10409398674708885
],
"r_index_pip": [
0.6202273507821153,
-0.09410550338546964,
-0.14920595694985078
],
"r_index_dip": [
0.8938333725885329,
-0.03435054194534427,
-0.31010617412739294
],
"r_index_tip": [
1.1255649276247564,
-0.008931854312683495,
-0.41921063780776846
],
"r_middle_mcp": [
0.0,
0.0,
0.0
],
"r_middle_pip": [
0.5804385500490401,
0.39492527046514675,
-0.2443145838672073
],
"r_middle_dip": [
0.4747129073139084,
0.6142202549092104,
-0.22684319657714244
],
"r_middle_tip": [
0.3422609440745542,
0.5936267157865681,
-0.19877430724610848
],
"r_ring_mcp": [
-0.1828879422140311,
0.33731766377591416,
-0.09846038036574044
],
"r_ring_pip": [
0.38092570929849,
0.8412896958932465,
-0.2585969898847731
],
"r_ring_dip": [
0.2814350329912242,
0.9378497386451362,
-0.10895837263627654
],
"r_ring_tip": [
0.1166485317587025,
0.7885294792230803,
0.0025118741998851786
],
"r_pinky_mcp": [
-0.3313246262153319,
0.7182202922631282,
-0.21256136757985855
],
"r_pinky_pip": [
0.17917130212192992,
1.1331721531957568,
-0.2692650457693016
],
"r_pinky_dip": [
0.16795717522516782,
1.1453911346852514,
-0.14705582201032705
],
"r_pinky_tip": [
0.033802687415875735,
0.9994146553404112,
-0.06524310625404595
],
"l_hand_velocity": null,
"r_hand_velocity": null,
"m_nose_point": null,
"m_top_nose": null,
"m_eyebrows": null,
"m_forehead": null,
"m_top_chin": null,
"m_bot_up_lip": null,
"m_top_low_lip": null,
"m_bot_nose": null,
"m_chin": null,
"m_nose": null,
"l_eye_exterior": null,
"l_temple": null,
"l_mid_chin": null,
"l_up_lip": null,
"l_ext_nostril": null,
"l_mid_cheek": null,
"l_mid_eyebrow": null,
"l_ext_eyebrow": null,
"l_ext_lips": null,
"l_jaw_angle": null,
"l_mid_ext_face": null,
"l_int_eyebrow": null,
"l_mid_jaw": null,
"l_mid_bot_eyelid": null,
"l_ext_mouth": null,
"l_top_eyelid": null,
"l_eye_int": null,
"l_pupil": null,
"r_eye_exterior": null,
"r_temple": null,
"r_mid_chin": null,
"r_up_lip": null,
"r_ext_nostril": null,
"r_mid_cheek": null,
"r_mid_eyebrow": null,
"r_ext_eyebrow": null,
"r_ext_lips": null,
"r_jaw_angle": null,
"r_mid_ext_face": null,
"r_int_eyebrow": null,
"r_mid_jaw": null,
"r_mid_bot_eyelid": null,
"r_ext_mouth": null,
"r_top_eyelid": null,
"r_eye_int": null,
"r_pupil": null,
"l_shoulder": [
0.4937412680822976,
0.020658095626110293,
0.07611046759537857
],
"l_elbow": [
0.8228822580181165,
0.9955986938099536,
-0.7764203610991384
],
"l_hip": [
0.3639225103247096,
1.953699721840576,
-0.18306749146209672
],
"l_knee": [
0.3080070879082952,
3.7985319446208887,
-0.8771343527982162
],
"l_ankle": [
0.3162919632354945,
5.480387072486748,
0.09113952234812717
],
"l_body_wrist": [
0.7510759804285285,
1.0666684414430312,
-2.7623685037437498
],
"r_shoulder": [
-0.4937412680822976,
-0.020658095626110293,
-0.07611046759537857
],
"r_elbow": [
-0.9163472252911267,
0.9187239631884931,
-1.4856708579219118
],
"r_hip": [
-0.41841099650734703,
1.9678533322573117,
-0.029221778230596965
],
"r_knee": [
-0.41093928245016603,
3.812044814222999,
-0.5084002089854863
],
"r_ankle": [
-0.36228942619818694,
5.441101611042488,
-0.28585969500280733
],
"r_body_wrist": [
-0.674403694926262,
-0.03217887305732239,
-4.010860996490024
],
"m_face_position": null,
"m_body_position": [
0.020144730806350708,
0.18605774641036987,
-0.45883824583142996
],
"m_face_scale": null,
"m_body_scale": [
0.3702378259526658,
0.3702378259526658,
0.3702378259526658
],
"l_hand_scale": null,
"r_hand_scale": [
0.14203380563405843,
0.14203380563405843,
0.14203380563405843
]
}
],
"framerate": 30,
"mirrorable": true,
"invalid": false
}