{
"label": "o",
"gestures": [
{
"l_hand_position": [
-0.15093284845352173,
0.1806233525276184,
-0.49655982945114374
],
"l_wrist": [
0.389162050278626,
0.9209526995341121,
-0.019975581187234883
],
"l_thumb_cmc": [
0.5779531431694189,
0.5595023364021773,
-0.24275343688507106
],
"l_thumb_mcp": [
0.5865764759750474,
0.13249948402144388,
-0.2868485088670799
],
"l_thumb_ip": [
0.63350492688185,
-0.1697371771944615,
-0.27757953800199614
],
"l_thumb_tip": [
0.7313930537727057,
-0.36562799571392257,
-0.22668436957987087
],
"l_index_mcp": [
0.06743103944256323,
-0.05379074025119218,
-0.14035694095538198
],
"l_index_pip": [
0.3541607923109534,
-0.4168166281149586,
-0.16491983921527817
],
"l_index_dip": [
0.48257678758324296,
-0.22079774629348137,
-0.16851398337745468
],
"l_index_tip": [
0.44962436938931327,
-0.04527937630556979,
-0.15199121072346453
],
"l_middle_mcp": [
0.0,
0.0,
0.0
],
"l_middle_pip": [
0.29060401387141255,
-0.3251544544042849,
-0.015014471353574456
],
"l_middle_dip": [
0.4154878848272825,
-0.14894800375581063,
-0.030660572490926536
],
"l_middle_tip": [
0.3828926594108682,
-0.012622888174407246,
-0.035611255436920466
],
"l_ring_mcp": [
0.02017862299336283,
0.07132675970159917,
0.12215786943232321
],
"l_ring_pip": [
0.28352453608914424,
-0.22388407187207168,
0.11109850005518364
],
"l_ring_dip": [
0.3923781697443949,
-0.07372604297072424,
0.09785031901313633
],
"l_ring_tip": [
0.3557020514565699,
0.04255751196217691,
0.09391516304471263
],
"l_pinky_mcp": [
0.05675090617144494,
0.12244859151536733,
0.22904831646321155
],
"l_pinky_pip": [
0.2643823605495314,
-0.11369148447668684,
0.22057145605926415
],
"l_pinky_dip": [
0.32803968598700656,
-0.013103644732516696,
0.21042611686795065
],
"l_pinky_tip": [
0.28418769632336865,
0.06900292994555393,
0.2083890234409974
],
"r_hand_position": null,
"r_wrist": null,
"r_thumb_cmc": null,
"r_thumb_mcp": null,
"r_thumb_ip": null,
"r_thumb_tip": null,
"r_index_mcp": null,
"r_index_pip": null,
"r_index_dip": null,
"r_index_tip": null,
"r_middle_mcp": null,
"r_middle_pip": null,
"r_middle_dip": null,
"r_middle_tip": null,
"r_ring_mcp": null,
"r_ring_pip": null,
"r_ring_dip": null,
"r_ring_tip": null,
"r_pinky_mcp": null,
"r_pinky_pip": null,
"r_pinky_dip": null,
"r_pinky_tip": null,
"l_hand_velocity": null,
"r_hand_velocity": null,
"m_nose_point": [
0.0,
0.0,
0.0
],
"m_top_nose": [
0.054829116113365724,
-0.3457366807325229,
0.2483480121415106
],
"m_eyebrows": [
0.11206383568174483,
-0.6305315531450897,
0.34962666777298096
],
"m_forehead": [
0.1787179128571292,
-0.9534608418703234,
0.5080114165442323
],
"m_top_chin": [
-0.1664881522324605,
0.6041972628942465,
0.06441031149146562
],
"m_bot_up_lip": [
-0.09571430956217053,
0.3987551393426836,
0.08056159523062859
],
"m_top_low_lip": [
-0.09715802173209762,
0.4006185301943203,
0.07774068930539368
],
"m_bot_nose": [
-0.048582511835239296,
0.07279521475664738,
0.07484501854201663
],
"m_chin": [
-0.25421456296538614,
0.9649789211017384,
0.06473513578917049
],
"m_nose": [
0.0471099166694907,
-0.28340214310647627,
0.18385332182228986
],
"l_eye_exterior": [
-0.3598812526938136,
-0.45547193428144506,
0.3961909939508526
],
"l_temple": [
-0.5583621366312419,
-0.7614732711336637,
0.7039745019046209
],
"l_mid_chin": [
-0.40470153551272575,
0.6820238079987725,
0.060177338875627026
],
"l_up_lip": [
-0.21005027424854142,
0.2477837201836103,
0.06473394600667216
],
"l_ext_nostril": [
-0.19260406953004708,
-0.04314747597758263,
0.10838117166053592
],
"l_mid_cheek": [
-0.4765081640942094,
-0.12818273545589579,
0.26183046843302327
],
"l_mid_eyebrow": [
-0.2392032823188755,
-0.7718129460166182,
0.360448341324368
],
"l_ext_eyebrow": [
-0.3300801277020906,
-0.7560496134258761,
0.38655163598694353
],
"l_ext_lips": [
-0.416203532166922,
0.3301866884518261,
0.14296903780493495
],
"l_jaw_angle": [
-0.7443712554487091,
0.340157448706333,
0.5544218505099924
],
"l_mid_ext_face": [
-0.7498673394566249,
-0.04813854517977066,
0.7346213571177426
],
"l_int_eyebrow": [
0.0005338978015492676,
-0.7333521737322256,
0.33781165233535204
],
"l_mid_jaw": [
-0.6518082557791257,
0.602925973456951,
0.32438437562611466
],
"l_mid_bot_eyelid": [
-0.2708896792196757,
-0.3996837714204603,
0.3576384032791751
],
"l_ext_mouth": [
-0.33430273416696676,
0.3940367081162047,
0.10679720191241494
],
"l_top_eyelid": [
-0.2526045547589109,
-0.4788374026587553,
0.3664277300263322
],
"l_eye_int": [
-0.14109518507270946,
-0.40871955409053284,
0.3941988057248565
],
"l_pupil": [
-0.2607990107703945,
-0.4463225889232561,
0.38246373478193574
],
"r_eye_exterior": [
0.4184537801141075,
-0.11967756842875643,
0.5533724076438221
],
"r_temple": [
0.5642665211709982,
-0.2710957987807656,
0.8885992062178248
],
"r_mid_chin": [
-0.020812386595147597,
0.8303964139656325,
0.11684012862949301
],
"r_up_lip": [
0.05418712588806017,
0.35733561047118073,
0.10921298005913818
],
"r_ext_nostril": [
0.13781521456237195,
0.11178988484258921,
0.20323138458871848
],
"r_mid_cheek": [
0.34608174500836025,
0.2232804368193918,
0.3912878113834406
],
"r_mid_eyebrow": [
0.47431743262326215,
-0.36646241834020593,
0.5098885514350738
],
"r_ext_eyebrow": [
0.42262037107193584,
-0.4401103379053113,
0.45795944126959054
],
"r_ext_lips": [
0.07008152601287115,
0.6024082676379077,
0.19247937485395777
],
"r_jaw_angle": [
0.25632345928150574,
0.7588742391308759,
0.7297720498164475
],
"r_mid_ext_face": [
0.38668904902767015,
0.43542407183327003,
0.9263048085073006
],
"r_int_eyebrow": [
0.24429894297562932,
-0.5968270663165481,
0.37178454110363895
],
"r_mid_jaw": [
0.13238564896907543,
0.9176812649594079,
0.4585284855196537
],
"r_mid_bot_eyelid": [
0.2894706355770367,
-0.14121006062427233,
0.45010024408507876
],
"r_ext_mouth": [
0.12277417567774218,
0.5553834682818607,
0.23295394974639944
],
"r_top_eyelid": [
0.31570383534250457,
-0.23590580696258553,
0.4609506502000174
],
"r_eye_int": [
0.1942556517456593,
-0.24430857064090317,
0.4559408453423959
],
"r_pupil": [
0.3028574665191613,
-0.1855916282415016,
0.4740790111511256
],
"l_shoulder": [
0.4950062581847195,
0.013688386996724056,
-0.06914790249451344
],
"l_elbow": [
0.6204358720540919,
0.8670778063904572,
-1.2477903866859192
],
"l_hip": [
0.2825280734727737,
1.8091704319888757,
0.41904235040592613
],
"l_knee": [
0.23623047753012275,
3.371876436733828,
0.053084681326564916
],
"l_ankle": [
0.24311257237798395,
4.791002471317013,
1.0816811373292918
],
"l_body_wrist": [
0.019173985403386426,
0.5550889700508086,
-2.941268193195288
],
"r_shoulder": [
-0.4950062581847195,
-0.013688386996724056,
0.06914790249451344
],
"r_elbow": [
-0.7861852780963625,
0.7824939939633834,
-0.741367042066547
],
"r_hip": [
-0.418024885751876,
1.811382465961962,
0.6752272299297019
],
"r_knee": [
-0.42927185512555277,
3.3455550470360866,
0.2072755659755305
],
"r_ankle": [
-0.38780748609895704,
4.734307320607511,
0.5214431811466681
],
"r_body_wrist": [
-0.6240134521385735,
1.250572148183861,
-2.8410906826885594
],
"m_face_position": [
0.07304823398590088,
-0.12893101572990417,
-0.5390220284461975
],
"m_body_position": [
0.025081753730773926,
0.1968151330947876,
-0.7204407602548599
],
"m_face_scale": [
0.13620147229481755,
0.13620147229481755,
0.13620147229481755
],
"m_body_scale": [
0.4073101143052402,
0.4073101143052402,
0.4073101143052402
],
"l_hand_scale": [
0.17220951060675732,
0.17220951060675732,
0.17220951060675732
],
"r_hand_scale": null
}
],
"framerate": 30,
"mirrorable": true,
"invalid": false
}