{
"label": "o",
"gestures": [
{
"l_hand_position": null,
"l_wrist": null,
"l_thumb_cmc": null,
"l_thumb_mcp": null,
"l_thumb_ip": null,
"l_thumb_tip": null,
"l_index_mcp": null,
"l_index_pip": null,
"l_index_dip": null,
"l_index_tip": null,
"l_middle_mcp": null,
"l_middle_pip": null,
"l_middle_dip": null,
"l_middle_tip": null,
"l_ring_mcp": null,
"l_ring_pip": null,
"l_ring_dip": null,
"l_ring_tip": null,
"l_pinky_mcp": null,
"l_pinky_pip": null,
"l_pinky_dip": null,
"l_pinky_tip": null,
"r_hand_position": [
-0.2384776473045349,
0.043026745319366455,
-0.504503212403506
],
"r_wrist": [
-0.22210931611926402,
0.9747108523356571,
0.02462125163612735
],
"r_thumb_cmc": [
0.13492412937854759,
0.7852954313520748,
0.07912525294379183
],
"r_thumb_mcp": [
0.3494798019278835,
0.4473719985949998,
0.07954819633264724
],
"r_thumb_ip": [
0.5152788648835899,
0.19249253563731425,
0.040730673638726934
],
"r_thumb_tip": [
0.6085778740465574,
-0.06228753941722735,
-0.0032268100454522874
],
"r_index_mcp": [
0.07280750456853007,
-0.002645021671538839,
0.09895052763359392
],
"r_index_pip": [
0.17135712777529516,
-0.471966757210383,
0.005528189895321522
],
"r_index_dip": [
0.3772655639581422,
-0.567949076827248,
-0.07139112766265766
],
"r_index_tip": [
0.5542969263480124,
-0.570078910712326,
-0.11780879163032193
],
"r_middle_mcp": [
0.0,
0.0,
0.0
],
"r_middle_pip": [
0.18762171372831749,
-0.48474022086723295,
-0.1400512544618482
],
"r_middle_dip": [
0.42517134792846417,
-0.4160299418730645,
-0.23725792917694122
],
"r_middle_tip": [
0.556868629074609,
-0.22298572190780705,
-0.2766465771752996
],
"r_ring_mcp": [
-0.0600097641943548,
0.0693092133088522,
-0.10472874276855862
],
"r_ring_pip": [
0.11165514021870904,
-0.3848289833873959,
-0.2215872877770719
],
"r_ring_dip": [
0.352562619166222,
-0.30845361602698723,
-0.2913686139922314
],
"r_ring_tip": [
0.49332342535513896,
-0.12544382686652597,
-0.3108096617693823
],
"r_pinky_mcp": [
-0.10512079291446699,
0.18946983993382846,
-0.20722373986816053
],
"r_pinky_pip": [
0.06336695721776603,
-0.18472854816089632,
-0.2922597039361365
],
"r_pinky_dip": [
0.2674517068434162,
-0.18924466930736136,
-0.33757191169462075
],
"r_pinky_tip": [
0.4169180786927983,
-0.08012098786102506,
-0.35494903117164733
],
"l_hand_velocity": null,
"r_hand_velocity": null,
"m_nose_point": null,
"m_top_nose": null,
"m_eyebrows": null,
"m_forehead": null,
"m_top_chin": null,
"m_bot_up_lip": null,
"m_top_low_lip": null,
"m_bot_nose": null,
"m_chin": null,
"m_nose": null,
"l_eye_exterior": null,
"l_temple": null,
"l_mid_chin": null,
"l_up_lip": null,
"l_ext_nostril": null,
"l_mid_cheek": null,
"l_mid_eyebrow": null,
"l_ext_eyebrow": null,
"l_ext_lips": null,
"l_jaw_angle": null,
"l_mid_ext_face": null,
"l_int_eyebrow": null,
"l_mid_jaw": null,
"l_mid_bot_eyelid": null,
"l_ext_mouth": null,
"l_top_eyelid": null,
"l_eye_int": null,
"l_pupil": null,
"r_eye_exterior": null,
"r_temple": null,
"r_mid_chin": null,
"r_up_lip": null,
"r_ext_nostril": null,
"r_mid_cheek": null,
"r_mid_eyebrow": null,
"r_ext_eyebrow": null,
"r_ext_lips": null,
"r_jaw_angle": null,
"r_mid_ext_face": null,
"r_int_eyebrow": null,
"r_mid_jaw": null,
"r_mid_bot_eyelid": null,
"r_ext_mouth": null,
"r_top_eyelid": null,
"r_eye_int": null,
"r_pupil": null,
"l_shoulder": [
0.48020000465493184,
0.057997490268241435,
0.12666588590456648
],
"l_elbow": [
0.8325242419082405,
0.8580042303012333,
-0.42481984705352177
],
"l_hip": [
0.3886931239879873,
2.432158064052968,
-0.2364323106188467
],
"l_knee": [
0.31578756092283233,
4.76766032717934,
-0.9580189030337658
],
"l_ankle": [
0.24680626954319934,
6.947910278074844,
0.12019495507333533
],
"l_body_wrist": [
0.9018547904699692,
1.4498624961826152,
-1.7585082606562337
],
"r_shoulder": [
-0.48020000465493184,
-0.057997490268241435,
-0.12666588590456648
],
"r_elbow": [
-0.9518206302957057,
0.7888460618937578,
-2.0758951627765305
],
"r_hip": [
-0.5058264693366068,
2.4466203842553504,
-0.22048590154935316
],
"r_knee": [
-0.45300862796420993,
4.734645030766252,
-0.7252306063714147
],
"r_ankle": [
-0.45742240307689136,
7.0213292342081015,
-0.2023940803107521
],
"r_body_wrist": [
-0.33269543087881653,
-0.3537742916160977,
-4.7506807297474865
],
"m_face_position": null,
"m_body_position": [
-0.06522233784198761,
0.2602872848510742,
-0.4242618568241596
],
"m_face_scale": null,
"m_body_scale": [
0.31811244995636184,
0.31811244995636184,
0.31811244995636184
],
"l_hand_scale": null,
"r_hand_scale": [
0.1829137760373702,
0.1829137760373702,
0.1829137760373702
]
}
],
"framerate": 30,
"mirrorable": true,
"invalid": false
}