{
"label": "o",
"gestures": [
{
"l_hand_position": null,
"l_wrist": null,
"l_thumb_cmc": null,
"l_thumb_mcp": null,
"l_thumb_ip": null,
"l_thumb_tip": null,
"l_index_mcp": null,
"l_index_pip": null,
"l_index_dip": null,
"l_index_tip": null,
"l_middle_mcp": null,
"l_middle_pip": null,
"l_middle_dip": null,
"l_middle_tip": null,
"l_ring_mcp": null,
"l_ring_pip": null,
"l_ring_dip": null,
"l_ring_tip": null,
"l_pinky_mcp": null,
"l_pinky_pip": null,
"l_pinky_dip": null,
"l_pinky_tip": null,
"r_hand_position": [
-0.23199647665023804,
0.026583313941955566,
-0.4974917892832309
],
"r_wrist": [
-0.2736885447810484,
0.9617640324963874,
-0.010223808092863714
],
"r_thumb_cmc": [
-0.04647606879668269,
0.8160982078522526,
-0.07371991439772273
],
"r_thumb_mcp": [
0.1657572310636949,
0.3979966585928902,
-0.07756216551957884
],
"r_thumb_ip": [
0.27990004489922404,
0.0786107299044164,
-0.08948612714047466
],
"r_thumb_tip": [
0.21710014115808682,
-0.15128912004565145,
-0.09771251996449182
],
"r_index_mcp": [
0.0971436732281446,
0.023798845442219108,
0.0307516536129301
],
"r_index_pip": [
0.1493042631961077,
-0.3555978130314873,
-0.02535851289540821
],
"r_index_dip": [
0.17598169165483876,
-0.5986687352222818,
-0.08434310174046798
],
"r_index_tip": [
0.20119723338075818,
-0.830393574734177,
-0.1380532488236165
],
"r_middle_mcp": [
0.0,
0.0,
0.0
],
"r_middle_pip": [
0.10021042830291858,
-0.3755924001286233,
-0.10401990552988302
],
"r_middle_dip": [
0.12372914155252812,
-0.34029525794100884,
-0.16712575590028614
],
"r_middle_tip": [
0.11380558618302081,
-0.2636803180593083,
-0.1909749394939851
],
"r_ring_mcp": [
-0.11950662859376128,
0.031401531106693456,
-0.04940847016832227
],
"r_ring_pip": [
0.013533810630636555,
-0.32103513712163406,
-0.152731291951527
],
"r_ring_dip": [
0.0710096234760669,
-0.3402784937421449,
-0.19028977879023745
],
"r_ring_tip": [
0.09507596722189672,
-0.33176762582617486,
-0.1965467426868537
],
"r_pinky_mcp": [
-0.25911183090949547,
0.10792985596093058,
-0.10954609309468359
],
"r_pinky_pip": [
-0.17118530858423858,
-0.1706783737881589,
-0.19303534153315555
],
"r_pinky_dip": [
-0.08981893312164542,
-0.36184648593844804,
-0.23636326385478307
],
"r_pinky_tip": [
-0.02268074626581904,
-0.5391514559862166,
-0.264176724930909
],
"l_hand_velocity": null,
"r_hand_velocity": null,
"m_nose_point": [
0.0,
0.0,
0.0
],
"m_top_nose": [
0.04106897953974358,
-0.32759045881840143,
0.2240951545841731
],
"m_eyebrows": [
0.07757034010894376,
-0.5960497463284851,
0.3086330037531133
],
"m_forehead": [
0.11757853382219502,
-0.9118489144183308,
0.4405960751201591
],
"m_top_chin": [
-0.07891084633593101,
0.6140189848562795,
0.09078417045117021
],
"m_bot_up_lip": [
-0.043689314183764566,
0.41764966930082736,
0.10003834335485205
],
"m_top_low_lip": [
-0.04607124097874833,
0.4205572552792028,
0.10055136132783671
],
"m_bot_nose": [
-0.03219022368895676,
0.07962133615318814,
0.0806744565648592
],
"m_chin": [
-0.13074475790395262,
0.9846478700034477,
0.11564765617300933
],
"m_nose": [
0.03431738974995129,
-0.26991297291450184,
0.16463600438222684
],
"l_eye_exterior": [
-0.3388068165391705,
-0.3354755617388147,
0.42192409287850585
],
"l_temple": [
-0.49904228109776494,
-0.614962072945025,
0.7310631182325673
],
"l_mid_chin": [
-0.29590975659742313,
0.7264067687234439,
0.12576847818676307
],
"l_up_lip": [
-0.16541502569760522,
0.307908040422345,
0.10327417046473131
],
"l_ext_nostril": [
-0.174686681126318,
-0.010502210021351637,
0.12857739548348313
],
"l_mid_cheek": [
-0.42814779110094103,
-0.043778179203306414,
0.3142849998728686
],
"l_mid_eyebrow": [
-0.27467209277461485,
-0.6255522873077631,
0.3657861450250226
],
"l_ext_eyebrow": [
-0.35008815546066996,
-0.6046257586381207,
0.40341695739979816
],
"l_ext_lips": [
-0.34557691090930326,
0.3705234520731355,
0.21138155979951442
],
"l_jaw_angle": [
-0.5889775539258177,
0.43627087153131383,
0.6504153157943322
],
"l_mid_ext_face": [
-0.614177779975945,
0.07010847567143319,
0.8094699837161451
],
"l_int_eyebrow": [
-0.05527533317226464,
-0.6254636374577601,
0.3121674895449296
],
"l_mid_jaw": [
-0.499927488580562,
0.6749717814804358,
0.4210156739817062
],
"l_mid_bot_eyelid": [
-0.25260430487095314,
-0.2860978104566775,
0.37400880188354274
],
"l_ext_mouth": [
-0.25103399757648237,
0.4557430692879214,
0.16818905863284045
],
"l_top_eyelid": [
-0.2423239346441479,
-0.4104337436462135,
0.37983520300060186
],
"l_eye_int": [
-0.12679725754435262,
-0.31989900848294617,
0.39382064475721285
],
"l_pupil": [
-0.24257224029197186,
-0.34247545717643096,
0.39581037799931995
],
"r_eye_exterior": [
0.42701384763124234,
-0.16923342433389987,
0.4632363081338144
],
"r_temple": [
0.5744006783474104,
-0.3247687254860241,
0.7586600101910891
],
"r_mid_chin": [
0.0904658809108378,
0.8209141790823558,
0.13054705744204512
],
"r_up_lip": [
0.09677293043338199,
0.3698495410774815,
0.10714408875748252
],
"r_ext_nostril": [
0.1663152950481212,
0.09773990234093909,
0.17615858870105697
],
"r_mid_cheek": [
0.39583492077484417,
0.18025118057031755,
0.32717083114932244
],
"r_mid_eyebrow": [
0.45684538283541026,
-0.3961738127985207,
0.41404716640056854
],
"r_ext_eyebrow": [
0.3948812893786953,
-0.4526954079397597,
0.37414120511445975
],
"r_ext_lips": [
0.16557769386896995,
0.5718076702348224,
0.19094721800187753
],
"r_jaw_angle": [
0.4013411092738175,
0.692581256539286,
0.6771189583085427
],
"r_mid_ext_face": [
0.5024419598114725,
0.3688840753566963,
0.8382308890874187
],
"r_int_eyebrow": [
0.20948389894788752,
-0.5578719998821648,
0.314756432970448
],
"r_mid_jaw": [
0.27461916106805967,
0.8673301216623294,
0.4404220164113319
],
"r_mid_bot_eyelid": [
0.29606166629184577,
-0.17222083821118575,
0.38273460581245317
],
"r_ext_mouth": [
0.21390003856308595,
0.5157357794297637,
0.21934060035271238
],
"r_top_eyelid": [
0.32227706222623076,
-0.28994676316748774,
0.38800901637380486
],
"r_eye_int": [
0.20314887738529383,
-0.2577117842144518,
0.39955412625373254
],
"r_pupil": [
0.29931847243176213,
-0.23057976604459876,
0.40411853112928947
],
"l_shoulder": [
0.47542749624686365,
0.0038164863808204837,
-0.1547712190432816
],
"l_elbow": [
0.701410802702896,
0.8362308336895649,
-0.3736958161987847
],
"l_hip": [
0.32221056126708947,
1.7964201756239992,
0.09585030850668286
],
"l_knee": [
0.30355951422297817,
3.3737900932671048,
-0.30966182310504387
],
"l_ankle": [
0.34402331280911336,
4.819685654184821,
0.8686624132963706
],
"l_body_wrist": [
0.873446911242733,
1.6948630787577708,
-0.9319554271131605
],
"r_shoulder": [
-0.47542749624686365,
-0.0038164863808204837,
0.1547712190432816
],
"r_elbow": [
-0.8420478375168612,
0.8172574235838872,
-0.9036650300296967
],
"r_hip": [
-0.33560396516434243,
1.8857532304707036,
0.5801524649025215
],
"r_knee": [
-0.3183476302979553,
3.3564368903263375,
0.5506086065115553
],
"r_ankle": [
-0.2504295095615976,
4.773430895465771,
1.282497078736185
],
"r_body_wrist": [
-0.7782189385163745,
0.3184395066642456,
-2.9958014442829026
],
"m_face_position": [
0.07779079675674438,
-0.10296031832695007,
-0.5390772186219692
],
"m_body_position": [
0.05070364475250244,
0.20873704552650452,
-0.6367234364151955
],
"m_face_scale": [
0.1385062334940632,
0.1385062334940632,
0.1385062334940632
],
"m_body_scale": [
0.4119552281029924,
0.4119552281029924,
0.4119552281029924
],
"l_hand_scale": null,
"r_hand_scale": [
0.2453275890422441,
0.2453275890422441,
0.2453275890422441
]
}
],
"framerate": 30,
"mirrorable": true,
"invalid": false
}