{
"label": "o",
"gestures": [
{
"l_hand_position": null,
"l_wrist": null,
"l_thumb_cmc": null,
"l_thumb_mcp": null,
"l_thumb_ip": null,
"l_thumb_tip": null,
"l_index_mcp": null,
"l_index_pip": null,
"l_index_dip": null,
"l_index_tip": null,
"l_middle_mcp": null,
"l_middle_pip": null,
"l_middle_dip": null,
"l_middle_tip": null,
"l_ring_mcp": null,
"l_ring_pip": null,
"l_ring_dip": null,
"l_ring_tip": null,
"l_pinky_mcp": null,
"l_pinky_pip": null,
"l_pinky_dip": null,
"l_pinky_tip": null,
"r_hand_position": [
-0.14148855209350586,
0.020290911197662354,
0.49775735079310834
],
"r_wrist": [
-0.2877815055475337,
0.9575512645940505,
0.016654751247905927
],
"r_thumb_cmc": [
-0.027098837123226166,
0.7846529816935398,
0.06687679905480821
],
"r_thumb_mcp": [
0.1680867121796765,
0.4221283506569118,
0.08249672914910466
],
"r_thumb_ip": [
0.2511002504882801,
0.1264770276442713,
0.11072422570083355
],
"r_thumb_tip": [
0.34231736194952583,
-0.08855414830977024,
0.13214511473669885
],
"r_index_mcp": [
0.1343260407097572,
0.041282568549876546,
-0.030638329123124478
],
"r_index_pip": [
0.25275884804954646,
-0.25835478890076874,
0.052250469242206915
],
"r_index_dip": [
0.36163800949533725,
-0.3986492577443224,
0.13005448006548587
],
"r_index_tip": [
0.47953078773858393,
-0.48936905552526844,
0.17925423620447306
],
"r_middle_mcp": [
-0.0,
0.0,
-0.0
],
"r_middle_pip": [
0.11031289443243122,
-0.3222143361839283,
0.12648315726500403
],
"r_middle_dip": [
0.26134796656537596,
-0.36449595856240863,
0.21981537346589977
],
"r_middle_tip": [
0.3930150279448617,
-0.3178715284247651,
0.25694198653725087
],
"r_ring_mcp": [
-0.14142919391649372,
0.019248496117338938,
0.04796545801410489
],
"r_ring_pip": [
-0.0788579701460285,
-0.24773702009850107,
0.17212695874711229
],
"r_ring_dip": [
0.08141159953779413,
-0.2123655569217634,
0.22896843783820836
],
"r_ring_tip": [
0.2273987275584672,
-0.12529560333388434,
0.23302446580153344
],
"r_pinky_mcp": [
-0.2914483916424178,
0.08525687229325747,
0.10140949841737505
],
"r_pinky_pip": [
-0.2593410059721596,
-0.22115962090619878,
0.18357643322199058
],
"r_pinky_dip": [
-0.17262295659063406,
-0.3927489972177944,
0.2172588945353563
],
"r_pinky_tip": [
-0.07903591415980728,
-0.5054174365987922,
0.22246238749984673
],
"l_hand_velocity": null,
"r_hand_velocity": null,
"m_nose_point": null,
"m_top_nose": null,
"m_eyebrows": null,
"m_forehead": null,
"m_top_chin": null,
"m_bot_up_lip": null,
"m_top_low_lip": null,
"m_bot_nose": null,
"m_chin": null,
"m_nose": null,
"l_eye_exterior": null,
"l_temple": null,
"l_mid_chin": null,
"l_up_lip": null,
"l_ext_nostril": null,
"l_mid_cheek": null,
"l_mid_eyebrow": null,
"l_ext_eyebrow": null,
"l_ext_lips": null,
"l_jaw_angle": null,
"l_mid_ext_face": null,
"l_int_eyebrow": null,
"l_mid_jaw": null,
"l_mid_bot_eyelid": null,
"l_ext_mouth": null,
"l_top_eyelid": null,
"l_eye_int": null,
"l_pupil": null,
"r_eye_exterior": null,
"r_temple": null,
"r_mid_chin": null,
"r_up_lip": null,
"r_ext_nostril": null,
"r_mid_cheek": null,
"r_mid_eyebrow": null,
"r_ext_eyebrow": null,
"r_ext_lips": null,
"r_jaw_angle": null,
"r_mid_ext_face": null,
"r_int_eyebrow": null,
"r_mid_jaw": null,
"r_mid_bot_eyelid": null,
"r_ext_mouth": null,
"r_top_eyelid": null,
"r_eye_int": null,
"r_pupil": null,
"l_shoulder": null,
"l_elbow": null,
"l_hip": null,
"l_knee": null,
"l_ankle": null,
"l_body_wrist": null,
"r_shoulder": null,
"r_elbow": null,
"r_hip": null,
"r_knee": null,
"r_ankle": null,
"r_body_wrist": null,
"m_face_position": null,
"m_body_position": null,
"m_face_scale": null,
"m_body_scale": null,
"l_hand_scale": null,
"r_hand_scale": [
-0.13465509005262416,
0.13465509005262416,
-0.13465509005262416
]
}
],
"framerate": 30,
"mirrorable": true,
"invalid": false
}