{
"label": "o",
"gestures": [
{
"l_hand_position": null,
"l_wrist": null,
"l_thumb_cmc": null,
"l_thumb_mcp": null,
"l_thumb_ip": null,
"l_thumb_tip": null,
"l_index_mcp": null,
"l_index_pip": null,
"l_index_dip": null,
"l_index_tip": null,
"l_middle_mcp": null,
"l_middle_pip": null,
"l_middle_dip": null,
"l_middle_tip": null,
"l_ring_mcp": null,
"l_ring_pip": null,
"l_ring_dip": null,
"l_ring_tip": null,
"l_pinky_mcp": null,
"l_pinky_pip": null,
"l_pinky_dip": null,
"l_pinky_tip": null,
"r_hand_position": [
-0.237004816532135,
-0.021333009004592896,
-0.5516345463693142
],
"r_wrist": [
-0.3842344828341518,
0.866517455680156,
0.3186084763510866
],
"r_thumb_cmc": [
-0.07512123828788038,
0.5678949578572441,
0.359976159636296
],
"r_thumb_mcp": [
0.2229512394039226,
0.35061953635592175,
0.29768046508347007
],
"r_thumb_ip": [
0.450357255697218,
0.401225434035759,
0.2122043889823539
],
"r_thumb_tip": [
0.5881552279825959,
0.5339253761991933,
0.11817389854788557
],
"r_index_mcp": [
0.11178336249347277,
-0.1343198443148682,
0.12611140070073953
],
"r_index_pip": [
0.5337337610281416,
-0.12481264244982905,
-0.03490611919573761
],
"r_index_dip": [
0.8002482130630182,
-0.040355589378886614,
-0.1357726578532533
],
"r_index_tip": [
1.0134463873737865,
0.03209039218302492,
-0.1974666285322356
],
"r_middle_mcp": [
0.0,
0.0,
0.0
],
"r_middle_pip": [
0.4897297599470814,
-0.0747387435126525,
-0.1881600065595425
],
"r_middle_dip": [
0.8205664090798107,
-0.015004644800345647,
-0.29155795264594914
],
"r_middle_tip": [
1.0680357474675595,
0.024611699868725544,
-0.3489716137038267
],
"r_ring_mcp": [
-0.06676869252556039,
0.24768099775615599,
-0.11424891370054716
],
"r_ring_pip": [
0.3853734161949085,
0.127692018983732,
-0.28015482715946793
],
"r_ring_dip": [
0.6979659840078621,
0.18809051847627845,
-0.3413539911959289
],
"r_ring_tip": [
0.9146649049705599,
0.20487872905784293,
-0.36039478338766356
],
"r_pinky_mcp": [
-0.09228900137717101,
0.5519585337174371,
-0.22083324354549277
],
"r_pinky_pip": [
0.2976164262290313,
0.4444745596109007,
-0.30891061885855303
],
"r_pinky_dip": [
0.48727921890155895,
0.49265492551898044,
-0.3029841105702175
],
"r_pinky_tip": [
0.5873505178208664,
0.5543123477188394,
-0.2900482476070419
],
"l_hand_velocity": null,
"r_hand_velocity": null,
"m_nose_point": [
0.0,
0.0,
0.0
],
"m_top_nose": [
0.043832687942172995,
-0.33481770924818033,
0.2206956074615349
],
"m_eyebrows": [
0.0850398234302323,
-0.589573067836803,
0.2982126591557185
],
"m_forehead": [
0.14092987297663503,
-0.9138935025175023,
0.43447776222027507
],
"m_top_chin": [
-0.13176292218811816,
0.6031696787598917,
0.1037218656952997
],
"m_bot_up_lip": [
-0.09602184911914938,
0.3890549987493243,
0.09843946993767531
],
"m_top_low_lip": [
-0.09665410934880542,
0.3902345232540859,
0.09798026901144773
],
"m_bot_nose": [
-0.04006544789209757,
0.07029768638420208,
0.08001212421947958
],
"m_chin": [
-0.2121542894459357,
0.9694123116688685,
0.12341121283947709
],
"m_nose": [
0.03759343651717181,
-0.27567313718399045,
0.16220528575979884
],
"l_eye_exterior": [
-0.35465137815228187,
-0.42707725356622817,
0.38650539429330893
],
"l_temple": [
-0.5202898492972354,
-0.7028024850449431,
0.6829038524989663
],
"l_mid_chin": [
-0.3623421411366061,
0.6939058762279964,
0.11237258601389061
],
"l_up_lip": [
-0.20404348193783303,
0.2666964676614672,
0.08590242955123255
],
"l_ext_nostril": [
-0.17203784398110786,
-0.026900397073726306,
0.11535575551951915
],
"l_mid_cheek": [
-0.4447018501935133,
-0.08830640988995563,
0.277016616271797
],
"l_mid_eyebrow": [
-0.2603003849912955,
-0.6901517968418514,
0.3297968174251181
],
"l_ext_eyebrow": [
-0.3426033386850028,
-0.6765453154208149,
0.36072421915094444
],
"l_ext_lips": [
-0.37223758950977004,
0.3527222441644849,
0.175438710339996
],
"l_jaw_angle": [
-0.6754406421921574,
0.36645759041983994,
0.6056672060574638
],
"l_mid_ext_face": [
-0.6788643340775498,
-0.014142230115203061,
0.7616681641332642
],
"l_int_eyebrow": [
-0.03823337380078724,
-0.6617900177108542,
0.2931871844484638
],
"l_mid_jaw": [
-0.6012622050314802,
0.6258827912597642,
0.38563751876585217
],
"l_mid_bot_eyelid": [
-0.2672053466667758,
-0.3717191141870122,
0.3456774247303224
],
"l_ext_mouth": [
-0.2940591330557486,
0.40442720258102216,
0.13709209142516707
],
"l_top_eyelid": [
-0.25270531100096516,
-0.4908214776740909,
0.34942963626182105
],
"l_eye_int": [
-0.14899023127300454,
-0.39416901340827676,
0.3735293737924067
],
"l_pupil": [
-0.2607637500338448,
-0.4300976259382537,
0.3675463783158627
],
"r_eye_exterior": [
0.40727593796095546,
-0.16370330518618845,
0.500672971486081
],
"r_temple": [
0.5533856289161949,
-0.29891432132407,
0.8044242138027565
],
"r_mid_chin": [
0.01314421310048148,
0.8163982073991459,
0.14998518946153916
],
"r_up_lip": [
0.04141496430596011,
0.3475325556879327,
0.11564828897519072
],
"r_ext_nostril": [
0.1352883350384726,
0.0948072295105734,
0.19384344473520193
],
"r_mid_cheek": [
0.3441414912818677,
0.1962161770652309,
0.36147340879509143
],
"r_mid_eyebrow": [
0.44755634336391614,
-0.3605479039540957,
0.4417878941274875
],
"r_ext_eyebrow": [
0.3894037563434798,
-0.4203198009989677,
0.3938432955441401
],
"r_ext_lips": [
0.09375273131315054,
0.5781238385783568,
0.20286519124531488
],
"r_jaw_angle": [
0.3139103495117574,
0.7138881509623121,
0.7208273680638299
],
"r_mid_ext_face": [
0.43183209177208026,
0.39167506759346704,
0.8890094116938307
],
"r_int_eyebrow": [
0.2069574722764212,
-0.5496255175590818,
0.3155103469473264
],
"r_mid_jaw": [
0.18778403001282776,
0.8867490848000666,
0.47163242425836127
],
"r_mid_bot_eyelid": [
0.27730396278936514,
-0.17026225107249882,
0.4076468184940877
],
"r_ext_mouth": [
0.1407214957977371,
0.5261233135843828,
0.234976037400218
],
"r_top_eyelid": [
0.3074024011981773,
-0.27729518901341155,
0.4128565392833152
],
"r_eye_int": [
0.18086316586843154,
-0.26778002899173636,
0.4152285690258166
],
"r_pupil": [
0.27681976002892605,
-0.23319764270963939,
0.42906295441813225
],
"l_shoulder": [
0.48513991442170296,
0.07274510747417703,
0.09668201887358985
],
"l_elbow": [
0.9678226254752355,
1.270865391813301,
-0.3648401768871476
],
"l_hip": [
0.2983287399596053,
2.242647930687494,
-0.2478222977650296
],
"l_knee": [
0.20261863595961577,
4.522395899472592,
-1.081660001365937
],
"l_ankle": [
0.16826182112877033,
6.632141819326986,
0.04433317343949237
],
"l_body_wrist": [
1.1005143653205456,
1.7304281848398408,
-1.5659804675894071
],
"r_shoulder": [
-0.48513991442170296,
-0.07274510747417703,
-0.09668201887358985
],
"r_elbow": [
-1.1918067814305207,
0.47013673231981584,
-1.7319710101718657
],
"r_hip": [
-0.5483240162484434,
2.158419326377199,
-0.07435761300718188
],
"r_knee": [
-0.5383159351086501,
4.488479407877146,
-0.604077193910656
],
"r_ankle": [
-0.5844857759355833,
6.551778168858295,
-0.23383954455196057
],
"r_body_wrist": [
-0.6453716377392873,
-0.7375999071533543,
-3.5787279337958733
],
"m_face_position": [
0.0240786075592041,
0.10843324661254883,
-0.530458016321063
],
"m_body_position": [
-0.028148755431175232,
0.3680194318294525,
-0.44786435924470425
],
"m_face_scale": [
0.10869599605120357,
0.10869599605120357,
0.10869599605120357
],
"m_body_scale": [
0.31337149975723305,
0.31337149975723305,
0.31337149975723305
],
"l_hand_scale": null,
"r_hand_scale": [
0.16206451586031426,
0.16206451586031426,
0.16206451586031426
]
}
],
"framerate": 30,
"mirrorable": true,
"invalid": false
}