{
"label": "o",
"gestures": [
{
"l_hand_position": null,
"l_wrist": null,
"l_thumb_cmc": null,
"l_thumb_mcp": null,
"l_thumb_ip": null,
"l_thumb_tip": null,
"l_index_mcp": null,
"l_index_pip": null,
"l_index_dip": null,
"l_index_tip": null,
"l_middle_mcp": null,
"l_middle_pip": null,
"l_middle_dip": null,
"l_middle_tip": null,
"l_ring_mcp": null,
"l_ring_pip": null,
"l_ring_dip": null,
"l_ring_tip": null,
"l_pinky_mcp": null,
"l_pinky_pip": null,
"l_pinky_dip": null,
"l_pinky_tip": null,
"r_hand_position": [
-0.2590239346027374,
0.1593327522277832,
-0.5827764943242073
],
"r_wrist": [
-0.024398220713981737,
0.9111207909421394,
0.4114166150497113
],
"r_thumb_cmc": [
0.3082697375318074,
0.5612309164910714,
0.3871577112943372
],
"r_thumb_mcp": [
0.44088280271662444,
0.2737411782764061,
0.26064048430503867
],
"r_thumb_ip": [
0.5402685767088901,
0.09833202089048827,
0.12745074518095736
],
"r_thumb_tip": [
0.5951007689649708,
-0.0058526697438050345,
0.0226903897011594
],
"r_index_mcp": [
0.07073432491668195,
-0.23717176855202965,
0.08297050326829185
],
"r_index_pip": [
0.49979077095647056,
-0.3129631899893445,
-0.05691266585616708
],
"r_index_dip": [
0.5308816717938158,
-0.03223471324273263,
-0.0716991666747228
],
"r_index_tip": [
0.4364399758211069,
0.09647810272604547,
-0.0788811369208649
],
"r_middle_mcp": [
0.0,
0.0,
0.0
],
"r_middle_pip": [
0.4612267254057609,
-0.07328042585377106,
-0.1648638498657761
],
"r_middle_dip": [
0.47123604675795466,
0.19364024141273306,
-0.13706914916532317
],
"r_middle_tip": [
0.39573776242893577,
0.31113000916454875,
-0.11744040547726305
],
"r_ring_mcp": [
-0.012256434288729391,
0.28149812829522525,
-0.08004664947095425
],
"r_ring_pip": [
0.42900578768150804,
0.14402882253664206,
-0.19210134565610656
],
"r_ring_dip": [
0.4358822895084569,
0.3473264430229882,
-0.09778333310200654
],
"r_ring_tip": [
0.34074648515299155,
0.46055261374337836,
-0.03902693259640189
],
"r_pinky_mcp": [
0.03327357989712058,
0.562514261567512,
-0.16799929858944052
],
"r_pinky_pip": [
0.32019133784716486,
0.3886535909578075,
-0.28524510635269457
],
"r_pinky_dip": [
0.4868509672644448,
0.23118104737571737,
-0.3086919275484423
],
"r_pinky_tip": [
0.5746866355687438,
0.04940197174565619,
-0.3289774894388579
],
"l_hand_velocity": null,
"r_hand_velocity": null,
"m_nose_point": null,
"m_top_nose": null,
"m_eyebrows": null,
"m_forehead": null,
"m_top_chin": null,
"m_bot_up_lip": null,
"m_top_low_lip": null,
"m_bot_nose": null,
"m_chin": null,
"m_nose": null,
"l_eye_exterior": null,
"l_temple": null,
"l_mid_chin": null,
"l_up_lip": null,
"l_ext_nostril": null,
"l_mid_cheek": null,
"l_mid_eyebrow": null,
"l_ext_eyebrow": null,
"l_ext_lips": null,
"l_jaw_angle": null,
"l_mid_ext_face": null,
"l_int_eyebrow": null,
"l_mid_jaw": null,
"l_mid_bot_eyelid": null,
"l_ext_mouth": null,
"l_top_eyelid": null,
"l_eye_int": null,
"l_pupil": null,
"r_eye_exterior": null,
"r_temple": null,
"r_mid_chin": null,
"r_up_lip": null,
"r_ext_nostril": null,
"r_mid_cheek": null,
"r_mid_eyebrow": null,
"r_ext_eyebrow": null,
"r_ext_lips": null,
"r_jaw_angle": null,
"r_mid_ext_face": null,
"r_int_eyebrow": null,
"r_mid_jaw": null,
"r_mid_bot_eyelid": null,
"r_ext_mouth": null,
"r_top_eyelid": null,
"r_eye_int": null,
"r_pupil": null,
"l_shoulder": [
0.44680370149207654,
0.05216801112670627,
0.21827723414974634
],
"l_elbow": [
0.9150759706021165,
1.1378856982607504,
-0.886132665351841
],
"l_hip": [
0.28812644463785725,
2.0424855478324684,
-0.19576588370144707
],
"l_knee": [
0.22445561688665217,
4.289540869553113,
-0.8586217712817634
],
"l_ankle": [
0.18211818449115336,
6.247196167657596,
0.05906012292168242
],
"l_body_wrist": [
1.0713083961655503,
1.1333486746650947,
-2.684905466741956
],
"r_shoulder": [
-0.44680370149207654,
-0.05216801112670627,
-0.21827723414974634
],
"r_elbow": [
-0.9461108632997386,
0.6972739331078524,
-1.791298244228113
],
"r_hip": [
-0.5292211534093169,
1.9388450581541419,
-0.28125322300862005
],
"r_knee": [
-0.5413058965487,
4.22223266270205,
-0.7070198980521893
],
"r_ankle": [
-0.5729001118548677,
6.236787362052861,
-0.41561117220836397
],
"r_body_wrist": [
-0.5926031384292234,
-0.08946905857853116,
-4.302108758501168
],
"m_face_position": null,
"m_body_position": [
-0.026400387287139893,
0.3434451222419739,
-0.4187254519201815
],
"m_face_scale": null,
"m_body_scale": [
0.33027396443080914,
0.33027396443080914,
0.33027396443080914
],
"l_hand_scale": null,
"r_hand_scale": [
0.20119866893720356,
0.20119866893720356,
0.20119866893720356
]
}
],
"framerate": 30,
"mirrorable": true,
"invalid": false
}