{
"label": "b",
"gestures": [
{
"l_hand_position": [
-0.1614401936531067,
-0.005862891674041748,
-0.4926606402732432
],
"l_wrist": [
-0.04596278888151581,
0.9984068034779692,
-0.03273036521545187
],
"l_thumb_cmc": [
0.20846684891421233,
0.7897412576234609,
-0.03067562441747043
],
"l_thumb_mcp": [
0.3325587367042936,
0.45555161111691156,
0.0010851286811545966
],
"l_thumb_ip": [
0.36016166248715376,
0.17079616846417997,
0.027216129210862725
],
"l_thumb_tip": [
0.41482538373884903,
-0.012355361179797505,
0.05117152492193576
],
"l_index_mcp": [
0.15670609660562432,
0.007585571351474397,
0.024136629831856615
],
"l_index_pip": [
0.14517569322409923,
-0.3691882186056444,
0.005445195367446132
],
"l_index_dip": [
0.12974391861484913,
-0.5894823865967806,
-0.020586661245297726
],
"l_index_tip": [
0.1086155891172866,
-0.7677130104116882,
-0.03922188407948316
],
"l_middle_mcp": [
0.0,
0.0,
0.0
],
"l_middle_pip": [
0.007880360524435293,
-0.4049003718903243,
-0.019211214487675304
],
"l_middle_dip": [
0.004941240699882873,
-0.6423626200612972,
-0.043604254331188357
],
"l_middle_tip": [
-0.004076942236508342,
-0.8268169105138242,
-0.05932106912942968
],
"l_ring_mcp": [
-0.14885098853513967,
0.055812176275840945,
-0.031404528920866766
],
"l_ring_pip": [
-0.13913889474571473,
-0.32458892932981204,
-0.06268999361161424
],
"l_ring_dip": [
-0.12541219240874385,
-0.5353443151102163,
-0.08142648584686087
],
"l_ring_tip": [
-0.11452878347896524,
-0.7045897170865209,
-0.0882815012135241
],
"l_pinky_mcp": [
-0.3075206627969066,
0.1667586998004261,
-0.06407394853567053
],
"l_pinky_pip": [
-0.29206097758065835,
-0.14582906724315955,
-0.10021017068210987
],
"l_pinky_dip": [
-0.27510089787678366,
-0.32998258767836885,
-0.10986954582054867
],
"l_pinky_tip": [
-0.25635161535667833,
-0.4903720869618283,
-0.10857950261298555
],
"r_hand_position": null,
"r_wrist": null,
"r_thumb_cmc": null,
"r_thumb_mcp": null,
"r_thumb_ip": null,
"r_thumb_tip": null,
"r_index_mcp": null,
"r_index_pip": null,
"r_index_dip": null,
"r_index_tip": null,
"r_middle_mcp": null,
"r_middle_pip": null,
"r_middle_dip": null,
"r_middle_tip": null,
"r_ring_mcp": null,
"r_ring_pip": null,
"r_ring_dip": null,
"r_ring_tip": null,
"r_pinky_mcp": null,
"r_pinky_pip": null,
"r_pinky_dip": null,
"r_pinky_tip": null,
"l_hand_velocity": null,
"r_hand_velocity": null,
"m_nose_point": [
0.0,
0.0,
0.0
],
"m_top_nose": [
0.012525155010509444,
-0.32648780344711925,
0.23543129990494496
],
"m_eyebrows": [
0.024940275540884727,
-0.581139028900461,
0.3305006711525328
],
"m_forehead": [
0.04273398625496074,
-0.9067664238431978,
0.47940940934151605
],
"m_top_chin": [
-0.05202491351009827,
0.6134568543474836,
0.060839474974565697
],
"m_bot_up_lip": [
-0.03516169278477581,
0.41293124035632534,
0.0855518083043094
],
"m_top_low_lip": [
-0.03630526541759868,
0.41419401700929354,
0.08197372279851824
],
"m_bot_nose": [
-0.02916743348603871,
0.08342294676504712,
0.07526436218524854
],
"m_chin": [
-0.07748959941067,
0.994783091831465,
0.06634728471765017
],
"m_nose": [
0.011270674608027532,
-0.2699121782229011,
0.17435163278687957
],
"l_eye_exterior": [
-0.3788788435905211,
-0.2951509004589116,
0.41060392377253535
],
"l_temple": [
-0.5576211236732153,
-0.5205266228475115,
0.7166450993804988
],
"l_mid_chin": [
-0.2636085561099773,
0.7627553048095165,
0.07593679511940174
],
"l_up_lip": [
-0.16358459379945123,
0.31131548956433464,
0.08112998866600142
],
"l_ext_nostril": [
-0.17726729407518152,
0.01669620410369025,
0.11682440170609937
],
"l_mid_cheek": [
-0.43887121408080987,
0.025238285591248077,
0.2848449080241306
],
"l_mid_eyebrow": [
-0.31865941782376495,
-0.5830447649661179,
0.36565773140928215
],
"l_ext_eyebrow": [
-0.3959381178141778,
-0.5509821583827398,
0.3963555502070677
],
"l_ext_lips": [
-0.3329385748449844,
0.41913618075293835,
0.17150994867293864
],
"l_jaw_angle": [
-0.5982482989494168,
0.5451376682375185,
0.5838999883139464
],
"l_mid_ext_face": [
-0.6404779605037626,
0.18875148797204083,
0.7571893121518373
],
"l_int_eyebrow": [
-0.0987817079613924,
-0.6105398490120224,
0.3280033974175386
],
"l_mid_jaw": [
-0.4907498515954917,
0.7606428174488455,
0.3542542622128784
],
"l_mid_bot_eyelid": [
-0.28985876593817345,
-0.26139542213156464,
0.36829180458383304
],
"l_ext_mouth": [
-0.239818402873352,
0.4786283746678554,
0.13295601048680958
],
"l_top_eyelid": [
-0.2847102875442771,
-0.3713906042371053,
0.37671454559975726
],
"l_eye_int": [
-0.16873350883811,
-0.31119170077418373,
0.3961016412777105
],
"l_pupil": [
-0.2852434307992128,
-0.315585002051445,
0.39153331367645605
],
"r_eye_exterior": [
0.387739675754658,
-0.2112365100137415,
0.5017890771891299
],
"r_temple": [
0.5165913619260467,
-0.383869038258034,
0.8093045019665694
],
"r_mid_chin": [
0.12688896796423374,
0.8031969060616823,
0.10500420966454468
],
"r_up_lip": [
0.10185175728608795,
0.3432898939057005,
0.10430040653324014
],
"r_ext_nostril": [
0.16181487257729346,
0.072686070379099,
0.18573617616186142
],
"r_mid_cheek": [
0.38205150443438934,
0.12712541110309344,
0.3491690290837913
],
"r_mid_eyebrow": [
0.40137434510652026,
-0.4398097819976685,
0.4561478145898209
],
"r_ext_eyebrow": [
0.33907692691532576,
-0.4877869985599745,
0.41308540324776327
],
"r_ext_lips": [
0.18399206006147598,
0.5469501806463951,
0.18271992965898742
],
"r_jaw_angle": [
0.40741619868436296,
0.6667331917467268,
0.6734821096464435
],
"r_mid_ext_face": [
0.4794507950779058,
0.3272855534280919,
0.8539131133478634
],
"r_int_eyebrow": [
0.15070750311041745,
-0.568451442038325,
0.344397784474343
],
"r_mid_jaw": [
0.3051889269025791,
0.8504261501459334,
0.42281766919653413
],
"r_mid_bot_eyelid": [
0.2637805941463775,
-0.1962207332782906,
0.41346744012459813
],
"r_ext_mouth": [
0.22812898593814723,
0.48654758240179663,
0.21788378519985216
],
"r_top_eyelid": [
0.2768397657013476,
-0.30256403691318823,
0.4234624843494632
],
"r_eye_int": [
0.16242006221803135,
-0.26655437999975945,
0.42661626030735605
],
"r_pupil": [
0.26594067578615405,
-0.2524042515058402,
0.43646618837445494
],
"l_shoulder": [
0.49533380271462324,
-0.0034177135759340116,
0.06806425730281336
],
"l_elbow": [
0.8329414141303223,
0.7993679336338471,
-0.4024787538538179
],
"l_hip": [
0.37362332553845135,
1.888007502104642,
0.12777381030428075
],
"l_knee": [
0.3234384569708724,
3.590115645297778,
-0.3670966907969318
],
"l_ankle": [
0.3167690339890387,
5.136640735681217,
0.7209501934786714
],
"l_body_wrist": [
0.9870227044631839,
1.3860920860397106,
-1.3679901531002916
],
"r_shoulder": [
-0.49533380271462324,
0.0034177135759340116,
-0.06806425730281336
],
"r_elbow": [
-0.8264014250929461,
0.8788674950238404,
-1.1660855267890124
],
"r_hip": [
-0.38410279076341897,
1.8855328894471801,
0.320545885670701
],
"r_knee": [
-0.36697181785813615,
3.5891380286607837,
0.2857104498971039
],
"r_ankle": [
-0.3475955152827161,
5.096744509723348,
0.8627078930541049
],
"r_body_wrist": [
-0.7321220686712746,
0.17582800096791995,
-3.4185168881924697
],
"m_face_position": [
0.08898454904556274,
-0.10016724467277527,
-0.5381060801446438
],
"m_body_position": [
0.07171212136745453,
0.2289520502090454,
-0.5781532824039459
],
"m_face_scale": [
0.13650603397303088,
0.13650603397303088,
0.13650603397303088
],
"m_body_scale": [
0.36264565649588043,
0.36264565649588043,
0.36264565649588043
],
"l_hand_scale": [
0.22423330677981343,
0.22423330677981343,
0.22423330677981343
],
"r_hand_scale": null
}
],
"framerate": 30,
"mirrorable": true,
"invalid": false
}