{
"label": "b",
"gestures": [
{
"l_hand_position": [
0.3397083282470703,
0.048018574714660645,
-0.49892149749211967
],
"l_wrist": [
0.13625797413805668,
0.9906603770458274,
-0.005077581630246797
],
"l_thumb_cmc": [
-0.12042964779905263,
0.7756286825604054,
-0.09183963885445226
],
"l_thumb_mcp": [
-0.2292545129526229,
0.4069728125520423,
-0.11250837778939148
],
"l_thumb_ip": [
-0.1848537030513452,
0.0778086195658357,
-0.13072684749492333
],
"l_thumb_tip": [
-0.16217172992940512,
-0.18189946753893968,
-0.14068373774478443
],
"l_index_mcp": [
-0.1600563098389223,
0.028584831464101894,
0.0026914715256889394
],
"l_index_pip": [
-0.20737403091298834,
-0.35397758234417975,
-0.05509262065156193
],
"l_index_dip": [
-0.21816357140367465,
-0.5780774075517789,
-0.11039758816209423
],
"l_index_tip": [
-0.21560503001803763,
-0.7706774545614151,
-0.15286390805997602
],
"l_middle_mcp": [
0.0,
0.0,
0.0
],
"l_middle_pip": [
-0.051714135393183064,
-0.40203561625967504,
-0.04930750586760032
],
"l_middle_dip": [
-0.07634623510158707,
-0.6627239583891329,
-0.10273494333380939
],
"l_middle_tip": [
-0.0976284051708171,
-0.8830447643690269,
-0.141366117177494
],
"l_ring_mcp": [
0.14916209281682843,
0.04465338062049164,
-0.022992328162990815
],
"l_ring_pip": [
0.10541403790765248,
-0.33043686877691236,
-0.07880284161974345
],
"l_ring_dip": [
0.0654144131057436,
-0.558095555735302,
-0.12519943377290968
],
"l_ring_tip": [
0.025007026909370456,
-0.7503957451744048,
-0.1546616678521475
],
"l_pinky_mcp": [
0.3087601271174437,
0.14436942310267803,
-0.05740135819513477
],
"l_pinky_pip": [
0.26457568613229254,
-0.15045076475308436,
-0.11109583219310441
],
"l_pinky_dip": [
0.21909808306476616,
-0.35081062615936964,
-0.1422034943494878
],
"l_pinky_tip": [
0.17925841971835943,
-0.5299281675432341,
-0.16062793196861197
],
"r_hand_position": null,
"r_wrist": null,
"r_thumb_cmc": null,
"r_thumb_mcp": null,
"r_thumb_ip": null,
"r_thumb_tip": null,
"r_index_mcp": null,
"r_index_pip": null,
"r_index_dip": null,
"r_index_tip": null,
"r_middle_mcp": null,
"r_middle_pip": null,
"r_middle_dip": null,
"r_middle_tip": null,
"r_ring_mcp": null,
"r_ring_pip": null,
"r_ring_dip": null,
"r_ring_tip": null,
"r_pinky_mcp": null,
"r_pinky_pip": null,
"r_pinky_dip": null,
"r_pinky_tip": null,
"l_hand_velocity": null,
"r_hand_velocity": null,
"m_nose_point": [
0.0,
0.0,
0.0
],
"m_top_nose": [
0.09407162493010844,
-0.462210938864346,
0.12229249528882731
],
"m_eyebrows": [
0.1273991825183298,
-0.8173092197552145,
0.13449612434431074
],
"m_forehead": [
0.18785954085564072,
-1.2653301839507174,
0.20834143970356817
],
"m_top_chin": [
0.02780348244846283,
0.5386074395806539,
0.16552750366358285
],
"m_bot_up_lip": [
0.13383719454525017,
0.33366973445236114,
0.17100530309680229
],
"m_top_low_lip": [
0.1329168702133324,
0.3365864014140404,
0.13741877953544865
],
"m_bot_nose": [
0.004645269198754357,
0.07140364806541805,
0.09612587041194129
],
"m_chin": [
0.016944294076308864,
0.9701847256825945,
0.24177363162769533
],
"m_nose": [
0.07107788838286531,
-0.35830823802425776,
0.0851654310600233
],
"l_eye_exterior": [
-0.2908480386650356,
-0.5588274282426319,
0.4192087977626653
],
"l_temple": [
-0.3133323764929929,
-0.9457631290888683,
0.7109407489977158
],
"l_mid_chin": [
-0.15071654959987368,
0.6856397642740101,
0.28049013995144223
],
"l_up_lip": [
0.005354807853726233,
0.2757938959494208,
0.17782791747769233
],
"l_ext_nostril": [
-0.11693016056335093,
-0.00488213694178698,
0.1654726115602115
],
"l_mid_cheek": [
-0.30225228898969614,
-0.08747153149250621,
0.40849846679447194
],
"l_mid_eyebrow": [
-0.27818865544583377,
-0.899724822579866,
0.29095135641566144
],
"l_ext_eyebrow": [
-0.33352308936650615,
-0.8689910998496175,
0.35763348100205844
],
"l_ext_lips": [
-0.21268860319608943,
0.4345149784026081,
0.32827844830084907
],
"l_jaw_angle": [
-0.3253822910250659,
0.2927844990002102,
0.8433048723640696
],
"l_mid_ext_face": [
-0.29940402091561175,
-0.15762057895044584,
0.9365479924806268
],
"l_int_eyebrow": [
-0.0845335730483072,
-0.9061423415548611,
0.16958346454771925
],
"l_mid_jaw": [
-0.29937208369183205,
0.5943786150365135,
0.6218287753129428
],
"l_mid_bot_eyelid": [
-0.19444180267663264,
-0.5244938481053506,
0.35525362554340933
],
"l_ext_mouth": [
-0.08984526564993088,
0.3032748124377089,
0.25784110398128446
],
"l_top_eyelid": [
-0.2007371617706704,
-0.5908093641356028,
0.3433074404527374
],
"l_eye_int": [
-0.074296095965731,
-0.5444761705937015,
0.3315455431236567
],
"l_pupil": [
-0.26167338474229856,
-0.6533930155671994,
0.3651704828403849
],
"r_eye_exterior": [
0.5419129422418507,
-0.5651776129041581,
0.208338085879222
],
"r_temple": [
0.9893119290042445,
-0.9167210146448168,
0.38000754392113684
],
"r_mid_chin": [
0.2429549778850285,
0.7727139434739908,
0.18080847136240896
],
"r_up_lip": [
0.2429278312448158,
0.28735250952234975,
0.10760271970180303
],
"r_ext_nostril": [
0.27198484972663106,
0.012813480323938841,
0.11821222385648571
],
"r_mid_cheek": [
0.5891353213224846,
-0.018093501845314327,
0.16623822333047572
],
"r_mid_eyebrow": [
0.4996993844239966,
-0.8122719211345646,
0.12475543743121574
],
"r_ext_eyebrow": [
0.40008665116811376,
-0.8453916206246865,
0.10630268340330681
],
"r_ext_lips": [
0.32506504793552105,
0.5267337120664322,
0.166382165396089
],
"r_jaw_angle": [
0.838270152008881,
0.4073576924486208,
0.5343751752408713
],
"r_mid_ext_face": [
0.9963657971630496,
-0.07784911211122032,
0.5893025093621771
],
"r_int_eyebrow": [
0.18140289878151555,
-0.8840069178966968,
0.10368821410465746
],
"r_mid_jaw": [
0.5871717143470973,
0.7295579714111046,
0.3812362038512796
],
"r_mid_bot_eyelid": [
0.36812174846115875,
-0.481234878495775,
0.17952733957163441
],
"r_ext_mouth": [
0.3771307070023433,
0.48266167396813214,
0.173918822079523
],
"r_top_eyelid": [
0.394685534339907,
-0.5855588845462235,
0.1691423565952185
],
"r_eye_int": [
0.2792500358494451,
-0.5589754040461444,
0.2139893589138192
],
"r_pupil": [
0.38314235709180494,
-0.5502501545095361,
0.19300660704906258
],
"l_shoulder": [
0.4276317504977913,
0.02803153416773583,
0.257575851077693
],
"l_elbow": [
0.7821622654742802,
0.7957308473531286,
-0.5461471997003134
],
"l_hip": [
0.22008450188639336,
1.669957312628621,
0.28115444460863587
],
"l_knee": [
0.16778263959741413,
3.084649672125988,
0.18761114224534026
],
"l_ankle": [
0.1289303391764155,
4.3135812907773,
1.244612116919645
],
"l_body_wrist": [
0.790254156418029,
0.15404496445586255,
-1.9194777838127697
],
"r_shoulder": [
-0.4276317504977913,
-0.02803153416773583,
-0.257575851077693
],
"r_elbow": [
-0.721572127553399,
0.7092157593075498,
-0.26599928106378273
],
"r_hip": [
-0.3846576765317582,
1.6306119627098938,
0.2463362791030725
],
"r_knee": [
-0.3942375347401961,
3.0362228582065542,
0.11702733194407924
],
"r_ankle": [
-0.4058327494728177,
4.263548925973122,
0.786085971745729
],
"r_body_wrist": [
-0.8503234857536065,
1.565994151544459,
-0.7244097132661449
],
"m_face_position": [
0.05833536386489868,
-0.09178173542022705,
-0.5270541403442621
],
"m_body_position": [
0.05059210956096649,
0.23874330520629883,
-0.6146573965233983
],
"m_face_scale": [
0.11197838331830565,
0.11197838331830565,
0.11197838331830565
],
"m_body_scale": [
0.44608328420272236,
0.44608328420272236,
0.44608328420272236
],
"l_hand_scale": [
0.21239271307778163,
0.21239271307778163,
0.21239271307778163
],
"r_hand_scale": null
}
],
"framerate": 30,
"mirrorable": true,
"invalid": false
}