{
"label": "b",
"gestures": [
{
"l_hand_position": null,
"l_wrist": null,
"l_thumb_cmc": null,
"l_thumb_mcp": null,
"l_thumb_ip": null,
"l_thumb_tip": null,
"l_index_mcp": null,
"l_index_pip": null,
"l_index_dip": null,
"l_index_tip": null,
"l_middle_mcp": null,
"l_middle_pip": null,
"l_middle_dip": null,
"l_middle_tip": null,
"l_ring_mcp": null,
"l_ring_pip": null,
"l_ring_dip": null,
"l_ring_tip": null,
"l_pinky_mcp": null,
"l_pinky_pip": null,
"l_pinky_dip": null,
"l_pinky_tip": null,
"r_hand_position": [
-0.17039671540260315,
0.005341053009033203,
-0.515004750341177
],
"r_wrist": [
-0.16994980451919134,
0.9828891376786799,
0.07103525165120195
],
"r_thumb_cmc": [
0.08032473452040428,
0.7952153655501544,
-0.008912518754821295
],
"r_thumb_mcp": [
0.22898365575118867,
0.45780929609376403,
-0.031148099632613613
],
"r_thumb_ip": [
0.10345536863766608,
0.1533285587256799,
-0.048957088702318914
],
"r_thumb_tip": [
-0.12736620383495603,
0.11297509158068605,
-0.06837656517320351
],
"r_index_mcp": [
0.15108996007526274,
0.06834335724748712,
0.021769117980713997
],
"r_index_pip": [
0.23381088539913872,
-0.28121268627940327,
-0.017381765490056062
],
"r_index_dip": [
0.27696574000254837,
-0.5027399899366519,
-0.056982216906849584
],
"r_index_tip": [
0.314596263052688,
-0.7067343553267649,
-0.09535064193461129
],
"r_middle_mcp": [
0.0,
0.0,
0.0
],
"r_middle_pip": [
0.09611795135574477,
-0.3858109860109768,
-0.031691436320556376
],
"r_middle_dip": [
0.16655007478583894,
-0.6365669077060979,
-0.0848135889847535
],
"r_middle_tip": [
0.21827331492130475,
-0.8518607856639244,
-0.13046071340347914
],
"r_ring_mcp": [
-0.1454253898468485,
0.03102688982196638,
-0.032746312622588127
],
"r_ring_pip": [
-0.13960421506168355,
-0.3495671892566051,
-0.08053454582802398
],
"r_ring_dip": [
-0.11754850897855097,
-0.5963897970439315,
-0.14777066653372792
],
"r_ring_tip": [
-0.10628666615556938,
-0.7914173523359846,
-0.19390871449370004
],
"r_pinky_mcp": [
-0.2947008533415973,
0.13627897830667743,
-0.07467551612382015
],
"r_pinky_pip": [
-0.2632346242496114,
-0.17345351403481873,
-0.11647081214764136
],
"r_pinky_dip": [
-0.23215073601239525,
-0.37233678638222273,
-0.1499153906283361
],
"r_pinky_tip": [
-0.21416858251220178,
-0.5398578094199159,
-0.17809505794199984
],
"l_hand_velocity": null,
"r_hand_velocity": null,
"m_nose_point": [
0.0,
0.0,
0.0
],
"m_top_nose": [
0.009994458403978772,
-0.30664299769167463,
0.22062880635782692
],
"m_eyebrows": [
0.01107559676750775,
-0.5517415031493383,
0.3083084354413992
],
"m_forehead": [
0.012000133369627032,
-0.8719422773989931,
0.4503519250324922
],
"m_top_chin": [
0.020441973240698966,
0.6134421784234718,
0.06692258770182188
],
"m_bot_up_lip": [
0.01392918233971921,
0.3933153730913469,
0.07672313889471022
],
"m_top_low_lip": [
0.013190976710400237,
0.3969595044537763,
0.07879997030910062
],
"m_bot_nose": [
-0.010767417900134656,
0.08067251807550237,
0.07231976115828047
],
"m_chin": [
0.030942246959605315,
0.9973024061287429,
0.06656191165306713
],
"m_nose": [
0.007304174133772077,
-0.25243282752411356,
0.16367494532838184
],
"l_eye_exterior": [
-0.3267307327234094,
-0.21709651937671848,
0.43924589246142176
],
"l_temple": [
-0.48619780390135936,
-0.41554109901548253,
0.7574941039237005
],
"l_mid_chin": [
-0.15908770969175426,
0.7785806200757898,
0.10400601042002432
],
"l_up_lip": [
-0.10652730139572848,
0.3151882617206829,
0.09420026446616676
],
"l_ext_nostril": [
-0.14094828480932248,
0.03959407555620389,
0.1324468687501073
],
"l_mid_cheek": [
-0.3697317340328486,
0.09129568649219949,
0.32418393900430725
],
"l_mid_eyebrow": [
-0.3146531359156519,
-0.4831725426013993,
0.38633000287761043
],
"l_ext_eyebrow": [
-0.3786601280396373,
-0.44333477125604986,
0.4272659623939017
],
"l_ext_lips": [
-0.23753891133870464,
0.4527005196473103,
0.20063341245495814
],
"l_jaw_angle": [
-0.44157258271890354,
0.5986592233791687,
0.624312156868888
],
"l_mid_ext_face": [
-0.5005626657404015,
0.25916084116670984,
0.7969996722678242
],
"l_int_eyebrow": [
-0.12089990957858371,
-0.5457720031184897,
0.32229295441622885
],
"l_mid_jaw": [
-0.3488379605232698,
0.8034578985510669,
0.390636368125814
],
"l_mid_bot_eyelid": [
-0.23988458798955256,
-0.2048575055127486,
0.3869839015927614
],
"l_ext_mouth": [
-0.1540492364429765,
0.5056792305092406,
0.15314873051722996
],
"l_top_eyelid": [
-0.25005532805543906,
-0.30637857519881306,
0.3957666591018487
],
"l_eye_int": [
-0.13287575711355362,
-0.2767701648995569,
0.3986373075665133
],
"l_pupil": [
-0.24496283976061356,
-0.2557300483001046,
0.4083085000517398
],
"r_eye_exterior": [
0.4143238762336163,
-0.2831433122512583,
0.405360571339508
],
"r_temple": [
0.5627764839519884,
-0.47941158799984346,
0.6753169894129161
],
"r_mid_chin": [
0.21582821259781482,
0.7657399037221254,
0.0768413360630603
],
"r_up_lip": [
0.13596843254075155,
0.2999191712619503,
0.07285063432523843
],
"r_ext_nostril": [
0.17718107523259496,
0.03691174699045384,
0.1476693372105192
],
"r_mid_cheek": [
0.42264721798041294,
0.051882289171418815,
0.2619838895262968
],
"r_mid_eyebrow": [
0.40327256530076566,
-0.5037210804096885,
0.3659142978551626
],
"r_ext_eyebrow": [
0.3310908774869366,
-0.5384506614119429,
0.33724388212189693
],
"r_ext_lips": [
0.2507185825743507,
0.49699913822575653,
0.1320835233531467
],
"r_jaw_angle": [
0.5526287735568975,
0.550847533201184,
0.5470032792335574
],
"r_mid_ext_face": [
0.6060659842283027,
0.2025097352554647,
0.7106899095028599
],
"r_int_eyebrow": [
0.12888869301691422,
-0.5776852647430927,
0.30436601423074655
],
"r_mid_jaw": [
0.4483294881303161,
0.7726194944706851,
0.3308957141119846
],
"r_mid_bot_eyelid": [
0.28396128428578726,
-0.24426085352263666,
0.34138519267270556
],
"r_ext_mouth": [
0.2884550011399286,
0.42871009285830525,
0.15637939423611788
],
"r_top_eyelid": [
0.2897166083782372,
-0.3583010616138023,
0.3496000332659587
],
"r_eye_int": [
0.17928263737301012,
-0.29651831696737924,
0.3680259812741916
],
"r_pupil": [
0.28285334775987797,
-0.29752743526951125,
0.36319465729721173
],
"l_shoulder": [
0.4663995096402537,
-0.020835305578140263,
-0.17898990879040202
],
"l_elbow": [
0.84637882387559,
0.829757816602875,
-0.47902765765218686
],
"l_hip": [
0.3745439761750371,
1.8973044912187744,
0.10042656574495268
],
"l_knee": [
0.3352105776531827,
3.5543976682073137,
-0.19232746826251673
],
"l_ankle": [
0.3425884646883872,
5.0207135091157165,
1.1763908675511738
],
"l_body_wrist": [
0.8629510868896412,
1.7153158784141422,
-1.118742598768031
],
"r_shoulder": [
-0.4663995096402537,
0.020835305578140263,
0.17898990879040202
],
"r_elbow": [
-0.9305472857083761,
0.9886361562788708,
-0.9494598324021355
],
"r_hip": [
-0.363403833001309,
1.8946539338491042,
0.7147895276625159
],
"r_knee": [
-0.3281235863065591,
3.5474921530700803,
0.7159178669834414
],
"r_ankle": [
-0.2281077458860695,
4.947560386316118,
1.6930046559460001
],
"r_body_wrist": [
-0.7797943235269358,
0.07405744261291203,
-3.3034012452235912
],
"m_face_position": [
0.06482213735580444,
-0.14645421504974365,
-0.5370465852320194
],
"m_body_position": [
0.08471184968948364,
0.18652716279029846,
-0.6526678167283535
],
"m_face_scale": [
0.1423492107963973,
0.1423492107963973,
0.1423492107963973
],
"m_body_scale": [
0.3796804528373198,
0.3796804528373198,
0.3796804528373198
],
"l_hand_scale": null,
"r_hand_scale": [
0.21123636844748467,
0.21123636844748467,
0.21123636844748467
]
}
],
"framerate": 30,
"mirrorable": true,
"invalid": false
}