{
"label": "b",
"gestures": [
{
"l_hand_position": null,
"l_wrist": null,
"l_thumb_cmc": null,
"l_thumb_mcp": null,
"l_thumb_ip": null,
"l_thumb_tip": null,
"l_index_mcp": null,
"l_index_pip": null,
"l_index_dip": null,
"l_index_tip": null,
"l_middle_mcp": null,
"l_middle_pip": null,
"l_middle_dip": null,
"l_middle_tip": null,
"l_ring_mcp": null,
"l_ring_pip": null,
"l_ring_dip": null,
"l_ring_tip": null,
"l_pinky_mcp": null,
"l_pinky_pip": null,
"l_pinky_dip": null,
"l_pinky_tip": null,
"r_hand_position": [
-0.1347668468952179,
0.037666141986846924,
-0.5139781758189201
],
"r_wrist": [
-0.09862271651035985,
0.9934913712050756,
0.05699522023096296
],
"r_thumb_cmc": [
0.1590252342771351,
0.7482331570202337,
-0.007731319889816988
],
"r_thumb_mcp": [
0.2779547971280125,
0.3667541877560805,
-0.020750089896571445
],
"r_thumb_ip": [
0.2726339909626499,
0.03478653076416943,
-0.03563622141575353
],
"r_thumb_tip": [
0.28531913213259463,
-0.22501249022085557,
-0.054575948238747694
],
"r_index_mcp": [
0.14122647114060694,
0.004501426075997277,
0.024791788057883977
],
"r_index_pip": [
0.17181475739825358,
-0.40172287049325284,
-0.053847347941464736
],
"r_index_dip": [
0.18023020285412,
-0.6392054191674319,
-0.12134880291860148
],
"r_index_tip": [
0.17762612227943525,
-0.8509888641281753,
-0.16887846820102492
],
"r_middle_mcp": [
0.0,
0.0,
0.0
],
"r_middle_pip": [
0.04244712094565686,
-0.4290990118180383,
-0.07153353441455801
],
"r_middle_dip": [
0.055790998503626114,
-0.7068528220458861,
-0.13814822127462534
],
"r_middle_tip": [
0.05355669007960706,
-0.9376381566839861,
-0.1874561011440633
],
"r_ring_mcp": [
-0.14447956685058758,
0.06767717421493563,
-0.03930296402406655
],
"r_ring_pip": [
-0.11348602586981571,
-0.3361409907883167,
-0.11371380697281368
],
"r_ring_dip": [
-0.0906328188926897,
-0.5766165916619853,
-0.16585708766350588
],
"r_ring_tip": [
-0.07157685474703002,
-0.7770151130052397,
-0.19833655250276533
],
"r_pinky_mcp": [
-0.30441568250839635,
0.19115895668731747,
-0.08588362238777118
],
"r_pinky_pip": [
-0.2824870881814232,
-0.13891038267800818,
-0.1591084573141667
],
"r_pinky_dip": [
-0.25555119808958615,
-0.344812834284901,
-0.19650474951008418
],
"r_pinky_tip": [
-0.22604513029195547,
-0.5366854524381599,
-0.21894260077492161
],
"l_hand_velocity": null,
"r_hand_velocity": null,
"m_nose_point": [
0.0,
0.0,
0.0
],
"m_top_nose": [
0.014871471092642797,
-0.296177793091243,
0.23708261511304488
],
"m_eyebrows": [
0.027021179979947556,
-0.5621312972751495,
0.3354977504136522
],
"m_forehead": [
0.04108991154141349,
-0.8500353999711946,
0.4885320788097007
],
"m_top_chin": [
-0.03037342365638962,
0.6215885426825313,
0.040603155237426886
],
"m_bot_up_lip": [
-0.015218108617469169,
0.4110408252468057,
0.06683389983334564
],
"m_top_low_lip": [
-0.014963540055785174,
0.41535512594594515,
0.06346646159587807
],
"m_bot_nose": [
-0.021764339181173077,
0.09045287705662065,
0.06867972078724342
],
"m_chin": [
-0.04621013387875089,
0.998320738590249,
0.03493317087708609
],
"m_nose": [
0.012312632766782516,
-0.24504557607233204,
0.1760707745233929
],
"l_eye_exterior": [
-0.34558615666661713,
-0.2078439871701735,
0.42496398867083784
],
"l_temple": [
-0.5287287198751884,
-0.41352965721820284,
0.7434155895361032
],
"l_mid_chin": [
-0.22893902317458573,
0.7730882336737821,
0.06268078611360159
],
"l_up_lip": [
-0.14177899046334755,
0.3164444205678419,
0.07544066402219267
],
"l_ext_nostril": [
-0.16351787278835223,
0.03730511345057671,
0.12040906018865435
],
"l_mid_cheek": [
-0.4130273085898131,
0.07902105151326476,
0.30075214154259333
],
"l_mid_eyebrow": [
-0.303803394356487,
-0.5318376384347542,
0.3891799356351022
],
"l_ext_eyebrow": [
-0.3758789669451401,
-0.49037542037187787,
0.42467515942356054
],
"l_ext_lips": [
-0.29600383790742557,
0.4489390834461061,
0.16917827768068175
],
"l_jaw_angle": [
-0.5207429040951616,
0.6153333688410194,
0.5784432816986631
],
"l_mid_ext_face": [
-0.5735977017148008,
0.28113321537665503,
0.7604899802843019
],
"l_int_eyebrow": [
-0.09432316775608965,
-0.5810262244852078,
0.34027628738021476
],
"l_mid_jaw": [
-0.42473321961791544,
0.8028451771299603,
0.343603703992503
],
"l_mid_bot_eyelid": [
-0.2589047128513448,
-0.18599267039709172,
0.3772089683509257
],
"l_ext_mouth": [
-0.20555053656986877,
0.4957461806020059,
0.12511555557813825
],
"l_top_eyelid": [
-0.25688725699999915,
-0.26584064545489333,
0.3869418006618468
],
"l_eye_int": [
-0.14736846751605578,
-0.2371359187203423,
0.3976938751103894
],
"l_pupil": [
-0.25995735385390817,
-0.22679364662099388,
0.40012625119972145
],
"r_eye_exterior": [
0.4063771291967549,
-0.16952441800128606,
0.45564315977683334
],
"r_temple": [
0.5561890306240409,
-0.3370702018568833,
0.7464689803281517
],
"r_mid_chin": [
0.15253790644198542,
0.797819145160446,
0.06277974964195623
],
"r_up_lip": [
0.11962643422560638,
0.33376526550482083,
0.07652959430357521
],
"r_ext_nostril": [
0.17001658388720844,
0.07842111826956281,
0.16138344135703486
],
"r_mid_cheek": [
0.4027529214402471,
0.13874686675322312,
0.30068668626410927
],
"r_mid_eyebrow": [
0.4143413066490387,
-0.4263955523257119,
0.4248868093167981
],
"r_ext_eyebrow": [
0.34763628215004555,
-0.4732843235618187,
0.3891622616823562
],
"r_ext_lips": [
0.20924262927615897,
0.5446441342112037,
0.13773500975564626
],
"r_jaw_angle": [
0.4687617009230345,
0.6919826899212616,
0.5824357653077404
],
"r_mid_ext_face": [
0.5394176294993632,
0.3661115955142614,
0.7637172732250507
],
"r_int_eyebrow": [
0.15264312811414815,
-0.5485604593922438,
0.3397619329272102
],
"r_mid_jaw": [
0.3546899527133729,
0.8615889941432227,
0.3455381201093785
],
"r_mid_bot_eyelid": [
0.2744817631407884,
-0.15068867798181929,
0.3771304498601813
],
"r_ext_mouth": [
0.2525757141269446,
0.4853201130177699,
0.1693719486692504
],
"r_top_eyelid": [
0.28131565617919524,
-0.23475485410672464,
0.387659286242418
],
"r_eye_int": [
0.16978025940577848,
-0.21775370485512718,
0.3977528634192921
],
"r_pupil": [
0.2790215691574863,
-0.19058869363782815,
0.4003404070022381
],
"l_shoulder": [
0.48947804204964385,
0.00325399144196135,
-0.10198361579657172
],
"l_elbow": [
0.86750919408669,
0.7694001190630507,
-0.33213471092107294
],
"l_hip": [
0.3360092124249448,
1.9321881060984052,
0.23366416419412162
],
"l_knee": [
0.2812783518302449,
3.549064661377495,
0.01729804085223614
],
"l_ankle": [
0.2785325020331351,
5.004517417801017,
1.4609325378578328
],
"l_body_wrist": [
0.913958523942129,
1.6347482189348168,
-1.021880603435971
],
"r_shoulder": [
-0.48947804204964385,
-0.00325399144196135,
0.10198361579657172
],
"r_elbow": [
-0.8002749075037894,
0.894707063302233,
-1.0909589651071427
],
"r_hip": [
-0.3931341505714237,
1.923796464913073,
0.6672985390082771
],
"r_knee": [
-0.3932267470164438,
3.541836012692466,
0.7246476249529641
],
"r_ankle": [
-0.348141467251852,
4.947667755769716,
1.6823936254741594
],
"r_body_wrist": [
-0.6464696991055356,
0.1502497091085977,
-3.228178847763937
],
"m_face_position": [
0.09479737281799316,
-0.11888784170150757,
-0.5370513014495373
],
"m_body_position": [
0.09392951428890228,
0.22637921571731567,
-0.668537475168705
],
"m_face_scale": [
0.14048390983026457,
0.14048390983026457,
0.14048390983026457
],
"m_body_scale": [
0.37946314340111853,
0.37946314340111853,
0.37946314340111853
],
"l_hand_scale": null,
"r_hand_scale": [
0.24525499517065777,
0.24525499517065777,
0.24525499517065777
]
}
],
"framerate": 30,
"mirrorable": true,
"invalid": false
}