{
"label": "b",
"gestures": [
{
"l_hand_position": [
0.19765979051589966,
-0.04662469029426575,
-0.5146855749189854
],
"l_wrist": [
-0.08098929686540843,
0.9927074305210549,
0.0892899276600211
],
"l_thumb_cmc": [
0.21797905506538778,
0.6097729961600409,
0.1775570516252476
],
"l_thumb_mcp": [
0.30010666255400853,
0.16311237430538542,
0.19996342533803554
],
"l_thumb_ip": [
0.18715986572804272,
-0.21938192052939764,
0.21860698775814716
],
"l_thumb_tip": [
0.01117146235948541,
-0.40527047340604627,
0.2208905966046049
],
"l_index_mcp": [
0.23537190503031294,
-0.056324450413575,
0.04866746774267397
],
"l_index_pip": [
0.05357851612765334,
-0.6553231788792183,
0.06212460012075004
],
"l_index_dip": [
-0.06476882348949693,
-0.8667066643211889,
0.09592410987648681
],
"l_index_tip": [
-0.13886737276185873,
-0.966318991161231,
0.12235919033401911
],
"l_middle_mcp": [
0.0,
0.0,
0.0
],
"l_middle_pip": [
-0.17420646343403484,
-0.5987772996879347,
0.01770032701662263
],
"l_middle_dip": [
-0.26114353296679793,
-0.8387218358192924,
0.046585109138497144
],
"l_middle_tip": [
-0.31977395934200936,
-0.9566239622557307,
0.06105943279545254
],
"l_ring_mcp": [
-0.23396505312349655,
0.08274623093141717,
-0.0293548284629957
],
"l_ring_pip": [
-0.37216524032109743,
-0.45985393552483866,
-0.015527987489978062
],
"l_ring_dip": [
-0.41717616604971763,
-0.7025244737280854,
0.006737365808528604
],
"l_ring_tip": [
-0.441517023422547,
-0.8352545365873332,
0.019288341231265122
],
"l_pinky_mcp": [
-0.4574555465708688,
0.19969940277795367,
-0.04393929742144453
],
"l_pinky_pip": [
-0.5148708326978692,
-0.2610335433857266,
-0.03695068945257035
],
"l_pinky_dip": [
-0.5432097298017646,
-0.4757872038167337,
-0.004656623865461534
],
"l_pinky_tip": [
-0.5536096342762392,
-0.6238686955200676,
0.02466131867645208
],
"r_hand_position": null,
"r_wrist": null,
"r_thumb_cmc": null,
"r_thumb_mcp": null,
"r_thumb_ip": null,
"r_thumb_tip": null,
"r_index_mcp": null,
"r_index_pip": null,
"r_index_dip": null,
"r_index_tip": null,
"r_middle_mcp": null,
"r_middle_pip": null,
"r_middle_dip": null,
"r_middle_tip": null,
"r_ring_mcp": null,
"r_ring_pip": null,
"r_ring_dip": null,
"r_ring_tip": null,
"r_pinky_mcp": null,
"r_pinky_pip": null,
"r_pinky_dip": null,
"r_pinky_tip": null,
"l_hand_velocity": null,
"r_hand_velocity": null,
"m_nose_point": [
0.0,
0.0,
0.0
],
"m_top_nose": [
-0.011999904358989255,
-0.30913790378010325,
0.23383021117131086
],
"m_eyebrows": [
-0.014037928706432088,
-0.5519543724922957,
0.3310307002826735
],
"m_forehead": [
-0.016271467381262554,
-0.8488520168000669,
0.48304829645810315
],
"m_top_chin": [
-0.02296400781397055,
0.619435717558991,
0.05492071836769263
],
"m_bot_up_lip": [
-0.028499188434773053,
0.3992557701623948,
0.06723218383928593
],
"m_top_low_lip": [
-0.025609826700901023,
0.4480907863167874,
0.06952594411468539
],
"m_bot_nose": [
-0.026881519891213634,
0.08496266360645538,
0.06715757759085277
],
"m_chin": [
-0.03863660630982185,
0.9980441121713854,
0.049144306006807636
],
"m_nose": [
-0.008333585689324631,
-0.25620941265381864,
0.17393702353577245
],
"l_eye_exterior": [
-0.40540257060300333,
-0.2575705749004684,
0.3733421192439782
],
"l_temple": [
-0.5958375632744501,
-0.4340815472127437,
0.659279120115945
],
"l_mid_chin": [
-0.22437139204775525,
0.7755148051125389,
0.04931308321863608
],
"l_up_lip": [
-0.14956336007778173,
0.3205238506479807,
0.05736735703359695
],
"l_ext_nostril": [
-0.17136958304870029,
0.03334560608268064,
0.10084951764681008
],
"l_mid_cheek": [
-0.4288217867748699,
0.06879936665197577,
0.24252192046739365
],
"l_mid_eyebrow": [
-0.36043257517926164,
-0.5387686312345858,
0.3415386656241258
],
"l_ext_eyebrow": [
-0.43618247616986777,
-0.5008690289327861,
0.3655518362587723
],
"l_ext_lips": [
-0.2924392800966134,
0.45225290381883826,
0.130171925001227
],
"l_jaw_angle": [
-0.5806341991643291,
0.6048741504800772,
0.4989690865790608
],
"l_mid_ext_face": [
-0.6437802265367768,
0.26100610165758636,
0.6696011077663592
],
"l_int_eyebrow": [
-0.14056035033272768,
-0.5824807469802761,
0.32149055078512495
],
"l_mid_jaw": [
-0.4637493587848044,
0.8095370607804393,
0.2878531824039885
],
"l_mid_bot_eyelid": [
-0.31438215058113006,
-0.23060064853078385,
0.3380631062458974
],
"l_ext_mouth": [
-0.20892363502839972,
0.5082222802827203,
0.09756413314219146
],
"l_top_eyelid": [
-0.3121881398029236,
-0.3410358537778224,
0.3479800657781487
],
"l_eye_int": [
-0.18954178971708782,
-0.2850258868394501,
0.3715812683329433
],
"l_pupil": [
-0.3025866862036048,
-0.2738547932161258,
0.3611567219951023
],
"r_eye_exterior": [
0.35480325015951053,
-0.21732628827902978,
0.5079917805790869
],
"r_temple": [
0.45062482201218973,
-0.37142579326777786,
0.8185363515029614
],
"r_mid_chin": [
0.15090943371873092,
0.7797332392415003,
0.09686012217691604
],
"r_up_lip": [
0.0906004892491364,
0.3236794943951318,
0.09337921006268647
],
"r_ext_nostril": [
0.14658006646053431,
0.06278028807088887,
0.18384838461089095
],
"r_mid_cheek": [
0.35285830763315007,
0.10646923961909507,
0.3510795522850691
],
"r_mid_eyebrow": [
0.366166032829904,
-0.44241683302665435,
0.4691163598938282
],
"r_ext_eyebrow": [
0.30442898370808674,
-0.48491888509827363,
0.42421171300886007
],
"r_ext_lips": [
0.19110887955421435,
0.5290222420143124,
0.1686774490490252
],
"r_jaw_angle": [
0.39902646585886076,
0.6424962074432159,
0.6506610292029353
],
"r_mid_ext_face": [
0.44851879268130773,
0.3135465393471212,
0.8371960157674854
],
"r_int_eyebrow": [
0.110420116641338,
-0.5546436508139554,
0.35061677970098787
],
"r_mid_jaw": [
0.31795262472726005,
0.8234134776512033,
0.4027073949741862
],
"r_mid_bot_eyelid": [
0.23573502478044173,
-0.1997924783926775,
0.41685867417449907
],
"r_ext_mouth": [
0.22804791146493575,
0.467293693515425,
0.204929411470326
],
"r_top_eyelid": [
0.24703490284115395,
-0.2921275197506594,
0.42816564494246845
],
"r_eye_int": [
0.13149911132060385,
-0.2619853734191105,
0.4247490984824862
],
"r_pupil": [
0.24009669440577192,
-0.24869273682805712,
0.4392812055900585
],
"l_shoulder": [
0.49663717936238233,
-0.008450882987387588,
0.05727211059241996
],
"l_elbow": [
0.757515289573739,
0.9558984331589542,
-1.7314787380832521
],
"l_hip": [
0.3801933460718004,
1.9817784976432191,
0.46353281862690054
],
"l_knee": [
0.37197891578161046,
3.7430170793215662,
0.35379186707688925
],
"l_ankle": [
0.38240140929863903,
5.21647984326077,
1.6700128761808126
],
"l_body_wrist": [
0.4925564040801021,
-0.11524952125951353,
-3.921345817055543
],
"r_shoulder": [
-0.49663717936238233,
0.008450882987387588,
-0.05727211059241996
],
"r_elbow": [
-0.9117031984186912,
0.7913897740665391,
-0.6404179691358507
],
"r_hip": [
-0.3705424614626121,
1.9866417589920926,
0.6655329940144886
],
"r_knee": [
-0.3379392658166702,
3.7032344568759985,
0.28416692288822176
],
"r_ankle": [
-0.2619316048718011,
5.199629952966201,
1.1354581305819516
],
"r_body_wrist": [
-0.6849815421231903,
1.0754337223080142,
-2.5250707184449936
],
"m_face_position": [
0.04157167673110962,
-0.18857240676879883,
-0.5369358509778976
],
"m_body_position": [
0.021721065044403076,
0.1640172004699707,
-0.6988075152039528
],
"m_face_scale": [
0.1402359456875993,
0.1402359456875993,
0.1402359456875993
],
"m_body_scale": [
0.3561869416834168,
0.3561869416834168,
0.3561869416834168
],
"l_hand_scale": [
0.16447021175219054,
0.16447021175219054,
0.16447021175219054
],
"r_hand_scale": null
}
],
"framerate": 30,
"mirrorable": true,
"invalid": false
}