{
"label": "b",
"gestures": [
{
"l_hand_position": [
0.09930193424224854,
-0.01822715997695923,
-0.5015505878254771
],
"l_wrist": [
0.20476477844393381,
0.978724351268323,
0.013039545360441232
],
"l_thumb_cmc": [
-0.06573973277107274,
0.8167903769344665,
-0.07005812121373245
],
"l_thumb_mcp": [
-0.19799917059006625,
0.41544150613796127,
-0.08118107539611531
],
"l_thumb_ip": [
-0.06662948263701443,
0.12130548911730864,
-0.09224353285345825
],
"l_thumb_tip": [
0.12294338077193649,
0.09213347330137892,
-0.10090220103169412
],
"l_index_mcp": [
-0.15631326151875558,
0.06653775067900466,
0.013542861794796015
],
"l_index_pip": [
-0.23579073221996794,
-0.28816065742800034,
-0.008886122236174942
],
"l_index_dip": [
-0.2701711683074847,
-0.5223799159410797,
-0.03740593025314548
],
"l_index_tip": [
-0.2833580132220357,
-0.7251125558179558,
-0.07616330909668273
],
"l_middle_mcp": [
0.0,
0.0,
0.0
],
"l_middle_pip": [
-0.09246731747643083,
-0.3955381775874934,
-0.028838069820910743
],
"l_middle_dip": [
-0.15374677176460266,
-0.6455704216053595,
-0.0651702850245649
],
"l_middle_tip": [
-0.19625425831776033,
-0.8511670535155075,
-0.10131541778721657
],
"l_ring_mcp": [
0.1639164874154336,
0.0205146243034346,
-0.03151228901635851
],
"l_ring_pip": [
0.19341908916746953,
-0.3623642924449465,
-0.09452325058655844
],
"l_ring_dip": [
0.20347100694872508,
-0.6241382270880622,
-0.14875489123371707
],
"l_ring_tip": [
0.210433111674395,
-0.8360503286100408,
-0.1909384806393734
],
"l_pinky_mcp": [
0.33338852286705406,
0.11018311452550747,
-0.07237161184667368
],
"l_pinky_pip": [
0.30880636319055815,
-0.20213412644592707,
-0.145800639715805
],
"l_pinky_dip": [
0.29470921644133113,
-0.4105361020883245,
-0.18482431693471213
],
"l_pinky_tip": [
0.291078535720759,
-0.594593017595967,
-0.21572631664931674
],
"r_hand_position": null,
"r_wrist": null,
"r_thumb_cmc": null,
"r_thumb_mcp": null,
"r_thumb_ip": null,
"r_thumb_tip": null,
"r_index_mcp": null,
"r_index_pip": null,
"r_index_dip": null,
"r_index_tip": null,
"r_middle_mcp": null,
"r_middle_pip": null,
"r_middle_dip": null,
"r_middle_tip": null,
"r_ring_mcp": null,
"r_ring_pip": null,
"r_ring_dip": null,
"r_ring_tip": null,
"r_pinky_mcp": null,
"r_pinky_pip": null,
"r_pinky_dip": null,
"r_pinky_tip": null,
"l_hand_velocity": null,
"r_hand_velocity": null,
"m_nose_point": null,
"m_top_nose": null,
"m_eyebrows": null,
"m_forehead": null,
"m_top_chin": null,
"m_bot_up_lip": null,
"m_top_low_lip": null,
"m_bot_nose": null,
"m_chin": null,
"m_nose": null,
"l_eye_exterior": null,
"l_temple": null,
"l_mid_chin": null,
"l_up_lip": null,
"l_ext_nostril": null,
"l_mid_cheek": null,
"l_mid_eyebrow": null,
"l_ext_eyebrow": null,
"l_ext_lips": null,
"l_jaw_angle": null,
"l_mid_ext_face": null,
"l_int_eyebrow": null,
"l_mid_jaw": null,
"l_mid_bot_eyelid": null,
"l_ext_mouth": null,
"l_top_eyelid": null,
"l_eye_int": null,
"l_pupil": null,
"r_eye_exterior": null,
"r_temple": null,
"r_mid_chin": null,
"r_up_lip": null,
"r_ext_nostril": null,
"r_mid_cheek": null,
"r_mid_eyebrow": null,
"r_ext_eyebrow": null,
"r_ext_lips": null,
"r_jaw_angle": null,
"r_mid_ext_face": null,
"r_int_eyebrow": null,
"r_mid_jaw": null,
"r_mid_bot_eyelid": null,
"r_ext_mouth": null,
"r_top_eyelid": null,
"r_eye_int": null,
"r_pupil": null,
"l_shoulder": null,
"l_elbow": null,
"l_hip": null,
"l_knee": null,
"l_ankle": null,
"l_body_wrist": null,
"r_shoulder": null,
"r_elbow": null,
"r_hip": null,
"r_knee": null,
"r_ankle": null,
"r_body_wrist": null,
"m_face_position": null,
"m_body_position": null,
"m_face_scale": null,
"m_body_scale": null,
"l_hand_scale": [
0.11890785098837263,
0.11890785098837263,
0.11890785098837263
],
"r_hand_scale": null
}
],
"framerate": 30,
"mirrorable": true,
"invalid": false
}