{
"label": "b",
"gestures": [
{
"l_hand_position": [
0.19200271368026733,
-0.010926872491836548,
-0.5247714500874281
],
"l_wrist": [
0.9086678848441645,
0.3963067498721967,
0.13139115289306302
],
"l_thumb_cmc": [
0.580233355360408,
0.6526963706700492,
-0.0292701706846416
],
"l_thumb_mcp": [
0.22683888792273615,
0.8507132484153737,
-0.1360455229923436
],
"l_thumb_ip": [
-0.049672331494684425,
1.0110331903564045,
-0.23216920399484914
],
"l_thumb_tip": [
-0.2530169467244849,
1.1428207143070508,
-0.3242265609700034
],
"l_index_mcp": [
-0.0707806301314048,
0.22878367650188133,
-0.011798026403624522
],
"l_index_pip": [
-0.43170101679634654,
0.03358984835705707,
-0.10383726410779738
],
"l_index_dip": [
-0.6288826297402239,
-0.08447192275966622,
-0.18475618949314018
],
"l_index_tip": [
-0.8034134546581833,
-0.19245534831509892,
-0.24753991790751137
],
"l_middle_mcp": [
0.0,
0.0,
0.0
],
"l_middle_pip": [
-0.3998503023048308,
-0.18363179684803363,
-0.07586820329838491
],
"l_middle_dip": [
-0.6275263519210688,
-0.30039419690724467,
-0.1386732322297877
],
"l_middle_tip": [
-0.8217364834611609,
-0.41932648340276607,
-0.19143028563206832
],
"l_ring_mcp": [
0.13062599371578007,
-0.1726116443815535,
-0.008939242123113547
],
"l_ring_pip": [
-0.23641376671782524,
-0.3389695518072311,
-0.07399915208638458
],
"l_ring_dip": [
-0.44861813243806936,
-0.437164540137076,
-0.1213636377663592
],
"l_ring_tip": [
-0.6313681906293143,
-0.5159552711927288,
-0.1589470564367505
],
"l_pinky_mcp": [
0.3151208764487306,
-0.32813592705946926,
-0.0367561069840697
],
"l_pinky_pip": [
0.028110043359524245,
-0.45403565614647085,
-0.0924971889407062
],
"l_pinky_dip": [
-0.15637250957507035,
-0.5014540056570839,
-0.11750877768452947
],
"l_pinky_tip": [
-0.3221004907642289,
-0.5414148821287362,
-0.1353670086562135
],
"r_hand_position": null,
"r_wrist": null,
"r_thumb_cmc": null,
"r_thumb_mcp": null,
"r_thumb_ip": null,
"r_thumb_tip": null,
"r_index_mcp": null,
"r_index_pip": null,
"r_index_dip": null,
"r_index_tip": null,
"r_middle_mcp": null,
"r_middle_pip": null,
"r_middle_dip": null,
"r_middle_tip": null,
"r_ring_mcp": null,
"r_ring_pip": null,
"r_ring_dip": null,
"r_ring_tip": null,
"r_pinky_mcp": null,
"r_pinky_pip": null,
"r_pinky_dip": null,
"r_pinky_tip": null,
"l_hand_velocity": null,
"r_hand_velocity": null,
"m_nose_point": [
0.0,
0.0,
0.0
],
"m_top_nose": [
0.02330557501587249,
-0.2455162614537694,
0.2512426223713201
],
"m_eyebrows": [
0.052459493848104125,
-0.4774764339370125,
0.37054373259486023
],
"m_forehead": [
0.08162149954542719,
-0.727162725884059,
0.5459137199658648
],
"m_top_chin": [
-0.08823848063428602,
0.6419823317929785,
-0.0023929418894354203
],
"m_bot_up_lip": [
-0.08408452759898832,
0.38844024182477904,
0.031202519117907876
],
"m_top_low_lip": [
-0.09015275712807158,
0.40442200523392036,
0.035545839577429884
],
"m_bot_nose": [
-0.032517284532638614,
0.08597146278698858,
0.05395744119798626
],
"m_chin": [
-0.1313595707458583,
0.9906825632920306,
-0.03595444287700489
],
"m_nose": [
0.019991115594827965,
-0.20416600225281328,
0.189147321899129
],
"l_eye_exterior": [
-0.3326824622858132,
-0.21294814519769895,
0.39380978787120857
],
"l_temple": [
-0.4736411418951985,
-0.42214860605874105,
0.7029262227286883
],
"l_mid_chin": [
-0.2829266769999438,
0.7247367626288336,
-0.0052302762700855935
],
"l_up_lip": [
-0.1879718623628185,
0.2990936681285602,
0.03358997349174554
],
"l_ext_nostril": [
-0.16612769939561148,
0.017758563196372566,
0.09825181268726554
],
"l_mid_cheek": [
-0.40430551586772234,
0.021010830773975857,
0.24227065959806648
],
"l_mid_eyebrow": [
-0.26244495825623576,
-0.4998013802883457,
0.3891599126477891
],
"l_ext_eyebrow": [
-0.3329520244555276,
-0.47605795929109435,
0.41283291052820253
],
"l_ext_lips": [
-0.3302685330560215,
0.39885169554118083,
0.09827647040537915
],
"l_jaw_angle": [
-0.5699183515191795,
0.5279527203936469,
0.4385582392421767
],
"l_mid_ext_face": [
-0.590140905491148,
0.21048839039905576,
0.6355816262092137
],
"l_int_eyebrow": [
-0.06589254694259652,
-0.5033563276736568,
0.3666115425802543
],
"l_mid_jaw": [
-0.4914811513757062,
0.7218641926217136,
0.21986291576717998
],
"l_mid_bot_eyelid": [
-0.25211187011345804,
-0.1782377798700274,
0.35635340234787755
],
"l_ext_mouth": [
-0.2587708258830295,
0.4486515734962393,
0.06136249451042018
],
"l_top_eyelid": [
-0.2441982949882733,
-0.28011726155829975,
0.37269152935218625
],
"l_eye_int": [
-0.1468301287545771,
-0.2164692047673888,
0.3874093590700287
],
"l_pupil": [
-0.25318973370350145,
-0.23284125568939507,
0.380639846708798
],
"r_eye_exterior": [
0.35707745355614545,
-0.05096111327330637,
0.4741534784940118
],
"r_temple": [
0.49326526785040115,
-0.14971598432577585,
0.765837123257634
],
"r_mid_chin": [
0.06731352466580487,
0.8213850053249856,
0.022210863790221934
],
"r_up_lip": [
0.04759043088543572,
0.3521336833635848,
0.05579095734708643
],
"r_ext_nostril": [
0.13927160551578752,
0.1272279528617655,
0.15728672210038058
],
"r_mid_cheek": [
0.3323755465011528,
0.2288105310745382,
0.2980916369497871
],
"r_mid_eyebrow": [
0.38634343323321546,
-0.2703150183454523,
0.46541400820331397
],
"r_ext_eyebrow": [
0.3328946462222598,
-0.3266976044849345,
0.4315492136727396
],
"r_ext_lips": [
0.13513267094423104,
0.5947954739844865,
0.10622800084678169
],
"r_jaw_angle": [
0.3292239796483785,
0.7786368737296538,
0.5024925253280276
],
"r_mid_ext_face": [
0.4187143840165806,
0.49315205173912113,
0.7043269351530663
],
"r_int_eyebrow": [
0.17041643351576635,
-0.43259876120093754,
0.3818404212561886
],
"r_mid_jaw": [
0.22415480731475798,
0.9185180748378096,
0.2689481907281891
],
"r_mid_bot_eyelid": [
0.23917673685530938,
-0.055071551272635896,
0.395732885305637
],
"r_ext_mouth": [
0.17365194972996595,
0.5404802371423062,
0.14445211507369213
],
"r_top_eyelid": [
0.2602383993527171,
-0.15585949871797217,
0.41358754019509747
],
"r_eye_int": [
0.1540185816432303,
-0.14031192294647785,
0.4146865475678278
],
"r_pupil": [
0.2446284391933746,
-0.10238933927784627,
0.4201004751000567
],
"l_shoulder": [
0.4997669787367979,
-0.009187414605966854,
0.012188452615124487
],
"l_elbow": [
1.22045300714742,
0.15021674024908052,
-1.485739228909187
],
"l_hip": [
0.3432857879814042,
1.8961788863584093,
0.4800726908392346
],
"l_knee": [
0.31914364292042213,
3.532857558390316,
0.4148458527592076
],
"l_ankle": [
0.33801137618368693,
4.949732099252147,
1.7426606966188238
],
"l_body_wrist": [
0.7324390747550601,
-0.47396285936478505,
-3.087260027229812
],
"r_shoulder": [
-0.4997669787367979,
0.009187414605966854,
-0.012188452615124487
],
"r_elbow": [
-0.815124344726712,
0.8221311127341753,
0.08386918581217345
],
"r_hip": [
-0.3178961526107331,
1.891665829788544,
0.7871119163623973
],
"r_knee": [
-0.30499803508025586,
3.5048838689153357,
0.6661089956051633
],
"r_ankle": [
-0.2655823257170727,
4.909415501585407,
1.443985071346173
],
"r_body_wrist": [
-0.9191474833861597,
1.7525653527707703,
-0.7555423368389389
],
"m_face_position": [
0.04514873027801514,
-0.1587555706501007,
-0.5376435182988644
],
"m_body_position": [
0.018828049302101135,
0.2081131637096405,
-0.7432812005281448
],
"m_face_scale": [
0.1547815533128821,
0.1547815533128821,
0.1547815533128821
],
"m_body_scale": [
0.38744514544895875,
0.38744514544895875,
0.38744514544895875
],
"l_hand_scale": [
0.18853358985529425,
0.18853358985529425,
0.18853358985529425
],
"r_hand_scale": null
}
],
"framerate": 30,
"mirrorable": true,
"invalid": false
}