{
"label": "b",
"gestures": [
{
"l_hand_position": null,
"l_wrist": null,
"l_thumb_cmc": null,
"l_thumb_mcp": null,
"l_thumb_ip": null,
"l_thumb_tip": null,
"l_index_mcp": null,
"l_index_pip": null,
"l_index_dip": null,
"l_index_tip": null,
"l_middle_mcp": null,
"l_middle_pip": null,
"l_middle_dip": null,
"l_middle_tip": null,
"l_ring_mcp": null,
"l_ring_pip": null,
"l_ring_dip": null,
"l_ring_tip": null,
"l_pinky_mcp": null,
"l_pinky_pip": null,
"l_pinky_dip": null,
"l_pinky_tip": null,
"r_hand_position": [
0.2340739369392395,
-0.0201551616191864,
-0.5272394139319658
],
"r_wrist": [
0.5604979944547219,
0.8170648770592593,
0.13508140097131063
],
"r_thumb_cmc": [
0.1944421586199677,
0.8970167317360203,
0.002539119148174298
],
"r_thumb_mcp": [
-0.15346894649061604,
0.8427560446531058,
-0.09064823469748357
],
"r_thumb_ip": [
-0.43277726237616726,
0.7967603478858812,
-0.1744919090308895
],
"r_thumb_tip": [
-0.6444614523274109,
0.785462713244357,
-0.2602444349292309
],
"r_index_mcp": [
-0.1515819677989858,
0.16072793242394948,
-0.014404155335895305
],
"r_index_pip": [
-0.3822665907476251,
-0.21439997319352094,
-0.08169188423772679
],
"r_index_dip": [
-0.5012550215281171,
-0.43024754634666895,
-0.1378881543447597
],
"r_index_tip": [
-0.5917652668445589,
-0.61616046669507,
-0.18266087299907885
],
"r_middle_mcp": [
0.0,
0.0,
0.0
],
"r_middle_pip": [
-0.2629586386692552,
-0.38959163866992774,
-0.054083884435982214
],
"r_middle_dip": [
-0.4120204967682348,
-0.6341514961473658,
-0.10900528377714146
],
"r_middle_tip": [
-0.5245927861860675,
-0.8427303292480037,
-0.15687410395307486
],
"r_ring_mcp": [
0.17261923822808944,
-0.07175011834603477,
0.0016290764553314287
],
"r_ring_pip": [
-0.0687230900282113,
-0.4225516941059687,
-0.04632745689834967
],
"r_ring_dip": [
-0.2220117331037436,
-0.6298707679359725,
-0.11293255448435473
],
"r_ring_tip": [
-0.35540611117005544,
-0.7868237084488701,
-0.1656749611910325
],
"r_pinky_mcp": [
0.366491815404014,
-0.10038141392322168,
-0.008338395604607415
],
"r_pinky_pip": [
0.1546633827207034,
-0.36745629088502735,
-0.059456759942081855
],
"r_pinky_dip": [
0.013125793038725431,
-0.5276311943095972,
-0.10439912268049052
],
"r_pinky_tip": [
-0.1179683863781086,
-0.6674510244886914,
-0.13746324052812647
],
"l_hand_velocity": null,
"r_hand_velocity": null,
"m_nose_point": [
0.0,
0.0,
0.0
],
"m_top_nose": [
0.031729141692273005,
-0.2763461846857393,
0.24708647414456597
],
"m_eyebrows": [
0.06563137827617628,
-0.5350011272379664,
0.35706671169372717
],
"m_forehead": [
0.0957339592571784,
-0.8110832148701093,
0.5192794306562611
],
"m_top_chin": [
-0.09056857953915101,
0.6113296588563444,
0.01349750420844748
],
"m_bot_up_lip": [
-0.06679454647210892,
0.4045807913797248,
0.04389022769417478
],
"m_top_low_lip": [
-0.06622070596059064,
0.4090885775854406,
0.042797668779932865
],
"m_bot_nose": [
-0.03373432302513515,
0.08626885127457874,
0.06098656370435109
],
"m_chin": [
-0.14671406441647236,
0.9891596195155261,
-0.006183075472496912
],
"m_nose": [
0.02721014766406663,
-0.22962770119454956,
0.18464029135935553
],
"l_eye_exterior": [
-0.3493025881845845,
-0.2780797291571476,
0.3865128263127477
],
"l_temple": [
-0.5165188166152093,
-0.4979521416558866,
0.6767982689831687
],
"l_mid_chin": [
-0.30269394135380256,
0.7292614237812063,
0.00916519684168097
],
"l_up_lip": [
-0.174782935061909,
0.2919038649742243,
0.041988285689845285
],
"l_ext_nostril": [
-0.16284191720184238,
0.017449968282078315,
0.09963140311130997
],
"l_mid_cheek": [
-0.4284198298172123,
0.01594934273988352,
0.24461161022439679
],
"l_mid_eyebrow": [
-0.2724038840693215,
-0.5648196408634797,
0.3721031199790234
],
"l_ext_eyebrow": [
-0.3489435303077041,
-0.5403745648971373,
0.3976807718803639
],
"l_ext_lips": [
-0.3331551726545036,
0.4076443987128803,
0.10787484570627326
],
"l_jaw_angle": [
-0.6068787268774446,
0.5239532709411046,
0.4591173169215503
],
"l_mid_ext_face": [
-0.634363568081826,
0.1795071341309886,
0.6456831121847894
],
"l_int_eyebrow": [
-0.06307925520577329,
-0.5677870647018068,
0.3492782239068294
],
"l_mid_jaw": [
-0.5231860445469759,
0.7335112262910478,
0.24112560489708673
],
"l_mid_bot_eyelid": [
-0.2642103544929271,
-0.23890798199534982,
0.34851946069229733
],
"l_ext_mouth": [
-0.2599057355421771,
0.4592994185646985,
0.07114942231779967
],
"l_top_eyelid": [
-0.2555118615686839,
-0.34722160121596785,
0.36307678551076844
],
"l_eye_int": [
-0.153176698643138,
-0.27103917884714895,
0.38101908286806985
],
"l_pupil": [
-0.2660190932643178,
-0.2879845913385599,
0.3731467338230024
],
"r_eye_exterior": [
0.3791516685987085,
-0.11279776710980816,
0.49551125622370273
],
"r_temple": [
0.5378287589630472,
-0.2276111082606061,
0.8060832778954372
],
"r_mid_chin": [
0.06683244928998619,
0.8150377422019712,
0.043724504755257076
],
"r_up_lip": [
0.05970508930033312,
0.35525659104876806,
0.06896631680289939
],
"r_ext_nostril": [
0.140408339704675,
0.11450624681455573,
0.1701504618309854
],
"r_mid_cheek": [
0.3603098925418895,
0.21576871923845667,
0.32428285022427994
],
"r_mid_eyebrow": [
0.41352585639876105,
-0.33930867475901966,
0.47772793163950084
],
"r_ext_eyebrow": [
0.3539149128073489,
-0.39249937007063973,
0.4368670764752375
],
"r_ext_lips": [
0.13746455418287354,
0.5834608987870125,
0.12486832447277456
],
"r_jaw_angle": [
0.3700990084837626,
0.7746423046027916,
0.5810433969481158
],
"r_mid_ext_face": [
0.47100568348823496,
0.46428098999388023,
0.778900996953654
],
"r_int_eyebrow": [
0.17823290660310373,
-0.49221618188379274,
0.3726734835183372
],
"r_mid_jaw": [
0.24876882800116273,
0.923066886509919,
0.3331202118900301
],
"r_mid_bot_eyelid": [
0.25152065409048896,
-0.10907840027165779,
0.40751347096833107
],
"r_ext_mouth": [
0.1829935820399254,
0.5341921262327365,
0.16304007277709223
],
"r_top_eyelid": [
0.2745847225473998,
-0.20169026774013893,
0.4246952411526743
],
"r_eye_int": [
0.16227989584858693,
-0.1882714475400402,
0.4215979594073994
],
"r_pupil": [
0.2613065095749103,
-0.154915948915087,
0.43229889538969174
],
"l_shoulder": [
0.46834917046733604,
0.01239501594792237,
0.1746293735378127
],
"l_elbow": [
1.0790228559979063,
0.647612784934775,
-1.0660342949061052
],
"l_hip": [
0.3002173045487549,
1.7844273427935764,
0.4380607510362445
],
"l_knee": [
0.26910169986461746,
3.333282041283004,
0.4352486066127973
],
"l_ankle": [
0.2710788867879821,
4.684980339965448,
1.7196663079214096
],
"l_body_wrist": [
0.7586954485690225,
-0.21148816881298538,
-2.7548236197629263
],
"r_shoulder": [
-0.46834917046733604,
-0.01239501594792237,
-0.1746293735378127
],
"r_elbow": [
-0.7629165695701913,
0.7617123530679111,
-0.07332916000545718
],
"r_hip": [
-0.35299324359916817,
1.7756014154076993,
0.729696449466498
],
"r_knee": [
-0.3506058274778228,
3.301858819242466,
0.5692362169150568
],
"r_ankle": [
-0.3232824975653749,
4.641933690665265,
1.4346202841427915
],
"r_body_wrist": [
-0.8594535137817634,
1.6953029587523603,
-0.9259962567465606
],
"m_face_position": [
0.05560958385467529,
-0.15101593732833862,
-0.5368773676455021
],
"m_body_position": [
0.016536444425582886,
0.21571576595306396,
-0.7371084317564964
],
"m_face_scale": [
0.14624854495146247,
0.14624854495146247,
0.14624854495146247
],
"m_body_scale": [
0.4098072526687626,
0.4098072526687626,
0.4098072526687626
],
"l_hand_scale": null,
"r_hand_scale": [
0.20165360315614064,
0.20165360315614064,
0.20165360315614064
]
}
],
"framerate": 30,
"mirrorable": true,
"invalid": false
}