{
"label": "b",
"gestures": [
{
"l_hand_position": [
0.22178328037261963,
-0.02676445245742798,
-0.5109676672145724
],
"l_wrist": [
-0.04009793321762633,
0.9968606732621081,
0.0682711788025626
],
"l_thumb_cmc": [
0.2118111648362246,
0.5759653874317799,
0.2511253918000305
],
"l_thumb_mcp": [
0.27854693650896445,
0.20848602648070225,
0.3255617926568497
],
"l_thumb_ip": [
0.1542096914422847,
-0.12024500968481927,
0.3855621834442201
],
"l_thumb_tip": [
0.00986039689091297,
-0.29589056431848154,
0.4228864858207558
],
"l_index_mcp": [
0.2113292015775967,
-0.043613037076164464,
0.08420997467778844
],
"l_index_pip": [
0.11996655439182446,
-0.6216927182949278,
0.07381460159888097
],
"l_index_dip": [
0.04316854748121738,
-0.9504098409714589,
0.09178287513429227
],
"l_index_tip": [
-0.017591473426733017,
-1.1787088612876968,
0.10865962712480542
],
"l_middle_mcp": [
0.0,
0.0,
0.0
],
"l_middle_pip": [
-0.06044984286005744,
-0.644576140880868,
-0.0369649111586262
],
"l_middle_dip": [
-0.11425831364202405,
-1.0028367950532706,
-0.033145670025331773
],
"l_middle_tip": [
-0.1396558109319388,
-1.2641276659767644,
-0.02621700758873721
],
"l_ring_mcp": [
-0.19896326358929,
0.08576218959735087,
-0.05851721865827941
],
"l_ring_pip": [
-0.2266143750692787,
-0.5023216612318929,
-0.0939977170683796
],
"l_ring_dip": [
-0.25469105379918755,
-0.8427656289691045,
-0.10286641843692668
],
"l_ring_tip": [
-0.263608301649737,
-1.1029538095118112,
-0.1024469847167365
],
"l_pinky_mcp": [
-0.3902158570932792,
0.2121105831192983,
-0.09009312827470314
],
"l_pinky_pip": [
-0.3984908582920312,
-0.27230979766434177,
-0.13869764112075272
],
"l_pinky_dip": [
-0.4032566920542142,
-0.540181006827555,
-0.1530210678751207
],
"l_pinky_tip": [
-0.3876739554113239,
-0.760455654260055,
-0.15295982533441457
],
"r_hand_position": null,
"r_wrist": null,
"r_thumb_cmc": null,
"r_thumb_mcp": null,
"r_thumb_ip": null,
"r_thumb_tip": null,
"r_index_mcp": null,
"r_index_pip": null,
"r_index_dip": null,
"r_index_tip": null,
"r_middle_mcp": null,
"r_middle_pip": null,
"r_middle_dip": null,
"r_middle_tip": null,
"r_ring_mcp": null,
"r_ring_pip": null,
"r_ring_dip": null,
"r_ring_tip": null,
"r_pinky_mcp": null,
"r_pinky_pip": null,
"r_pinky_dip": null,
"r_pinky_tip": null,
"l_hand_velocity": null,
"r_hand_velocity": null,
"m_nose_point": [
0.0,
0.0,
0.0
],
"m_top_nose": [
0.02003430783433936,
-0.38672694934594526,
0.24991441340469442
],
"m_eyebrows": [
0.03454189177145163,
-0.7311392724959345,
0.3427315183461575
],
"m_forehead": [
0.05109501587472885,
-1.1239235557822098,
0.49232583904472776
],
"m_top_chin": [
-0.0060814646319454005,
0.7079160009542708,
0.1636846299129392
],
"m_bot_up_lip": [
0.004529145195501327,
0.5526132562696293,
0.13166063328136804
],
"m_top_low_lip": [
0.003513534768172868,
0.5728777337778385,
0.1551732908163669
],
"m_bot_nose": [
-0.018050818018042526,
0.09730237342138508,
0.09681205301517566
],
"m_chin": [
0.006028960489749308,
0.9799786768477856,
0.19901116692054355
],
"m_nose": [
0.014842231550503529,
-0.3155780028766623,
0.18243581805252992
],
"l_eye_exterior": [
-0.423063528159736,
-0.26176072678079665,
0.5145914403361834
],
"l_temple": [
-0.6036989911091215,
-0.6197139477548887,
0.8995038478536939
],
"l_mid_chin": [
-0.2158378992572536,
0.8014067857901678,
0.21530803501162507
],
"l_up_lip": [
-0.16475057338314944,
0.4712031972426697,
0.14201182160067227
],
"l_ext_nostril": [
-0.18094995745769138,
0.03737711545004064,
0.1642241232326258
],
"l_mid_cheek": [
-0.4883346624274099,
0.041194537829106044,
0.4010876028939668
],
"l_mid_eyebrow": [
-0.3621751639032592,
-0.6739627919892602,
0.4423145829132082
],
"l_ext_eyebrow": [
-0.4455453775722064,
-0.6269921355874957,
0.4962211889732269
],
"l_ext_lips": [
-0.33099990137080554,
0.49659504896049317,
0.2921038947844501
],
"l_jaw_angle": [
-0.5506212809354019,
0.594893410048992,
0.8126071059672425
],
"l_mid_ext_face": [
-0.62015771382542,
0.19100582655041978,
0.9970625767269379
],
"l_int_eyebrow": [
-0.11028945861429333,
-0.739361341612112,
0.35803926942935793
],
"l_mid_jaw": [
-0.4258380273506336,
0.8112513124519352,
0.5491509329280303
],
"l_mid_bot_eyelid": [
-0.3126886840212652,
-0.2346312000942308,
0.44958504759863593
],
"l_ext_mouth": [
-0.2558802628548343,
0.7018409004607734,
0.23893250416131015
],
"l_top_eyelid": [
-0.3102899341712357,
-0.30277096976734574,
0.45788021315394095
],
"l_eye_int": [
-0.17819985413084452,
-0.287814979242084,
0.46150795437535663
],
"l_pupil": [
-0.3075257767053161,
-0.27550567479388893,
0.4750030519478942
],
"r_eye_exterior": [
0.5417913040112216,
-0.24096643474679064,
0.4794841677860457
],
"r_temple": [
0.7456060198780053,
-0.5700077725102207,
0.7928753267350646
],
"r_mid_chin": [
0.22392486301762857,
0.8304458191835724,
0.1837253681788354
],
"r_up_lip": [
0.16756670464639442,
0.4764056152514835,
0.11938475713330225
],
"r_ext_nostril": [
0.22204956355494793,
0.06894695456627102,
0.18526058399320045
],
"r_mid_cheek": [
0.5430879972200039,
0.09297025134533676,
0.3287095078661217
],
"r_mid_eyebrow": [
0.5417838791830323,
-0.5766206427025751,
0.4256794873808584
],
"r_ext_eyebrow": [
0.44791442810947857,
-0.6249981714600031,
0.3860919732329419
],
"r_ext_lips": [
0.284802620376692,
0.6047490739530433,
0.223110800214431
],
"r_jaw_angle": [
0.6424401535665193,
0.6510184818495677,
0.7121622403078254
],
"r_mid_ext_face": [
0.7425512334229599,
0.25267141121486,
0.8829695841398798
],
"r_int_eyebrow": [
0.18778822422007946,
-0.6892259847808562,
0.3379144383549065
],
"r_mid_jaw": [
0.4807480790525099,
0.8653327002933933,
0.47337262265596713
],
"r_mid_bot_eyelid": [
0.36326237088812785,
-0.2063224515877355,
0.39657987037261866
],
"r_ext_mouth": [
0.331814511092151,
0.5259928606589044,
0.24358552631730537
],
"r_top_eyelid": [
0.37560349602856297,
-0.31420732655842193,
0.40448324365471794
],
"r_eye_int": [
0.23310088996991943,
-0.2746589792078681,
0.42616153772174087
],
"r_pupil": [
0.3773918189324541,
-0.26090077257300914,
0.4228432693056369
],
"l_shoulder": [
0.38829978208361365,
0.034318505746746227,
0.3131222115997661
],
"l_elbow": [
0.8438536142185056,
0.9398713080635244,
-0.946772815828566
],
"l_hip": [
0.31972269952243326,
1.7153592194875373,
0.18566951285201996
],
"l_knee": [
0.2910951986292712,
3.2750603474661037,
-0.025519252982109452
],
"l_ankle": [
0.2817706041756096,
4.613474037638136,
0.8997848054320986
],
"l_body_wrist": [
0.5474125449309765,
-0.006216179168628323,
-2.8468395187163607
],
"r_shoulder": [
-0.38829978208361365,
-0.034318505746746227,
-0.3131222115997661
],
"r_elbow": [
-0.7381508476017328,
0.7918464109850251,
-1.306841112904459
],
"r_hip": [
-0.286771195882666,
1.7214933944528932,
-0.14223923997705143
],
"r_knee": [
-0.3075037837230853,
3.2346060020614376,
-0.3147362034187197
],
"r_ankle": [
-0.25667536376992,
4.58146446047797,
0.25217611594196127
],
"r_body_wrist": [
-0.6169559815256894,
0.7947396466616479,
-2.8548885243982007
],
"m_face_position": [
0.013202965259552002,
-0.1828555464744568,
-0.5371090434491634
],
"m_body_position": [
-0.012127324938774109,
0.13081619143486023,
-0.5068910792469978
],
"m_face_scale": [
0.11238846281356465,
0.11238846281356465,
0.11238846281356465
],
"m_body_scale": [
0.41175976252177643,
0.41175976252177643,
0.41175976252177643
],
"l_hand_scale": [
0.16064799998168375,
0.16064799998168375,
0.16064799998168375
],
"r_hand_scale": null
}
],
"framerate": 30,
"mirrorable": true,
"invalid": false
}