{
"label": "b",
"gestures": [
{
"l_hand_position": null,
"l_wrist": null,
"l_thumb_cmc": null,
"l_thumb_mcp": null,
"l_thumb_ip": null,
"l_thumb_tip": null,
"l_index_mcp": null,
"l_index_pip": null,
"l_index_dip": null,
"l_index_tip": null,
"l_middle_mcp": null,
"l_middle_pip": null,
"l_middle_dip": null,
"l_middle_tip": null,
"l_ring_mcp": null,
"l_ring_pip": null,
"l_ring_dip": null,
"l_ring_tip": null,
"l_pinky_mcp": null,
"l_pinky_pip": null,
"l_pinky_dip": null,
"l_pinky_tip": null,
"r_hand_position": [
-0.21509182453155518,
0.07875609397888184,
-0.5209131315350533
],
"r_wrist": [
-0.09883235944653403,
0.9900210257953516,
0.10045164612564031
],
"r_thumb_cmc": [
0.13328615008484365,
0.8182884425813336,
0.0033753678945261144
],
"r_thumb_mcp": [
0.28817740310766976,
0.4868401394769428,
-0.025761585557592004
],
"r_thumb_ip": [
0.16083698651273565,
0.23014924297656533,
-0.04890435042575367
],
"r_thumb_tip": [
-0.06898344892756424,
0.2542969142467843,
-0.07924522866380544
],
"r_index_mcp": [
0.18118941433105815,
0.04359412481904901,
0.022476167352051876
],
"r_index_pip": [
0.25979445601007334,
-0.32913791841334833,
-0.025023915798662977
],
"r_index_dip": [
0.3028648077445793,
-0.5682006083503741,
-0.07597610232057321
],
"r_index_tip": [
0.3228879985871027,
-0.7749814696637859,
-0.12544728609077535
],
"r_middle_mcp": [
0.0,
0.0,
0.0
],
"r_middle_pip": [
0.024603163468911442,
-0.4082541362839195,
-0.04735877070417281
],
"r_middle_dip": [
0.03229786103287031,
-0.6834690502148446,
-0.12014304579757096
],
"r_middle_tip": [
0.02088879779585261,
-0.9095429120170618,
-0.18089752070137277
],
"r_ring_mcp": [
-0.16049343488581483,
0.06210812199381151,
-0.03296550530784337
],
"r_ring_pip": [
-0.14082539053762083,
-0.30504435652436945,
-0.09676496595828245
],
"r_ring_dip": [
-0.10942820735332792,
-0.5552696114060972,
-0.18693638889014283
],
"r_ring_tip": [
-0.09518928073606127,
-0.774034269199063,
-0.252584130453445
],
"r_pinky_mcp": [
-0.32360831183154665,
0.20577883573489275,
-0.07460524186258966
],
"r_pinky_pip": [
-0.39912282033338675,
-0.0910520602688674,
-0.14967907382964818
],
"r_pinky_dip": [
-0.4353533454689218,
-0.30017937919414833,
-0.2057243684873747
],
"r_pinky_tip": [
-0.46992716445688687,
-0.5007471093346972,
-0.24751427467904455
],
"l_hand_velocity": null,
"r_hand_velocity": null,
"m_nose_point": [
0.0,
0.0,
0.0
],
"m_top_nose": [
-0.0260927812204493,
-0.29830756451503143,
0.2474383487064453
],
"m_eyebrows": [
-0.05288732650988497,
-0.5630014953765765,
0.3499834898705044
],
"m_forehead": [
-0.08187778765957522,
-0.8484693048727542,
0.5119317651290808
],
"m_top_chin": [
0.08135362773523823,
0.6340039892454551,
0.05240823648347302
],
"m_bot_up_lip": [
0.05771588226813452,
0.40659804855304615,
0.06367293589997429
],
"m_top_low_lip": [
0.07067369850365582,
0.4783048111647458,
0.06373061455368134
],
"m_bot_nose": [
-0.00405256226470458,
0.09180768092644605,
0.07269393141794113
],
"m_chin": [
0.12795422291977804,
0.9908446427916294,
0.04306519114231585
],
"m_nose": [
-0.022466013507660528,
-0.24650271249702224,
0.1837711070258923
],
"l_eye_exterior": [
-0.36311691078093766,
-0.1366142465524058,
0.46695351549662667
],
"l_temple": [
-0.5754948084645534,
-0.2878997339409567,
0.8107769806525139
],
"l_mid_chin": [
-0.09347761528139285,
0.822378231384465,
0.08137070505683913
],
"l_up_lip": [
-0.08267882789146817,
0.35825283419375825,
0.08254166853681028
],
"l_ext_nostril": [
-0.14704143142429488,
0.08322279750886222,
0.1364883155367005
],
"l_mid_cheek": [
-0.384113819235678,
0.1885652804433187,
0.3372833917645927
],
"l_mid_eyebrow": [
-0.3835680280373132,
-0.4656741964110978,
0.42640226263607817
],
"l_ext_eyebrow": [
-0.44612157396855107,
-0.4008206768066505,
0.4680232673839098
],
"l_ext_lips": [
-0.20289907340462995,
0.5370323539645178,
0.18633928715039452
],
"l_jaw_angle": [
-0.4028786079083698,
0.7281225733309351,
0.6319440373273463
],
"l_mid_ext_face": [
-0.5068225720525231,
0.4027030530423126,
0.8267645983620618
],
"l_int_eyebrow": [
-0.18485494770349617,
-0.581861006259748,
0.362233095348135
],
"l_mid_jaw": [
-0.28191037570908856,
0.8958220991494084,
0.3790209065390465
],
"l_mid_bot_eyelid": [
-0.27151620699229456,
-0.13968998602153881,
0.411919341963887
],
"l_ext_mouth": [
-0.12167295633734514,
0.5663529766651588,
0.134685918090536
],
"l_top_eyelid": [
-0.28542420540169006,
-0.21636123987143124,
0.42281155653407
],
"l_eye_int": [
-0.17081055841891485,
-0.22653886815032578,
0.42705134316792576
],
"l_pupil": [
-0.2846393317009126,
-0.17628099377173695,
0.43556213947196437
],
"r_eye_exterior": [
0.41664566149015253,
-0.3272529415356953,
0.44555143335580366
],
"r_temple": [
0.5484261152390179,
-0.5187946852852404,
0.7430349744102875
],
"r_mid_chin": [
0.3001642109194814,
0.7445450365728472,
0.05771202563967298
],
"r_up_lip": [
0.179470809749164,
0.3121889223027295,
0.06318943423214878
],
"r_ext_nostril": [
0.18599252501973756,
0.03317258336094034,
0.15628788316514694
],
"r_mid_cheek": [
0.43975241610427884,
0.018223551426753925,
0.28272883747734595
],
"r_mid_eyebrow": [
0.38946812880161397,
-0.6050007770289695,
0.415991130446494
],
"r_ext_eyebrow": [
0.3114657546573366,
-0.6365569349759791,
0.38425213842509465
],
"r_ext_lips": [
0.3048242704379354,
0.4960665918154114,
0.11897240562378392
],
"r_jaw_angle": [
0.6172818759338524,
0.5144871016846291,
0.567545457570347
],
"r_mid_ext_face": [
0.6451210979100205,
0.16686182626954374,
0.755225535048483
],
"r_int_eyebrow": [
0.08373443406402523,
-0.6561398412021648,
0.3470504171922456
],
"r_mid_jaw": [
0.5289133398802065,
0.729124670562476,
0.32998421363926145
],
"r_mid_bot_eyelid": [
0.2753283205688585,
-0.26493688422352063,
0.3729474851915979
],
"r_ext_mouth": [
0.33456385676185185,
0.42480702733203396,
0.14780695082725795
],
"r_top_eyelid": [
0.2774404437044579,
-0.35056211933519765,
0.38325736309519015
],
"r_eye_int": [
0.16404110813631753,
-0.30628745535270063,
0.40071660476259435
],
"r_pupil": [
0.28526868792631116,
-0.30827662177277365,
0.3970163618736177
],
"l_shoulder": [
0.4907732057302608,
-0.025907746722494598,
-0.09203504330963366
],
"l_elbow": [
0.6153408252160959,
0.8420846191052177,
-0.6084391496925424
],
"l_hip": [
0.35786822940560487,
1.8228559689194272,
0.2448517160151837
],
"l_knee": [
0.3108981747767762,
3.4372802405315444,
-0.05071409005286155
],
"l_ankle": [
0.33589230263146236,
4.87890778458297,
1.205228796192557
],
"l_body_wrist": [
0.6888646390694154,
1.4550614602932368,
-2.005528789922359
],
"r_shoulder": [
-0.4907732057302608,
0.025907746722494598,
0.09203504330963366
],
"r_elbow": [
-0.832289766048243,
0.9395721612877841,
-0.7075946693179487
],
"r_hip": [
-0.3364959121763544,
1.8297557658309571,
0.6092973495056544
],
"r_knee": [
-0.41157552349738974,
3.4214140201264307,
0.23113614215640452
],
"r_ankle": [
-0.28753483551466674,
4.821780189759547,
0.8474005927247611
],
"r_body_wrist": [
-0.7460899217180659,
0.27636460842228444,
-3.5742248844703157
],
"m_face_position": [
0.016789495944976807,
-0.1400182843208313,
-0.5357474461197853
],
"m_body_position": [
0.043925344944000244,
0.19786861538887024,
-0.6643935292959213
],
"m_face_scale": [
0.1308855235799486,
0.1308855235799486,
0.1308855235799486
],
"m_body_scale": [
0.3886682770695914,
0.3886682770695914,
0.3886682770695914
],
"l_hand_scale": null,
"r_hand_scale": [
0.20819454232116175,
0.20819454232116175,
0.20819454232116175
]
}
],
"framerate": 30,
"mirrorable": true,
"invalid": false
}