{
"label": "b",
"gestures": [
{
"l_hand_position": null,
"l_wrist": null,
"l_thumb_cmc": null,
"l_thumb_mcp": null,
"l_thumb_ip": null,
"l_thumb_tip": null,
"l_index_mcp": null,
"l_index_pip": null,
"l_index_dip": null,
"l_index_tip": null,
"l_middle_mcp": null,
"l_middle_pip": null,
"l_middle_dip": null,
"l_middle_tip": null,
"l_ring_mcp": null,
"l_ring_pip": null,
"l_ring_dip": null,
"l_ring_tip": null,
"l_pinky_mcp": null,
"l_pinky_pip": null,
"l_pinky_dip": null,
"l_pinky_tip": null,
"r_hand_position": [
-0.1981448233127594,
0.003408968448638916,
-0.5133424364030361
],
"r_wrist": [
0.013867466837395643,
0.995884531918237,
0.08956390148663494
],
"r_thumb_cmc": [
-0.09704706119661981,
0.5903749070101596,
0.1997094697041103
],
"r_thumb_mcp": [
0.006537528654182147,
0.2053691037252787,
0.2332261196810827
],
"r_thumb_ip": [
0.22416627407552225,
-0.03312875991103043,
0.2511367181038612
],
"r_thumb_tip": [
0.4263947473548875,
-0.14657275678752818,
0.27025811168525393
],
"r_index_mcp": [
-0.14344773046765977,
-0.035864883397160645,
0.07838968484197287
],
"r_index_pip": [
0.01106272520724681,
-0.6564579807051528,
0.04196036391491672
],
"r_index_dip": [
0.11224788059927522,
-1.0094101083529277,
0.05297369168548686
],
"r_index_tip": [
0.19188433808178282,
-1.2782181866201554,
0.0682362289700927
],
"r_middle_mcp": [
0.0,
0.0,
0.0
],
"r_middle_pip": [
0.1141577856166098,
-0.6667026896124225,
-0.05648286020528602
],
"r_middle_dip": [
0.19222782890767195,
-1.067354630050937,
-0.0661823999588568
],
"r_middle_tip": [
0.24512441583010727,
-1.376270313576395,
-0.059463135750135544
],
"r_ring_mcp": [
0.16515487027240724,
0.07639099931803511,
-0.06312745466982375
],
"r_ring_pip": [
0.23865350479096362,
-0.5457671118111164,
-0.10690280475362073
],
"r_ring_dip": [
0.28994606757712693,
-0.9194427191641065,
-0.10890343376020442
],
"r_ring_tip": [
0.31250303209263564,
-1.2039235416204035,
-0.0979018622232191
],
"r_pinky_mcp": [
0.34072909563204995,
0.1770472148477159,
-0.11388220024629012
],
"r_pinky_pip": [
0.34809764402458004,
-0.34266960874278063,
-0.14713428026563974
],
"r_pinky_dip": [
0.3540498178991748,
-0.6670299761535725,
-0.14663704878762726
],
"r_pinky_tip": [
0.35971991718757057,
-0.9390553051266529,
-0.13407345171964666
],
"l_hand_velocity": null,
"r_hand_velocity": null,
"m_nose_point": [
0.0,
0.0,
0.0
],
"m_top_nose": [
-0.0038909777833624273,
-0.2924784333060158,
0.24627221306520658
],
"m_eyebrows": [
-0.0028572679763912714,
-0.5327847127204091,
0.35212288269267816
],
"m_forehead": [
-0.0023890370533729776,
-0.8350742788172256,
0.5192132459891898
],
"m_top_chin": [
-0.013760904276035374,
0.5999718246588115,
0.024369459753039783
],
"m_bot_up_lip": [
-0.022994587573312877,
0.3897977941596149,
0.057318959850245384
],
"m_top_low_lip": [
-0.021162554636055327,
0.4069346222036926,
0.052440698097471254
],
"m_bot_nose": [
-0.02314289601046799,
0.09043848497718954,
0.0664331356791903
],
"m_chin": [
-0.026958024621685374,
0.9996073411933171,
0.007643843334624153
],
"m_nose": [
-0.002098564385744887,
-0.24351652147121372,
0.18355705569475658
],
"l_eye_exterior": [
-0.3787352559630189,
-0.2301384648322345,
0.4149331610559629
],
"l_temple": [
-0.5466483735564733,
-0.40193578039478145,
0.7337822910888803
],
"l_mid_chin": [
-0.21213191373884002,
0.7722490239501532,
0.030631809995564033
],
"l_up_lip": [
-0.14382125945438967,
0.31503996024283576,
0.06027205891232341
],
"l_ext_nostril": [
-0.1615996274237612,
0.0395275884089733,
0.11294434328277732
],
"l_mid_cheek": [
-0.41541511050941804,
0.08421461547737713,
0.2755200785758646
],
"l_mid_eyebrow": [
-0.34332640472303905,
-0.5161509680820812,
0.38660262129935535
],
"l_ext_eyebrow": [
-0.4151996395371512,
-0.47827415851324223,
0.4167765554788525
],
"l_ext_lips": [
-0.2810144029831213,
0.44969936005737016,
0.13705786504712655
],
"l_jaw_angle": [
-0.5347705626939161,
0.6373300843705972,
0.531669512723951
],
"l_mid_ext_face": [
-0.5941822870106676,
0.2990707433375607,
0.7223922560826664
],
"l_int_eyebrow": [
-0.13285363865757294,
-0.5619942712873051,
0.35118781785915226
],
"l_mid_jaw": [
-0.43027603965075245,
0.8263265175208271,
0.2971785097545517
],
"l_mid_bot_eyelid": [
-0.29005062418978655,
-0.21066175338824095,
0.3722241183171669
],
"l_ext_mouth": [
-0.19849876658795398,
0.4930098729597786,
0.09676799775482546
],
"l_top_eyelid": [
-0.2914216297566876,
-0.31139411511917114,
0.38410888113771585
],
"l_eye_int": [
-0.17631182438954868,
-0.2637646486576098,
0.39978901576696113
],
"l_pupil": [
-0.28794803428931887,
-0.2537762872844087,
0.3961925229241248
],
"r_eye_exterior": [
0.37485720220060853,
-0.18164054653653197,
0.48963702129507736
],
"r_temple": [
0.49471330129510305,
-0.32913116859533514,
0.7965828631946262
],
"r_mid_chin": [
0.1626985929430806,
0.7890837265208263,
0.05019236867384919
],
"r_up_lip": [
0.0971428738133845,
0.3262986893148684,
0.07490044836929349
],
"r_ext_nostril": [
0.153756017921019,
0.07647037262752887,
0.1709228453190587
],
"r_mid_cheek": [
0.3777322671894584,
0.13568442298447222,
0.3211311930050799
],
"r_mid_eyebrow": [
0.3905719642015646,
-0.4064329159477164,
0.4607437437122394
],
"r_ext_eyebrow": [
0.32552981600281705,
-0.4503621928368556,
0.4221891381019522
],
"r_ext_lips": [
0.20509700895698507,
0.5342129229702128,
0.13107175251062847
],
"r_jaw_angle": [
0.44536684686967737,
0.6936830531056225,
0.5923889202016683
],
"r_mid_ext_face": [
0.5076186777579493,
0.3719423058029227,
0.7888489489680798
],
"r_int_eyebrow": [
0.12682278199525812,
-0.5229105488438174,
0.36413311842360774
],
"r_mid_jaw": [
0.3459099376982812,
0.8602154191491629,
0.3419086952402589
],
"r_mid_bot_eyelid": [
0.24928995706046644,
-0.1625426572148718,
0.4054462543440678
],
"r_ext_mouth": [
0.24314871654706904,
0.47767350934276404,
0.1674788651927344
],
"r_top_eyelid": [
0.2594338304234845,
-0.2630296744169082,
0.41791054562462504
],
"r_eye_int": [
0.14064470459972303,
-0.23752952173245764,
0.42251193406378523
],
"r_pupil": [
0.24858739880674305,
-0.2154226660901161,
0.42931345168449203
],
"l_shoulder": [
0.49221466356353244,
-0.02963683423211665,
0.08274287298454537
],
"l_elbow": [
0.7858821792103815,
0.8211672158189995,
-0.6982544757457305
],
"l_hip": [
0.4317855354977142,
2.0359843443282712,
0.1188673211792829
],
"l_knee": [
0.4393659622384515,
3.731565976817835,
-0.40299463744373776
],
"l_ankle": [
0.47384124059192845,
5.338367619931603,
0.6911391691805383
],
"l_body_wrist": [
0.687192456892259,
1.0537031169557591,
-2.4103979822598562
],
"r_shoulder": [
-0.49221466356353244,
0.02963683423211665,
-0.08274287298454537
],
"r_elbow": [
-0.6936637352096724,
0.8812150284690062,
-1.7256927965065387
],
"r_hip": [
-0.31886762730483986,
2.080132730420121,
0.375406213644138
],
"r_knee": [
-0.27132933170072554,
3.713404090248603,
-0.22510846131131435
],
"r_ankle": [
-0.21004374755901506,
5.282903496962244,
0.23503020903477018
],
"r_body_wrist": [
-0.556972640948733,
-0.042303757731764494,
-4.5715143569644425
],
"m_face_position": [
-0.013346850872039795,
-0.19259589910507202,
-0.5370323695242405
],
"m_body_position": [
0.013699695467948914,
0.16515687108039856,
-0.5839957129210234
],
"m_face_scale": [
0.14066378199082202,
0.14066378199082202,
0.14066378199082202
],
"m_body_scale": [
0.34685906016962353,
0.34685906016962353,
0.34685906016962353
],
"l_hand_scale": null,
"r_hand_scale": [
0.14897221026855026,
0.14897221026855026,
0.14897221026855026
]
}
],
"framerate": 30,
"mirrorable": true,
"invalid": false
}