{
"label": "b",
"gestures": [
{
"l_hand_position": [
0.23564118146896362,
0.010448098182678223,
-0.5341531112790108
],
"l_wrist": [
-0.14559393794175154,
0.9651039984673704,
0.21766184180261694
],
"l_thumb_cmc": [
0.17003268703504876,
0.5824483063807749,
0.30529933871734277
],
"l_thumb_mcp": [
0.28060933722258535,
0.14555139282791849,
0.3049364172629173
],
"l_thumb_ip": [
0.18331853843068208,
-0.25057172712227627,
0.29852103788611317
],
"l_thumb_tip": [
0.04288585461080246,
-0.4779223691011825,
0.26329553548440054
],
"l_index_mcp": [
0.22714950235591871,
-0.035545682873337904,
0.08170305968185013
],
"l_index_pip": [
0.15139754730908495,
-0.7487972323319309,
0.001969088532971832
],
"l_index_dip": [
0.09542717085918055,
-1.1465144645160577,
-0.03230403959625251
],
"l_index_tip": [
0.045641030598580254,
-1.445040992668674,
-0.049222108860303544
],
"l_middle_mcp": [
0.0,
0.0,
0.0
],
"l_middle_pip": [
-0.051302189807990506,
-0.7695712136957249,
-0.07253877805964004
],
"l_middle_dip": [
-0.09824198597974218,
-1.2234861727818016,
-0.10337617457160869
],
"l_middle_tip": [
-0.12317836095805097,
-1.5386594263893183,
-0.1276699568875261
],
"l_ring_mcp": [
-0.24146517342656454,
0.05777816392072123,
-0.06098528677620324
],
"l_ring_pip": [
-0.24216830740607326,
-0.6409248559424074,
-0.12851321433904525
],
"l_ring_dip": [
-0.2629147484060022,
-1.0610884343443463,
-0.16308432445695184
],
"l_ring_tip": [
-0.2593489360528697,
-1.3700151535601606,
-0.18481948826133243
],
"l_pinky_mcp": [
-0.48201562690571853,
0.14619374807337998,
-0.10293890007017056
],
"l_pinky_pip": [
-0.45980023987728597,
-0.4087119152397241,
-0.1802771088505577
],
"l_pinky_dip": [
-0.4513778268066932,
-0.7282439537461457,
-0.20244223471493636
],
"l_pinky_tip": [
-0.4263119171514463,
-0.9977974493119989,
-0.20956930101614785
],
"r_hand_position": null,
"r_wrist": null,
"r_thumb_cmc": null,
"r_thumb_mcp": null,
"r_thumb_ip": null,
"r_thumb_tip": null,
"r_index_mcp": null,
"r_index_pip": null,
"r_index_dip": null,
"r_index_tip": null,
"r_middle_mcp": null,
"r_middle_pip": null,
"r_middle_dip": null,
"r_middle_tip": null,
"r_ring_mcp": null,
"r_ring_pip": null,
"r_ring_dip": null,
"r_ring_tip": null,
"r_pinky_mcp": null,
"r_pinky_pip": null,
"r_pinky_dip": null,
"r_pinky_tip": null,
"l_hand_velocity": null,
"r_hand_velocity": null,
"m_nose_point": [
0.0,
0.0,
0.0
],
"m_top_nose": [
0.012099338115793026,
-0.2975388021698757,
0.23722171633284633
],
"m_eyebrows": [
0.023646270900701264,
-0.5368329000044384,
0.3363860580919201
],
"m_forehead": [
0.036255649427266105,
-0.8329898581623941,
0.49397759036582395
],
"m_top_chin": [
-0.036127308639865054,
0.6170990559514141,
0.046089606508488944
],
"m_bot_up_lip": [
-0.02045228819806667,
0.41078833280774474,
0.06472417485295856
],
"m_top_low_lip": [
-0.01863391937204141,
0.4311035580289754,
0.06475497508440098
],
"m_bot_nose": [
-0.02429295894595511,
0.08906829878515304,
0.06848282846537093
],
"m_chin": [
-0.05971833900747784,
0.9975435147282451,
0.0366149724813125
],
"m_nose": [
0.010597875505906932,
-0.24769481228755194,
0.17643213638487867
],
"l_eye_exterior": [
-0.3659901295135818,
-0.24180151962595478,
0.4083830852354487
],
"l_temple": [
-0.5363106069942222,
-0.42415778784221875,
0.7148069429609287
],
"l_mid_chin": [
-0.23841523341339563,
0.7689365910057099,
0.05652076099759101
],
"l_up_lip": [
-0.14135678609223049,
0.31762060498813094,
0.06817646156146576
],
"l_ext_nostril": [
-0.16259614805121947,
0.03474941038030845,
0.11397296616248195
],
"l_mid_cheek": [
-0.4153041425521394,
0.0709371513326876,
0.2785572380026334
],
"l_mid_eyebrow": [
-0.3189920654411998,
-0.5288367290042926,
0.3728978569365972
],
"l_ext_eyebrow": [
-0.3922513958753737,
-0.4936758181867104,
0.40355650855408565
],
"l_ext_lips": [
-0.2940889685771471,
0.4480879452419123,
0.15302723130967397
],
"l_jaw_angle": [
-0.5504154256665394,
0.6104172358306554,
0.5414741690986529
],
"l_mid_ext_face": [
-0.6030106433020819,
0.2700593366836589,
0.7220728382670684
],
"l_int_eyebrow": [
-0.10428374291219653,
-0.5685494805154832,
0.3358976803808017
],
"l_mid_jaw": [
-0.4498832625672879,
0.8047399326094169,
0.31526687609204757
],
"l_mid_bot_eyelid": [
-0.277870472665076,
-0.21888334387190092,
0.3658586996174225
],
"l_ext_mouth": [
-0.2046296249656572,
0.4977358935331251,
0.1134989437214753
],
"l_top_eyelid": [
-0.27657585054750616,
-0.3202461916792499,
0.37619245632450016
],
"l_eye_int": [
-0.15955044256898027,
-0.2708472411292893,
0.39147604255650476
],
"l_pupil": [
-0.26692723999177753,
-0.26740820643776597,
0.388862358019719
],
"r_eye_exterior": [
0.396866680113563,
-0.17145519279190147,
0.4770142298595607
],
"r_temple": [
0.5189582264555981,
-0.31925186208365725,
0.7797023167404467
],
"r_mid_chin": [
0.1398050670575045,
0.7975027997612951,
0.07297754660584903
],
"r_up_lip": [
0.10058594993410085,
0.3377516258753409,
0.08081526449792524
],
"r_ext_nostril": [
0.155881723555668,
0.08059489942020527,
0.17047468630902954
],
"r_mid_cheek": [
0.37932635715973184,
0.14404882755999723,
0.31770579559878087
],
"r_mid_eyebrow": [
0.41033623265536273,
-0.40390839438410486,
0.44240110368917446
],
"r_ext_eyebrow": [
0.34481929904301084,
-0.44874397849013226,
0.4038636801838018
],
"r_ext_lips": [
0.19218555269600376,
0.5475765606766164,
0.14539017569239754
],
"r_jaw_angle": [
0.4311926489639188,
0.6998016101472396,
0.6036832123677723
],
"r_mid_ext_face": [
0.5037259609632156,
0.37649538367453583,
0.790107473394075
],
"r_int_eyebrow": [
0.14625990258177554,
-0.5210228932975742,
0.3467999369349835
],
"r_mid_jaw": [
0.32712696078759784,
0.8680617818806213,
0.36154221526462554
],
"r_mid_bot_eyelid": [
0.2716845713150515,
-0.15849464230498844,
0.3950828236412695
],
"r_ext_mouth": [
0.23356611142987693,
0.4889160986449007,
0.17835829304150386
],
"r_top_eyelid": [
0.28623567534679406,
-0.2617362912508768,
0.4065124611495047
],
"r_eye_int": [
0.16897372989763745,
-0.2316235552399911,
0.4115327820595828
],
"r_pupil": [
0.278032663854332,
-0.2139158493174783,
0.41811763272011965
],
"l_shoulder": [
0.328450635812388,
0.01660075973308472,
0.3766226156389476
],
"l_elbow": [
0.5407137013484745,
0.7662946868890432,
-0.9165004668188632
],
"l_hip": [
0.23495506251159343,
1.5165826055562783,
0.4199703561095222
],
"l_knee": [
0.2376701955272625,
2.74308739616052,
0.3508021499727267
],
"l_ankle": [
0.2384653507943573,
3.8640352608703887,
1.262546416229851
],
"l_body_wrist": [
0.4845397174431583,
0.023184861014769673,
-3.136315296754245
],
"r_shoulder": [
-0.328450635812388,
-0.01660075973308472,
-0.3766226156389476
],
"r_elbow": [
-0.6656829617730676,
0.6913163207551118,
-1.0818577159767846
],
"r_hip": [
-0.2636225024042207,
1.5316338138441794,
-0.13832700879872595
],
"r_knee": [
-0.2535383828464505,
2.6579164335232752,
-0.04874138750934922
],
"r_ankle": [
-0.2090841454375636,
3.885026641021223,
0.5981808395634876
],
"r_body_wrist": [
-0.4258844357367376,
0.8284965228393117,
-2.177017850666721
],
"m_face_position": [
0.03663361072540283,
-0.20117533206939697,
-0.53787911683321
],
"m_body_position": [
-0.009465292096138,
0.14621487259864807,
-0.5635068118572235
],
"m_face_scale": [
0.14350726381350484,
0.14350726381350484,
0.14350726381350484
],
"m_body_scale": [
0.46430072844473447,
0.46430072844473447,
0.46430072844473447
],
"l_hand_scale": [
0.1569092103276466,
0.1569092103276466,
0.1569092103276466
],
"r_hand_scale": null
}
],
"framerate": 30,
"mirrorable": true,
"invalid": false
}