{
"label": "b",
"gestures": [
{
"l_hand_position": [
0.24640679359436035,
0.03519207239151001,
-0.5303514059633017
],
"l_wrist": [
0.055019385028626494,
0.9869401369494666,
0.1514002422363978
],
"l_thumb_cmc": [
-0.17184987522751102,
0.7096118122676157,
0.19257846291487038
],
"l_thumb_mcp": [
-0.23574282710930886,
0.3511268471208696,
0.18347731021892283
],
"l_thumb_ip": [
-0.2685460355979516,
0.12360169514155915,
0.14542786049077525
],
"l_thumb_tip": [
-0.3232606658594646,
-0.08948967642381073,
0.08850624765642186
],
"l_index_mcp": [
-0.08229389605924538,
-0.05067194678010676,
0.10950891487115
],
"l_index_pip": [
-0.0567019286648167,
-0.4484686416150046,
0.017276984438943085
],
"l_index_dip": [
-0.02745617460399089,
-0.7083880360515777,
-0.05856127652245208
],
"l_index_tip": [
0.008670496115670391,
-0.9264946304576008,
-0.1207428259782227
],
"l_middle_mcp": [
0.0,
0.0,
0.0
],
"l_middle_pip": [
0.01396609334206794,
-0.45071029875320145,
-0.09711344211878907
],
"l_middle_dip": [
0.037603765044558424,
-0.7665948586224868,
-0.1851029632014839
],
"l_middle_tip": [
0.07405957091270221,
-1.0380396323687042,
-0.2561764205442759
],
"l_ring_mcp": [
0.06765526097745977,
0.12777341625118713,
-0.11259838490537025
],
"l_ring_pip": [
0.07604568002910982,
-0.298305264276148,
-0.21507964555558043
],
"l_ring_dip": [
0.08319834874369327,
-0.5883675810757565,
-0.3032008615794053
],
"l_ring_tip": [
0.09560617893020848,
-0.8229432717574519,
-0.3699693976802115
],
"l_pinky_mcp": [
0.11402882759350896,
0.3122380575851265,
-0.22220522082806318
],
"l_pinky_pip": [
0.10971528402152672,
-0.019710943693449303,
-0.32945429547933214
],
"l_pinky_dip": [
0.09029601293933429,
-0.252321337779418,
-0.40113956659971217
],
"l_pinky_tip": [
0.07521496313221718,
-0.44708906881558375,
-0.4572611232592553
],
"r_hand_position": null,
"r_wrist": null,
"r_thumb_cmc": null,
"r_thumb_mcp": null,
"r_thumb_ip": null,
"r_thumb_tip": null,
"r_index_mcp": null,
"r_index_pip": null,
"r_index_dip": null,
"r_index_tip": null,
"r_middle_mcp": null,
"r_middle_pip": null,
"r_middle_dip": null,
"r_middle_tip": null,
"r_ring_mcp": null,
"r_ring_pip": null,
"r_ring_dip": null,
"r_ring_tip": null,
"r_pinky_mcp": null,
"r_pinky_pip": null,
"r_pinky_dip": null,
"r_pinky_tip": null,
"l_hand_velocity": null,
"r_hand_velocity": null,
"m_nose_point": [
0.0,
0.0,
0.0
],
"m_top_nose": [
0.01281049684875953,
-0.31278539497619695,
0.24470480608566744
],
"m_eyebrows": [
0.0318294064073062,
-0.5817455386719848,
0.3522959173251662
],
"m_forehead": [
0.04865308307631928,
-0.8772208395862773,
0.51366272763333
],
"m_top_chin": [
-0.0655964997211251,
0.6070293698060875,
0.023153693727023066
],
"m_bot_up_lip": [
-0.048724506921528986,
0.3917381537515369,
0.05911072878890138
],
"m_top_low_lip": [
-0.04955092282463187,
0.4041835487091951,
0.054888109046077015
],
"m_bot_nose": [
-0.034239330972734836,
0.08490950746582938,
0.064355786127656
],
"m_chin": [
-0.10265371145751577,
0.9946719962452467,
0.009478154329460845
],
"m_nose": [
0.012134491160862968,
-0.2584883576373802,
0.18227792002474352
],
"l_eye_exterior": [
-0.3846560593587287,
-0.2895169766978058,
0.3866017683184442
],
"l_temple": [
-0.5842985209979659,
-0.5172256483823295,
0.684797831948044
],
"l_mid_chin": [
-0.27683798375228535,
0.7457443504995844,
0.020735366356275636
],
"l_up_lip": [
-0.166341513950478,
0.2911849335535854,
0.05277949069824351
],
"l_ext_nostril": [
-0.1802893304991356,
0.010508548331677327,
0.10143673578907225
],
"l_mid_cheek": [
-0.4462820234965931,
0.011897952191139063,
0.24777621031753236
],
"l_mid_eyebrow": [
-0.3147228718125767,
-0.594863578195412,
0.3644034801208591
],
"l_ext_eyebrow": [
-0.39392435362535283,
-0.5619102965767178,
0.3891274415271392
],
"l_ext_lips": [
-0.33519672711207166,
0.40897146717984095,
0.1219988336737978
],
"l_jaw_angle": [
-0.6166499516857018,
0.5374310340518892,
0.49098552548541546
],
"l_mid_ext_face": [
-0.6706917538129603,
0.18487852262399213,
0.6751592628132942
],
"l_int_eyebrow": [
-0.09499245370811005,
-0.61528176490967,
0.34332029014191884
],
"l_mid_jaw": [
-0.5070987974822582,
0.7507812020777994,
0.26835612928863595
],
"l_mid_bot_eyelid": [
-0.2962320785683159,
-0.25472159008310014,
0.3494725353499032
],
"l_ext_mouth": [
-0.24264948975172917,
0.47383965374996007,
0.08626100679567339
],
"l_top_eyelid": [
-0.28867333504379944,
-0.3726497109789773,
0.360808136359774
],
"l_eye_int": [
-0.17744498089872557,
-0.301892838441451,
0.3831420182634994
],
"l_pupil": [
-0.29052951473871985,
-0.3074937283266897,
0.37345060336092434
],
"r_eye_exterior": [
0.37937615663666774,
-0.16015662909558345,
0.5121074996626552
],
"r_temple": [
0.497338518964219,
-0.3143794071451712,
0.8276727527084405
],
"r_mid_chin": [
0.09997321656082214,
0.7995126413137165,
0.06346935581344032
],
"r_up_lip": [
0.08060222945941822,
0.32639709931210303,
0.08563229314646163
],
"r_ext_nostril": [
0.14740033034113012,
0.08289577517118163,
0.17967211818970394
],
"r_mid_cheek": [
0.35941655302268266,
0.1537417174450871,
0.34602713571091687
],
"r_mid_eyebrow": [
0.40011890170636394,
-0.40164022960933066,
0.4842327422848039
],
"r_ext_eyebrow": [
0.3416362169681255,
-0.456210988331407,
0.4401488027650258
],
"r_ext_lips": [
0.15847060620836848,
0.5498589931885108,
0.15014669535389308
],
"r_jaw_angle": [
0.3597690507058059,
0.7029501234317908,
0.6264171100005957
],
"r_mid_ext_face": [
0.439476801539039,
0.3815760110691267,
0.8244038513692987
],
"r_int_eyebrow": [
0.15748831826660206,
-0.55483954597109,
0.3698775204692424
],
"r_mid_jaw": [
0.263533401950781,
0.86987248129993,
0.37084133536869074
],
"r_mid_bot_eyelid": [
0.2553637744795886,
-0.1505406687588945,
0.42025454409177765
],
"r_ext_mouth": [
0.20173539037401442,
0.49534243256074073,
0.19004733763386203
],
"r_top_eyelid": [
0.26974307508136597,
-0.2641974336410983,
0.4335498565486647
],
"r_eye_int": [
0.1514563644685095,
-0.23373264281756342,
0.43092602807033964
],
"r_pupil": [
0.2574594341260945,
-0.20703419940804266,
0.4438516827401165
],
"l_shoulder": [
0.4976062310037727,
0.0024064023635398013,
0.048808278948194526
],
"l_elbow": [
0.9827728478670603,
0.8877134192450421,
-0.9423134851972866
],
"l_hip": [
0.35944999602598526,
1.9017734982107368,
0.1521541229774494
],
"l_knee": [
0.31249100814294095,
3.555589326005685,
-0.0975299656722912
],
"l_ankle": [
0.31881825096292177,
5.01014382121315,
1.0117870652643417
],
"l_body_wrist": [
0.6832681978606922,
-0.06885203702455957,
-2.1555897440298373
],
"r_shoulder": [
-0.4976062310037727,
-0.0024064023635398013,
-0.048808278948194526
],
"r_elbow": [
-0.7824854395071457,
0.8687388201620407,
0.1251888984149702
],
"r_hip": [
-0.35035085145128114,
1.9081249809123177,
0.5673625601799316
],
"r_knee": [
-0.3637734878490032,
3.5395212946862955,
0.8422685822994389
],
"r_ankle": [
-0.32275073606836674,
4.9631621777544925,
1.917581733054008
],
"r_body_wrist": [
-0.858843680651856,
1.8471821162356832,
-0.49036635862193634
],
"m_face_position": [
0.05691111087799072,
-0.1453658938407898,
-0.5371785685420036
],
"m_body_position": [
0.00903351604938507,
0.20985442399978638,
-0.6327223889529705
],
"m_face_scale": [
0.14186844158370165,
0.14186844158370165,
0.14186844158370165
],
"m_body_scale": [
0.3762192737218171,
0.3762192737218171,
0.3762192737218171
],
"l_hand_scale": [
0.20047187931939311,
0.20047187931939311,
0.20047187931939311
],
"r_hand_scale": null
}
],
"framerate": 30,
"mirrorable": true,
"invalid": false
}