{
"label": "b",
"gestures": [
{
"l_hand_position": [
0.25562119483947754,
0.015898585319519043,
-0.5401360057294369
],
"l_wrist": [
0.046281129032545186,
0.9831424817883415,
0.1768867366382604
],
"l_thumb_cmc": [
-0.22927604705468635,
0.7786374933237654,
0.04392633485591578
],
"l_thumb_mcp": [
-0.4521611982945837,
0.4757788011930198,
-0.05518931514825685
],
"l_thumb_ip": [
-0.6233147417621168,
0.24863445373704335,
-0.14718858714634658
],
"l_thumb_tip": [
-0.7569201633639697,
0.07096156083749768,
-0.24167206738519723
],
"l_index_mcp": [
-0.16459584183078707,
-0.007863778088352362,
0.0075042754226642035
],
"l_index_pip": [
-0.1472940064556759,
-0.4295092303591614,
-0.09590814315226753
],
"l_index_dip": [
-0.12173094856918731,
-0.6736479388365473,
-0.17881828740435154
],
"l_index_tip": [
-0.09140144715607015,
-0.8830962900735599,
-0.23957832596172005
],
"l_middle_mcp": [
0.0,
0.0,
0.0
],
"l_middle_pip": [
0.018980663734366257,
-0.4572600713766241,
-0.091198521963217
],
"l_middle_dip": [
0.041871413547204084,
-0.7437409273113667,
-0.1651155503242957
],
"l_middle_tip": [
0.0730591112128148,
-0.99279672992781,
-0.22098712755298994
],
"l_ring_mcp": [
0.15130732826332713,
0.09073763879058157,
-0.02222756532739199
],
"l_ring_pip": [
0.16442325690948673,
-0.3360270447531367,
-0.0996236443289838
],
"l_ring_dip": [
0.1652060621841824,
-0.5913980895202374,
-0.16014798757335877
],
"l_ring_tip": [
0.16511070704501646,
-0.8058410273647757,
-0.2041644320507126
],
"l_pinky_mcp": [
0.299077847728499,
0.24419479200965014,
-0.0579358321112034
],
"l_pinky_pip": [
0.3036830018461802,
-0.09465731292023649,
-0.128284529314072
],
"l_pinky_dip": [
0.29084552071383857,
-0.31445589973809546,
-0.16765566150046637
],
"l_pinky_tip": [
0.27877508367616516,
-0.5131585411187402,
-0.19379610394862648
],
"r_hand_position": null,
"r_wrist": null,
"r_thumb_cmc": null,
"r_thumb_mcp": null,
"r_thumb_ip": null,
"r_thumb_tip": null,
"r_index_mcp": null,
"r_index_pip": null,
"r_index_dip": null,
"r_index_tip": null,
"r_middle_mcp": null,
"r_middle_pip": null,
"r_middle_dip": null,
"r_middle_tip": null,
"r_ring_mcp": null,
"r_ring_pip": null,
"r_ring_dip": null,
"r_ring_tip": null,
"r_pinky_mcp": null,
"r_pinky_pip": null,
"r_pinky_dip": null,
"r_pinky_tip": null,
"l_hand_velocity": null,
"r_hand_velocity": null,
"m_nose_point": [
0.0,
0.0,
0.0
],
"m_top_nose": [
0.027516068335582674,
-0.3161716829978021,
0.25027323894133596
],
"m_eyebrows": [
0.059233732607542854,
-0.5840108195777349,
0.36145754144267817
],
"m_forehead": [
0.09370910464897779,
-0.8802717380873809,
0.528894212483073
],
"m_top_chin": [
-0.09953465109701556,
0.6055238211771542,
0.017958359075852904
],
"m_bot_up_lip": [
-0.07214229618418395,
0.38657097568473314,
0.05693281387898571
],
"m_top_low_lip": [
-0.07151186613947993,
0.38968838446761767,
0.05002176952950413
],
"m_bot_nose": [
-0.039409927640001924,
0.08173813629339179,
0.06455174156117363
],
"m_chin": [
-0.15785324331708483,
0.9874623223264076,
0.0007180250794772385
],
"m_nose": [
0.02435798664658823,
-0.2605908857702579,
0.1865650514007013
],
"l_eye_exterior": [
-0.3741309978805669,
-0.3406451213830878,
0.39287564684836546
],
"l_temple": [
-0.5603171570642757,
-0.5831194050521589,
0.6952047193358534
],
"l_mid_chin": [
-0.32253233236684875,
0.7204798588314154,
0.014320358278566475
],
"l_up_lip": [
-0.18911333739530825,
0.2631537025312892,
0.048884278626011586
],
"l_ext_nostril": [
-0.18361952933772963,
-0.006504487406800003,
0.10210363764133049
],
"l_mid_cheek": [
-0.44983789297679205,
-0.034183035528769765,
0.2488804550496517
],
"l_mid_eyebrow": [
-0.2860889848162403,
-0.6360062577640777,
0.37293668803938856
],
"l_ext_eyebrow": [
-0.3676724793311933,
-0.6115427757672668,
0.3970990753440448
],
"l_ext_lips": [
-0.3601729885910684,
0.3831326322520749,
0.11650264079694547
],
"l_jaw_angle": [
-0.6603121322497125,
0.4700796544222231,
0.4875288342587609
],
"l_mid_ext_face": [
-0.6916766624878953,
0.11070889653656266,
0.6769886592689445
],
"l_int_eyebrow": [
-0.06403567758514724,
-0.6348657216885782,
0.3526284822647542
],
"l_mid_jaw": [
-0.5621160858074298,
0.6985594926567388,
0.26145277412600654
],
"l_mid_bot_eyelid": [
-0.28655163912324083,
-0.29844804048429197,
0.3557033049791157
],
"l_ext_mouth": [
-0.2741904650746626,
0.4450918732450888,
0.07925175334973439
],
"l_top_eyelid": [
-0.2757966211898998,
-0.4073544070308054,
0.36826971038108264
],
"l_eye_int": [
-0.16781980001844055,
-0.3281473117905465,
0.390491541964506
],
"l_pupil": [
-0.2853200126850993,
-0.34992278073720645,
0.3802876869245408
],
"r_eye_exterior": [
0.3817478469018632,
-0.1328394060594739,
0.5203950314927084
],
"r_temple": [
0.5138886110636779,
-0.2756777800423598,
0.8423012764949325
],
"r_mid_chin": [
0.05629172573225744,
0.8126815238976937,
0.05903200982190125
],
"r_up_lip": [
0.0677708061295764,
0.3280579161323257,
0.08406656748903761
],
"r_ext_nostril": [
0.14280469173251364,
0.09746329861814598,
0.1823515528137402
],
"r_mid_cheek": [
0.3490070048355749,
0.18558326808585,
0.3497376408991243
],
"r_mid_eyebrow": [
0.4189538114420329,
-0.3650192077216779,
0.4936061237526237
],
"r_ext_eyebrow": [
0.36448304561040573,
-0.42693586926610794,
0.449321299405634
],
"r_ext_lips": [
0.1275464204758131,
0.5720252343965156,
0.1464545819405054
],
"r_jaw_angle": [
0.32056223847714865,
0.737786392219246,
0.6285475988086022
],
"r_mid_ext_face": [
0.41732816622595137,
0.4179374124653898,
0.8313028566390899
],
"r_int_eyebrow": [
0.1880494866948702,
-0.547472356741484,
0.37910711345708936
],
"r_mid_jaw": [
0.21582526848300904,
0.9002695680151787,
0.36859063179097806
],
"r_mid_bot_eyelid": [
0.2584246298437985,
-0.1426496262779695,
0.4278529956353252
],
"r_ext_mouth": [
0.1731898946532681,
0.5218643137461733,
0.1876650999283869
],
"r_top_eyelid": [
0.2792512761526125,
-0.24520424065364788,
0.4424800159748677
],
"r_eye_int": [
0.1638630888709333,
-0.2261724981649874,
0.4392055160360605
],
"r_pupil": [
0.261792007528817,
-0.19783068510015198,
0.45212283117225194
],
"l_shoulder": [
0.48905549057415876,
0.003848417310495616,
0.10397074984568123
],
"l_elbow": [
0.9300835171451898,
0.869484056365784,
-0.9426438855192828
],
"l_hip": [
0.3406722550583165,
1.8640358180534267,
0.22718807490279103
],
"l_knee": [
0.3092924518756942,
3.4684773864340026,
0.23159199486318763
],
"l_ankle": [
0.31117795661453324,
4.87137437794043,
1.6079950453864302
],
"l_body_wrist": [
0.7000683240476053,
0.030844839257897688,
-2.2593544906335605
],
"r_shoulder": [
-0.48905549057415876,
-0.003848417310495616,
-0.10397074984568123
],
"r_elbow": [
-0.7672247106300119,
0.8315124134615014,
-0.1428986972325472
],
"r_hip": [
-0.35687522280957895,
1.8632585239695847,
0.6147868570422923
],
"r_knee": [
-0.35221406153730406,
3.455235210863805,
0.9038254078148807
],
"r_ankle": [
-0.3180511749569696,
4.830168603623472,
2.1541862450596434
],
"r_body_wrist": [
-0.8247131192165778,
1.808185186171,
-1.12128891316453
],
"m_face_position": [
0.061475276947021484,
-0.14395231008529663,
-0.5371674932539463
],
"m_body_position": [
0.008904337882995605,
0.21139666438102722,
-0.6612170599400997
],
"m_face_scale": [
0.1406844616160729,
0.1406844616160729,
0.1406844616160729
],
"m_body_scale": [
0.38923900640593895,
0.38923900640593895,
0.38923900640593895
],
"l_hand_scale": [
0.22690424703603884,
0.22690424703603884,
0.22690424703603884
],
"r_hand_scale": null
}
],
"framerate": 30,
"mirrorable": true,
"invalid": false
}