{
"label": "b",
"gestures": [
{
"l_hand_position": null,
"l_wrist": null,
"l_thumb_cmc": null,
"l_thumb_mcp": null,
"l_thumb_ip": null,
"l_thumb_tip": null,
"l_index_mcp": null,
"l_index_pip": null,
"l_index_dip": null,
"l_index_tip": null,
"l_middle_mcp": null,
"l_middle_pip": null,
"l_middle_dip": null,
"l_middle_tip": null,
"l_ring_mcp": null,
"l_ring_pip": null,
"l_ring_dip": null,
"l_ring_tip": null,
"l_pinky_mcp": null,
"l_pinky_pip": null,
"l_pinky_dip": null,
"l_pinky_tip": null,
"r_hand_position": [
-0.11643725633621216,
0.03396528959274292,
0.5014238347066566
],
"r_wrist": [
-0.2102627760725093,
0.9776020697301665,
-0.009151953757344176
],
"r_thumb_cmc": [
0.019550784971579627,
0.8360257952510247,
0.07479558397292342
],
"r_thumb_mcp": [
0.1734564764824076,
0.4442309603224164,
0.09164720814716905
],
"r_thumb_ip": [
0.08310816940415931,
0.14787217960645385,
0.11042908042339289
],
"r_thumb_tip": [
-0.09445849581127694,
0.1486179892488776,
0.12566543609762965
],
"r_index_mcp": [
0.1356220551253489,
0.0644874439147599,
-0.014371159808737304
],
"r_index_pip": [
0.2038178622390324,
-0.2868174353239174,
0.014008930423480332
],
"r_index_dip": [
0.23045747784373674,
-0.4929964535135918,
0.05076869621545161
],
"r_index_tip": [
0.23871999144778408,
-0.6834305376316872,
0.08786349667535387
],
"r_middle_mcp": [
-0.0,
0.0,
-0.0
],
"r_middle_pip": [
0.08881838221340985,
-0.3647039795916107,
0.022479759048651106
],
"r_middle_dip": [
0.14164177702092626,
-0.6060624593891712,
0.05758319305812554
],
"r_middle_tip": [
0.1780937499961117,
-0.8228011768149501,
0.08482888673174291
],
"r_ring_mcp": [
-0.15016055495511305,
0.02232257673972458,
0.03318472321900092
],
"r_ring_pip": [
-0.14978822471760103,
-0.35041484908758763,
0.06782529713937693
],
"r_ring_dip": [
-0.16424321838298495,
-0.5881350648976079,
0.1032845271418751
],
"r_ring_tip": [
-0.17770494835920359,
-0.7773159819662995,
0.12803524671525082
],
"r_pinky_mcp": [
-0.2996622539343818,
0.09626153946145083,
0.08069858756921901
],
"r_pinky_pip": [
-0.28689538717919894,
-0.19863703254525678,
0.10903005290767977
],
"r_pinky_dip": [
-0.27640808548927737,
-0.384662335934294,
0.11978281226693861
],
"r_pinky_tip": [
-0.2744169614413479,
-0.5518761520455769,
0.1297935686007853
],
"l_hand_velocity": null,
"r_hand_velocity": null,
"m_nose_point": null,
"m_top_nose": null,
"m_eyebrows": null,
"m_forehead": null,
"m_top_chin": null,
"m_bot_up_lip": null,
"m_top_low_lip": null,
"m_bot_nose": null,
"m_chin": null,
"m_nose": null,
"l_eye_exterior": null,
"l_temple": null,
"l_mid_chin": null,
"l_up_lip": null,
"l_ext_nostril": null,
"l_mid_cheek": null,
"l_mid_eyebrow": null,
"l_ext_eyebrow": null,
"l_ext_lips": null,
"l_jaw_angle": null,
"l_mid_ext_face": null,
"l_int_eyebrow": null,
"l_mid_jaw": null,
"l_mid_bot_eyelid": null,
"l_ext_mouth": null,
"l_top_eyelid": null,
"l_eye_int": null,
"l_pupil": null,
"r_eye_exterior": null,
"r_temple": null,
"r_mid_chin": null,
"r_up_lip": null,
"r_ext_nostril": null,
"r_mid_cheek": null,
"r_mid_eyebrow": null,
"r_ext_eyebrow": null,
"r_ext_lips": null,
"r_jaw_angle": null,
"r_mid_ext_face": null,
"r_int_eyebrow": null,
"r_mid_jaw": null,
"r_mid_bot_eyelid": null,
"r_ext_mouth": null,
"r_top_eyelid": null,
"r_eye_int": null,
"r_pupil": null,
"l_shoulder": null,
"l_elbow": null,
"l_hip": null,
"l_knee": null,
"l_ankle": null,
"l_body_wrist": null,
"r_shoulder": null,
"r_elbow": null,
"r_hip": null,
"r_knee": null,
"r_ankle": null,
"r_body_wrist": null,
"m_face_position": null,
"m_body_position": null,
"m_face_scale": null,
"m_body_scale": null,
"l_hand_scale": null,
"r_hand_scale": [
-0.15560303430851796,
0.15560303430851796,
-0.15560303430851796
]
}
],
"framerate": 30,
"mirrorable": true,
"invalid": false
}