{
"label": "b",
"gestures": [
{
"l_hand_position": null,
"l_wrist": null,
"l_thumb_cmc": null,
"l_thumb_mcp": null,
"l_thumb_ip": null,
"l_thumb_tip": null,
"l_index_mcp": null,
"l_index_pip": null,
"l_index_dip": null,
"l_index_tip": null,
"l_middle_mcp": null,
"l_middle_pip": null,
"l_middle_dip": null,
"l_middle_tip": null,
"l_ring_mcp": null,
"l_ring_pip": null,
"l_ring_dip": null,
"l_ring_tip": null,
"l_pinky_mcp": null,
"l_pinky_pip": null,
"l_pinky_dip": null,
"l_pinky_tip": null,
"r_hand_position": [
-0.1777777075767517,
-0.004968583583831787,
-0.5443892106413841
],
"r_wrist": [
-0.1872146546197887,
0.9698124393459008,
0.15625141786731636
],
"r_thumb_cmc": [
0.05138561218611597,
0.8303554145184019,
0.05807082329550064
],
"r_thumb_mcp": [
0.21737325485165013,
0.5386609723396982,
0.010622685032744326
],
"r_thumb_ip": [
0.14296436820464398,
0.28057467194548674,
-0.03316989433052489
],
"r_thumb_tip": [
-0.05296063322650766,
0.24765805398530927,
-0.08181654188519842
],
"r_index_mcp": [
0.15158984809035905,
0.0363996237270008,
0.03707036354681127
],
"r_index_pip": [
0.230367650500599,
-0.33728319225805237,
-0.029882730271759493
],
"r_index_dip": [
0.26805423027685554,
-0.5795313731214088,
-0.08912435522415048
],
"r_index_tip": [
0.296125985327119,
-0.8088723331383051,
-0.1461214912711891
],
"r_middle_mcp": [
0.0,
0.0,
0.0
],
"r_middle_pip": [
0.08708783749320709,
-0.40920418767061534,
-0.08114521198324114
],
"r_middle_dip": [
0.15414582169160745,
-0.6704631893000477,
-0.17655517468695664
],
"r_middle_tip": [
0.19170494372415303,
-0.9113071320092357,
-0.2527079245459617
],
"r_ring_mcp": [
-0.15499774295636173,
0.08659888231342384,
-0.044211590139250606
],
"r_ring_pip": [
-0.2470769935388773,
-0.3172366593078958,
-0.15877518660150658
],
"r_ring_dip": [
-0.3144324840427626,
-0.5707188503080916,
-0.2641340654298023
],
"r_ring_tip": [
-0.3802818751010036,
-0.7821667362743359,
-0.32856358771345284
],
"r_pinky_mcp": [
-0.32156618380959595,
0.24095576983247688,
-0.09458030720530083
],
"r_pinky_pip": [
-0.39650929149351394,
-0.07569038771463801,
-0.20064384902038032
],
"r_pinky_dip": [
-0.44024208897884304,
-0.28644612043561085,
-0.2673583267317178
],
"r_pinky_tip": [
-0.48294069538073653,
-0.4890541037769259,
-0.31374722820214057
],
"l_hand_velocity": null,
"r_hand_velocity": null,
"m_nose_point": [
0.0,
0.0,
0.0
],
"m_top_nose": [
0.009635758305047922,
-0.32543589011749896,
0.2120333572489026
],
"m_eyebrows": [
0.017330041374142107,
-0.5666235552454664,
0.2886054942667418
],
"m_forehead": [
0.028177737393376746,
-0.8803885148615129,
0.4172337360991911
],
"m_top_chin": [
-0.027106437889133923,
0.6502407636756058,
0.12164108163555638
],
"m_bot_up_lip": [
-0.010712995042428217,
0.3851833804111051,
0.10093100358626281
],
"m_top_low_lip": [
-0.008333277785514737,
0.481475282820001,
0.1134348861507322
],
"m_bot_nose": [
-0.02286836666019133,
0.07750779553167952,
0.07938822858943861
],
"m_chin": [
-0.03937906986136214,
0.9885931044836778,
0.14537180821664875
],
"m_nose": [
0.008237539901172982,
-0.2687553518164688,
0.1559975769550534
],
"l_eye_exterior": [
-0.36208643027512105,
-0.28385076706849444,
0.402512285361717
],
"l_temple": [
-0.5236407704081936,
-0.48602487325012544,
0.6959906470396953
],
"l_mid_chin": [
-0.22347040483014075,
0.766857670499428,
0.14983968051802357
],
"l_up_lip": [
-0.12429560465593048,
0.31205781955048745,
0.10292565880496743
],
"l_ext_nostril": [
-0.16407265467603888,
0.020296617018987703,
0.12376070865410974
],
"l_mid_cheek": [
-0.40559892763137784,
0.0418671416230345,
0.30018230962127856
],
"l_mid_eyebrow": [
-0.318951689377236,
-0.5686891557617004,
0.34046131095698984
],
"l_ext_eyebrow": [
-0.3898487468874102,
-0.5322243396781599,
0.37547871773241875
],
"l_ext_lips": [
-0.2851048220302501,
0.4359140689542449,
0.21169335788251448
],
"l_jaw_angle": [
-0.5140582616628474,
0.5271467065758715,
0.626244137180759
],
"l_mid_ext_face": [
-0.5692702624550307,
0.18272762673251522,
0.7758140098796232
],
"l_int_eyebrow": [
-0.1087767904657888,
-0.6048316914089975,
0.29116330605022245
],
"l_mid_jaw": [
-0.41705834420230775,
0.7451891815486129,
0.4144367426758346
],
"l_mid_bot_eyelid": [
-0.27446140393865165,
-0.2510464407527417,
0.35796450616943026
],
"l_ext_mouth": [
-0.17316125983976152,
0.5051180873275615,
0.1736435440705965
],
"l_top_eyelid": [
-0.2760373682595797,
-0.3772306421619953,
0.361932068011626
],
"l_eye_int": [
-0.15729660181936203,
-0.31458745194412213,
0.37758048666692584
],
"l_pupil": [
-0.2656785662815089,
-0.30868936743764913,
0.378459545056026
],
"r_eye_exterior": [
0.3988343781639048,
-0.24207713686737514,
0.4506619821253513
],
"r_temple": [
0.5189791147025994,
-0.4238208527458897,
0.7298520327770878
],
"r_mid_chin": [
0.1571863919292477,
0.786363707818454,
0.15826613343685786
],
"r_up_lip": [
0.11090937039335495,
0.32155238302998485,
0.10895519736387478
],
"r_ext_nostril": [
0.16603249822701166,
0.05126949245036551,
0.17495111530369875
],
"r_mid_cheek": [
0.3856863753809704,
0.08767530727960239,
0.31898344255817096
],
"r_mid_eyebrow": [
0.4104082720112667,
-0.4657603543977872,
0.3951841741886814
],
"r_ext_eyebrow": [
0.344738391663031,
-0.5107389772619287,
0.3562308340932881
],
"r_ext_lips": [
0.20634519799924148,
0.5350376604926445,
0.2007026232485323
],
"r_jaw_angle": [
0.45235445305044375,
0.5847256224660156,
0.6592168629098367
],
"r_mid_ext_face": [
0.5171385724299826,
0.24898900393207168,
0.811484210800054
],
"r_int_eyebrow": [
0.14424322368955608,
-0.5740649492906114,
0.2968635832854864
],
"r_mid_jaw": [
0.34930931902474316,
0.7880350389466527,
0.4393202781590669
],
"r_mid_bot_eyelid": [
0.2746486123210176,
-0.22255996723621635,
0.37228094947612433
],
"r_ext_mouth": [
0.2448296010422006,
0.46333851989330477,
0.22487301237999718
],
"r_top_eyelid": [
0.2873205232217409,
-0.33702397766283004,
0.37697545709866864
],
"r_eye_int": [
0.1689298679980986,
-0.2838752581551865,
0.38747165036231135
],
"r_pupil": [
0.27253532840114825,
-0.28127437896390217,
0.39285551481751846
],
"l_shoulder": [
0.47316220389024344,
0.045170946243119764,
-0.15516801998230453
],
"l_elbow": [
0.7553004128844203,
0.8435793297674649,
-0.13506380050988434
],
"l_hip": [
0.22605279590594404,
1.7205520111443047,
0.12756349512582893
],
"l_knee": [
0.19669901235768572,
3.124978167090579,
0.14167336766632216
],
"l_ankle": [
0.1637971533685077,
4.375233529116022,
1.6487154122475731
],
"l_body_wrist": [
0.7480906034964651,
1.772040118602347,
-0.35179505755486734
],
"r_shoulder": [
-0.47316220389024344,
-0.045170946243119764,
0.15516801998230453
],
"r_elbow": [
-0.8164866535283752,
0.904382877664265,
-0.9224366199482252
],
"r_hip": [
-0.41244463704494494,
1.808451854124139,
0.6504799948847255
],
"r_knee": [
-0.3873900401030231,
3.1429619450582744,
1.064942673553885
],
"r_ankle": [
-0.4820022354596699,
4.351926565736888,
2.298861501762769
],
"r_body_wrist": [
-0.4910979986678571,
0.1852917795954323,
-2.7047570700100003
],
"m_face_position": [
0.026130616664886475,
-0.20088014006614685,
-0.5444458015263081
],
"m_body_position": [
-0.03642188012599945,
0.18020474910736084,
-0.6708176732063293
],
"m_face_scale": [
0.16062605161772692,
0.16062605161772692,
0.16062605161772692
],
"m_body_scale": [
0.4447070483048003,
0.4447070483048003,
0.4447070483048003
],
"l_hand_scale": null,
"r_hand_scale": [
0.2840927561307883,
0.2840927561307883,
0.2840927561307883
]
}
],
"framerate": 30,
"mirrorable": true,
"invalid": false
}