{
"label": "b",
"gestures": [
{
"l_hand_position": [
0.2218201756477356,
-0.07688120007514954,
-0.5206815358251333
],
"l_wrist": [
-0.17442209535307462,
0.9774820352255222,
0.11876785534821169
],
"l_thumb_cmc": [
0.12035319686205864,
0.631794810167746,
0.21690390432003473
],
"l_thumb_mcp": [
0.2350589063303728,
0.22630733751168303,
0.23147152899464474
],
"l_thumb_ip": [
0.15832817679564218,
-0.1208459272156131,
0.235557947705736
],
"l_thumb_tip": [
0.00712550730805376,
-0.3081238521058873,
0.2256169866023384
],
"l_index_mcp": [
0.2190255735823041,
-0.010643591763651424,
0.06332233794823573
],
"l_index_pip": [
0.11080288800862116,
-0.6189333328008599,
0.052509674979993266
],
"l_index_dip": [
-0.006856465239353647,
-0.7775450991053037,
0.08227692235428327
],
"l_index_tip": [
-0.08650455552666832,
-0.7803794538761323,
0.1143630246610728
],
"l_middle_mcp": [
0.0,
0.0,
0.0
],
"l_middle_pip": [
-0.100986617720858,
-0.6330499975289715,
-0.0008369270650140845
],
"l_middle_dip": [
-0.181041009452889,
-0.8002952416677519,
0.040542768909523415
],
"l_middle_tip": [
-0.23490110939186037,
-0.8111808343761502,
0.07228079061913321
],
"l_ring_mcp": [
-0.22974618120531623,
0.05077929441818847,
-0.045534610665547676
],
"l_ring_pip": [
-0.31146890759745455,
-0.5188289745355675,
-0.042594220031685344
],
"l_ring_dip": [
-0.3445573168277775,
-0.6826417073958178,
0.0013032367001489737
],
"l_ring_tip": [
-0.3569140835963196,
-0.7167213963092902,
0.03367401322261345
],
"l_pinky_mcp": [
-0.46239431999134434,
0.14623377738798893,
-0.07681318998748225
],
"l_pinky_pip": [
-0.47017257949406877,
-0.32125317351699445,
-0.07675848733404188
],
"l_pinky_dip": [
-0.4783533752217185,
-0.49366378576992126,
-0.03498988801135058
],
"l_pinky_tip": [
-0.47887092179662255,
-0.581115122927664,
0.004710493194797135
],
"r_hand_position": null,
"r_wrist": null,
"r_thumb_cmc": null,
"r_thumb_mcp": null,
"r_thumb_ip": null,
"r_thumb_tip": null,
"r_index_mcp": null,
"r_index_pip": null,
"r_index_dip": null,
"r_index_tip": null,
"r_middle_mcp": null,
"r_middle_pip": null,
"r_middle_dip": null,
"r_middle_tip": null,
"r_ring_mcp": null,
"r_ring_pip": null,
"r_ring_dip": null,
"r_ring_tip": null,
"r_pinky_mcp": null,
"r_pinky_pip": null,
"r_pinky_dip": null,
"r_pinky_tip": null,
"l_hand_velocity": null,
"r_hand_velocity": null,
"m_nose_point": [
0.0,
0.0,
0.0
],
"m_top_nose": [
0.007826823518826381,
-0.3071210121631131,
0.21439864272187137
],
"m_eyebrows": [
0.008764894700809716,
-0.5649277969302738,
0.2923047920105527
],
"m_forehead": [
0.011248122138223049,
-0.8757081599076796,
0.41979761306512836
],
"m_top_chin": [
0.011115478207791893,
0.6533466192900741,
0.11544594576734428
],
"m_bot_up_lip": [
0.014623265659570003,
0.4097219239749992,
0.09139511150765735
],
"m_top_low_lip": [
0.017313567320665826,
0.45217525841761597,
0.10852110877191902
],
"m_bot_nose": [
-0.014877742416384631,
0.08587135201564204,
0.07699511073961048
],
"m_chin": [
0.014635324198700108,
0.9911243881330082,
0.13212968831254007
],
"m_nose": [
0.006097462682891678,
-0.25355469438286926,
0.1580903586775346
],
"l_eye_exterior": [
-0.34308851580051003,
-0.21115146524939646,
0.41051898301620676
],
"l_temple": [
-0.5160830209370072,
-0.4230237400705873,
0.704635250550965
],
"l_mid_chin": [
-0.16974119444153374,
0.7929780573354299,
0.14232183066525977
],
"l_up_lip": [
-0.10144349996124305,
0.3245320873260551,
0.1012136860355372
],
"l_ext_nostril": [
-0.1497130004756648,
0.04455214396879629,
0.1253438233817662
],
"l_mid_cheek": [
-0.391255726638173,
0.0964115547445891,
0.3072273462583032
],
"l_mid_eyebrow": [
-0.31469502217190143,
-0.529583595022395,
0.3523400921010816
],
"l_ext_eyebrow": [
-0.38382621119309884,
-0.48387632616727355,
0.39031299056874597
],
"l_ext_lips": [
-0.2534902435702773,
0.46616815354886737,
0.21317396683264325
],
"l_jaw_angle": [
-0.46907800378446995,
0.6066376600637655,
0.6268683283364506
],
"l_mid_ext_face": [
-0.5382667827253059,
0.2681270231099069,
0.7791834524058222
],
"l_int_eyebrow": [
-0.10680830243905733,
-0.5946406610643936,
0.2971518715710788
],
"l_mid_jaw": [
-0.3564645542835025,
0.802449000292892,
0.4105568348744891
],
"l_mid_bot_eyelid": [
-0.25508404979392185,
-0.19557224850499505,
0.3626687506306341
],
"l_ext_mouth": [
-0.1421090520248983,
0.5168743105909586,
0.17574066849987785
],
"l_top_eyelid": [
-0.25396156612558674,
-0.26962623217313425,
0.36757324306597594
],
"l_eye_int": [
-0.14117763383002122,
-0.26008979887384487,
0.37950686326727995
],
"l_pupil": [
-0.2532567653040168,
-0.23650475167628915,
0.38343076127785475
],
"r_eye_exterior": [
0.41464950045642357,
-0.23137633814659436,
0.43971273223842167
],
"r_temple": [
0.5486473137637027,
-0.42829914303416117,
0.7204660073820911
],
"r_mid_chin": [
0.20216556663315052,
0.7868568933859722,
0.1417254007664755
],
"r_up_lip": [
0.13443815789137498,
0.32443437157793187,
0.0983281867722728
],
"r_ext_nostril": [
0.17154103535962542,
0.06048708761753581,
0.1658295433847629
],
"r_mid_cheek": [
0.41719343640118156,
0.09293890338096594,
0.30682137435808005
],
"r_mid_eyebrow": [
0.41743751786564265,
-0.4816122314926728,
0.39016787228749056
],
"r_ext_eyebrow": [
0.3464281074220079,
-0.5230310264402654,
0.3529504971710236
],
"r_ext_lips": [
0.24160322676400575,
0.5336126024327796,
0.1889323204847494
],
"r_jaw_angle": [
0.5051783592581451,
0.5976187044178354,
0.640853608916053
],
"r_mid_ext_face": [
0.5682428556618173,
0.2628763609421345,
0.7953824364803417
],
"r_int_eyebrow": [
0.13866280470385312,
-0.5777212832297739,
0.2977278406108354
],
"r_mid_jaw": [
0.3980806518799653,
0.7913825878650088,
0.4219099884478292
],
"r_mid_bot_eyelid": [
0.28199725379138657,
-0.20249093928381628,
0.36306437596643665
],
"r_ext_mouth": [
0.2791672394010592,
0.4611087647604001,
0.21131087705763799
],
"r_top_eyelid": [
0.2876518770200175,
-0.28124962436532003,
0.3677156845594503
],
"r_eye_int": [
0.17514778599460923,
-0.25934362478870787,
0.38009546421151047
],
"r_pupil": [
0.2792849141105012,
-0.24304588543682987,
0.3836869142755614
],
"l_shoulder": [
0.49660724915068283,
-0.01397114696355297,
0.05644508077338916
],
"l_elbow": [
0.7491251973593055,
0.8663063572719639,
-1.445474055368106
],
"l_hip": [
0.39213479619150104,
1.899199977703362,
0.3771675639710932
],
"l_knee": [
0.3854454820643773,
3.5792958865726283,
-0.06059537362238174
],
"l_ankle": [
0.3940002776704963,
5.114972950576884,
1.047256189097413
],
"l_body_wrist": [
0.5441421728233365,
-0.010214230637978225,
-3.5309266286792345
],
"r_shoulder": [
-0.49660724915068283,
0.01397114696355297,
-0.05644508077338916
],
"r_elbow": [
-0.8418495091091779,
0.7770395830978711,
-1.1174569290179217
],
"r_hip": [
-0.3430226231510051,
1.9196219506374224,
0.5613658819078655
],
"r_knee": [
-0.321996735317386,
3.558361500996518,
-0.09013745974622521
],
"r_ankle": [
-0.2654667238122545,
5.085366147401821,
0.4839398468881348
],
"r_body_wrist": [
-0.6919396137710578,
0.7897865130398254,
-3.1706775825699265
],
"m_face_position": [
0.019739925861358643,
-0.1815759837627411,
-0.5392250344157219
],
"m_body_position": [
0.020339295268058777,
0.1651587188243866,
-0.6662154495716095
],
"m_face_scale": [
0.14334528252853854,
0.14334528252853854,
0.14334528252853854
],
"m_body_scale": [
0.3582704462048291,
0.3582704462048291,
0.3582704462048291
],
"l_hand_scale": [
0.17413355100862457,
0.17413355100862457,
0.17413355100862457
],
"r_hand_scale": null
}
],
"framerate": 30,
"mirrorable": true,
"invalid": false
}