{
"label": "b",
"gestures": [
{
"l_hand_position": null,
"l_wrist": null,
"l_thumb_cmc": null,
"l_thumb_mcp": null,
"l_thumb_ip": null,
"l_thumb_tip": null,
"l_index_mcp": null,
"l_index_pip": null,
"l_index_dip": null,
"l_index_tip": null,
"l_middle_mcp": null,
"l_middle_pip": null,
"l_middle_dip": null,
"l_middle_tip": null,
"l_ring_mcp": null,
"l_ring_pip": null,
"l_ring_dip": null,
"l_ring_tip": null,
"l_pinky_mcp": null,
"l_pinky_pip": null,
"l_pinky_dip": null,
"l_pinky_tip": null,
"r_hand_position": [
-0.15897276997566223,
-0.005889981985092163,
-0.5013403941411525
],
"r_wrist": [
-0.002597523367280603,
0.9999792376968232,
0.0058972067656598666
],
"r_thumb_cmc": [
0.2253580961146851,
0.7575793849535358,
-0.0131708277739564
],
"r_thumb_mcp": [
0.31615682506263143,
0.4166294012574382,
0.0014088089070457398
],
"r_thumb_ip": [
0.30352792132601036,
0.14714015405115957,
0.010599631625938907
],
"r_thumb_tip": [
0.32652253233418094,
-0.04478407186531942,
0.016913846884217553
],
"r_index_mcp": [
0.13488962970268567,
-0.010482262807260827,
0.02679342809023885
],
"r_index_pip": [
0.11479828729158058,
-0.3916478395814331,
-0.019757497947532517
],
"r_index_dip": [
0.0925578128879223,
-0.6151103677148875,
-0.06619148536668379
],
"r_index_tip": [
0.06113881948702935,
-0.8020377830835269,
-0.09866552597265082
],
"r_middle_mcp": [
0.0,
0.0,
0.0
],
"r_middle_pip": [
-0.012873552363884638,
-0.4169805100590523,
-0.04998457497061613
],
"r_middle_dip": [
-0.03697170436652328,
-0.6729820922700944,
-0.09901635616851304
],
"r_middle_tip": [
-0.06724087544099532,
-0.8761222646584468,
-0.13188373073607165
],
"r_ring_mcp": [
-0.12995076915122897,
0.073905256133618,
-0.0360163683163185
],
"r_ring_pip": [
-0.14592346634429687,
-0.32479439002123295,
-0.0899070133406031
],
"r_ring_dip": [
-0.1558099717226801,
-0.5543452077067976,
-0.13013443077455739
],
"r_ring_tip": [
-0.16622890908140486,
-0.7415073074499289,
-0.1518240196639581
],
"r_pinky_mcp": [
-0.2691808798047117,
0.20304249648947162,
-0.0745992825228848
],
"r_pinky_pip": [
-0.2732076179017887,
-0.12570927518520358,
-0.1318555423894148
],
"r_pinky_dip": [
-0.27371789253057205,
-0.32884643207600656,
-0.16070679046132685
],
"r_pinky_tip": [
-0.272818225392157,
-0.5129464907206702,
-0.1742698428952967
],
"l_hand_velocity": null,
"r_hand_velocity": null,
"m_nose_point": [
0.0,
0.0,
0.0
],
"m_top_nose": [
0.00495752396387436,
-0.3302238768904546,
0.23154498632410894
],
"m_eyebrows": [
0.015236790942958153,
-0.6024522635316396,
0.3246144287970223
],
"m_forehead": [
0.025150516041222603,
-0.9190481306035865,
0.47271228943467714
],
"m_top_chin": [
-0.04566539662640935,
0.6156629206478609,
0.05895862034960701
],
"m_bot_up_lip": [
-0.0433667599259133,
0.4008232864658281,
0.07890002679441607
],
"m_top_low_lip": [
-0.04270005386584232,
0.4017699914334024,
0.07573242891749402
],
"m_bot_nose": [
-0.029645931571926073,
0.0839441134126672,
0.07150727020632122
],
"m_chin": [
-0.0712731707260272,
0.9955023834763294,
0.062411053729334275
],
"m_nose": [
0.005421396169690941,
-0.2721917883587869,
0.17137376539085286
],
"l_eye_exterior": [
-0.3938248570793092,
-0.2931454073895891,
0.38682834303964775
],
"l_temple": [
-0.5963407913143223,
-0.5201978443135439,
0.6832075862366889
],
"l_mid_chin": [
-0.2542954487377083,
0.7648335512139671,
0.06562484040241535
],
"l_up_lip": [
-0.16613768247448665,
0.29856548072979583,
0.07125130270111539
],
"l_ext_nostril": [
-0.17680409754929952,
0.019571923634484505,
0.10862886946016338
],
"l_mid_cheek": [
-0.44561054478626433,
0.03578341943576733,
0.2641200490606873
],
"l_mid_eyebrow": [
-0.34153825794097803,
-0.5869220249147548,
0.34790742009772546
],
"l_ext_eyebrow": [
-0.4195851975127793,
-0.5527176229400418,
0.37627895703577124
],
"l_ext_lips": [
-0.31646534789616576,
0.43906672779917216,
0.15194917877991557
],
"l_jaw_angle": [
-0.6003992321720559,
0.5582843098814214,
0.5460451883445521
],
"l_mid_ext_face": [
-0.6592995377885649,
0.19582925166361997,
0.7165221373527034
],
"l_int_eyebrow": [
-0.11860004118467693,
-0.6195919446877171,
0.3180987426056815
],
"l_mid_jaw": [
-0.4865662275055188,
0.7759902950842819,
0.32484483882320786
],
"l_mid_bot_eyelid": [
-0.3014679890898601,
-0.2599650959072802,
0.3475562639875475
],
"l_ext_mouth": [
-0.23863182481449305,
0.4678559068084541,
0.11435064437909968
],
"l_top_eyelid": [
-0.30172373612348524,
-0.3806291920305763,
0.3553132327372406
],
"l_eye_int": [
-0.18348967776278904,
-0.30956150081777206,
0.37726819923894905
],
"l_pupil": [
-0.3007011889321462,
-0.3125255207488548,
0.3703119281525043
],
"r_eye_exterior": [
0.38025571317285134,
-0.21730847494283798,
0.4988175025382749
],
"r_temple": [
0.5112480209661492,
-0.39544863027124794,
0.807210972480386
],
"r_mid_chin": [
0.12815836609483475,
0.7918245640109677,
0.10144583646322017
],
"r_up_lip": [
0.08705011704172805,
0.3269408345820826,
0.09893211595626644
],
"r_ext_nostril": [
0.15306327679514498,
0.0654547052394752,
0.18335248932169146
],
"r_mid_cheek": [
0.3727332228389817,
0.1175909427597613,
0.3466393984704751
],
"r_mid_eyebrow": [
0.38877958542631175,
-0.44990400834903627,
0.45757127961406424
],
"r_ext_eyebrow": [
0.3251479596877383,
-0.49494150191357983,
0.4128508104031098
],
"r_ext_lips": [
0.17950619724249722,
0.5421971600516597,
0.17307927842134033
],
"r_jaw_angle": [
0.4113735130176061,
0.6566291860029896,
0.663708693813315
],
"r_mid_ext_face": [
0.4819729225929795,
0.315848909356497,
0.8462471193821776
],
"r_int_eyebrow": [
0.13504016601515736,
-0.5775519827345243,
0.3410123505441388
],
"r_mid_jaw": [
0.30986972008760644,
0.8413433629250492,
0.41362160660822406
],
"r_mid_bot_eyelid": [
0.25584889149540013,
-0.19620471476557133,
0.4079310284179584
],
"r_ext_mouth": [
0.221360522124731,
0.48309049303560514,
0.2090243930923487
],
"r_top_eyelid": [
0.2654879090040983,
-0.3081507031728004,
0.41760120131690587
],
"r_eye_int": [
0.14886505695524033,
-0.2725103697929147,
0.4181991753616901
],
"r_pupil": [
0.2510602487623506,
-0.2548053995038935,
0.4305213733460662
],
"l_shoulder": [
0.4980630195350423,
-0.0023856507327931617,
0.04390372697411007
],
"l_elbow": [
0.8157605923691581,
0.8106464343544149,
-0.26395389645501693
],
"l_hip": [
0.37244648708242917,
1.930410051633263,
0.1638063960643445
],
"l_knee": [
0.3333855040032364,
3.67475578845846,
-0.28663678912116586
],
"l_ankle": [
0.34263734578946703,
5.249961757350883,
0.8712706468982568
],
"l_body_wrist": [
1.0085806995962867,
1.7923520293121962,
-0.981855914526908
],
"r_shoulder": [
-0.4980630195350423,
0.0023856507327931617,
-0.04390372697411007
],
"r_elbow": [
-0.8556691953584761,
0.8818324133622504,
-1.5614135952783994
],
"r_hip": [
-0.398942746559204,
1.9352887317097915,
0.39993319889702883
],
"r_knee": [
-0.37399752078376586,
3.6664715286242666,
0.34481690089535993
],
"r_ankle": [
-0.33732755736791337,
5.209361233437306,
1.0479881569610403
],
"r_body_wrist": [
-0.7397594376664216,
-0.005998605432840138,
-3.950535341670269
],
"m_face_position": [
0.09101569652557373,
-0.09979969263076782,
-0.5363638065755367
],
"m_body_position": [
0.07450869679450989,
0.22836947441101074,
-0.5973521210253239
],
"m_face_scale": [
0.13517534682494986,
0.13517534682494986,
0.13517534682494986
],
"m_body_scale": [
0.3552567156672552,
0.3552567156672552,
0.3552567156672552
],
"l_hand_scale": null,
"r_hand_scale": [
0.22731022118317504,
0.22731022118317504,
0.22731022118317504
]
}
],
"framerate": 30,
"mirrorable": true,
"invalid": false
}