{
"label": "b",
"gestures": [
{
"l_hand_position": [
0.21050631999969482,
-0.0847690999507904,
-0.5112660694867373
],
"l_wrist": [
0.0861108971123821,
0.994700773806299,
0.0561719145806052
],
"l_thumb_cmc": [
-0.1164422837871411,
0.830443999820374,
0.029980572567163
],
"l_thumb_mcp": [
-0.22083005239078704,
0.5085180424624466,
0.008756810101236656
],
"l_thumb_ip": [
-0.2788170163891182,
0.3140242364740196,
-0.029144988113653812
],
"l_thumb_tip": [
-0.35516406229834147,
0.18278238519586307,
-0.07295476326965518
],
"l_index_mcp": [
-0.07455772470714685,
0.0010702940224677118,
0.056450653535238336
],
"l_index_pip": [
-0.06779152887109385,
-0.37391255856085515,
-0.011759136767569426
],
"l_index_dip": [
-0.046704522636957686,
-0.6313046749761327,
-0.07805011059595289
],
"l_index_tip": [
-0.021109889099533926,
-0.840941811501664,
-0.1296944625137737
],
"l_middle_mcp": [
0.0,
0.0,
0.0
],
"l_middle_pip": [
-0.006781649199698232,
-0.4266155123227606,
-0.06553304392022316
],
"l_middle_dip": [
0.006731722947921312,
-0.734132396801785,
-0.13421451565874237
],
"l_middle_tip": [
0.029930490760193138,
-1.0014502532634086,
-0.18517237232775333
],
"l_ring_mcp": [
0.06888901486997578,
0.06254808371423691,
-0.0688737008094884
],
"l_ring_pip": [
0.06002472773901177,
-0.35234902408431246,
-0.13601650416130678
],
"l_ring_dip": [
0.05680597039975096,
-0.6354813922713631,
-0.19644019614442876
],
"l_ring_tip": [
0.057982209117209575,
-0.8706027599382758,
-0.2371192999913226
],
"l_pinky_mcp": [
0.12824835643203206,
0.1727543409103847,
-0.14494487074488627
],
"l_pinky_pip": [
0.10314852771132597,
-0.1742445503719047,
-0.2058545450113948
],
"l_pinky_dip": [
0.07614496346155475,
-0.40861709855718115,
-0.24422803300567544
],
"l_pinky_tip": [
0.05481932163112771,
-0.6152538307999582,
-0.27137431798411255
],
"r_hand_position": null,
"r_wrist": null,
"r_thumb_cmc": null,
"r_thumb_mcp": null,
"r_thumb_ip": null,
"r_thumb_tip": null,
"r_index_mcp": null,
"r_index_pip": null,
"r_index_dip": null,
"r_index_tip": null,
"r_middle_mcp": null,
"r_middle_pip": null,
"r_middle_dip": null,
"r_middle_tip": null,
"r_ring_mcp": null,
"r_ring_pip": null,
"r_ring_dip": null,
"r_ring_tip": null,
"r_pinky_mcp": null,
"r_pinky_pip": null,
"r_pinky_dip": null,
"r_pinky_tip": null,
"l_hand_velocity": null,
"r_hand_velocity": null,
"m_nose_point": null,
"m_top_nose": null,
"m_eyebrows": null,
"m_forehead": null,
"m_top_chin": null,
"m_bot_up_lip": null,
"m_top_low_lip": null,
"m_bot_nose": null,
"m_chin": null,
"m_nose": null,
"l_eye_exterior": null,
"l_temple": null,
"l_mid_chin": null,
"l_up_lip": null,
"l_ext_nostril": null,
"l_mid_cheek": null,
"l_mid_eyebrow": null,
"l_ext_eyebrow": null,
"l_ext_lips": null,
"l_jaw_angle": null,
"l_mid_ext_face": null,
"l_int_eyebrow": null,
"l_mid_jaw": null,
"l_mid_bot_eyelid": null,
"l_ext_mouth": null,
"l_top_eyelid": null,
"l_eye_int": null,
"l_pupil": null,
"r_eye_exterior": null,
"r_temple": null,
"r_mid_chin": null,
"r_up_lip": null,
"r_ext_nostril": null,
"r_mid_cheek": null,
"r_mid_eyebrow": null,
"r_ext_eyebrow": null,
"r_ext_lips": null,
"r_jaw_angle": null,
"r_mid_ext_face": null,
"r_int_eyebrow": null,
"r_mid_jaw": null,
"r_mid_bot_eyelid": null,
"r_ext_mouth": null,
"r_top_eyelid": null,
"r_eye_int": null,
"r_pupil": null,
"l_shoulder": [
0.47756081327802496,
0.03626630039182331,
-0.14359813744307898
],
"l_elbow": [
1.058203673747589,
1.0819598140799263,
-1.4998624192874257
],
"l_hip": [
0.41268266332320686,
1.970677442683316,
-0.24227727646552902
],
"l_knee": [
0.36709672768574836,
3.8655901365037244,
-0.7101044425973068
],
"l_ankle": [
0.37364460877562294,
5.532745398007521,
0.44429004761237934
],
"l_body_wrist": [
0.7000979097909746,
-0.09807025071559328,
-2.932509157865397
],
"r_shoulder": [
-0.47756081327802496,
-0.03626630039182331,
0.14359813744307898
],
"r_elbow": [
-0.7530011224273992,
0.9729604951895036,
-0.9633187317188997
],
"r_hip": [
-0.34892284252582245,
1.974463129432453,
0.3705907898453527
],
"r_knee": [
-0.3762000403914367,
3.804539973364517,
0.04276686356983865
],
"r_ankle": [
-0.32582319922515834,
5.43205499657441,
0.5303230953117297
],
"r_body_wrist": [
-0.7014700816473175,
0.7402744283276338,
-3.0586066712253173
],
"m_face_position": null,
"m_body_position": [
-0.032818734645843506,
0.14890065789222717,
-0.5199285047128797
],
"m_face_scale": null,
"m_body_scale": [
0.35227276068433117,
0.35227276068433117,
0.35227276068433117
],
"l_hand_scale": [
0.20056743628599058,
0.20056743628599058,
0.20056743628599058
],
"r_hand_scale": null
}
],
"framerate": 30,
"mirrorable": true,
"invalid": false
}