{
"label": "b",
"gestures": [
{
"l_hand_position": null,
"l_wrist": null,
"l_thumb_cmc": null,
"l_thumb_mcp": null,
"l_thumb_ip": null,
"l_thumb_tip": null,
"l_index_mcp": null,
"l_index_pip": null,
"l_index_dip": null,
"l_index_tip": null,
"l_middle_mcp": null,
"l_middle_pip": null,
"l_middle_dip": null,
"l_middle_tip": null,
"l_ring_mcp": null,
"l_ring_pip": null,
"l_ring_dip": null,
"l_ring_tip": null,
"l_pinky_mcp": null,
"l_pinky_pip": null,
"l_pinky_dip": null,
"l_pinky_tip": null,
"r_hand_position": [
-0.3635532855987549,
0.04774731397628784,
-0.49781160964630544
],
"r_wrist": [
-0.009845152018716165,
0.9998780826519581,
-0.012119934569634989
],
"r_thumb_cmc": [
0.21486648530265987,
0.7613686569980627,
-0.11537898918410285
],
"r_thumb_mcp": [
0.34143519710345693,
0.3816547633986513,
-0.1291213559283339
],
"r_thumb_ip": [
0.3307873192951759,
0.03389011553682102,
-0.1332044681965458
],
"r_thumb_tip": [
0.20983199317458393,
-0.13728608324621702,
-0.13474816370205409
],
"r_index_mcp": [
0.14985749871145862,
0.006490144477505863,
-0.01148440828745748
],
"r_index_pip": [
0.15987093757830587,
-0.3734530286040576,
-0.04984500890823575
],
"r_index_dip": [
0.15393971342230248,
-0.5883734086158051,
-0.10354324062460733
],
"r_index_tip": [
0.14474748796345138,
-0.7785259922423894,
-0.1465289239768182
],
"r_middle_mcp": [
0.0,
0.0,
0.0
],
"r_middle_pip": [
0.011070699545885458,
-0.40071351718502973,
-0.0235312331467327
],
"r_middle_dip": [
0.01351296346106268,
-0.6601075140134132,
-0.07548208960434173
],
"r_middle_tip": [
0.005812787850428053,
-0.8727204081497077,
-0.11995343673567925
],
"r_ring_mcp": [
-0.12946338589646983,
0.0598747933780138,
-0.006101156525975839
],
"r_ring_pip": [
-0.12578600050886427,
-0.3043398732551254,
-0.03219866996635116
],
"r_ring_dip": [
-0.10895467460741039,
-0.5248834604943695,
-0.07371985435484371
],
"r_ring_tip": [
-0.10125387999169436,
-0.6983849724992048,
-0.10625365754104882
],
"r_pinky_mcp": [
-0.2580490225875086,
0.17599750556107843,
-0.025885952978678427
],
"r_pinky_pip": [
-0.26260064948508394,
-0.12291493114029568,
-0.04809151194713688
],
"r_pinky_dip": [
-0.23938890807355442,
-0.3038770225222568,
-0.06335112204639755
],
"r_pinky_tip": [
-0.20970984283852018,
-0.45762253341702014,
-0.07773717154127803
],
"l_hand_velocity": null,
"r_hand_velocity": null,
"m_nose_point": [
0.0,
0.0,
0.0
],
"m_top_nose": [
0.0015262013142432914,
-0.29589994597648317,
0.23788171309729442
],
"m_eyebrows": [
-0.01115645906694365,
-0.5443715869317296,
0.34013701224488974
],
"m_forehead": [
-0.030868921843276848,
-0.853331182379696,
0.5014922652818423
],
"m_top_chin": [
0.08917847290460537,
0.6309377342683575,
0.03689687298322678
],
"m_bot_up_lip": [
0.06411474341446853,
0.3470504412402781,
0.054960448126936734
],
"m_top_low_lip": [
0.06478079411044393,
0.3534405711848342,
0.05719974134142563
],
"m_bot_nose": [
0.004016747316025877,
0.09228143383674685,
0.06730898406657826
],
"m_chin": [
0.14177449601550735,
0.9896968191789755,
0.02000495904938015
],
"m_nose": [
-0.001260000854564676,
-0.24450896904226013,
0.17768977541167344
],
"l_eye_exterior": [
-0.2834052305936655,
-0.14866207570428525,
0.480762921145911
],
"l_temple": [
-0.42912349411296646,
-0.29034007130542516,
0.8278373775804252
],
"l_mid_chin": [
-0.06274285483572846,
0.8034354123213887,
0.08098714843766572
],
"l_up_lip": [
-0.07112761976882598,
0.28691595523571933,
0.08865574400855604
],
"l_ext_nostril": [
-0.1251153151425069,
0.0702604349517887,
0.1414920839258524
],
"l_mid_cheek": [
-0.32216894146201047,
0.16859677519798846,
0.35049644987978673
],
"l_mid_eyebrow": [
-0.2901387173656518,
-0.43406831602912704,
0.4377117150022665
],
"l_ext_eyebrow": [
-0.3434194757630103,
-0.3791540847862922,
0.48374733109918344
],
"l_ext_lips": [
-0.1716995163114184,
0.4940192534095474,
0.19888338353571833
],
"l_jaw_angle": [
-0.28708939219912677,
0.6944350069221017,
0.6241549806276467
],
"l_mid_ext_face": [
-0.3722669447349374,
0.38344780367886233,
0.8213904244989353
],
"l_int_eyebrow": [
-0.1263177234946473,
-0.52786210260129,
0.3616866099029438
],
"l_mid_jaw": [
-0.19480663945011067,
0.8588209348817718,
0.3746206948047928
],
"l_mid_bot_eyelid": [
-0.21125699254714525,
-0.14149686498282849,
0.4217826894569952
],
"l_ext_mouth": [
-0.09254763429642547,
0.4839407853040108,
0.1466551239985626
],
"l_top_eyelid": [
-0.22307224829258337,
-0.2559243745514015,
0.43398162502476223
],
"l_eye_int": [
-0.1215316106882208,
-0.23042276618787091,
0.42795322050871976
],
"l_pupil": [
-0.199972379171372,
-0.19083825225062426,
0.4441278797254709
],
"r_eye_exterior": [
0.433886965592104,
-0.3300116334524429,
0.3851654121361817
],
"r_temple": [
0.5929750427848755,
-0.5220885641426122,
0.6467932579319566
],
"r_mid_chin": [
0.3108234383031398,
0.7450174906352695,
0.026219481320752233
],
"r_up_lip": [
0.18042983625906156,
0.2354508993957063,
0.045148139265070324
],
"r_ext_nostril": [
0.201062899799337,
0.02219839258517338,
0.12930139155976828
],
"r_mid_cheek": [
0.464800070996401,
0.010477658885698758,
0.2244242226699246
],
"r_mid_eyebrow": [
0.3922788005963922,
-0.5565521813757522,
0.3632123372330903
],
"r_ext_eyebrow": [
0.31090499104512226,
-0.5853747009239192,
0.3425331392407298
],
"r_ext_lips": [
0.3212426254115681,
0.47635330283767985,
0.08823387068509654
],
"r_jaw_angle": [
0.6688494278107617,
0.5115284732400848,
0.4535160209060761
],
"r_mid_ext_face": [
0.7075379606797589,
0.1622615999313182,
0.6298257813160171
],
"r_int_eyebrow": [
0.09873684993863116,
-0.6052903860990739,
0.328450096280319
],
"r_mid_jaw": [
0.5610613226056345,
0.7349955159385994,
0.24528487413932915
],
"r_mid_bot_eyelid": [
0.29516487220508325,
-0.28131915102112215,
0.32964284634782104
],
"r_ext_mouth": [
0.35293850524766984,
0.40114430905163434,
0.11136102480387819
],
"r_top_eyelid": [
0.29289788183293997,
-0.3809234055955021,
0.3409712860792081
],
"r_eye_int": [
0.18629613821401053,
-0.31327331784328694,
0.3662678654088817
],
"r_pupil": [
0.30627604861744906,
-0.3344016329406688,
0.35326236690312013
],
"l_shoulder": [
0.49333955366441706,
0.023758118725733676,
-0.07779226558474635
],
"l_elbow": [
0.8044709188198427,
1.0082568560856526,
-0.6353588436739537
],
"l_hip": [
0.35567050930044736,
1.895929400848209,
-0.21026208400829088
],
"l_knee": [
0.3269104603571355,
3.5988167585841033,
-0.5970362169508608
],
"l_ankle": [
0.35073592828857564,
5.119320852177946,
0.6681963383972946
],
"l_body_wrist": [
0.5295412860660801,
1.4248105628181105,
-1.772843966692802
],
"r_shoulder": [
-0.49333955366441706,
-0.023758118725733676,
0.07779226558474635
],
"r_elbow": [
-0.8191654818481254,
1.0983222866905118,
-1.092499491342223
],
"r_hip": [
-0.4158573611679411,
1.9025706462646383,
0.14403029015152627
],
"r_knee": [
-0.3824011183293589,
3.643519188213464,
0.15448237812418136
],
"r_ankle": [
-0.3245741535582211,
5.134899999378062,
0.9442852011845305
],
"r_body_wrist": [
-0.8990881139981423,
0.17608538661850426,
-3.8818564023542756
],
"m_face_position": [
-0.05648869276046753,
-0.17390406131744385,
-0.5347924679517746
],
"m_body_position": [
-0.016013503074645996,
0.18530696630477905,
-0.4849683032371104
],
"m_face_scale": [
0.1355768222754812,
0.1355768222754812,
0.1355768222754812
],
"m_body_scale": [
0.3690487008808385,
0.3690487008808385,
0.3690487008808385
],
"l_hand_scale": null,
"r_hand_scale": [
0.18054570521513413,
0.18054570521513413,
0.18054570521513413
]
}
],
"framerate": 30,
"mirrorable": true,
"invalid": false
}