{
"label": "b",
"gestures": [
{
"l_hand_position": null,
"l_wrist": null,
"l_thumb_cmc": null,
"l_thumb_mcp": null,
"l_thumb_ip": null,
"l_thumb_tip": null,
"l_index_mcp": null,
"l_index_pip": null,
"l_index_dip": null,
"l_index_tip": null,
"l_middle_mcp": null,
"l_middle_pip": null,
"l_middle_dip": null,
"l_middle_tip": null,
"l_ring_mcp": null,
"l_ring_pip": null,
"l_ring_dip": null,
"l_ring_tip": null,
"l_pinky_mcp": null,
"l_pinky_pip": null,
"l_pinky_dip": null,
"l_pinky_tip": null,
"r_hand_position": [
-0.21611467003822327,
0.030458688735961914,
-0.5079178875312209
],
"r_wrist": [
-0.05077684124934802,
0.9978037709363976,
0.04253642083959843
],
"r_thumb_cmc": [
0.2112792158564306,
0.816312858258383,
-0.033866969049877356
],
"r_thumb_mcp": [
0.3706898650019759,
0.44309100349629393,
-0.035456687186016675
],
"r_thumb_ip": [
0.3069448814466423,
0.1508358252718875,
-0.032468576041023225
],
"r_thumb_tip": [
0.11686601665214148,
0.20681977590839448,
-0.03481819629681711
],
"r_index_mcp": [
0.16319910780463842,
-0.002061454325084832,
0.01380201837165302
],
"r_index_pip": [
0.15665083634220484,
-0.3500870090892552,
-0.015388622052319546
],
"r_index_dip": [
0.14181320023736738,
-0.561534970896186,
-0.05924501315945005
],
"r_index_tip": [
0.11801553840222762,
-0.7504865679131998,
-0.10522049978283331
],
"r_middle_mcp": [
0.0,
0.0,
0.0
],
"r_middle_pip": [
0.006247602681561464,
-0.3899638865796389,
-0.0268239469484182
],
"r_middle_dip": [
0.004792929335978924,
-0.6294755487388117,
-0.08550514110289585
],
"r_middle_tip": [
-0.012132417579599921,
-0.83553068455272,
-0.14159630905792805
],
"r_ring_mcp": [
-0.13369818506374398,
0.08921409484324494,
-0.024232414803434882
],
"r_ring_pip": [
-0.18790918251634378,
-0.27052009141800754,
-0.06721059450807532
],
"r_ring_dip": [
-0.2090387691474187,
-0.4933417544293769,
-0.13922654115203145
],
"r_ring_tip": [
-0.2355390078491781,
-0.6694478461404838,
-0.19574692860105689
],
"r_pinky_mcp": [
-0.2590000583361903,
0.23624849331373338,
-0.05784095159147837
],
"r_pinky_pip": [
-0.29293880745461087,
-0.0592064539492833,
-0.09954467610408715
],
"r_pinky_dip": [
-0.3093017212353634,
-0.2414215012896433,
-0.14217991548682798
],
"r_pinky_tip": [
-0.3209011641762396,
-0.40178554904546204,
-0.18277352299040076
],
"l_hand_velocity": null,
"r_hand_velocity": null,
"m_nose_point": [
0.0,
0.0,
0.0
],
"m_top_nose": [
0.01905937551799896,
-0.25613028026441703,
0.23650735484419516
],
"m_eyebrows": [
0.012940289870593749,
-0.508648011998521,
0.34058127066638444
],
"m_forehead": [
0.006671218072204973,
-0.7903853164769314,
0.5019257615205047
],
"m_top_chin": [
0.06964160455596165,
0.6568854161562084,
0.04037576152071777
],
"m_bot_up_lip": [
0.04113091832147136,
0.35044471581740155,
0.040136509594649185
],
"m_top_low_lip": [
0.05068942438022314,
0.432043949886494,
0.05167546870470243
],
"m_bot_nose": [
0.005154109246608469,
0.0915293215382868,
0.061802221966666605
],
"m_chin": [
0.10260166161584504,
0.9946437487894703,
0.012518467465980761
],
"m_nose": [
0.01336230330560282,
-0.2114206530827963,
0.17709206791038593
],
"l_eye_exterior": [
-0.25830038556394636,
-0.09456179262585845,
0.4748382790269067
],
"l_temple": [
-0.3962623192963172,
-0.23494642842149657,
0.8202354259786022
],
"l_mid_chin": [
-0.07939310589487278,
0.800633715166117,
0.08032975521693572
],
"l_up_lip": [
-0.0725932970760458,
0.2949382689694908,
0.07809010120820305
],
"l_ext_nostril": [
-0.10867075187958906,
0.07525440507362757,
0.13708388298430707
],
"l_mid_cheek": [
-0.3045600879595166,
0.1827084570704926,
0.34677401217650883
],
"l_mid_eyebrow": [
-0.2662193050231544,
-0.40839067540343515,
0.44154027555132
],
"l_ext_eyebrow": [
-0.3165845235311641,
-0.3548119981525912,
0.4878695539461502
],
"l_ext_lips": [
-0.1664383436557921,
0.4956326198922092,
0.1891770737626208
],
"l_jaw_angle": [
-0.2687478925059661,
0.6985252394528512,
0.6004144568384628
],
"l_mid_ext_face": [
-0.3377161967858967,
0.40568110026536086,
0.7979582253087157
],
"l_int_eyebrow": [
-0.10692178673325814,
-0.49848170179953893,
0.36384738111669157
],
"l_mid_jaw": [
-0.19725886027951983,
0.8511764282021467,
0.35730627521176317
],
"l_mid_bot_eyelid": [
-0.1879256609279224,
-0.09766980259005356,
0.41468021474426164
],
"l_ext_mouth": [
-0.0913219171082513,
0.48547045778182774,
0.13706352460209567
],
"l_top_eyelid": [
-0.19306361446103337,
-0.17328771121737493,
0.4282455151357617
],
"l_eye_int": [
-0.10304594373702634,
-0.1732527799449479,
0.4189732817705721
],
"l_pupil": [
-0.18415744991485639,
-0.13764864388279088,
0.4371830768920381
],
"r_eye_exterior": [
0.4327360257214546,
-0.26613546996932946,
0.36527807597811607
],
"r_temple": [
0.6202021220965088,
-0.4425667773846846,
0.6195090911095679
],
"r_mid_chin": [
0.27130180516128743,
0.7629756202852506,
0.018828719959754218
],
"r_up_lip": [
0.1503529293440495,
0.27352518065126796,
0.03128979643673963
],
"r_ext_nostril": [
0.19144411334313513,
0.04632279700639156,
0.11825777604747073
],
"r_mid_cheek": [
0.4576197542757557,
0.05145944061678651,
0.2052132090546875
],
"r_mid_eyebrow": [
0.40481633295233915,
-0.5000247907590031,
0.3519391738960337
],
"r_ext_eyebrow": [
0.33000446343627154,
-0.53402972950536,
0.33362112594261456
],
"r_ext_lips": [
0.2938174117654885,
0.4999165038144792,
0.07199013224543466
],
"r_jaw_angle": [
0.6372848242360432,
0.5719620348747786,
0.4125234269923451
],
"r_mid_ext_face": [
0.6888407624929094,
0.23596358341048118,
0.5867828279644364
],
"r_int_eyebrow": [
0.1273829978778444,
-0.5624301639112524,
0.3253650719468867
],
"r_mid_jaw": [
0.5217221323066008,
0.777256834376137,
0.21427244352824198
],
"r_mid_bot_eyelid": [
0.30246202840936803,
-0.21316830830641123,
0.3122583877787885
],
"r_ext_mouth": [
0.32506343495146794,
0.4246655918680944,
0.09168884556404634
],
"r_top_eyelid": [
0.30006268663453634,
-0.29964984265853933,
0.3252106784517649
],
"r_eye_int": [
0.1962122320294249,
-0.25462146761602195,
0.3505945314055315
],
"r_pupil": [
0.3044264758424832,
-0.2533899219425164,
0.3361672404642671
],
"l_shoulder": [
0.4997061887931015,
-0.0036781552018223143,
-0.016739057804562637
],
"l_elbow": [
0.837532502220635,
1.0330478521904398,
-0.7925037232892576
],
"l_hip": [
0.3985483128540071,
1.8209517613077197,
-0.2804147999744093
],
"l_knee": [
0.39347466195584424,
3.5076804129145387,
-0.46086224169949813
],
"l_ankle": [
0.44061858578473034,
5.0457186800508165,
0.8522716887542615
],
"l_body_wrist": [
0.338082090700105,
1.031569839489387,
-2.093240809491919
],
"r_shoulder": [
-0.4997061887931015,
0.0036781552018223143,
0.016739057804562637
],
"r_elbow": [
-0.8726547670284813,
1.107906125493037,
-1.3557686137602392
],
"r_hip": [
-0.4228377401948276,
1.8808769161542591,
-0.10972201521811092
],
"r_knee": [
-0.3614205795272174,
3.5361052736580123,
-0.28257353556094383
],
"r_ankle": [
-0.28429245254412466,
5.067498420114712,
0.34059196879230325
],
"r_body_wrist": [
-0.6241673587422933,
0.13979729026176804,
-3.8067701022386675
],
"m_face_position": [
-0.05250650644302368,
-0.16141638159751892,
-0.5336638055741787
],
"m_body_position": [
-0.010740160942077637,
0.1885729730129242,
-0.4286726787686348
],
"m_face_scale": [
0.13650723980902799,
0.13650723980902799,
0.13650723980902799
],
"m_body_scale": [
0.35141435131294785,
0.35141435131294785,
0.35141435131294785
],
"l_hand_scale": null,
"r_hand_scale": [
0.18614756504400043,
0.18614756504400043,
0.18614756504400043
]
}
],
"framerate": 30,
"mirrorable": true,
"invalid": false
}