{
"label": "b",
"gestures": [
{
"l_hand_position": [
0.20332872867584229,
-0.077935129404068,
-0.5126451505348086
],
"l_wrist": [
0.0690898842874757,
0.9954929012411203,
0.06496515579662782
],
"l_thumb_cmc": [
-0.10751922237747158,
0.8274398771251992,
0.018965879953529698
],
"l_thumb_mcp": [
-0.1682177702743041,
0.5141533153667622,
-0.0054611351506997
],
"l_thumb_ip": [
-0.14789183020928484,
0.30725418825088396,
-0.043374962070955564
],
"l_thumb_tip": [
-0.12390748428143983,
0.14323009574433734,
-0.08265928449336761
],
"l_index_mcp": [
-0.07531931012387516,
0.006616640552524271,
0.05037855777062544
],
"l_index_pip": [
-0.07093822594546652,
-0.3889030580286143,
-0.03190587921249794
],
"l_index_dip": [
-0.048902967932318575,
-0.6695963684248251,
-0.10540793853970815
],
"l_index_tip": [
-0.015481239373986674,
-0.9023962404382503,
-0.16380694929947498
],
"l_middle_mcp": [
0.0,
0.0,
0.0
],
"l_middle_pip": [
-0.005126116526634562,
-0.4466282133642986,
-0.0839300193832363
],
"l_middle_dip": [
0.015250655996175694,
-0.769117287300658,
-0.16316739047342008
],
"l_middle_tip": [
0.05087318500115769,
-1.0580230252714615,
-0.22153183669298718
],
"l_ring_mcp": [
0.07344218382111113,
0.046701401936605366,
-0.0648252066287957
],
"l_ring_pip": [
0.06143623097405251,
-0.37639857963165363,
-0.15268321519275294
],
"l_ring_dip": [
0.06310543415127383,
-0.6747648963695564,
-0.2236893262013914
],
"l_ring_tip": [
0.06819174212662629,
-0.9316216118071038,
-0.271050133823513
],
"l_pinky_mcp": [
0.14386473591766172,
0.1477131510579532,
-0.1381923092255416
],
"l_pinky_pip": [
0.11227389449868155,
-0.19394710873661905,
-0.2221130032642528
],
"l_pinky_dip": [
0.08374708664992274,
-0.42888447028917454,
-0.27327891508842
],
"l_pinky_tip": [
0.06284667856794013,
-0.639314922123401,
-0.3081009859930064
],
"r_hand_position": null,
"r_wrist": null,
"r_thumb_cmc": null,
"r_thumb_mcp": null,
"r_thumb_ip": null,
"r_thumb_tip": null,
"r_index_mcp": null,
"r_index_pip": null,
"r_index_dip": null,
"r_index_tip": null,
"r_middle_mcp": null,
"r_middle_pip": null,
"r_middle_dip": null,
"r_middle_tip": null,
"r_ring_mcp": null,
"r_ring_pip": null,
"r_ring_dip": null,
"r_ring_tip": null,
"r_pinky_mcp": null,
"r_pinky_pip": null,
"r_pinky_dip": null,
"r_pinky_tip": null,
"l_hand_velocity": null,
"r_hand_velocity": null,
"m_nose_point": [
0.0,
0.0,
0.0
],
"m_top_nose": [
0.02072864354489073,
-0.26659161939928494,
0.27391298728971863
],
"m_eyebrows": [
0.03545705780812928,
-0.48692542723216237,
0.39951461739183164
],
"m_forehead": [
0.05454956456216101,
-0.7397182245401691,
0.5914469373282099
],
"m_top_chin": [
-0.03886938979217763,
0.6212224498776842,
-0.0028937918966869263
],
"m_bot_up_lip": [
-0.02276994928534823,
0.3790687480096815,
0.03459350169497865
],
"m_top_low_lip": [
-0.018769190117483438,
0.48839501730271784,
0.026259984124910207
],
"m_bot_nose": [
-0.021825919274835917,
0.09362153882913789,
0.06491709790105592
],
"m_chin": [
-0.06272888431123852,
0.9972938116569746,
-0.0383424086850329
],
"m_nose": [
0.01721035828894962,
-0.22335199819283538,
0.20547531091796148
],
"l_eye_exterior": [
-0.34205263100548217,
-0.24639058222226365,
0.4740356063403429
],
"l_temple": [
-0.5328815220779655,
-0.35233600993502234,
0.8287046487753033
],
"l_mid_chin": [
-0.2525575855917556,
0.7599084617592186,
0.007736748839765811
],
"l_up_lip": [
-0.14833048803421053,
0.32728510952600853,
0.05052268654856943
],
"l_ext_nostril": [
-0.16188500370778747,
0.04812984217612654,
0.1275650962112733
],
"l_mid_cheek": [
-0.405842639608402,
0.09834282571938069,
0.31155195812007874
],
"l_mid_eyebrow": [
-0.29579743416574145,
-0.5343649815682322,
0.45274667234424676
],
"l_ext_eyebrow": [
-0.3694054003514966,
-0.4897053364141298,
0.4867312127247913
],
"l_ext_lips": [
-0.29881346453410507,
0.474289817456342,
0.1342319528987411
],
"l_jaw_angle": [
-0.549262443594673,
0.6374949170796003,
0.5531663726130371
],
"l_mid_ext_face": [
-0.5905889943511105,
0.31550292379750466,
0.7763845365898471
],
"l_int_eyebrow": [
-0.08270130343055991,
-0.5776077859201892,
0.4075929291129298
],
"l_mid_jaw": [
-0.4656941877483898,
0.8133850789178132,
0.2926840496367584
],
"l_mid_bot_eyelid": [
-0.25538785668300257,
-0.21298074171053438,
0.4239450744258307
],
"l_ext_mouth": [
-0.21928689401221169,
0.5225435749397251,
0.08372661733528179
],
"l_top_eyelid": [
-0.256067003513783,
-0.32453168866201426,
0.4410167385176675
],
"l_eye_int": [
-0.13870010866878196,
-0.27040480034974307,
0.4480194596875904
],
"l_pupil": [
-0.2449300868531582,
-0.2659292977661871,
0.449974621552751
],
"r_eye_exterior": [
0.44453718376520296,
-0.14098560714317254,
0.4878839377126396
],
"r_temple": [
0.5805989195433334,
-0.24308295298865867,
0.8127671507961682
],
"r_mid_chin": [
0.1585802165683856,
0.805318533466716,
0.0008702208240569736
],
"r_up_lip": [
0.10751619633694563,
0.35457580753462653,
0.04576530506194685
],
"r_ext_nostril": [
0.17013821790614642,
0.10804277955090193,
0.1623847788681727
],
"r_mid_cheek": [
0.40578829876723815,
0.18409835726439433,
0.29614169526025796
],
"r_mid_eyebrow": [
0.4611377423219286,
-0.3864178352001401,
0.47073185656532524
],
"r_ext_eyebrow": [
0.3944844943350055,
-0.44671809317291833,
0.43877924301436777
],
"r_ext_lips": [
0.20448481266722796,
0.585186514322261,
0.0845676498518726
],
"r_jaw_angle": [
0.4923744039221751,
0.7443005898657629,
0.5380793144823054
],
"r_mid_ext_face": [
0.5671692286471581,
0.4324821569931985,
0.7573455748906023
],
"r_int_eyebrow": [
0.18622719950630828,
-0.5385609357659681,
0.4016362833458827
],
"r_mid_jaw": [
0.37797897540843256,
0.8996139896733005,
0.2802564669461364
],
"r_mid_bot_eyelid": [
0.30593484313700875,
-0.1353457554064775,
0.41221386165686
],
"r_ext_mouth": [
0.24463882903922124,
0.5321430323202236,
0.12151981973650147
],
"r_top_eyelid": [
0.32599366192010537,
-0.23989162224984587,
0.42950062964846086
],
"r_eye_int": [
0.20348985232859554,
-0.20734555100833246,
0.43957976147809297
],
"r_pupil": [
0.3266352931074044,
-0.1861194272941255,
0.43840796603814164
],
"l_shoulder": [
0.4951893292093381,
0.04244862154350993,
-0.05464103555261016
],
"l_elbow": [
1.0467375301120359,
1.1309770670286825,
-1.4502225699915214
],
"l_hip": [
0.38745235143138596,
2.023545874478289,
-0.13089120765078682
],
"l_knee": [
0.37426519294496924,
3.890767615767037,
-0.7057347021181833
],
"l_ankle": [
0.39544307488166536,
5.516971582988635,
0.44748096386418995
],
"l_body_wrist": [
0.6520520368855615,
-0.11055120705581542,
-3.270862282461482
],
"r_shoulder": [
-0.4951893292093381,
-0.04244862154350993,
0.05464103555261016
],
"r_elbow": [
-0.8699535144544193,
0.9884882131880488,
-0.876728892273523
],
"r_hip": [
-0.3849968009511848,
2.035361478106358,
0.18052152751920328
],
"r_knee": [
-0.3967942609607611,
3.8422447332681293,
-0.30259871159968765
],
"r_ankle": [
-0.32044163518669533,
5.442217820802717,
0.16029703068656512
],
"r_body_wrist": [
-0.8245999883321339,
0.9993473400223523,
-2.8499731249757363
],
"m_face_position": [
0.02006298303604126,
-0.2319275438785553,
-0.5352979078888893
],
"m_body_position": [
-0.009840309619903564,
0.1186736524105072,
-0.5061293025501072
],
"m_face_scale": [
0.1310755390991856,
0.1310755390991856,
0.1310755390991856
],
"m_body_scale": [
0.3482266973708167,
0.3482266973708167,
0.3482266973708167
],
"l_hand_scale": [
0.19464671713093312,
0.19464671713093312,
0.19464671713093312
],
"r_hand_scale": null
}
],
"framerate": 30,
"mirrorable": true,
"invalid": false
}