{
"label": "b",
"gestures": [
{
"l_hand_position": null,
"l_wrist": null,
"l_thumb_cmc": null,
"l_thumb_mcp": null,
"l_thumb_ip": null,
"l_thumb_tip": null,
"l_index_mcp": null,
"l_index_pip": null,
"l_index_dip": null,
"l_index_tip": null,
"l_middle_mcp": null,
"l_middle_pip": null,
"l_middle_dip": null,
"l_middle_tip": null,
"l_ring_mcp": null,
"l_ring_pip": null,
"l_ring_dip": null,
"l_ring_tip": null,
"l_pinky_mcp": null,
"l_pinky_pip": null,
"l_pinky_dip": null,
"l_pinky_tip": null,
"r_hand_position": [
-0.1433679163455963,
0.037320733070373535,
-0.5017350764246657
],
"r_wrist": [
-0.12291259132218914,
0.9923923388467207,
0.00706687291522457
],
"r_thumb_cmc": [
0.11959879466311947,
0.7389474023812459,
0.0016322671886995056
],
"r_thumb_mcp": [
0.2340135689052944,
0.3609983394192761,
0.011220461143487058
],
"r_thumb_ip": [
0.28514102947963266,
0.07326523903914774,
0.0036309833466155765
],
"r_thumb_tip": [
0.3501909028077877,
-0.1353059796258282,
-0.01145525851645864
],
"r_index_mcp": [
0.09968591245708247,
-0.010059250002701,
0.05642716424032521
],
"r_index_pip": [
0.1048023241919312,
-0.37564162827133885,
-0.0047201452355684
],
"r_index_dip": [
0.10377362829487191,
-0.5971732014387933,
-0.07152271419867189
],
"r_index_tip": [
0.09365745105019796,
-0.7963570086603865,
-0.12285828844958853
],
"r_middle_mcp": [
0.0,
0.0,
0.0
],
"r_middle_pip": [
0.006386168404953396,
-0.4109192823279189,
-0.05483185016377961
],
"r_middle_dip": [
0.004130320234234013,
-0.6783241379816873,
-0.11866400093066422
],
"r_middle_tip": [
-0.006479509660981548,
-0.9000681262311303,
-0.16920678899182875
],
"r_ring_mcp": [
-0.10185327457364773,
0.07811607123148721,
-0.06989377121117733
],
"r_ring_pip": [
-0.09568255575185425,
-0.32424567503336693,
-0.13250830562433255
],
"r_ring_dip": [
-0.10025360693620299,
-0.5718019799059292,
-0.18106882096787322
],
"r_ring_tip": [
-0.10395545560505419,
-0.7773237676538762,
-0.21404633830913922
],
"r_pinky_mcp": [
-0.2144497757139999,
0.21833648619420465,
-0.14386990283971762
],
"r_pinky_pip": [
-0.19476690869674487,
-0.10971348226755545,
-0.2088987319022499
],
"r_pinky_dip": [
-0.18158734182965416,
-0.3184318135493144,
-0.24112695504180098
],
"r_pinky_tip": [
-0.1689145366581649,
-0.5060409408832762,
-0.26228850413480237
],
"l_hand_velocity": null,
"r_hand_velocity": null,
"m_nose_point": [
0.0,
0.0,
0.0
],
"m_top_nose": [
0.020613046525924356,
-0.30145259861198564,
0.24653340645565847
],
"m_eyebrows": [
0.04556009823372369,
-0.5683760493357631,
0.35339012062746983
],
"m_forehead": [
0.07107655915464778,
-0.8571444623355334,
0.5158201202278595
],
"m_top_chin": [
-0.07802941370608815,
0.6165194900527585,
0.026728268731574606
],
"m_bot_up_lip": [
-0.05470831758405568,
0.3975483057740413,
0.05573865327119821
],
"m_top_low_lip": [
-0.053434399785566696,
0.40187581579378945,
0.051946737026751705
],
"m_bot_nose": [
-0.033621557233676214,
0.08576883239109591,
0.0650194957132088
],
"m_chin": [
-0.12510937987750603,
0.9920762593921435,
0.011503852274704816
],
"m_nose": [
0.018275221171049436,
-0.24937785276498298,
0.18367169663067115
],
"l_eye_exterior": [
-0.3768280890730232,
-0.2859464815610372,
0.3983862358147623
],
"l_temple": [
-0.5592161386936028,
-0.5077004098003218,
0.7046762958629841
],
"l_mid_chin": [
-0.2939376960311644,
0.7435620466846338,
0.027355701393032977
],
"l_up_lip": [
-0.17741015736652477,
0.27996357122054694,
0.05383567902071913
],
"l_ext_nostril": [
-0.17555037594418957,
0.013402767048854583,
0.10585340275688274
],
"l_mid_cheek": [
-0.4432346266584311,
0.017822941381613087,
0.2602596993906472
],
"l_mid_eyebrow": [
-0.3037059868592109,
-0.5870912094882078,
0.3754153371840717
],
"l_ext_eyebrow": [
-0.3832080703248711,
-0.5583713346062975,
0.4026876704648884
],
"l_ext_lips": [
-0.33592025896539246,
0.416870763585351,
0.12777155739109294
],
"l_jaw_angle": [
-0.6239698740231193,
0.5372064158049911,
0.5087864820974658
],
"l_mid_ext_face": [
-0.6628018503149933,
0.18586664195034208,
0.6958616842773949
],
"l_int_eyebrow": [
-0.08228244586678114,
-0.5997342590736195,
0.3476883425543722
],
"l_mid_jaw": [
-0.5240890028789116,
0.7492702116671561,
0.28106998318554927
],
"l_mid_bot_eyelid": [
-0.286159089867991,
-0.2503623028380165,
0.35844077222893367
],
"l_ext_mouth": [
-0.2635247488881759,
0.46669753382023416,
0.08910970022059261
],
"l_top_eyelid": [
-0.27934912888334235,
-0.3649423753916078,
0.3704317616631559
],
"l_eye_int": [
-0.16847497933395505,
-0.2924968525660141,
0.38946583427603126
],
"l_pupil": [
-0.28116907331129926,
-0.30210059928684585,
0.382649188687027
],
"r_eye_exterior": [
0.38511288487128614,
-0.147982742823591,
0.5021369786805271
],
"r_temple": [
0.5256352844759218,
-0.28073433045960555,
0.8164539765905741
],
"r_mid_chin": [
0.08630511627737347,
0.8085524224209736,
0.059613274580060556
],
"r_up_lip": [
0.0814722826441527,
0.3308977665980663,
0.07875244703510181
],
"r_ext_nostril": [
0.1481109140228951,
0.09441519221442288,
0.17551649284842757
],
"r_mid_cheek": [
0.36470984858746486,
0.17899692547412602,
0.33450841369282125
],
"r_mid_eyebrow": [
0.4142770288426763,
-0.3757537892572342,
0.47519022893290896
],
"r_ext_eyebrow": [
0.35558544483159815,
-0.42857179815695823,
0.43313146962797966
],
"r_ext_lips": [
0.15253931556101435,
0.56770076897997,
0.1410093473219243
],
"r_jaw_angle": [
0.37136998783238634,
0.7321084777900613,
0.615125465881273
],
"r_mid_ext_face": [
0.4590157055727516,
0.41325837091577444,
0.8133812777673917
],
"r_int_eyebrow": [
0.1716628049058367,
-0.5270754784248594,
0.3679606839977713
],
"r_mid_jaw": [
0.2621031744040021,
0.8914354542790887,
0.36111469516070005
],
"r_mid_bot_eyelid": [
0.2596969333413905,
-0.13356456542889797,
0.4128153873271322
],
"r_ext_mouth": [
0.1970757762435389,
0.5139602305528221,
0.17884313897918394
],
"r_top_eyelid": [
0.2809300513450294,
-0.2520315595046294,
0.42634593315924574
],
"r_eye_int": [
0.15994293436406148,
-0.22495366160839897,
0.4263354597103161
],
"r_pupil": [
0.2620152732098847,
-0.19043035936610503,
0.43681562030747073
],
"l_shoulder": [
0.4958750350877909,
0.014609664093303363,
0.06240598762749444
],
"l_elbow": [
0.7954621849792631,
0.8400460013231974,
-0.04346702568156882
],
"l_hip": [
0.3551262734109412,
1.9443526671890676,
0.26036454368397344
],
"l_knee": [
0.313797725226408,
3.6397173434704135,
0.03592479159886557
],
"l_ankle": [
0.2970939381817031,
5.16400806952622,
1.5098990346236596
],
"l_body_wrist": [
0.9555094031137736,
1.8849536153846398,
-0.762766265375377
],
"r_shoulder": [
-0.4958750350877909,
-0.014609664093303363,
-0.06240598762749444
],
"r_elbow": [
-0.8372446164368533,
1.0304203693313077,
-1.369485782089326
],
"r_hip": [
-0.39712297961501236,
1.954246897587978,
0.5296426042353974
],
"r_knee": [
-0.3790192969153804,
3.6565579329276314,
0.3539152574309966
],
"r_ankle": [
-0.35496274794652155,
5.147379303159345,
1.2675350099920684
],
"r_body_wrist": [
-0.7272173126625014,
0.10310039452140768,
-3.608022230763087
],
"m_face_position": [
0.10923886299133301,
-0.12178462743759155,
-0.5361272133886814
],
"m_body_position": [
0.09966255724430084,
0.23175367712974548,
-0.6416870430111885
],
"m_face_scale": [
0.13765163273265626,
0.13765163273265626,
0.13765163273265626
],
"m_body_scale": [
0.3646798821786452,
0.3646798821786452,
0.3646798821786452
],
"l_hand_scale": null,
"r_hand_scale": [
0.2455290071222693,
0.2455290071222693,
0.2455290071222693
]
}
],
"framerate": 30,
"mirrorable": true,
"invalid": false
}