{
"label": "b",
"gestures": [
{
"l_hand_position": null,
"l_wrist": null,
"l_thumb_cmc": null,
"l_thumb_mcp": null,
"l_thumb_ip": null,
"l_thumb_tip": null,
"l_index_mcp": null,
"l_index_pip": null,
"l_index_dip": null,
"l_index_tip": null,
"l_middle_mcp": null,
"l_middle_pip": null,
"l_middle_dip": null,
"l_middle_tip": null,
"l_ring_mcp": null,
"l_ring_pip": null,
"l_ring_dip": null,
"l_ring_tip": null,
"l_pinky_mcp": null,
"l_pinky_pip": null,
"l_pinky_dip": null,
"l_pinky_tip": null,
"r_hand_position": [
-0.19036024808883667,
0.07341563701629639,
-0.5501853302121162
],
"r_wrist": [
-0.20684118149997055,
0.958021030403185,
0.1985256430311106
],
"r_thumb_cmc": [
0.06552750850306821,
0.8425037798674968,
0.11592376615165018
],
"r_thumb_mcp": [
0.25394514970285653,
0.563496442502494,
0.07836744397273848
],
"r_thumb_ip": [
0.24188250191772054,
0.3130598929690433,
0.0452851072106944
],
"r_thumb_tip": [
0.06352085941589182,
0.24451409941046193,
-0.0036862789782602036
],
"r_index_mcp": [
0.176203029918185,
0.04120462501962378,
0.05128216858102747
],
"r_index_pip": [
0.24874467355377455,
-0.38072019558738723,
-0.027920138850168637
],
"r_index_dip": [
0.2793590108405357,
-0.6538981000510556,
-0.09139935272290524
],
"r_index_tip": [
0.2857432460804078,
-0.896149016186356,
-0.14776260177338144
],
"r_middle_mcp": [
0.0,
0.0,
0.0
],
"r_middle_pip": [
0.09689081715760048,
-0.48656565924434547,
-0.07330031166556733
],
"r_middle_dip": [
0.14729000001507003,
-0.7987962960193227,
-0.1539479522820352
],
"r_middle_tip": [
0.15990827538659122,
-1.0512468039780265,
-0.21857776796597972
],
"r_ring_mcp": [
-0.1875064496837325,
0.07985192485277026,
-0.057444795300740925
],
"r_ring_pip": [
-0.15864965452678892,
-0.36378622765172375,
-0.16175618215569681
],
"r_ring_dip": [
-0.13557006587169548,
-0.6779472370342696,
-0.28005513687293715
],
"r_ring_tip": [
-0.13094773478597715,
-0.9392273074971786,
-0.3640266400335476
],
"r_pinky_mcp": [
-0.3915150268938501,
0.23865601861956864,
-0.11730815625704988
],
"r_pinky_pip": [
-0.5284136239072759,
-0.07766289599132317,
-0.23802408508043832
],
"r_pinky_dip": [
-0.6108399683662191,
-0.2979856800037228,
-0.3176687548309669
],
"r_pinky_tip": [
-0.6798227306599876,
-0.4981831447620954,
-0.3746930274071935
],
"l_hand_velocity": null,
"r_hand_velocity": null,
"m_nose_point": [
0.0,
0.0,
0.0
],
"m_top_nose": [
-0.007743699990367027,
-0.3247247888100241,
0.19966298310868685
],
"m_eyebrows": [
-0.015333352576752952,
-0.5766618035136026,
0.2687229480004511
],
"m_forehead": [
-0.020300066316328972,
-0.8800654922992036,
0.38087456268016184
],
"m_top_chin": [
0.01968932471835024,
0.6840613992169725,
0.16219208513711983
],
"m_bot_up_lip": [
0.029986830086423465,
0.3000589814923332,
0.10681615290220944
],
"m_top_low_lip": [
0.0340332045185563,
0.4977309195166913,
0.140863787623471
],
"m_bot_nose": [
-0.013598628517775536,
0.07586534065768748,
0.08075655707961117
],
"m_chin": [
0.025289135715751025,
0.9813197237598542,
0.19071460189150086
],
"m_nose": [
-0.006179555251895511,
-0.2661559658164097,
0.146580496178344
],
"l_eye_exterior": [
-0.3653805287982655,
-0.279915780520302,
0.40313746532410727
],
"l_temple": [
-0.5218485435114348,
-0.46402309317337315,
0.6856017088769317
],
"l_mid_chin": [
-0.16541347231727677,
0.781296308472531,
0.20358788083033275
],
"l_up_lip": [
-0.11047979233224076,
0.2722344509422786,
0.12129761863837972
],
"l_ext_nostril": [
-0.15307352380763947,
0.02440580535780086,
0.1272115477911697
],
"l_mid_cheek": [
-0.3903386504581449,
0.056066304129672645,
0.31336119791304295
],
"l_mid_eyebrow": [
-0.34515767404661485,
-0.5575221650197021,
0.33672713045759045
],
"l_ext_eyebrow": [
-0.41191411656182475,
-0.5141957690619542,
0.3751836735034408
],
"l_ext_lips": [
-0.2559035474934041,
0.42376073765334693,
0.25549564476184883
],
"l_jaw_angle": [
-0.4569893262801336,
0.524187997562382,
0.6520970795132855
],
"l_mid_ext_face": [
-0.529631694666236,
0.18419372948945073,
0.7843536093363285
],
"l_int_eyebrow": [
-0.13995000002726418,
-0.6157084056496488,
0.27632873843202066
],
"l_mid_jaw": [
-0.3442119732763211,
0.7414675400359052,
0.45515455359849444
],
"l_mid_bot_eyelid": [
-0.27775179021974317,
-0.2535101768510636,
0.3559355443073462
],
"l_ext_mouth": [
-0.17165220431582354,
0.5012785185127634,
0.22284082987851078
],
"l_top_eyelid": [
-0.2826176216959803,
-0.37285502155704114,
0.3594801962075037
],
"l_eye_int": [
-0.16093689233012354,
-0.31742594766432447,
0.3697803668774598
],
"l_pupil": [
-0.26741257933498236,
-0.3065385534566163,
0.3753881092027104
],
"r_eye_exterior": [
0.39433148402425994,
-0.3066229038034303,
0.4159557122368371
],
"r_temple": [
0.5087609015044259,
-0.49030376815523663,
0.6772621554065927
],
"r_mid_chin": [
0.2159701395396839,
0.767736755393814,
0.1951946045019971
],
"r_up_lip": [
0.16824850813859235,
0.23910129656088505,
0.11461894744930184
],
"r_ext_nostril": [
0.1731291807671643,
0.026815520053978394,
0.1631255278670358
],
"r_mid_cheek": [
0.40846063677233135,
0.03294040726372939,
0.2971492467697883
],
"r_mid_eyebrow": [
0.3875180800637885,
-0.5295563617284356,
0.3583263788034016
],
"r_ext_eyebrow": [
0.3174437946196637,
-0.5702662061707581,
0.3232073191434029
],
"r_ext_lips": [
0.26027642727690176,
0.49647017301898744,
0.22750291839913955
],
"r_jaw_angle": [
0.49606476533875427,
0.4890210417230623,
0.6436601896878396
],
"r_mid_ext_face": [
0.5455481730258638,
0.15358169237808933,
0.775308302713665
],
"r_int_eyebrow": [
0.11159513310960148,
-0.614315873476466,
0.2711882568431168
],
"r_mid_jaw": [
0.3954428796851772,
0.7079425040877988,
0.44811061863727875
],
"r_mid_bot_eyelid": [
0.26547496357320055,
-0.28523530038753236,
0.3448834297467073
],
"r_ext_mouth": [
0.29349919216036724,
0.4058963110841094,
0.24052518125544595
],
"r_top_eyelid": [
0.27314990581983944,
-0.3937387772443083,
0.3477966927653571
],
"r_eye_int": [
0.1589932649623327,
-0.328890831774274,
0.36243821164080847
],
"r_pupil": [
0.26060030255063765,
-0.34145997276300505,
0.36422558421803675
],
"l_shoulder": [
0.4439901766568994,
0.04058610151826428,
0.22633049152892423
],
"l_elbow": [
0.7517423568671264,
0.8533759317637374,
0.03072366029554382
],
"l_hip": [
0.26878793346607965,
1.6461313747444288,
0.21730797416810355
],
"l_knee": [
0.2424743124265117,
3.031957344452026,
0.21181872152588552
],
"l_ankle": [
0.2169440439579644,
4.211707445271461,
1.5762688244520109
],
"l_body_wrist": [
0.6661254335279322,
1.6300501976222759,
-0.3667408275303187
],
"r_shoulder": [
-0.4439901766568994,
-0.04058610151826428,
-0.22633049152892423
],
"r_elbow": [
-0.7792408448897494,
1.1016395359627498,
-1.2913974194013844
],
"r_hip": [
-0.3966012087302953,
1.6250381673659513,
0.18080230474845815
],
"r_knee": [
-0.33251750132767716,
3.0295264688405377,
0.2655509587427147
],
"r_ankle": [
-0.3050862955260479,
4.219023313854493,
1.200663811909619
],
"r_body_wrist": [
-0.4720518479022568,
0.4018926846979064,
-3.2905847546672433
],
"m_face_position": [
-0.02227059006690979,
-0.1852473020553589,
-0.5442056842148304
],
"m_body_position": [
-0.052776701748371124,
0.17783597111701965,
-0.587930902838707
],
"m_face_scale": [
0.15863885873018901,
0.15863885873018901,
0.15863885873018901
],
"m_body_scale": [
0.4513609400004072,
0.4513609400004072,
0.4513609400004072
],
"l_hand_scale": null,
"r_hand_scale": [
0.2527922458404281,
0.2527922458404281,
0.2527922458404281
]
}
],
"framerate": 30,
"mirrorable": true,
"invalid": false
}