{
"label": "b",
"gestures": [
{
"l_hand_position": null,
"l_wrist": null,
"l_thumb_cmc": null,
"l_thumb_mcp": null,
"l_thumb_ip": null,
"l_thumb_tip": null,
"l_index_mcp": null,
"l_index_pip": null,
"l_index_dip": null,
"l_index_tip": null,
"l_middle_mcp": null,
"l_middle_pip": null,
"l_middle_dip": null,
"l_middle_tip": null,
"l_ring_mcp": null,
"l_ring_pip": null,
"l_ring_dip": null,
"l_ring_tip": null,
"l_pinky_mcp": null,
"l_pinky_pip": null,
"l_pinky_dip": null,
"l_pinky_tip": null,
"r_hand_position": [
-0.1794062852859497,
-0.030503809452056885,
-0.5170382019132376
],
"r_wrist": [
0.11784066813059825,
0.9879841185476126,
0.10000479204633703
],
"r_thumb_cmc": [
-0.24349868762530527,
0.6969320050320478,
0.18212976262943947
],
"r_thumb_mcp": [
-0.37798861739913187,
0.24293053463289924,
0.22567120384553913
],
"r_thumb_ip": [
-0.35508127648979576,
-0.16047208389144874,
0.27742810693879344
],
"r_thumb_tip": [
-0.27436646769055684,
-0.4071328717765212,
0.34353527898731234
],
"r_index_mcp": [
-0.26207753537051354,
0.01630885963484713,
0.003907243492206693
],
"r_index_pip": [
-0.23259008020152921,
-0.6909118223391149,
0.024101415528920953
],
"r_index_dip": [
-0.2591729231664181,
-0.8820970535232515,
0.13228236218205652
],
"r_index_tip": [
-0.2860736029500267,
-0.8803268231405086,
0.24089743728299556
],
"r_middle_mcp": [
0.0,
0.0,
0.0
],
"r_middle_pip": [
-0.01903942250783299,
-0.7132978898748765,
-0.0014205136739782144
],
"r_middle_dip": [
-0.08219379080379341,
-0.9085315609778077,
0.11173139448294105
],
"r_middle_tip": [
-0.13999286234405478,
-0.9320392408865088,
0.23233656073299275
],
"r_ring_mcp": [
0.22113221157204044,
0.04275753592942337,
0.017962459473351525
],
"r_ring_pip": [
0.1866699192404861,
-0.5742655349450155,
0.036382410674693784
],
"r_ring_dip": [
0.10826393166870012,
-0.756278978613504,
0.1549849546069064
],
"r_ring_tip": [
0.03748585282223728,
-0.7914843478883282,
0.26967758745666165
],
"r_pinky_mcp": [
0.3815899516995183,
0.13991047316319785,
0.05085926990664918
],
"r_pinky_pip": [
0.28351516524469095,
-0.31191424359139996,
0.12026489543463366
],
"r_pinky_dip": [
0.20213267172500443,
-0.4579129448644167,
0.23244515570823845
],
"r_pinky_tip": [
0.13940004507457693,
-0.475004414255429,
0.33961569242382283
],
"l_hand_velocity": null,
"r_hand_velocity": null,
"m_nose_point": [
0.0,
0.0,
0.0
],
"m_top_nose": [
0.014575390907642679,
-0.3238409005026059,
0.22613159723636042
],
"m_eyebrows": [
0.02425992890274175,
-0.5840065750440495,
0.3108429313895578
],
"m_forehead": [
0.03631826183579174,
-0.9167983856048729,
0.45168901293948843
],
"m_top_chin": [
-0.017910909312113237,
0.6308490434280672,
0.09243825619653397
],
"m_bot_up_lip": [
-0.006771450780242897,
0.41348049596558933,
0.08893734689213369
],
"m_top_low_lip": [
-0.006369794895035776,
0.41990525885353597,
0.09445627404651047
],
"m_bot_nose": [
-0.019089475018383702,
0.08324512989396401,
0.07826999903756517
],
"m_chin": [
-0.02912849164493173,
0.9939671717785538,
0.10573926612679871
],
"m_nose": [
0.012206789795793573,
-0.2673314232865827,
0.16678732229489207
],
"l_eye_exterior": [
-0.3531661083111439,
-0.2975004114272449,
0.4284674434894457
],
"l_temple": [
-0.5092074720293223,
-0.4978483579352293,
0.7474664537109886
],
"l_mid_chin": [
-0.20979789669081805,
0.7725182246848364,
0.11944271642642137
],
"l_up_lip": [
-0.1250842124665655,
0.3120268938057622,
0.0959916988878599
],
"l_ext_nostril": [
-0.1519877988551317,
0.029429949968257978,
0.1295389327680334
],
"l_mid_cheek": [
-0.40186796643961187,
0.05524478056023096,
0.314213531789996
],
"l_mid_eyebrow": [
-0.3109387872374317,
-0.5825181110470373,
0.37379229310181367
],
"l_ext_eyebrow": [
-0.3824956443081001,
-0.5466872032271327,
0.4124364692911802
],
"l_ext_lips": [
-0.27120601755853757,
0.447591814526951,
0.19950485598088927
],
"l_jaw_angle": [
-0.5134311346972034,
0.569221266998125,
0.6384824258806131
],
"l_mid_ext_face": [
-0.5633639296118018,
0.2113270456589611,
0.806730931059894
],
"l_int_eyebrow": [
-0.09765431836634858,
-0.6206985759497511,
0.31739587966402383
],
"l_mid_jaw": [
-0.4139390675284955,
0.7811698405139369,
0.40670194425122286
],
"l_mid_bot_eyelid": [
-0.2668685235352583,
-0.2595285652062875,
0.37883342883158977
],
"l_ext_mouth": [
-0.18336651565867532,
0.489396271592207,
0.1554153453658438
],
"l_top_eyelid": [
-0.2621479848369701,
-0.37893462728704236,
0.38614436124698126
],
"l_eye_int": [
-0.14114763455237853,
-0.3177571988620118,
0.3971919404540869
],
"l_pupil": [
-0.2523420411567411,
-0.3175845041441264,
0.40126054577188675
],
"r_eye_exterior": [
0.4247065182658233,
-0.23652402735423886,
0.45360625162726537
],
"r_temple": [
0.5626372267763894,
-0.420804223587992,
0.739733712283068
],
"r_mid_chin": [
0.16304545462589842,
0.797182839204678,
0.11583285850418223
],
"r_up_lip": [
0.11816040945400265,
0.3285324403384923,
0.09232472240408957
],
"r_ext_nostril": [
0.16780602906705483,
0.06578478499618334,
0.16955055951135756
],
"r_mid_cheek": [
0.4110995595167484,
0.11266339375349291,
0.30803869135062445
],
"r_mid_eyebrow": [
0.43398442295903433,
-0.4685043225070722,
0.4073075254388703
],
"r_ext_eyebrow": [
0.3625494043923376,
-0.5121861312987138,
0.3700470102216463
],
"r_ext_lips": [
0.21089011503814584,
0.5451699567771396,
0.16549911140295917
],
"r_jaw_angle": [
0.495758492157511,
0.6434460194097598,
0.6322916015766691
],
"r_mid_ext_face": [
0.569963551311843,
0.29716129786468054,
0.7989696235884133
],
"r_int_eyebrow": [
0.15234703849384065,
-0.5779889864815431,
0.31646086585400046
],
"r_mid_jaw": [
0.37539936298707277,
0.8359132004459217,
0.40045795085767927
],
"r_mid_bot_eyelid": [
0.2915744722544935,
-0.2179731953844977,
0.3748834767415977
],
"r_ext_mouth": [
0.25096437878323435,
0.4809809748507393,
0.19243294100809744
],
"r_top_eyelid": [
0.30500051272768847,
-0.32224769434587375,
0.3822081308668337
],
"r_eye_int": [
0.18044693616119187,
-0.28805587147993394,
0.3949359128178769
],
"r_pupil": [
0.2938363835218345,
-0.2796295378579999,
0.3975284300524228
],
"l_shoulder": [
0.4846193510408132,
-0.039917501070155244,
0.11640737822447172
],
"l_elbow": [
0.7260100998751209,
0.7401120044679663,
-0.6981297822767606
],
"l_hip": [
0.38879589158901584,
1.8268167713929977,
0.04835046191517656
],
"l_knee": [
0.38467208603291647,
3.4380300297447124,
-0.5556111043938401
],
"l_ankle": [
0.3952464076838607,
4.956413744538813,
0.4076936309419304
],
"l_body_wrist": [
0.6539780133174196,
1.0331736512148928,
-2.2536466271884366
],
"r_shoulder": [
-0.4846193510408132,
0.039917501070155244,
-0.11640737822447172
],
"r_elbow": [
-0.6763578344393855,
0.8196121884726602,
-1.6855020627986685
],
"r_hip": [
-0.34651602654844244,
1.8521122329205197,
0.2218619488051954
],
"r_knee": [
-0.3068757309095419,
3.424330684807662,
-0.4566426476311469
],
"r_ankle": [
-0.2839098970197204,
4.919659594193813,
-0.09297069620262349
],
"r_body_wrist": [
-0.48649083208152044,
-0.06864314684669087,
-4.135422920413221
],
"m_face_position": [
-0.002295076847076416,
-0.1718117892742157,
-0.5380394905805588
],
"m_body_position": [
0.020323246717453003,
0.1774429976940155,
-0.5478605562821031
],
"m_face_scale": [
0.13771268488457303,
0.13771268488457303,
0.13771268488457303
],
"m_body_scale": [
0.36779129624850865,
0.36779129624850865,
0.36779129624850865
],
"l_hand_scale": null,
"r_hand_scale": [
0.17037302347966585,
0.17037302347966585,
0.17037302347966585
]
}
],
"framerate": 30,
"mirrorable": true,
"invalid": false
}