{
"label": "b",
"gestures": [
{
"l_hand_position": null,
"l_wrist": null,
"l_thumb_cmc": null,
"l_thumb_mcp": null,
"l_thumb_ip": null,
"l_thumb_tip": null,
"l_index_mcp": null,
"l_index_pip": null,
"l_index_dip": null,
"l_index_tip": null,
"l_middle_mcp": null,
"l_middle_pip": null,
"l_middle_dip": null,
"l_middle_tip": null,
"l_ring_mcp": null,
"l_ring_pip": null,
"l_ring_dip": null,
"l_ring_tip": null,
"l_pinky_mcp": null,
"l_pinky_pip": null,
"l_pinky_dip": null,
"l_pinky_tip": null,
"r_hand_position": [
-0.10430225729942322,
-0.04293566942214966,
-0.5234607495367527
],
"r_wrist": [
-0.16683416742487153,
0.9668303117923411,
0.19340503814320423
],
"r_thumb_cmc": [
-0.07435366528577884,
0.5812734427207811,
0.19823370480154862
],
"r_thumb_mcp": [
-0.015587443436094616,
0.13735745076357814,
0.17082944213980616
],
"r_thumb_ip": [
-0.010760483057988369,
-0.22925715510484707,
0.1315103245200712
],
"r_thumb_tip": [
0.006173310603179911,
-0.5344840871342567,
0.0879326238246351
],
"r_index_mcp": [
0.013841610461756398,
-0.06839655690852317,
0.07918703648983136
],
"r_index_pip": [
0.027477337440189487,
-0.600099988596177,
-0.04635747321391464
],
"r_index_dip": [
0.0130880965675409,
-0.9220174867825901,
-0.13147033171485673
],
"r_index_tip": [
-0.02555584015728782,
-1.1883132770847784,
-0.18903137970773062
],
"r_middle_mcp": [
0.0,
0.0,
0.0
],
"r_middle_pip": [
-0.010658032685021997,
-0.5166810622511339,
-0.12852589694000757
],
"r_middle_dip": [
-0.0555986135555465,
-0.8799020302255914,
-0.21099095380533375
],
"r_middle_tip": [
-0.11841911851000547,
-1.1896748597394058,
-0.2703040997234107
],
"r_ring_mcp": [
-0.02616538302378559,
0.14588982247280863,
-0.08009017982939619
],
"r_ring_pip": [
-0.04867596569206099,
-0.2606163052377672,
-0.19495707119903166
],
"r_ring_dip": [
-0.07960934485051895,
-0.5705694670627501,
-0.2632567056324104
],
"r_ring_tip": [
-0.11280228295423282,
-0.85015014709494,
-0.3147513771344152
],
"r_pinky_mcp": [
-0.052813044421990814,
0.3539618619649045,
-0.1585481556952382
],
"r_pinky_pip": [
-0.08273936343946757,
0.1295397748216358,
-0.26996308984888473
],
"r_pinky_dip": [
-0.0924190810521824,
-0.05182932429403553,
-0.32208870946617557
],
"r_pinky_tip": [
-0.10897206397450684,
-0.22378797584200677,
-0.35783989726079013
],
"l_hand_velocity": null,
"r_hand_velocity": null,
"m_nose_point": null,
"m_top_nose": null,
"m_eyebrows": null,
"m_forehead": null,
"m_top_chin": null,
"m_bot_up_lip": null,
"m_top_low_lip": null,
"m_bot_nose": null,
"m_chin": null,
"m_nose": null,
"l_eye_exterior": null,
"l_temple": null,
"l_mid_chin": null,
"l_up_lip": null,
"l_ext_nostril": null,
"l_mid_cheek": null,
"l_mid_eyebrow": null,
"l_ext_eyebrow": null,
"l_ext_lips": null,
"l_jaw_angle": null,
"l_mid_ext_face": null,
"l_int_eyebrow": null,
"l_mid_jaw": null,
"l_mid_bot_eyelid": null,
"l_ext_mouth": null,
"l_top_eyelid": null,
"l_eye_int": null,
"l_pupil": null,
"r_eye_exterior": null,
"r_temple": null,
"r_mid_chin": null,
"r_up_lip": null,
"r_ext_nostril": null,
"r_mid_cheek": null,
"r_mid_eyebrow": null,
"r_ext_eyebrow": null,
"r_ext_lips": null,
"r_jaw_angle": null,
"r_mid_ext_face": null,
"r_int_eyebrow": null,
"r_mid_jaw": null,
"r_mid_bot_eyelid": null,
"r_ext_mouth": null,
"r_top_eyelid": null,
"r_eye_int": null,
"r_pupil": null,
"l_shoulder": null,
"l_elbow": null,
"l_hip": null,
"l_knee": null,
"l_ankle": null,
"l_body_wrist": null,
"r_shoulder": null,
"r_elbow": null,
"r_hip": null,
"r_knee": null,
"r_ankle": null,
"r_body_wrist": null,
"m_face_position": null,
"m_body_position": null,
"m_face_scale": null,
"m_body_scale": null,
"l_hand_scale": null,
"r_hand_scale": [
0.12130330106019394,
0.12130330106019394,
0.12130330106019394
]
}
],
"framerate": 30,
"mirrorable": true,
"invalid": false
}