{
"label": "b",
"gestures": [
{
"l_hand_position": null,
"l_wrist": null,
"l_thumb_cmc": null,
"l_thumb_mcp": null,
"l_thumb_ip": null,
"l_thumb_tip": null,
"l_index_mcp": null,
"l_index_pip": null,
"l_index_dip": null,
"l_index_tip": null,
"l_middle_mcp": null,
"l_middle_pip": null,
"l_middle_dip": null,
"l_middle_tip": null,
"l_ring_mcp": null,
"l_ring_pip": null,
"l_ring_dip": null,
"l_ring_tip": null,
"l_pinky_mcp": null,
"l_pinky_pip": null,
"l_pinky_dip": null,
"l_pinky_tip": null,
"r_hand_position": [
-0.10430225729942322,
-0.04293566942214966,
-0.5234607495367527
],
"r_wrist": [
-0.16683416742487153,
0.9668303117923411,
0.19340503814320423
],
"r_thumb_cmc": [
-0.07435366528577884,
0.5812734427207811,
0.19823370480154862
],
"r_thumb_mcp": [
-0.015587443436094616,
0.13735745076357814,
0.17082944213980616
],
"r_thumb_ip": [
-0.010760483057988369,
-0.22925715510484707,
0.1315103245200712
],
"r_thumb_tip": [
0.006173310603179911,
-0.5344840871342567,
0.0879326238246351
],
"r_index_mcp": [
0.013841610461756398,
-0.06839655690852317,
0.07918703648983136
],
"r_index_pip": [
0.027477337440189487,
-0.600099988596177,
-0.04635747321391464
],
"r_index_dip": [
0.0130880965675409,
-0.9220174867825901,
-0.13147033171485673
],
"r_index_tip": [
-0.02555584015728782,
-1.1883132770847784,
-0.18903137970773062
],
"r_middle_mcp": [
0.0,
0.0,
0.0
],
"r_middle_pip": [
-0.010658032685021997,
-0.5166810622511339,
-0.12852589694000757
],
"r_middle_dip": [
-0.0555986135555465,
-0.8799020302255914,
-0.21099095380533375
],
"r_middle_tip": [
-0.11841911851000547,
-1.1896748597394058,
-0.2703040997234107
],
"r_ring_mcp": [
-0.02616538302378559,
0.14588982247280863,
-0.08009017982939619
],
"r_ring_pip": [
-0.04867596569206099,
-0.2606163052377672,
-0.19495707119903166
],
"r_ring_dip": [
-0.07960934485051895,
-0.5705694670627501,
-0.2632567056324104
],
"r_ring_tip": [
-0.11280228295423282,
-0.85015014709494,
-0.3147513771344152
],
"r_pinky_mcp": [
-0.052813044421990814,
0.3539618619649045,
-0.1585481556952382
],
"r_pinky_pip": [
-0.08273936343946757,
0.1295397748216358,
-0.26996308984888473
],
"r_pinky_dip": [
-0.0924190810521824,
-0.05182932429403553,
-0.32208870946617557
],
"r_pinky_tip": [
-0.10897206397450684,
-0.22378797584200677,
-0.35783989726079013
],
"l_hand_velocity": null,
"r_hand_velocity": null,
"m_nose_point": [
0.0,
0.0,
0.0
],
"m_top_nose": [
0.0004271604460323944,
-0.2959691125042723,
0.21377666945051002
],
"m_eyebrows": [
0.009711318649311027,
-0.5553406381062036,
0.29853103023497946
],
"m_forehead": [
0.02977172432759576,
-0.8838187411561113,
0.44340108831360986
],
"m_top_chin": [
-0.04505481173718221,
0.639452181599799,
0.08840376821153413
],
"m_bot_up_lip": [
-0.04158954692597906,
0.3611701016991613,
0.08324417902802016
],
"m_top_low_lip": [
-0.04110209146668961,
0.3639349677472129,
0.10070421629895479
],
"m_bot_nose": [
-0.024414809628644778,
0.07979938851379227,
0.07285458128701436
],
"m_chin": [
-0.06345667993812844,
0.9945976650201028,
0.08215068172443281
],
"m_nose": [
0.0006033747453399925,
-0.2419082639277789,
0.1579724039675293
],
"l_eye_exterior": [
-0.3599850074597215,
-0.32637902982430017,
0.40759624018261925
],
"l_temple": [
-0.5397193466257774,
-0.5566669160914742,
0.720546984058185
],
"l_mid_chin": [
-0.2401618316071713,
0.7643350432127091,
0.12569883466423698
],
"l_up_lip": [
-0.16973343460800322,
0.2622215265102508,
0.10013136059641656
],
"l_ext_nostril": [
-0.17013002293463766,
0.013386129862220923,
0.12292710846612948
],
"l_mid_cheek": [
-0.4277986390248265,
0.019395249774994728,
0.30354863288914546
],
"l_mid_eyebrow": [
-0.31014268674737505,
-0.603452874089565,
0.3591335593384248
],
"l_ext_eyebrow": [
-0.38349624111504926,
-0.5671565499471245,
0.39552623740665005
],
"l_ext_lips": [
-0.322881069829852,
0.38589424173032555,
0.21301927637492618
],
"l_jaw_angle": [
-0.5811942481040142,
0.5092164391092474,
0.6035220328943837
],
"l_mid_ext_face": [
-0.6281585434652597,
0.13316811827613778,
0.7605759729033682
],
"l_int_eyebrow": [
-0.09895515668683644,
-0.6262244323005702,
0.3035954696679844
],
"l_mid_jaw": [
-0.45331277111348905,
0.7498096772901454,
0.384118126323306
],
"l_mid_bot_eyelid": [
-0.2772063234493226,
-0.29036910699483076,
0.3608133805308303
],
"l_ext_mouth": [
-0.2326890714782209,
0.4317626115337086,
0.17632929638779005
],
"l_top_eyelid": [
-0.27407480427488035,
-0.38717423692372976,
0.37137273713013363
],
"l_eye_int": [
-0.16597348853482544,
-0.3304287741126043,
0.3785351982086843
],
"l_pupil": [
-0.2725810165520752,
-0.34118952322152674,
0.38253934970087244
],
"r_eye_exterior": [
0.38484183898132823,
-0.24276959093053904,
0.4197984567596654
],
"r_temple": [
0.5159851912665063,
-0.4066306309375204,
0.6844059620361583
],
"r_mid_chin": [
0.13642595974948127,
0.7983556552174651,
0.11907138567515031
],
"r_up_lip": [
0.10262041411243447,
0.294266839911684,
0.09099458283157237
],
"r_ext_nostril": [
0.15871770553104655,
0.07184702826178661,
0.15326401229354136
],
"r_mid_cheek": [
0.3887206766299425,
0.12567073060656125,
0.2886821403656649
],
"r_mid_eyebrow": [
0.401842485043202,
-0.45614366444718485,
0.3810098812362873
],
"r_ext_eyebrow": [
0.33862825899641,
-0.5055651939050402,
0.3473232338092515
],
"r_ext_lips": [
0.20591383946439315,
0.5360850859323467,
0.178342438604187
],
"r_jaw_angle": [
0.4258759924049113,
0.6183202655978933,
0.5660034343568814
],
"r_mid_ext_face": [
0.48976535275507455,
0.2714693803217444,
0.7214498169591556
],
"r_int_eyebrow": [
0.14665403213917144,
-0.5878417733156047,
0.2999544549776902
],
"r_mid_jaw": [
0.323789741156402,
0.8151754162395677,
0.35996526296594367
],
"r_mid_bot_eyelid": [
0.2584061684706642,
-0.22846077752037738,
0.3498334980600166
],
"r_ext_mouth": [
0.2505809797430986,
0.4648613892160627,
0.20090549867626
],
"r_top_eyelid": [
0.2762585877479863,
-0.32781761788708125,
0.3582203698666252
],
"r_eye_int": [
0.16052995283091362,
-0.2965563519643745,
0.37057742414386863
],
"r_pupil": [
0.2694452512499388,
-0.28010579174527905,
0.3708622198898053
],
"l_shoulder": [
0.48989096104441193,
-0.005038847021447867,
-0.09990723851491906
],
"l_elbow": [
0.9598782452143332,
0.5512316811510287,
-0.6037067656538616
],
"l_hip": [
0.2785999320737972,
1.8744398431763873,
0.16332116680313574
],
"l_knee": [
0.22609607066939694,
3.4642151859976438,
-0.1302207958074274
],
"l_ankle": [
0.23026413712453894,
4.892058627613123,
0.943516400107059
],
"l_body_wrist": [
0.8115909870071847,
1.1797067298363182,
-1.2911084336243148
],
"r_shoulder": [
-0.48989096104441193,
0.005038847021447867,
0.09990723851491906
],
"r_elbow": [
-0.7792531461180707,
0.776735186492567,
-1.019839561687181
],
"r_hip": [
-0.4091814985414376,
1.8489278679297527,
0.5947174702722576
],
"r_knee": [
-0.42376487719923045,
3.4182072767350222,
0.6744009996372221
],
"r_ankle": [
-0.35840602330266635,
4.807193349062903,
1.5084755878648446
],
"r_body_wrist": [
-0.6101548333396182,
0.16069191337759417,
-3.0467655481620755
],
"m_face_position": [
0.09561437368392944,
-0.10993307828903198,
-0.5371348597109318
],
"m_body_position": [
0.0663977563381195,
0.21076196432113647,
-0.6442656368017197
],
"m_face_scale": [
0.14037412218521664,
0.14037412218521664,
0.14037412218521664
],
"m_body_scale": [
0.38680910054602635,
0.38680910054602635,
0.38680910054602635
],
"l_hand_scale": null,
"r_hand_scale": [
0.12130330106019394,
0.12130330106019394,
0.12130330106019394
]
}
],
"framerate": 30,
"mirrorable": true,
"invalid": false
}