{
"label": "b",
"gestures": [
{
"l_hand_position": null,
"l_wrist": null,
"l_thumb_cmc": null,
"l_thumb_mcp": null,
"l_thumb_ip": null,
"l_thumb_tip": null,
"l_index_mcp": null,
"l_index_pip": null,
"l_index_dip": null,
"l_index_tip": null,
"l_middle_mcp": null,
"l_middle_pip": null,
"l_middle_dip": null,
"l_middle_tip": null,
"l_ring_mcp": null,
"l_ring_pip": null,
"l_ring_dip": null,
"l_ring_tip": null,
"l_pinky_mcp": null,
"l_pinky_pip": null,
"l_pinky_dip": null,
"l_pinky_tip": null,
"r_hand_position": [
-0.13796532154083252,
0.028264284133911133,
0.49743607733398676
],
"r_wrist": [
-0.2840062864728946,
0.9586295656026029,
0.019229799698411872
],
"r_thumb_cmc": [
4.6938089494653764e-05,
0.8372029632270523,
0.01802497166964208
],
"r_thumb_mcp": [
0.20021732643070006,
0.5571408173599799,
-0.0015771547311940978
],
"r_thumb_ip": [
0.28551054048384233,
0.34198555570496225,
-0.009731996445050104
],
"r_thumb_tip": [
0.3693911415579074,
0.21916645667440368,
-0.020200246858613262
],
"r_index_mcp": [
0.14337395896440308,
0.08149212286292283,
-0.0460046920578458
],
"r_index_pip": [
0.2883156501179276,
-0.19171035649657378,
0.006148587629696869
],
"r_index_dip": [
0.4014207997702116,
-0.3098901841673655,
0.065100165066735
],
"r_index_tip": [
0.5246882693128001,
-0.3643920115120149,
0.10524563199012461
],
"r_middle_mcp": [
-0.0,
0.0,
-0.0
],
"r_middle_pip": [
0.1525416383868446,
-0.3063441232634004,
0.06414824035576266
],
"r_middle_dip": [
0.299879854281139,
-0.39666753590738635,
0.1303700546329686
],
"r_middle_tip": [
0.4458586536977835,
-0.40168231198311044,
0.16817981027930634
],
"r_ring_mcp": [
-0.15743526948873007,
-0.01720795063816383,
0.05852027262250197
],
"r_ring_pip": [
-0.059042752231189335,
-0.3588466115102894,
0.12906394641410188
],
"r_ring_dip": [
0.0765408249653725,
-0.4828941473973366,
0.191424292589542
],
"r_ring_tip": [
0.21468811590718995,
-0.541894208318557,
0.22506199945712288
],
"r_pinky_mcp": [
-0.32754203502332163,
0.023718934195207944,
0.1184562944148822
],
"r_pinky_pip": [
-0.35035931087080846,
-0.30751891658903796,
0.18196514998280985
],
"r_pinky_dip": [
-0.3115227356229319,
-0.521236531617248,
0.2303605414292472
],
"r_pinky_tip": [
-0.24715496889593008,
-0.6894409634390348,
0.2596226125397229
],
"l_hand_velocity": null,
"r_hand_velocity": null,
"m_nose_point": null,
"m_top_nose": null,
"m_eyebrows": null,
"m_forehead": null,
"m_top_chin": null,
"m_bot_up_lip": null,
"m_top_low_lip": null,
"m_bot_nose": null,
"m_chin": null,
"m_nose": null,
"l_eye_exterior": null,
"l_temple": null,
"l_mid_chin": null,
"l_up_lip": null,
"l_ext_nostril": null,
"l_mid_cheek": null,
"l_mid_eyebrow": null,
"l_ext_eyebrow": null,
"l_ext_lips": null,
"l_jaw_angle": null,
"l_mid_ext_face": null,
"l_int_eyebrow": null,
"l_mid_jaw": null,
"l_mid_bot_eyelid": null,
"l_ext_mouth": null,
"l_top_eyelid": null,
"l_eye_int": null,
"l_pupil": null,
"r_eye_exterior": null,
"r_temple": null,
"r_mid_chin": null,
"r_up_lip": null,
"r_ext_nostril": null,
"r_mid_cheek": null,
"r_mid_eyebrow": null,
"r_ext_eyebrow": null,
"r_ext_lips": null,
"r_jaw_angle": null,
"r_mid_ext_face": null,
"r_int_eyebrow": null,
"r_mid_jaw": null,
"r_mid_bot_eyelid": null,
"r_ext_mouth": null,
"r_top_eyelid": null,
"r_eye_int": null,
"r_pupil": null,
"l_shoulder": null,
"l_elbow": null,
"l_hip": null,
"l_knee": null,
"l_ankle": null,
"l_body_wrist": null,
"r_shoulder": null,
"r_elbow": null,
"r_hip": null,
"r_knee": null,
"r_ankle": null,
"r_body_wrist": null,
"m_face_position": null,
"m_body_position": null,
"m_face_scale": null,
"m_body_scale": null,
"l_hand_scale": null,
"r_hand_scale": [
-0.13333494756169945,
0.13333494756169945,
-0.13333494756169945
]
}
],
"framerate": 30,
"mirrorable": true,
"invalid": false
}