{
"label": "b",
"gestures": [
{
"l_hand_position": null,
"l_wrist": null,
"l_thumb_cmc": null,
"l_thumb_mcp": null,
"l_thumb_ip": null,
"l_thumb_tip": null,
"l_index_mcp": null,
"l_index_pip": null,
"l_index_dip": null,
"l_index_tip": null,
"l_middle_mcp": null,
"l_middle_pip": null,
"l_middle_dip": null,
"l_middle_tip": null,
"l_ring_mcp": null,
"l_ring_pip": null,
"l_ring_dip": null,
"l_ring_tip": null,
"l_pinky_mcp": null,
"l_pinky_pip": null,
"l_pinky_dip": null,
"l_pinky_tip": null,
"r_hand_position": [
-0.1453080177307129,
0.04233753681182861,
-0.5196972843259573
],
"r_wrist": [
-0.10280991468281175,
0.991453215395152,
0.080315895845887
],
"r_thumb_cmc": [
0.15750357362828724,
0.7843897525358433,
-0.0029528031480236688
],
"r_thumb_mcp": [
0.3724204999076195,
0.4487580891949077,
-0.03129962678749666
],
"r_thumb_ip": [
0.5292711574785355,
0.20716262152352133,
-0.05973752814612091
],
"r_thumb_tip": [
0.6851486991388934,
0.07054361243721197,
-0.09327708050052927
],
"r_index_mcp": [
0.15081048531189986,
-0.0036897716668564465,
0.025434265724419848
],
"r_index_pip": [
0.17776487249778103,
-0.3919241342288703,
-0.05458758135179755
],
"r_index_dip": [
0.17982788308888303,
-0.6291772787299416,
-0.1277169595009572
],
"r_index_tip": [
0.17124494728985334,
-0.8391416185893554,
-0.18360433504332066
],
"r_middle_mcp": [
0.0,
0.0,
0.0
],
"r_middle_pip": [
0.03588352768385942,
-0.41817845638469087,
-0.07642270503099471
],
"r_middle_dip": [
0.04901536720364739,
-0.6951365041989074,
-0.15511967205053911
],
"r_middle_tip": [
0.05157708754711336,
-0.9314506793392291,
-0.21680046242236362
],
"r_ring_mcp": [
-0.1485315372865993,
0.07659010363071227,
-0.039960470795586865
],
"r_ring_pip": [
-0.1161618232478071,
-0.3211727260615067,
-0.12177769272698473
],
"r_ring_dip": [
-0.09341390214083196,
-0.5659088256894833,
-0.17964862129726136
],
"r_ring_tip": [
-0.07295574415856293,
-0.7782944111180617,
-0.21907239278484764
],
"r_pinky_mcp": [
-0.30742952963037784,
0.20180294990125908,
-0.08918215272911618
],
"r_pinky_pip": [
-0.28556091256046545,
-0.12251952196465148,
-0.17037001030486798
],
"r_pinky_dip": [
-0.2609064960088417,
-0.32992420728610383,
-0.20979966022429408
],
"r_pinky_tip": [
-0.23423390899735913,
-0.5268432284209742,
-0.23524588787396936
],
"l_hand_velocity": null,
"r_hand_velocity": null,
"m_nose_point": [
0.0,
0.0,
0.0
],
"m_top_nose": [
0.01851300721563023,
-0.3167523465150479,
0.22754874250330123
],
"m_eyebrows": [
0.03495956208030944,
-0.574581587148602,
0.31884027630329387
],
"m_forehead": [
0.05199426107564394,
-0.8810489296549664,
0.4631669935200126
],
"m_top_chin": [
-0.04626232609302679,
0.6152683584369214,
0.05788202579083314
],
"m_bot_up_lip": [
-0.02867685954802093,
0.402295311142826,
0.07989810741249635
],
"m_top_low_lip": [
-0.028166905506320544,
0.40445327167480666,
0.07683937664900123
],
"m_bot_nose": [
-0.025975005320342973,
0.08533180842601251,
0.07191566995367359
],
"m_chin": [
-0.07144082358412586,
0.9954152528435876,
0.06359782332720651
],
"m_nose": [
0.015694297470393297,
-0.26199135921484584,
0.16835845918142803
],
"l_eye_exterior": [
-0.36571523798813255,
-0.27174514319609666,
0.40379056233912813
],
"l_temple": [
-0.5376552435999653,
-0.47948396549688405,
0.705967760733934
],
"l_mid_chin": [
-0.25024179469381475,
0.7614533220555811,
0.07737412758189319
],
"l_up_lip": [
-0.15496974899750512,
0.30670234238910254,
0.08119565475406805
],
"l_ext_nostril": [
-0.1678590844306096,
0.023377118134022636,
0.11696614364637167
],
"l_mid_cheek": [
-0.421932623099088,
0.04434043948346766,
0.28560676983451116
],
"l_mid_eyebrow": [
-0.3124828239654115,
-0.5647872044673169,
0.36055604137946123
],
"l_ext_eyebrow": [
-0.38740009919691687,
-0.5303934464922471,
0.39297647295688287
],
"l_ext_lips": [
-0.3077011992947078,
0.43485332049094916,
0.17174130155764722
],
"l_jaw_angle": [
-0.5609271058450103,
0.570826099991463,
0.5742113119677338
],
"l_mid_ext_face": [
-0.6098113776132665,
0.21980415448875168,
0.7440087963680355
],
"l_int_eyebrow": [
-0.0970248784596943,
-0.5983109902987951,
0.3191589405209984
],
"l_mid_jaw": [
-0.4599815529248629,
0.7769759879845597,
0.3489839082141355
],
"l_mid_bot_eyelid": [
-0.2768835638496413,
-0.23878393935080774,
0.36044926169668257
],
"l_ext_mouth": [
-0.2270717514107606,
0.48437342375180575,
0.1307664661134794
],
"l_top_eyelid": [
-0.2743445340379739,
-0.3539532146067735,
0.3681410573044167
],
"l_eye_int": [
-0.16038763477668252,
-0.29403189624348447,
0.38380986647057225
],
"l_pupil": [
-0.2703254775425171,
-0.29006911942744035,
0.3824634100469156
],
"r_eye_exterior": [
0.4019168195583795,
-0.2041680699692012,
0.4649169666527401
],
"r_temple": [
0.54760342876392,
-0.35859564373450253,
0.7572389782946818
],
"r_mid_chin": [
0.13259750239131501,
0.797607216263883,
0.09088365380470778
],
"r_up_lip": [
0.10661648244874472,
0.33489244715258554,
0.09138710990632332
],
"r_ext_nostril": [
0.16507259587587605,
0.07381831782740297,
0.1709794449336905
],
"r_mid_cheek": [
0.39166102942908576,
0.1333521226729045,
0.3169719943430607
],
"r_mid_eyebrow": [
0.4117253795634861,
-0.432889975949609,
0.4248110897272127
],
"r_ext_eyebrow": [
0.34732166398530157,
-0.4791495095394588,
0.38601367507154
],
"r_ext_lips": [
0.19057974951010975,
0.5478504578911126,
0.16050619533223898
],
"r_jaw_angle": [
0.45203151118799206,
0.6826785258970093,
0.6229853067114922
],
"r_mid_ext_face": [
0.5281345262300224,
0.34824490849719214,
0.7977093842887709
],
"r_int_eyebrow": [
0.15699796553572545,
-0.5594307537580326,
0.328042577827209
],
"r_mid_jaw": [
0.3354105638958801,
0.8589215640966021,
0.38561364899144035
],
"r_mid_bot_eyelid": [
0.2746173401175693,
-0.17610684996773177,
0.38380655037304956
],
"r_ext_mouth": [
0.23505487356988158,
0.48987035885168484,
0.192887484875947
],
"r_top_eyelid": [
0.28928872219344814,
-0.2937419055289539,
0.3928719017682033
],
"r_eye_int": [
0.17194344253881985,
-0.25539675555848446,
0.3999097750274191
],
"r_pupil": [
0.2766829332367735,
-0.23478228229822287,
0.4060102130254267
],
"l_shoulder": [
0.4939837559710932,
0.01680241727643726,
-0.07548329358447443
],
"l_elbow": [
0.8301164337804131,
0.819333983176694,
-0.25983294825574127
],
"l_hip": [
0.33247591010012534,
1.940575240889761,
0.1149152676292022
],
"l_knee": [
0.2938929441834317,
3.5749335750247853,
-0.08587424657855876
],
"l_ankle": [
0.2767946532596968,
5.03609046082599,
1.382343256762121
],
"l_body_wrist": [
0.9379188302309366,
1.8813152315959505,
-0.8360853707374745
],
"r_shoulder": [
-0.4939837559710932,
-0.01680241727643726,
0.07548329358447443
],
"r_elbow": [
-0.8474258712568231,
1.0911786158327634,
-1.3633284989697616
],
"r_hip": [
-0.4000481764272223,
1.9336877887915793,
0.58554452901844
],
"r_knee": [
-0.389089638758258,
3.5803921161217667,
1.0092019735324564
],
"r_ankle": [
-0.37244633154301765,
5.004459222734433,
2.341992020472407
],
"r_body_wrist": [
-0.7303702969346897,
0.18914996178803123,
-3.834372814712225
],
"m_face_position": [
0.09895038604736328,
-0.11934995651245117,
-0.5368811450898647
],
"m_body_position": [
0.09349459409713745,
0.2302761971950531,
-0.6297417655587196
],
"m_face_scale": [
0.13873939132333962,
0.13873939132333962,
0.13873939132333962
],
"m_body_scale": [
0.3774222645600167,
0.3774222645600167,
0.3774222645600167
],
"l_hand_scale": null,
"r_hand_scale": [
0.24525032947389344,
0.24525032947389344,
0.24525032947389344
]
}
],
"framerate": 30,
"mirrorable": true,
"invalid": false
}