{
"label": "b",
"gestures": [
{
"l_hand_position": null,
"l_wrist": null,
"l_thumb_cmc": null,
"l_thumb_mcp": null,
"l_thumb_ip": null,
"l_thumb_tip": null,
"l_index_mcp": null,
"l_index_pip": null,
"l_index_dip": null,
"l_index_tip": null,
"l_middle_mcp": null,
"l_middle_pip": null,
"l_middle_dip": null,
"l_middle_tip": null,
"l_ring_mcp": null,
"l_ring_pip": null,
"l_ring_dip": null,
"l_ring_tip": null,
"l_pinky_mcp": null,
"l_pinky_pip": null,
"l_pinky_dip": null,
"l_pinky_tip": null,
"r_hand_position": [
-0.1556568145751953,
0.061265408992767334,
-0.5264359600841999
],
"r_wrist": [
-0.23801019732607337,
0.9615539143335271,
0.1369861883500513
],
"r_thumb_cmc": [
0.031132389638622433,
0.8315872253931853,
0.04891292985619778
],
"r_thumb_mcp": [
0.22816860216701956,
0.5309785280796925,
0.010340844275622804
],
"r_thumb_ip": [
0.2560811506177013,
0.2232123631701002,
-0.023444111533014574
],
"r_thumb_tip": [
0.17697590699777388,
0.0034187455260734204,
-0.06659606408675665
],
"r_index_mcp": [
0.1470278320867446,
0.03723279186630688,
0.030143707288242623
],
"r_index_pip": [
0.22990376454532657,
-0.3764335636425696,
-0.07416479497127988
],
"r_index_dip": [
0.25799714916056843,
-0.6524127150864085,
-0.16113768578745272
],
"r_index_tip": [
0.2665010817599128,
-0.890100001720684,
-0.2228780054409856
],
"r_middle_mcp": [
0.0,
0.0,
0.0
],
"r_middle_pip": [
0.08827352906294182,
-0.4694953131310888,
-0.09991205813388425
],
"r_middle_dip": [
0.1253214696150058,
-0.7900211604461295,
-0.19083274835765263
],
"r_middle_tip": [
0.14850540717001637,
-1.054553429001963,
-0.2571137969267474
],
"r_ring_mcp": [
-0.16260723057135887,
0.0469299960656137,
-0.04048172358584364
],
"r_ring_pip": [
-0.07510059509783257,
-0.38455744688155313,
-0.1415980949813181
],
"r_ring_dip": [
-0.030384954082285122,
-0.679654887968896,
-0.21829556143665188
],
"r_ring_tip": [
0.005511256226149979,
-0.9262715586400591,
-0.2665411753459281
],
"r_pinky_mcp": [
-0.3523043671949266,
0.1478158824264118,
-0.0870302418243825
],
"r_pinky_pip": [
-0.29299195836521413,
-0.2049211943612539,
-0.18306845265853092
],
"r_pinky_dip": [
-0.23927883019700538,
-0.4261556330260714,
-0.23100725508194905
],
"r_pinky_tip": [
-0.1889053799918856,
-0.631849898130099,
-0.2601355059207251
],
"l_hand_velocity": null,
"r_hand_velocity": null,
"m_nose_point": [
0.0,
0.0,
0.0
],
"m_top_nose": [
0.00930354706167429,
-0.30570557138416354,
0.22665340740392997
],
"m_eyebrows": [
0.009570146097855569,
-0.5509465235458044,
0.31816368476087387
],
"m_forehead": [
0.0098038420884322,
-0.8649687615404617,
0.4654798739144761
],
"m_top_chin": [
0.02189360217855168,
0.6023052248972397,
0.054212328712902234
],
"m_bot_up_lip": [
0.022482060494173336,
0.3913372239889828,
0.07414436362578525
],
"m_top_low_lip": [
0.020770680288813435,
0.3983343941039464,
0.07201842613750263
],
"m_bot_nose": [
-0.010685474977069662,
0.08109567248447538,
0.07247111984307529
],
"m_chin": [
0.034614847643929664,
0.9980390128966646,
0.052153054165974884
],
"m_nose": [
0.006541378566555575,
-0.2522237799233922,
0.16827727472715667
],
"l_eye_exterior": [
-0.3204862100372583,
-0.21207974419916797,
0.4494393755360096
],
"l_temple": [
-0.48390192795322834,
-0.4034525050311418,
0.7762228145774662
],
"l_mid_chin": [
-0.15753767318548256,
0.7785472249241718,
0.09248857612435499
],
"l_up_lip": [
-0.09695135487761446,
0.31428293135598645,
0.09313394247197797
],
"l_ext_nostril": [
-0.14225167749861378,
0.041627625613859576,
0.13471263535134856
],
"l_mid_cheek": [
-0.36767339577350905,
0.09582041814343405,
0.33064498582076474
],
"l_mid_eyebrow": [
-0.30846563070969224,
-0.48067616398221846,
0.3982609950022129
],
"l_ext_eyebrow": [
-0.37227897849032426,
-0.43982492369445325,
0.4396765963430336
],
"l_ext_lips": [
-0.23677537817809013,
0.4547791470048085,
0.19850023808067216
],
"l_jaw_angle": [
-0.43617163104754186,
0.6105784426141786,
0.6310160586601046
],
"l_mid_ext_face": [
-0.4945998470308792,
0.27271351882281203,
0.8098648604772289
],
"l_int_eyebrow": [
-0.11846530652995861,
-0.5460536719308254,
0.3327129211453212
],
"l_mid_jaw": [
-0.3456456504090307,
0.8124291361355619,
0.3893687491929067
],
"l_mid_bot_eyelid": [
-0.23513908441013573,
-0.2002939154469735,
0.39627038710775137
],
"l_ext_mouth": [
-0.14683912135695465,
0.502409680188886,
0.14935405562919066
],
"l_top_eyelid": [
-0.24603083617311147,
-0.30579331283910927,
0.4057400576392613
],
"l_eye_int": [
-0.13078918444457271,
-0.2756494828921502,
0.4081045949374174
],
"l_pupil": [
-0.2406094266588681,
-0.25206580312109805,
0.4180704476149847
],
"r_eye_exterior": [
0.42577131579904587,
-0.28567225678402874,
0.41206483767122953
],
"r_temple": [
0.5708243923471531,
-0.47792222124850087,
0.6855692028141377
],
"r_mid_chin": [
0.22197955350394707,
0.7626010591556199,
0.06366765689119991
],
"r_up_lip": [
0.1430050728761767,
0.2955769171788649,
0.06992597171646193
],
"r_ext_nostril": [
0.18126372190386256,
0.036238275477384826,
0.14846576567403463
],
"r_mid_cheek": [
0.4273877833728539,
0.049906116254773564,
0.2637584166701187
],
"r_mid_eyebrow": [
0.4162669757923996,
-0.5074037719441868,
0.37426601397879267
],
"r_ext_eyebrow": [
0.34294760066944924,
-0.541588981742625,
0.34591859013629206
],
"r_ext_lips": [
0.25613924235034574,
0.4928110603015648,
0.1252289256597549
],
"r_jaw_angle": [
0.567737411735168,
0.5536582828877211,
0.545753220722724
],
"r_mid_ext_face": [
0.6195744727496248,
0.20617702218447703,
0.714860058214264
],
"r_int_eyebrow": [
0.13290974355040072,
-0.5800203717597353,
0.31379908785203087
],
"r_mid_jaw": [
0.4615584399011207,
0.7735868798823116,
0.324292779992971
],
"r_mid_bot_eyelid": [
0.29304971017607684,
-0.24126221464698602,
0.34743453600566965
],
"r_ext_mouth": [
0.2950348605942242,
0.42647345835557077,
0.1513704613042004
],
"r_top_eyelid": [
0.29927513513804416,
-0.35728510279167625,
0.35619677787436965
],
"r_eye_int": [
0.18211835742174748,
-0.29417917049154424,
0.3753033035831752
],
"r_pupil": [
0.29201537340912037,
-0.29832537607164833,
0.36981898808590885
],
"l_shoulder": [
0.4726090828016614,
-0.03900392374243448,
-0.15849084764132812
],
"l_elbow": [
0.881581650628511,
0.7933586818617975,
-0.5853499138532243
],
"l_hip": [
0.34735772557683575,
1.8549838763210909,
0.12642670948134455
],
"l_knee": [
0.31052460490385164,
3.488016315428755,
-0.12997983021993964
],
"l_ankle": [
0.3177225066083319,
4.916592511820707,
1.3382076445638416
],
"l_body_wrist": [
0.9366492404907303,
1.613641345390663,
-1.583728322175031
],
"r_shoulder": [
-0.4726090828016614,
0.03900392374243448,
0.15849084764132812
],
"r_elbow": [
-0.91289122458714,
1.178036295395772,
-1.0169149989936581
],
"r_hip": [
-0.3723772797050611,
1.8556947232807621,
0.7204801960149116
],
"r_knee": [
-0.33789259700973745,
3.4909734141948414,
0.5503275244515388
],
"r_ankle": [
-0.29557200210916496,
4.855274047883159,
1.4399148469434693
],
"r_body_wrist": [
-0.7477067793627694,
0.15947158518223442,
-3.5170616397534396
],
"m_face_position": [
0.06550401449203491,
-0.1450929045677185,
-0.5370795875787735
],
"m_body_position": [
0.08215753734111786,
0.1955583095550537,
-0.6620734259486198
],
"m_face_scale": [
0.14129884352782165,
0.14129884352782165,
0.14129884352782165
],
"m_body_scale": [
0.38789092782845147,
0.38789092782845147,
0.38789092782845147
],
"l_hand_scale": null,
"r_hand_scale": [
0.19298418322950364,
0.19298418322950364,
0.19298418322950364
]
}
],
"framerate": 30,
"mirrorable": true,
"invalid": false
}