{
"label": "b",
"gestures": [
{
"l_hand_position": null,
"l_wrist": null,
"l_thumb_cmc": null,
"l_thumb_mcp": null,
"l_thumb_ip": null,
"l_thumb_tip": null,
"l_index_mcp": null,
"l_index_pip": null,
"l_index_dip": null,
"l_index_tip": null,
"l_middle_mcp": null,
"l_middle_pip": null,
"l_middle_dip": null,
"l_middle_tip": null,
"l_ring_mcp": null,
"l_ring_pip": null,
"l_ring_dip": null,
"l_ring_tip": null,
"l_pinky_mcp": null,
"l_pinky_pip": null,
"l_pinky_dip": null,
"l_pinky_tip": null,
"r_hand_position": [
-0.13582894206047058,
-0.005851149559020996,
-0.5043051848188043
],
"r_wrist": [
-0.10241006090719347,
0.9945525210102456,
0.019428391007748524
],
"r_thumb_cmc": [
0.1359779585003735,
0.780017881909217,
-0.022309030911371347
],
"r_thumb_mcp": [
0.22612349849005875,
0.35353021172878907,
-0.023179588984694476
],
"r_thumb_ip": [
0.2641977787457079,
0.0133600501394395,
-0.030833718534600933
],
"r_thumb_tip": [
0.3654612054586727,
-0.20565340183637149,
-0.04244550791778024
],
"r_index_mcp": [
0.12642415290292994,
0.003163935732280264,
0.03386582781408106
],
"r_index_pip": [
0.14423773240454155,
-0.38905099169757235,
-0.026392032413541808
],
"r_index_dip": [
0.14590133373958816,
-0.6318203210722492,
-0.08749179242451285
],
"r_index_tip": [
0.13140621526807159,
-0.8450484212104663,
-0.13388369270593362
],
"r_middle_mcp": [
0.0,
0.0,
0.0
],
"r_middle_pip": [
0.028129387133361907,
-0.4227494759436489,
-0.054028407861850036
],
"r_middle_dip": [
0.0246359588165332,
-0.7005733196582807,
-0.11114343417182296
],
"r_middle_tip": [
0.009861242351842657,
-0.9293085512062704,
-0.15391280724340278
],
"r_ring_mcp": [
-0.13476434989508163,
0.06404125462698881,
-0.049110731037464536
],
"r_ring_pip": [
-0.10399727375733253,
-0.35360256561062053,
-0.11075243910663317
],
"r_ring_dip": [
-0.09992864552862069,
-0.6050253116629238,
-0.1571549974645133
],
"r_ring_tip": [
-0.09674857138403602,
-0.8209925038295076,
-0.1861479073320844
],
"r_pinky_mcp": [
-0.28239061093647316,
0.18724700465611108,
-0.10402112414530845
],
"r_pinky_pip": [
-0.25601210705137095,
-0.16009977439824194,
-0.1672449513782326
],
"r_pinky_dip": [
-0.23264368603458022,
-0.3748970661595249,
-0.20017766796046474
],
"r_pinky_tip": [
-0.2067785181475275,
-0.5749500354659572,
-0.22068817788829764
],
"l_hand_velocity": null,
"r_hand_velocity": null,
"m_nose_point": [
0.0,
0.0,
0.0
],
"m_top_nose": [
0.013232454045224256,
-0.3429883120601022,
0.2342789454008217
],
"m_eyebrows": [
0.026000321203245864,
-0.6021812917156492,
0.3294112535418646
],
"m_forehead": [
0.04190985098829905,
-0.9397647009855089,
0.477114957212834
],
"m_top_chin": [
-0.042888211054900975,
0.6085647781465491,
0.06316541372012198
],
"m_bot_up_lip": [
-0.02589300565663505,
0.39495452406205633,
0.08892878834473768
],
"m_top_low_lip": [
-0.025936379023390254,
0.39675518950456357,
0.08696265015444846
],
"m_bot_nose": [
-0.028465895886629317,
0.08150772266930138,
0.07594971357121837
],
"m_chin": [
-0.06777021483283997,
0.9951690348120069,
0.07103372532008592
],
"m_nose": [
0.01151272241078596,
-0.28297634052505777,
0.17337430204926702
],
"l_eye_exterior": [
-0.37918115087676557,
-0.31550032909196396,
0.41601581491308104
],
"l_temple": [
-0.5606772276379723,
-0.5331013800660465,
0.7237879155241922
],
"l_mid_chin": [
-0.2549812915991834,
0.7622705998166638,
0.08340187001373918
],
"l_up_lip": [
-0.16208448297175396,
0.29637446294536246,
0.0879606567911721
],
"l_ext_nostril": [
-0.18063263375910052,
0.01217494876299686,
0.12016918236585357
],
"l_mid_cheek": [
-0.4384971363772278,
0.0178358438467173,
0.29215029316868507
],
"l_mid_eyebrow": [
-0.32275195358013425,
-0.6066208017345053,
0.36852169884856334
],
"l_ext_eyebrow": [
-0.40060804120194726,
-0.5700673379664185,
0.40027758477462966
],
"l_ext_lips": [
-0.3253364696610114,
0.4196509613739808,
0.18301594017677159
],
"l_jaw_angle": [
-0.5955954707645768,
0.5538620197060192,
0.5929725837864349
],
"l_mid_ext_face": [
-0.6419669656032204,
0.18897999469297835,
0.7659942816035175
],
"l_int_eyebrow": [
-0.10048804210581193,
-0.6438977511459933,
0.32850985535050303
],
"l_mid_jaw": [
-0.48605223226536654,
0.7731206487271279,
0.3633542177318187
],
"l_mid_bot_eyelid": [
-0.28857284628081176,
-0.2851868172111851,
0.3728771450225743
],
"l_ext_mouth": [
-0.23704305083507496,
0.47246138900927326,
0.14343635266149066
],
"l_top_eyelid": [
-0.2845735535771154,
-0.39231322017109765,
0.3813074659043985
],
"l_eye_int": [
-0.16579894232882075,
-0.333820657916818,
0.3990438192964454
],
"l_pupil": [
-0.2798843113383337,
-0.3365715130949419,
0.39582447167183793
],
"r_eye_exterior": [
0.4140810609308241,
-0.2424146410910571,
0.49234810561329123
],
"r_temple": [
0.542363382460726,
-0.4224015929780492,
0.7967175488344025
],
"r_mid_chin": [
0.1409817750269591,
0.7924750075583883,
0.10454546406392246
],
"r_up_lip": [
0.11567811058046178,
0.32124461729836323,
0.10442195337167076
],
"r_ext_nostril": [
0.17433008113626958,
0.05399961803617358,
0.18266613062028003
],
"r_mid_cheek": [
0.40053783894853934,
0.09686591883364151,
0.33982124583102136
],
"r_mid_eyebrow": [
0.42158465337947437,
-0.4735855193600215,
0.44611473762077364
],
"r_ext_eyebrow": [
0.3553727497130456,
-0.5203453623329631,
0.40481696252937477
],
"r_ext_lips": [
0.20211765333869638,
0.5296292749850757,
0.18274959360985119
],
"r_jaw_angle": [
0.45428504187612206,
0.6511057786933531,
0.6626933145724403
],
"r_mid_ext_face": [
0.5249263947289122,
0.3017494068121762,
0.8419034863505659
],
"r_int_eyebrow": [
0.15636411718928667,
-0.5980165542109278,
0.34090766203329276
],
"r_mid_jaw": [
0.3421286698169385,
0.8435715164846839,
0.4162041061878962
],
"r_mid_bot_eyelid": [
0.28327637690745716,
-0.22457410218917556,
0.40721707193464995
],
"r_ext_mouth": [
0.24848020521512246,
0.46706945351424617,
0.21657608969029993
],
"r_top_eyelid": [
0.296043349769257,
-0.3318075971216435,
0.4171657540938541
],
"r_eye_int": [
0.1776430014897676,
-0.2921963109973148,
0.4224774265029785
],
"r_pupil": [
0.28684596027659937,
-0.2817267851292081,
0.4302285852978923
],
"l_shoulder": [
0.4641543506991563,
0.03169991215445914,
0.18318257094069887
],
"l_elbow": [
0.7344314937954268,
0.8224881982704323,
0.05148427194238435
],
"l_hip": [
0.3268019607807965,
1.7814898571474882,
0.23334455998393
],
"l_knee": [
0.3035894625687232,
3.338136105708982,
-0.06132911751958443
],
"l_ankle": [
0.29983692105459775,
4.725348121938241,
1.2401035179596098
],
"l_body_wrist": [
0.8445598828475569,
1.7048681955334843,
-0.42955000411970573
],
"r_shoulder": [
-0.4641543506991563,
-0.03169991215445914,
-0.18318257094069887
],
"r_elbow": [
-0.7935376900116491,
0.7823971218921075,
-1.3610499150812094
],
"r_hip": [
-0.37958288146324143,
1.7713879776699553,
0.3619364011881118
],
"r_knee": [
-0.3296324210101873,
3.325891584752603,
0.21317344715957734
],
"r_ankle": [
-0.3047592035102101,
4.692175948342872,
1.1090679835957633
],
"r_body_wrist": [
-0.5361454727835133,
-0.054927379218557316,
-3.2265565706528294
],
"m_face_position": [
0.09436732530593872,
-0.10249266028404236,
-0.537310965359211
],
"m_body_position": [
0.06506757438182831,
0.2453612983226776,
-0.6158668361604214
],
"m_face_scale": [
0.1332995562886341,
0.1332995562886341,
0.1332995562886341
],
"m_body_scale": [
0.39819115504775376,
0.39819115504775376,
0.39819115504775376
],
"l_hand_scale": null,
"r_hand_scale": [
0.22160040399670589,
0.22160040399670589,
0.22160040399670589
]
}
],
"framerate": 30,
"mirrorable": true,
"invalid": false
}