{
"label": "b",
"gestures": [
{
"l_hand_position": null,
"l_wrist": null,
"l_thumb_cmc": null,
"l_thumb_mcp": null,
"l_thumb_ip": null,
"l_thumb_tip": null,
"l_index_mcp": null,
"l_index_pip": null,
"l_index_dip": null,
"l_index_tip": null,
"l_middle_mcp": null,
"l_middle_pip": null,
"l_middle_dip": null,
"l_middle_tip": null,
"l_ring_mcp": null,
"l_ring_pip": null,
"l_ring_dip": null,
"l_ring_tip": null,
"l_pinky_mcp": null,
"l_pinky_pip": null,
"l_pinky_dip": null,
"l_pinky_tip": null,
"r_hand_position": [
-0.1955679953098297,
-0.036972254514694214,
-0.5168595351278782
],
"r_wrist": [
0.17051354066490418,
0.9795275477781148,
0.10700895099808819
],
"r_thumb_cmc": [
-0.1331761263311636,
0.654324245293397,
0.14992028039365238
],
"r_thumb_mcp": [
-0.23336375768005188,
0.23684765992942286,
0.15497729890499548
],
"r_thumb_ip": [
-0.16140050131926706,
-0.12045604322435507,
0.14962457998148337
],
"r_thumb_tip": [
-0.0513008294790503,
-0.3343923831325727,
0.14097372622030327
],
"r_index_mcp": [
-0.22613453756025284,
0.029600873884219888,
0.05073554420766608
],
"r_index_pip": [
-0.18905664727288737,
-0.5326120073227029,
-0.005853572432289547
],
"r_index_dip": [
-0.1468855029966761,
-0.848156929480953,
-0.014672117244617436
],
"r_index_tip": [
-0.11437463062161449,
-1.0697407166711674,
-0.011289745266304678
],
"r_middle_mcp": [
0.0,
0.0,
0.0
],
"r_middle_pip": [
-0.01007377012664239,
-0.6053305694540241,
-0.049978784289092935
],
"r_middle_dip": [
-0.004121362917216547,
-0.9504313460190617,
-0.060475191311410624
],
"r_middle_tip": [
-0.0016823665222013937,
-1.1994775819154562,
-0.05827646036803912
],
"r_ring_mcp": [
0.23586404109476497,
0.032335145087100614,
-0.04430232235875062
],
"r_ring_pip": [
0.19468256869219408,
-0.545024898701149,
-0.0897595574619591
],
"r_ring_dip": [
0.17115705437173226,
-0.8656191903156217,
-0.10303442760066654
],
"r_ring_tip": [
0.14014714650686497,
-1.0938669951106434,
-0.10193000807787723
],
"r_pinky_mcp": [
0.4630069771180103,
0.11966271680270986,
-0.0813276978040061
],
"r_pinky_pip": [
0.4033192838137559,
-0.3398955413550154,
-0.11371508581935615
],
"r_pinky_dip": [
0.3549929555222047,
-0.5996895154372611,
-0.11072415157680689
],
"r_pinky_tip": [
0.30269867102014997,
-0.809566725235301,
-0.09547098987923552
],
"l_hand_velocity": null,
"r_hand_velocity": null,
"m_nose_point": [
0.0,
0.0,
0.0
],
"m_top_nose": [
0.013650438591152919,
-0.2652495993646899,
0.2560419755016746
],
"m_eyebrows": [
0.026233920389523685,
-0.48523216611298775,
0.3698811083130038
],
"m_forehead": [
0.0413028552420332,
-0.7891070861653426,
0.5470322975597538
],
"m_top_chin": [
-0.04260528701495504,
0.6286044328617884,
0.029319928749360617
],
"m_bot_up_lip": [
-0.02341073013030004,
0.406515975305314,
0.041624960338090176
],
"m_top_low_lip": [
-0.024222763298934514,
0.41006148402049014,
0.05121196550475217
],
"m_bot_nose": [
-0.02400464571075894,
0.08770188258977166,
0.06280849397134407
],
"m_chin": [
-0.0638802214328513,
0.997949866963755,
-0.0039217772391693245
],
"m_nose": [
0.011595783458051264,
-0.2215528879080394,
0.19220198248777898
],
"l_eye_exterior": [
-0.35332226094183955,
-0.2494823954547324,
0.4313267986789846
],
"l_temple": [
-0.5122843934272775,
-0.41680744486360394,
0.7646602452099076
],
"l_mid_chin": [
-0.2436339999888473,
0.7499407585739286,
0.03118480275948113
],
"l_up_lip": [
-0.1426166973853506,
0.29252538152246926,
0.0531737298361302
],
"l_ext_nostril": [
-0.15690622260110998,
0.02271476145010031,
0.1147113437997643
],
"l_mid_cheek": [
-0.40324442060788473,
0.05405635583157055,
0.2776207145180057
],
"l_mid_eyebrow": [
-0.2946398464640256,
-0.5306319932341654,
0.40934417149911767
],
"l_ext_eyebrow": [
-0.369552049803901,
-0.500611233643603,
0.4394313675530487
],
"l_ext_lips": [
-0.2966702430734184,
0.41386965399237624,
0.1340182532004762
],
"l_jaw_angle": [
-0.5349797062333699,
0.5868647150677908,
0.5190949739585469
],
"l_mid_ext_face": [
-0.5790716643263116,
0.2535482076784232,
0.7253220689817885
],
"l_int_eyebrow": [
-0.0794311898814727,
-0.546177106177064,
0.37268962059694455
],
"l_mid_jaw": [
-0.44607786322082593,
0.7785992765831145,
0.28373629193935496
],
"l_mid_bot_eyelid": [
-0.26728773360664493,
-0.21747243692004148,
0.38738075769740377
],
"l_ext_mouth": [
-0.2151942269434502,
0.47589577136313294,
0.09495792594703577
],
"l_top_eyelid": [
-0.2610857074201416,
-0.32068492679398786,
0.40211429493305245
],
"l_eye_int": [
-0.1462042402666085,
-0.25718029422821553,
0.41402269443101164
],
"l_pupil": [
-0.2569111500901695,
-0.2634929476478396,
0.41197394708493396
],
"r_eye_exterior": [
0.39925138395532056,
-0.12826464373347948,
0.47802501884257437
],
"r_temple": [
0.5489645360263374,
-0.2502358735661385,
0.77973885210312
],
"r_mid_chin": [
0.13802472614742223,
0.8089483627445643,
0.04223678226417471
],
"r_up_lip": [
0.10494111881340881,
0.3251813278135114,
0.06345007702807791
],
"r_ext_nostril": [
0.1579865634069729,
0.0927328076317082,
0.16245809159749966
],
"r_mid_cheek": [
0.38601459501844504,
0.18131531645715326,
0.29860062555381306
],
"r_mid_eyebrow": [
0.4240778917193202,
-0.34639226991886524,
0.458349356354902
],
"r_ext_eyebrow": [
0.3584937181211241,
-0.3968094289436943,
0.42503287503547843
],
"r_ext_lips": [
0.18579436008471267,
0.5584625845591834,
0.12177782822957692
],
"r_jaw_angle": [
0.4569088758064342,
0.7433637708959595,
0.5364973801229069
],
"r_mid_ext_face": [
0.5443223747393563,
0.4315606006574892,
0.7400605860113667
],
"r_int_eyebrow": [
0.15784226701594592,
-0.486534807011114,
0.37847710834705195
],
"r_mid_jaw": [
0.33464717106488173,
0.8964352646242262,
0.2967564778119961
],
"r_mid_bot_eyelid": [
0.26773170641555843,
-0.12907981378017977,
0.4010658718615091
],
"r_ext_mouth": [
0.22472636288461117,
0.49813435472284423,
0.15465044130268918
],
"r_top_eyelid": [
0.2867290582324765,
-0.2227695783471626,
0.4165330856657736
],
"r_eye_int": [
0.1668363238062193,
-0.20106384600822927,
0.4234546855399218
],
"r_pupil": [
0.2728377074058699,
-0.17992881635206787,
0.4257339803535109
],
"l_shoulder": [
0.49261079489270737,
-0.018314576066983636,
0.08366110839967218
],
"l_elbow": [
0.7772604193573524,
0.8536394300216181,
-0.6758919642240594
],
"l_hip": [
0.44183180736168187,
2.098733947558344,
0.35442459202500814
],
"l_knee": [
0.43539900423472166,
3.791594677754079,
-0.32817304792024626
],
"l_ankle": [
0.4792787181967395,
5.4412175475725455,
0.7666149409812858
],
"l_body_wrist": [
0.7030733499944347,
1.0593664662791802,
-2.489923828967039
],
"r_shoulder": [
-0.49261079489270737,
0.018314576066983636,
-0.08366110839967218
],
"r_elbow": [
-0.6667498134260984,
0.8279765960604856,
-1.563030531453418
],
"r_hip": [
-0.29215899822202995,
2.130722928032869,
0.6528312341000161
],
"r_knee": [
-0.2321545615998207,
3.770314856439578,
-0.037385796421492104
],
"r_ankle": [
-0.14869819736004386,
5.382366063723267,
0.4020278158152394
],
"r_body_wrist": [
-0.5245466210516614,
-0.1729102925871995,
-4.338297209375489
],
"m_face_position": [
-0.008140623569488525,
-0.19460707902908325,
-0.5373913496732712
],
"m_body_position": [
0.013566642999649048,
0.16553089022636414,
-0.6709746271371841
],
"m_face_scale": [
0.14250947165867744,
0.14250947165867744,
0.14250947165867744
],
"m_body_scale": [
0.34257272967051017,
0.34257272967051017,
0.34257272967051017
],
"l_hand_scale": null,
"r_hand_scale": [
0.15755297779542474,
0.15755297779542474,
0.15755297779542474
]
}
],
"framerate": 30,
"mirrorable": true,
"invalid": false
}