{
"label": "e",
"gestures": [
{
"l_hand_position": null,
"l_wrist": null,
"l_thumb_cmc": null,
"l_thumb_mcp": null,
"l_thumb_ip": null,
"l_thumb_tip": null,
"l_index_mcp": null,
"l_index_pip": null,
"l_index_dip": null,
"l_index_tip": null,
"l_middle_mcp": null,
"l_middle_pip": null,
"l_middle_dip": null,
"l_middle_tip": null,
"l_ring_mcp": null,
"l_ring_pip": null,
"l_ring_dip": null,
"l_ring_tip": null,
"l_pinky_mcp": null,
"l_pinky_pip": null,
"l_pinky_dip": null,
"l_pinky_tip": null,
"r_hand_position": [
-0.18851864337921143,
0.012453794479370117,
-0.47497921623289585
],
"r_wrist": [
-0.20470557325618965,
0.9674537835914055,
-0.14875753726291824
],
"r_thumb_cmc": [
0.17048828100545171,
0.7469729781488622,
-0.2018589513278728
],
"r_thumb_mcp": [
0.36998511470078416,
0.44671661516908323,
-0.1748737336931635
],
"r_thumb_ip": [
0.33785507461954983,
0.11320242262938648,
-0.16235070932216242
],
"r_thumb_tip": [
0.2104743980554001,
-0.06069757658691347,
-0.1399658039684345
],
"r_index_mcp": [
0.20622069153305092,
0.07799200233025567,
0.0009867714973248634
],
"r_index_pip": [
0.26670901134473657,
-0.2704091885141546,
-0.06628490745676274
],
"r_index_dip": [
0.24000937062606142,
-0.22624537777553413,
-0.14232727514859056
],
"r_index_tip": [
0.19914866302359435,
-0.02534328118068276,
-0.17677159607805948
],
"r_middle_mcp": [
0.0,
0.0,
0.0
],
"r_middle_pip": [
0.03505378779337179,
-0.4181343722177276,
-0.06356823491608936
],
"r_middle_dip": [
0.039024350939925845,
-0.40613568440665404,
-0.14876435268995827
],
"r_middle_tip": [
0.020542246818639438,
-0.19197351220831002,
-0.18888921728518263
],
"r_ring_mcp": [
-0.177307642147021,
0.01080941475829697,
-0.027221154759519976
],
"r_ring_pip": [
-0.17499979329237034,
-0.3769488825077308,
-0.10665311247249713
],
"r_ring_dip": [
-0.15096875231265056,
-0.3688179899095685,
-0.17047223043715176
],
"r_ring_tip": [
-0.15017159208254896,
-0.16416876183078988,
-0.18432972078959223
],
"r_pinky_mcp": [
-0.34869939503806685,
0.08672408734022832,
-0.06129045786357307
],
"r_pinky_pip": [
-0.3600938782737578,
-0.24071155911058967,
-0.10720245580399329
],
"r_pinky_dip": [
-0.34191724297591997,
-0.2676640443832446,
-0.12515617715481828
],
"r_pinky_tip": [
-0.33090884823575945,
-0.1328893921795884,
-0.11962574240038638
],
"l_hand_velocity": null,
"r_hand_velocity": null,
"m_nose_point": [
0.0,
0.0,
0.0
],
"m_top_nose": [
0.0037865817010316652,
-0.29275220190970974,
0.24102279109402758
],
"m_eyebrows": [
-0.0012837521957872913,
-0.5330995837663373,
0.34215954447471497
],
"m_forehead": [
-0.004968448801915204,
-0.8509505143375763,
0.5051850057944054
],
"m_top_chin": [
0.02513283801938846,
0.602525637859112,
0.025777205872320515
],
"m_bot_up_lip": [
0.020119648371450305,
0.4022237495757312,
0.058717321522714194
],
"m_top_low_lip": [
0.019449421638453007,
0.4116113536244283,
0.04921116530652308
],
"m_bot_nose": [
-0.009964805260260565,
0.09036587747820024,
0.06940422355002156
],
"m_chin": [
0.03605137636368286,
0.9993062869842785,
0.009340399133802862
],
"m_nose": [
0.0025940831119842574,
-0.2436639631850814,
0.17973547515508584
],
"l_eye_exterior": [
-0.32794685751885405,
-0.16308459205106016,
0.46003689625350874
],
"l_temple": [
-0.5118968525381926,
-0.35087233280821906,
0.7968576133044746
],
"l_mid_chin": [
-0.15599715476448364,
0.7943701773081342,
0.05341704016510091
],
"l_up_lip": [
-0.10330838538169136,
0.33049243446609067,
0.07605678036697833
],
"l_ext_nostril": [
-0.14337359150590862,
0.06233108616874879,
0.1338896672818935
],
"l_mid_cheek": [
-0.37966594658536673,
0.14195318038934823,
0.32621889461513653
],
"l_mid_eyebrow": [
-0.32247961473058395,
-0.4603500821756694,
0.4177163195855281
],
"l_ext_eyebrow": [
-0.3889095825651781,
-0.4109360326366858,
0.45820232776339803
],
"l_ext_lips": [
-0.228250077262164,
0.49602935645361684,
0.1691165634326181
],
"l_jaw_angle": [
-0.4472268389733925,
0.6776723185413956,
0.6023427707254599
],
"l_mid_ext_face": [
-0.5155811061656471,
0.3458990112408954,
0.799355127065637
],
"l_int_eyebrow": [
-0.12590029772991493,
-0.5384811101812861,
0.35617880202417773
],
"l_mid_jaw": [
-0.3491296547066914,
0.8577050531510216,
0.3501980846594514
],
"l_mid_bot_eyelid": [
-0.24155228384853275,
-0.1574142435409928,
0.4060094868486665
],
"l_ext_mouth": [
-0.15260260918949467,
0.5213274255182188,
0.11571166365178767
],
"l_top_eyelid": [
-0.2496384165545028,
-0.2326072154946567,
0.41837961093366843
],
"l_eye_int": [
-0.1410289053871018,
-0.2282265993924688,
0.42028608039972076
],
"l_pupil": [
-0.2466952662478048,
-0.19139247971272103,
0.4293423225575604
],
"r_eye_exterior": [
0.41959958804355607,
-0.23954846981898,
0.42876103763635065
],
"r_temple": [
0.5730925843667748,
-0.4477305057251558,
0.7196967362799781
],
"r_mid_chin": [
0.22402140284498476,
0.7696315903081559,
0.02666385537348701
],
"r_up_lip": [
0.1397048421320265,
0.31310751493545913,
0.054628780640278235
],
"r_ext_nostril": [
0.1787839777290448,
0.056678456805621204,
0.14931894671371482
],
"r_mid_cheek": [
0.43008622218119325,
0.0790012596096968,
0.2652053888123996
],
"r_mid_eyebrow": [
0.41085563200744657,
-0.48726679531322054,
0.3984011758574781
],
"r_ext_eyebrow": [
0.33731984327132586,
-0.526480817916318,
0.3696035406645601
],
"r_ext_lips": [
0.25445137984202143,
0.5188724377097118,
0.09349224099563887
],
"r_jaw_angle": [
0.5689706678099078,
0.599070625695191,
0.5299448280845442
],
"r_mid_ext_face": [
0.6260989694584628,
0.25545760589886435,
0.7185481202657737
],
"r_int_eyebrow": [
0.12412218133450768,
-0.5709534403524695,
0.3387853136248308
],
"r_mid_jaw": [
0.4597210524593071,
0.8004044327984774,
0.29434158516481207
],
"r_mid_bot_eyelid": [
0.28649114133853737,
-0.20084254375438088,
0.3618437378885783
],
"r_ext_mouth": [
0.29347159927546496,
0.45932325761050896,
0.1247559869146936
],
"r_top_eyelid": [
0.2854138172045985,
-0.2787436658284539,
0.3735475805193938
],
"r_eye_int": [
0.17278560351125472,
-0.25190558140544805,
0.39074606140081825
],
"r_pupil": [
0.28989321755097575,
-0.24304047070213777,
0.3856636978643972
],
"l_shoulder": [
0.4476262282468659,
-0.032624157632666136,
-0.2203779120607228
],
"l_elbow": [
0.7757351956303745,
0.7979928006592326,
-0.8476763384426093
],
"l_hip": [
0.3794212746146335,
1.6526227669901912,
-0.07977447577189757
],
"l_knee": [
0.3747379422006922,
3.069416718193726,
-0.588851335293342
],
"l_ankle": [
0.396602934840589,
4.386832707707245,
0.514849667743386
],
"l_body_wrist": [
0.49382687764852906,
0.9550143580539207,
-1.981433624747582
],
"r_shoulder": [
-0.4476262282468659,
0.032624157632666136,
0.2203779120607228
],
"r_elbow": [
-0.7067374743827135,
0.8815037109457707,
-0.8554206774648605
],
"r_hip": [
-0.2987507814232191,
1.685797705696256,
0.5606640161099196
],
"r_knee": [
-0.25601868275837986,
3.1074009085194447,
0.5384174367083343
],
"r_ankle": [
-0.1757003169301291,
4.361186444444943,
1.2817164106599235
],
"r_body_wrist": [
-0.763871312813892,
-0.033995722575087144,
-3.265099880549985
],
"m_face_position": [
0.08207499980926514,
-0.13237464427947998,
-0.5349387004971504
],
"m_body_position": [
0.09753504395484924,
0.20863258838653564,
-0.591084442101419
],
"m_face_scale": [
0.13455420845699015,
0.13455420845699015,
0.13455420845699015
],
"m_body_scale": [
0.3872054239089114,
0.3872054239089114,
0.3872054239089114
],
"l_hand_scale": null,
"r_hand_scale": [
0.16819786456877395,
0.16819786456877395,
0.16819786456877395
]
}
],
"framerate": 30,
"mirrorable": true,
"invalid": false
}