{
"label": "e",
"gestures": [
{
"l_hand_position": null,
"l_wrist": null,
"l_thumb_cmc": null,
"l_thumb_mcp": null,
"l_thumb_ip": null,
"l_thumb_tip": null,
"l_index_mcp": null,
"l_index_pip": null,
"l_index_dip": null,
"l_index_tip": null,
"l_middle_mcp": null,
"l_middle_pip": null,
"l_middle_dip": null,
"l_middle_tip": null,
"l_ring_mcp": null,
"l_ring_pip": null,
"l_ring_dip": null,
"l_ring_tip": null,
"l_pinky_mcp": null,
"l_pinky_pip": null,
"l_pinky_dip": null,
"l_pinky_tip": null,
"r_hand_position": [
-0.2364661991596222,
0.07883656024932861,
-0.5321887023746967
],
"r_wrist": [
-0.16905206739811776,
0.9761487424951693,
0.13621685297173097
],
"r_thumb_cmc": [
0.11661202990251779,
0.8383572952801595,
0.025335067970383908
],
"r_thumb_mcp": [
0.36822755342452596,
0.6066305025105896,
-0.018766820945266466
],
"r_thumb_ip": [
0.5385725774978117,
0.4248878610353374,
-0.06345578685300689
],
"r_thumb_tip": [
0.5754855320808107,
0.20716212935145362,
-0.11276478384173264
],
"r_index_mcp": [
0.1761136388140374,
0.033212036358963956,
0.017348464057059226
],
"r_index_pip": [
0.2041147520453587,
-0.3567614542166079,
-0.0889211026780806
],
"r_index_dip": [
0.25818511054563065,
-0.471694481757,
-0.17373441629193156
],
"r_index_tip": [
0.3113011378753021,
-0.47379370765030593,
-0.22553749732167744
],
"r_middle_mcp": [
0.0,
0.0,
0.0
],
"r_middle_pip": [
-0.04604171804560978,
-0.4379451848209569,
-0.08936695959242782
],
"r_middle_dip": [
0.006536165884437978,
-0.5302751806371037,
-0.15540084051037664
],
"r_middle_tip": [
0.05896056480924973,
-0.4320058069765984,
-0.20343158927811322
],
"r_ring_mcp": [
-0.17686202009675756,
0.08335711359139258,
-0.035195186852356855
],
"r_ring_pip": [
-0.24741467550277566,
-0.32142585128561124,
-0.13828067278685535
],
"r_ring_dip": [
-0.19722091691289337,
-0.39587200634787073,
-0.20181135767394975
],
"r_ring_tip": [
-0.12999662861713274,
-0.26639775644206715,
-0.2397290589007152
],
"r_pinky_mcp": [
-0.3558235813805869,
0.23427714098311334,
-0.08262427629133089
],
"r_pinky_pip": [
-0.47165696179885896,
-0.09008497808549262,
-0.19065872352808105
],
"r_pinky_dip": [
-0.426805225484477,
-0.16279499955524698,
-0.2513574082805611
],
"r_pinky_tip": [
-0.3451776243165059,
-0.05744677638045127,
-0.2850535466876749
],
"l_hand_velocity": null,
"r_hand_velocity": null,
"m_nose_point": [
0.0,
0.0,
0.0
],
"m_top_nose": [
0.035206076214476585,
-0.2899631363500095,
0.23690204184407954
],
"m_eyebrows": [
0.053683376050114105,
-0.5062502098183753,
0.3377647088658377
],
"m_forehead": [
0.07805175125484175,
-0.7779819850848596,
0.49806005632023537
],
"m_top_chin": [
-0.02241344287743493,
0.61220758687796,
0.034496096518952385
],
"m_bot_up_lip": [
-0.01317400685401581,
0.4110058798804827,
0.06145320169126214
],
"m_top_low_lip": [
-0.01464806715548893,
0.4144786698212686,
0.057386705495805206
],
"m_bot_nose": [
-0.014506792749024416,
0.08932158574318802,
0.06950477600213884
],
"m_chin": [
-0.03936412563717533,
0.9989219053009502,
0.02460676172803649
],
"m_nose": [
0.027782319526286587,
-0.2423732017106779,
0.1766230766198536
],
"l_eye_exterior": [
-0.30822010201594635,
-0.2523488817792332,
0.46191861270453166
],
"l_temple": [
-0.45591609282899065,
-0.38093711606515207,
0.7954058753408161
],
"l_mid_chin": [
-0.21801875180515662,
0.7625722939034228,
0.06891443877146926
],
"l_up_lip": [
-0.13460104372226456,
0.32174897939812425,
0.08324692664121408
],
"l_ext_nostril": [
-0.14578238518017042,
0.043417061511026075,
0.13641969902869502
],
"l_mid_cheek": [
-0.35532534640225666,
0.08903274808545614,
0.33393264059048783
],
"l_mid_eyebrow": [
-0.2838674489232259,
-0.518652934777639,
0.41611527149321587
],
"l_ext_eyebrow": [
-0.34939182133074714,
-0.47649970647038997,
0.455921244628193
],
"l_ext_lips": [
-0.26867562129388867,
0.4661606210128687,
0.18719554419628143
],
"l_jaw_angle": [
-0.4721794946924172,
0.6221358760088936,
0.6099945311617494
],
"l_mid_ext_face": [
-0.5005599282797769,
0.29101292422888886,
0.8019158965693888
],
"l_int_eyebrow": [
-0.08523069219891995,
-0.564417532212937,
0.3537846075007531
],
"l_mid_jaw": [
-0.40140371227289795,
0.8037348045526194,
0.36524583764638674
],
"l_mid_bot_eyelid": [
-0.22109062788975936,
-0.22648174009702118,
0.4087576880514561
],
"l_ext_mouth": [
-0.19817722185049613,
0.49889293520381567,
0.13533091469699784
],
"l_top_eyelid": [
-0.23152180000332268,
-0.34284535849255776,
0.42006132508061783
],
"l_eye_int": [
-0.11608017117620713,
-0.29227608362786567,
0.4210440974570666
],
"l_pupil": [
-0.225984247552794,
-0.2813950345092969,
0.4308618826007498
],
"r_eye_exterior": [
0.451865627572741,
-0.20658248753113434,
0.414144532828316
],
"r_temple": [
0.6125658264301236,
-0.32330973591723694,
0.6928234180747725
],
"r_mid_chin": [
0.1710752205709202,
0.7955979377841038,
0.03431422537326933
],
"r_up_lip": [
0.11766136644092917,
0.3376453822469832,
0.05700065745802892
],
"r_ext_nostril": [
0.18663719163722647,
0.08190277029020028,
0.1460472887298914
],
"r_mid_cheek": [
0.420961795008229,
0.13734477686911745,
0.2561463372810423
],
"r_mid_eyebrow": [
0.4634054331844106,
-0.4197410853116716,
0.38162146310306455
],
"r_ext_eyebrow": [
0.3940003943303173,
-0.47266688016463976,
0.3555316499907508
],
"r_ext_lips": [
0.22162630270600397,
0.5560286624491063,
0.10244418690598037
],
"r_jaw_angle": [
0.5378592914072093,
0.692898856137207,
0.5118416666529286
],
"r_mid_ext_face": [
0.6095965932767676,
0.3631670866682375,
0.6906062914545601
],
"r_int_eyebrow": [
0.18655633506118954,
-0.5525450916315156,
0.3310438499039687
],
"r_mid_jaw": [
0.41133110299743125,
0.8690967900032665,
0.2885481480240633
],
"r_mid_bot_eyelid": [
0.31101347211642194,
-0.1841326591944828,
0.3527805120098946
],
"r_ext_mouth": [
0.26360456636677304,
0.49927588093199055,
0.12982852643448523
],
"r_top_eyelid": [
0.3375696915077486,
-0.3003112058715348,
0.3639931853910147
],
"r_eye_int": [
0.20766776246282992,
-0.25771057117688156,
0.3826693559059431
],
"r_pupil": [
0.3263914944722442,
-0.23574116566284942,
0.3756208804163244
],
"l_shoulder": [
0.4782073702513118,
0.12941456193522669,
0.0675986848721047
],
"l_elbow": [
0.7771483253450449,
1.2819326631398469,
-0.36140170984783027
],
"l_hip": [
0.3597221887952841,
2.099830846049468,
0.20607352983618238
],
"l_knee": [
0.5024781645370267,
3.674898997762057,
0.02947211058326365
],
"l_ankle": [
0.4931096379427407,
5.078903008943867,
1.4445741215724701
],
"l_body_wrist": [
0.8278454470414508,
1.2668328258093247,
-1.5410920847568896
],
"r_shoulder": [
-0.4782073702513118,
-0.12941456193522669,
-0.0675986848721047
],
"r_elbow": [
-0.9403068591681056,
0.9836935011974898,
-1.6270216228637548
],
"r_hip": [
-0.18336844807224412,
2.087941918374782,
0.4588053890984411
],
"r_knee": [
-0.2053036038185598,
3.727674989115142,
0.7300670594165146
],
"r_ankle": [
-0.23443563221141228,
5.0696482237102565,
1.8209262824597947
],
"r_body_wrist": [
-0.4367773035258497,
0.38395303926457297,
-3.64490244546795
],
"m_face_position": [
-0.06258422136306763,
-0.13667723536491394,
-0.5345311798155308
],
"m_body_position": [
-0.07099807262420654,
0.1475854516029358,
-0.6086623072624207
],
"m_face_scale": [
0.1326897153630531,
0.1326897153630531,
0.1326897153630531
],
"m_body_scale": [
0.3327632903970937,
0.3327632903970937,
0.3327632903970937
],
"l_hand_scale": null,
"r_hand_scale": [
0.23630599152051762,
0.23630599152051762,
0.23630599152051762
]
}
],
"framerate": 30,
"mirrorable": true,
"invalid": false
}