{
"label": "e",
"gestures": [
{
"l_hand_position": null,
"l_wrist": null,
"l_thumb_cmc": null,
"l_thumb_mcp": null,
"l_thumb_ip": null,
"l_thumb_tip": null,
"l_index_mcp": null,
"l_index_pip": null,
"l_index_dip": null,
"l_index_tip": null,
"l_middle_mcp": null,
"l_middle_pip": null,
"l_middle_dip": null,
"l_middle_tip": null,
"l_ring_mcp": null,
"l_ring_pip": null,
"l_ring_dip": null,
"l_ring_tip": null,
"l_pinky_mcp": null,
"l_pinky_pip": null,
"l_pinky_dip": null,
"l_pinky_tip": null,
"r_hand_position": [
0.1658250391483307,
-0.019024550914764404,
0.49520044727250934
],
"r_wrist": [
0.09680494029074457,
0.9947746894646348,
0.03243641064983596
],
"r_thumb_cmc": [
-0.2129160419612076,
0.8499694151912159,
0.11106315920847196
],
"r_thumb_mcp": [
-0.4390766947485474,
0.5457035061645836,
0.13042099755249906
],
"r_thumb_ip": [
-0.5694789885130509,
0.2400477952232925,
0.14810934264093487
],
"r_thumb_tip": [
-0.6481721913884143,
-0.020268750271045265,
0.16060781615292
],
"r_index_mcp": [
-0.19995281566765205,
0.03968106028975289,
0.010801327415535225
],
"r_index_pip": [
-0.24054167845441476,
-0.316760832501118,
0.04068424171979181
],
"r_index_dip": [
-0.2511106184639775,
-0.4478606456903264,
0.07484236578901239
],
"r_index_tip": [
-0.2582390937627737,
-0.47486328836874514,
0.08891657757688388
],
"r_middle_mcp": [
-0.0,
0.0,
-0.0
],
"r_middle_pip": [
-0.005498781488433113,
-0.4085010526260512,
0.006953042705435978
],
"r_middle_dip": [
-0.025732081739626208,
-0.5269726019251936,
0.03217594962607802
],
"r_middle_tip": [
-0.04679100489635364,
-0.520870767258139,
0.045524290618317885
],
"r_ring_mcp": [
0.19428181959414165,
0.045183064507263476,
0.005231449187624978
],
"r_ring_pip": [
0.1975599393276306,
-0.3240006933736542,
0.0325856361095548
],
"r_ring_dip": [
0.1694091994153632,
-0.35303466247371573,
0.0478647747936568
],
"r_ring_tip": [
0.13536670648777868,
-0.2784329155827678,
0.04803159665776315
],
"r_pinky_mcp": [
0.3767330007448911,
0.148513024077048,
0.018198238107465396
],
"r_pinky_pip": [
0.4436702922073461,
-0.1694688199032964,
0.04754691897600768
],
"r_pinky_dip": [
0.4192820884930249,
-0.2124672769371699,
0.0433970856462231
],
"r_pinky_tip": [
0.366871449767833,
-0.14679007254400564,
0.02531172960436918
],
"l_hand_velocity": null,
"r_hand_velocity": null,
"m_nose_point": null,
"m_top_nose": null,
"m_eyebrows": null,
"m_forehead": null,
"m_top_chin": null,
"m_bot_up_lip": null,
"m_top_low_lip": null,
"m_bot_nose": null,
"m_chin": null,
"m_nose": null,
"l_eye_exterior": null,
"l_temple": null,
"l_mid_chin": null,
"l_up_lip": null,
"l_ext_nostril": null,
"l_mid_cheek": null,
"l_mid_eyebrow": null,
"l_ext_eyebrow": null,
"l_ext_lips": null,
"l_jaw_angle": null,
"l_mid_ext_face": null,
"l_int_eyebrow": null,
"l_mid_jaw": null,
"l_mid_bot_eyelid": null,
"l_ext_mouth": null,
"l_top_eyelid": null,
"l_eye_int": null,
"l_pupil": null,
"r_eye_exterior": null,
"r_temple": null,
"r_mid_chin": null,
"r_up_lip": null,
"r_ext_nostril": null,
"r_mid_cheek": null,
"r_mid_eyebrow": null,
"r_ext_eyebrow": null,
"r_ext_lips": null,
"r_jaw_angle": null,
"r_mid_ext_face": null,
"r_int_eyebrow": null,
"r_mid_jaw": null,
"r_mid_bot_eyelid": null,
"r_ext_mouth": null,
"r_top_eyelid": null,
"r_eye_int": null,
"r_pupil": null,
"l_shoulder": null,
"l_elbow": null,
"l_hip": null,
"l_knee": null,
"l_ankle": null,
"l_body_wrist": null,
"r_shoulder": null,
"r_elbow": null,
"r_hip": null,
"r_knee": null,
"r_ankle": null,
"r_body_wrist": null,
"m_face_position": null,
"m_body_position": null,
"m_face_scale": null,
"m_body_scale": null,
"l_hand_scale": null,
"r_hand_scale": [
-0.14796067144976144,
0.14796067144976144,
-0.14796067144976144
]
}
],
"framerate": 30,
"mirrorable": true,
"invalid": false
}