{
"label": "e",
"gestures": [
{
"l_hand_position": null,
"l_wrist": null,
"l_thumb_cmc": null,
"l_thumb_mcp": null,
"l_thumb_ip": null,
"l_thumb_tip": null,
"l_index_mcp": null,
"l_index_pip": null,
"l_index_dip": null,
"l_index_tip": null,
"l_middle_mcp": null,
"l_middle_pip": null,
"l_middle_dip": null,
"l_middle_tip": null,
"l_ring_mcp": null,
"l_ring_pip": null,
"l_ring_dip": null,
"l_ring_tip": null,
"l_pinky_mcp": null,
"l_pinky_pip": null,
"l_pinky_dip": null,
"l_pinky_tip": null,
"r_hand_position": [
-0.13179725408554077,
0.032632648944854736,
0.499202168895863
],
"r_wrist": [
-0.1512882986088696,
0.9884738958935565,
0.005586397859794735
],
"r_thumb_cmc": [
0.13438012934144064,
0.8724881618948143,
0.06697713587211038
],
"r_thumb_mcp": [
0.33280403993084995,
0.5613623215077915,
0.09169970425577574
],
"r_thumb_ip": [
0.3722610258701634,
0.2789589164686952,
0.1296554260453254
],
"r_thumb_tip": [
0.2495682845617948,
0.26147186610988776,
0.1584874058751932
],
"r_index_mcp": [
0.16358837405516696,
0.04491023780661765,
-0.027729321658263698
],
"r_index_pip": [
0.20183793173394846,
-0.2423587734064441,
0.052806192880957364
],
"r_index_dip": [
0.23915760688094104,
-0.3510778176560946,
0.13420692818802576
],
"r_index_tip": [
0.25324816529912997,
-0.33062186272373223,
0.1862069594693488
],
"r_middle_mcp": [
-0.0,
0.0,
-0.0
],
"r_middle_pip": [
0.003351416844822636,
-0.3704755512422492,
0.0909628581693939
],
"r_middle_dip": [
0.0507620703821168,
-0.47009693865709967,
0.16600061309698108
],
"r_middle_tip": [
0.07072491211371226,
-0.36607885127316026,
0.20027717149012986
],
"r_ring_mcp": [
-0.15967101434090727,
0.038349724558327865,
0.047363701127666955
],
"r_ring_pip": [
-0.18156958101973655,
-0.31792571074122855,
0.12315762143725162
],
"r_ring_dip": [
-0.12156628127546995,
-0.35461496059007613,
0.16065423198631792
],
"r_ring_tip": [
-0.07649744590957053,
-0.2029088826210985,
0.1662738286949938
],
"r_pinky_mcp": [
-0.32867132142556554,
0.1323079270208249,
0.10668766922527562
],
"r_pinky_pip": [
-0.3714926624316431,
-0.1539235222649356,
0.1700584933789794
],
"r_pinky_dip": [
-0.3141951205211231,
-0.20912590694494382,
0.19934517606322552
],
"r_pinky_tip": [
-0.2445979205263038,
-0.10979416875678162,
0.20463386992021243
],
"l_hand_velocity": null,
"r_hand_velocity": null,
"m_nose_point": null,
"m_top_nose": null,
"m_eyebrows": null,
"m_forehead": null,
"m_top_chin": null,
"m_bot_up_lip": null,
"m_top_low_lip": null,
"m_bot_nose": null,
"m_chin": null,
"m_nose": null,
"l_eye_exterior": null,
"l_temple": null,
"l_mid_chin": null,
"l_up_lip": null,
"l_ext_nostril": null,
"l_mid_cheek": null,
"l_mid_eyebrow": null,
"l_ext_eyebrow": null,
"l_ext_lips": null,
"l_jaw_angle": null,
"l_mid_ext_face": null,
"l_int_eyebrow": null,
"l_mid_jaw": null,
"l_mid_bot_eyelid": null,
"l_ext_mouth": null,
"l_top_eyelid": null,
"l_eye_int": null,
"l_pupil": null,
"r_eye_exterior": null,
"r_temple": null,
"r_mid_chin": null,
"r_up_lip": null,
"r_ext_nostril": null,
"r_mid_cheek": null,
"r_mid_eyebrow": null,
"r_ext_eyebrow": null,
"r_ext_lips": null,
"r_jaw_angle": null,
"r_mid_ext_face": null,
"r_int_eyebrow": null,
"r_mid_jaw": null,
"r_mid_bot_eyelid": null,
"r_ext_mouth": null,
"r_top_eyelid": null,
"r_eye_int": null,
"r_pupil": null,
"l_shoulder": null,
"l_elbow": null,
"l_hip": null,
"l_knee": null,
"l_ankle": null,
"l_body_wrist": null,
"r_shoulder": null,
"r_elbow": null,
"r_hip": null,
"r_knee": null,
"r_ankle": null,
"r_body_wrist": null,
"m_face_position": null,
"m_body_position": null,
"m_face_scale": null,
"m_body_scale": null,
"l_hand_scale": null,
"r_hand_scale": [
-0.14281282207129223,
0.14281282207129223,
-0.14281282207129223
]
}
],
"framerate": 30,
"mirrorable": true,
"invalid": false
}