{
"label": "e",
"gestures": [
{
"l_hand_position": null,
"l_wrist": null,
"l_thumb_cmc": null,
"l_thumb_mcp": null,
"l_thumb_ip": null,
"l_thumb_tip": null,
"l_index_mcp": null,
"l_index_pip": null,
"l_index_dip": null,
"l_index_tip": null,
"l_middle_mcp": null,
"l_middle_pip": null,
"l_middle_dip": null,
"l_middle_tip": null,
"l_ring_mcp": null,
"l_ring_pip": null,
"l_ring_dip": null,
"l_ring_tip": null,
"l_pinky_mcp": null,
"l_pinky_pip": null,
"l_pinky_dip": null,
"l_pinky_tip": null,
"r_hand_position": [
-0.12320816516876221,
0.03497105836868286,
0.5029992680065334
],
"r_wrist": [
-0.12516646367401213,
0.9918758429930981,
-0.022708334550852274
],
"r_thumb_cmc": [
0.1565067060233123,
0.8853905032434196,
0.04244974233673883
],
"r_thumb_mcp": [
0.3549530880862455,
0.5670090040104211,
0.0818659844430141
],
"r_thumb_ip": [
0.38517548663893797,
0.2830351610490249,
0.1354263197336611
],
"r_thumb_tip": [
0.26192068478262065,
0.2254754569560391,
0.18443448493589457
],
"r_index_mcp": [
0.15285216461639708,
0.03239174660690851,
-0.03566431386123086
],
"r_index_pip": [
0.16688591049573048,
-0.3261689487906336,
0.0737424653245045
],
"r_index_dip": [
0.24532496908764664,
-0.4510183816745299,
0.18072419518763916
],
"r_index_tip": [
0.3068682045462585,
-0.40853129161581936,
0.24394777845062385
],
"r_middle_mcp": [
-0.0,
0.0,
-0.0
],
"r_middle_pip": [
-0.00537440523770722,
-0.44667359315945504,
0.12374064660619219
],
"r_middle_dip": [
0.10916599867250827,
-0.5379658246101452,
0.2241008330273704
],
"r_middle_tip": [
0.20031697654696176,
-0.4016877137984366,
0.2713515927634343
],
"r_ring_mcp": [
-0.14999595412437855,
0.031246374158063018,
0.055698576108862204
],
"r_ring_pip": [
-0.16442277305451747,
-0.3712008596685087,
0.1466703074823205
],
"r_ring_dip": [
-0.05447153085916003,
-0.4219149551418975,
0.21370517059534078
],
"r_ring_tip": [
0.02107701924778554,
-0.27121453829385944,
0.24025972880717328
],
"r_pinky_mcp": [
-0.3087365425833824,
0.11990352691339902,
0.12302770810384676
],
"r_pinky_pip": [
-0.3217115635750123,
-0.2285983794721978,
0.18555015690235643
],
"r_pinky_dip": [
-0.23311759133300897,
-0.3044147698267359,
0.22347983063359997
],
"r_pinky_tip": [
-0.15012050999352014,
-0.212156553456127,
0.24069753591786525
],
"l_hand_velocity": null,
"r_hand_velocity": null,
"m_nose_point": null,
"m_top_nose": null,
"m_eyebrows": null,
"m_forehead": null,
"m_top_chin": null,
"m_bot_up_lip": null,
"m_top_low_lip": null,
"m_bot_nose": null,
"m_chin": null,
"m_nose": null,
"l_eye_exterior": null,
"l_temple": null,
"l_mid_chin": null,
"l_up_lip": null,
"l_ext_nostril": null,
"l_mid_cheek": null,
"l_mid_eyebrow": null,
"l_ext_eyebrow": null,
"l_ext_lips": null,
"l_jaw_angle": null,
"l_mid_ext_face": null,
"l_int_eyebrow": null,
"l_mid_jaw": null,
"l_mid_bot_eyelid": null,
"l_ext_mouth": null,
"l_top_eyelid": null,
"l_eye_int": null,
"l_pupil": null,
"r_eye_exterior": null,
"r_temple": null,
"r_mid_chin": null,
"r_up_lip": null,
"r_ext_nostril": null,
"r_mid_cheek": null,
"r_mid_eyebrow": null,
"r_ext_eyebrow": null,
"r_ext_lips": null,
"r_jaw_angle": null,
"r_mid_ext_face": null,
"r_int_eyebrow": null,
"r_mid_jaw": null,
"r_mid_bot_eyelid": null,
"r_ext_mouth": null,
"r_top_eyelid": null,
"r_eye_int": null,
"r_pupil": null,
"l_shoulder": null,
"l_elbow": null,
"l_hip": null,
"l_knee": null,
"l_ankle": null,
"l_body_wrist": null,
"r_shoulder": null,
"r_elbow": null,
"r_hip": null,
"r_knee": null,
"r_ankle": null,
"r_body_wrist": null,
"m_face_position": null,
"m_body_position": null,
"m_face_scale": null,
"m_body_scale": null,
"l_hand_scale": null,
"r_hand_scale": [
-0.1320763290512401,
0.1320763290512401,
-0.1320763290512401
]
}
],
"framerate": 30,
"mirrorable": true,
"invalid": false
}