{
"label": "e",
"gestures": [
{
"l_hand_position": null,
"l_wrist": null,
"l_thumb_cmc": null,
"l_thumb_mcp": null,
"l_thumb_ip": null,
"l_thumb_tip": null,
"l_index_mcp": null,
"l_index_pip": null,
"l_index_dip": null,
"l_index_tip": null,
"l_middle_mcp": null,
"l_middle_pip": null,
"l_middle_dip": null,
"l_middle_tip": null,
"l_ring_mcp": null,
"l_ring_pip": null,
"l_ring_dip": null,
"l_ring_tip": null,
"l_pinky_mcp": null,
"l_pinky_pip": null,
"l_pinky_dip": null,
"l_pinky_tip": null,
"r_hand_position": [
-0.09277385473251343,
0.0669819712638855,
-0.580777034163475
],
"r_wrist": [
-0.31455143855562184,
0.9279877389953523,
0.1997402032062719
],
"r_thumb_cmc": [
0.04695831484718127,
0.857196542875256,
0.03536311810450861
],
"r_thumb_mcp": [
0.32059996899413123,
0.6257256986598193,
-0.04151319676476152
],
"r_thumb_ip": [
0.4892214544314897,
0.4338420064264559,
-0.11444749883383462
],
"r_thumb_tip": [
0.6258201724045763,
0.16374982372253866,
-0.1977444911080908
],
"r_index_mcp": [
0.18448740023645965,
0.07215450678936725,
0.03830851395923426
],
"r_index_pip": [
0.32330713552096035,
-0.26753910712894996,
-0.10825889743561623
],
"r_index_dip": [
0.42113830914784584,
-0.42765007044403286,
-0.23995513181888734
],
"r_index_tip": [
0.52969100003269,
-0.5446880806268882,
-0.34415351896478286
],
"r_middle_mcp": [
0.0,
0.0,
0.0
],
"r_middle_pip": [
0.11016176593692692,
-0.4001088367657636,
-0.15610275625495762
],
"r_middle_dip": [
0.21224867962599614,
-0.6265782468291596,
-0.3237844416401424
],
"r_middle_tip": [
0.3343319709797146,
-0.7734169754703122,
-0.45920175880272
],
"r_ring_mcp": [
-0.20804083966840842,
0.015220000311741215,
-0.0630842903680045
],
"r_ring_pip": [
-0.1213850552136459,
-0.35835085204339934,
-0.24152183370151983
],
"r_ring_dip": [
-0.024745194034297417,
-0.5738857736145561,
-0.408948100990505
],
"r_ring_tip": [
0.10176192990250246,
-0.7180616985949823,
-0.5302432882386819
],
"r_pinky_mcp": [
-0.42471924727497473,
0.10432952289378568,
-0.13851089014855933
],
"r_pinky_pip": [
-0.4215026447126499,
-0.2070591822940647,
-0.3184653192559273
],
"r_pinky_dip": [
-0.3836696682533511,
-0.3934134338378023,
-0.44916653950491925
],
"r_pinky_tip": [
-0.3068732728662877,
-0.5383576028034799,
-0.5497664128699226
],
"l_hand_velocity": null,
"r_hand_velocity": null,
"m_nose_point": null,
"m_top_nose": null,
"m_eyebrows": null,
"m_forehead": null,
"m_top_chin": null,
"m_bot_up_lip": null,
"m_top_low_lip": null,
"m_bot_nose": null,
"m_chin": null,
"m_nose": null,
"l_eye_exterior": null,
"l_temple": null,
"l_mid_chin": null,
"l_up_lip": null,
"l_ext_nostril": null,
"l_mid_cheek": null,
"l_mid_eyebrow": null,
"l_ext_eyebrow": null,
"l_ext_lips": null,
"l_jaw_angle": null,
"l_mid_ext_face": null,
"l_int_eyebrow": null,
"l_mid_jaw": null,
"l_mid_bot_eyelid": null,
"l_ext_mouth": null,
"l_top_eyelid": null,
"l_eye_int": null,
"l_pupil": null,
"r_eye_exterior": null,
"r_temple": null,
"r_mid_chin": null,
"r_up_lip": null,
"r_ext_nostril": null,
"r_mid_cheek": null,
"r_mid_eyebrow": null,
"r_ext_eyebrow": null,
"r_ext_lips": null,
"r_jaw_angle": null,
"r_mid_ext_face": null,
"r_int_eyebrow": null,
"r_mid_jaw": null,
"r_mid_bot_eyelid": null,
"r_ext_mouth": null,
"r_top_eyelid": null,
"r_eye_int": null,
"r_pupil": null,
"l_shoulder": [
0.3356024165374978,
0.15533643798250177,
0.33651390617491606
],
"l_elbow": [
0.7210868841764825,
0.8687618735115384,
0.4344984603847604
],
"l_hip": [
0.2993518006945961,
1.6432864821217372,
0.3524997619745991
],
"l_knee": [
0.4113499674967704,
2.7754142075374513,
0.2767548686962436
],
"l_ankle": [
0.43796109871930705,
3.8588182890297387,
0.9736672024984984
],
"l_body_wrist": [
0.7993987175521347,
0.9243801492040634,
0.20712471072183855
],
"r_shoulder": [
-0.3356024165374978,
-0.15533643798250177,
-0.33651390617491606
],
"r_elbow": [
-0.42029686047011733,
0.3542828380688077,
-1.5275384224625927
],
"r_hip": [
-0.19301206436632695,
1.6210904423063068,
0.5284101147330109
],
"r_knee": [
-0.017660327661554447,
2.872347272093701,
0.688697195302584
],
"r_ankle": [
0.015856369788710793,
3.85166836802511,
1.3455513297456287
],
"r_body_wrist": [
0.03605444102434325,
-0.17718363819411684,
-2.6211387347605246
],
"m_face_position": null,
"m_body_position": [
-0.04833365976810455,
0.1262407898902893,
-0.6714557930827141
],
"m_face_scale": null,
"m_body_scale": [
0.39247799719868537,
0.39247799719868537,
0.39247799719868537
],
"l_hand_scale": null,
"r_hand_scale": [
0.40441476517394964,
0.40441476517394964,
0.40441476517394964
]
}
],
"framerate": 30,
"mirrorable": true,
"invalid": false
}