{
"label": "e",
"gestures": [
{
"l_hand_position": null,
"l_wrist": null,
"l_thumb_cmc": null,
"l_thumb_mcp": null,
"l_thumb_ip": null,
"l_thumb_tip": null,
"l_index_mcp": null,
"l_index_pip": null,
"l_index_dip": null,
"l_index_tip": null,
"l_middle_mcp": null,
"l_middle_pip": null,
"l_middle_dip": null,
"l_middle_tip": null,
"l_ring_mcp": null,
"l_ring_pip": null,
"l_ring_dip": null,
"l_ring_tip": null,
"l_pinky_mcp": null,
"l_pinky_pip": null,
"l_pinky_dip": null,
"l_pinky_tip": null,
"r_hand_position": [
-0.19597873091697693,
0.02124786376953125,
-0.4858580073341727
],
"r_wrist": [
-0.15062238072698336,
0.9859622617265045,
-0.07205079371729152
],
"r_thumb_cmc": [
0.17686315541020795,
0.8299360913328084,
-0.11840947914950582
],
"r_thumb_mcp": [
0.3918194673517936,
0.5648253108764986,
-0.11096914735536025
],
"r_thumb_ip": [
0.41428735250065435,
0.2651469180814378,
-0.11828856330114253
],
"r_thumb_tip": [
0.2523753043739383,
0.25361567521288786,
-0.11905707146534862
],
"r_index_mcp": [
0.17506826941593415,
0.036606199544496475,
0.017591047157381957
],
"r_index_pip": [
0.17882627875171594,
-0.32395528494297204,
-0.02240834062972595
],
"r_index_dip": [
0.1921268987026847,
-0.3182043918685181,
-0.07226277254607595
],
"r_index_tip": [
0.17642054542177144,
-0.19288867376683086,
-0.1019564563886894
],
"r_middle_mcp": [
0.0,
0.0,
0.0
],
"r_middle_pip": [
-0.04993490966625796,
-0.4250370812661227,
-0.02420711274729016
],
"r_middle_dip": [
-0.011697354473129586,
-0.582688837435531,
-0.08166209506140747
],
"r_middle_tip": [
0.015558158650136595,
-0.6565161835067429,
-0.13238435809872534
],
"r_ring_mcp": [
-0.1566755847746713,
0.04663059454846874,
-0.03618775089891071
],
"r_ring_pip": [
-0.16868997858085594,
-0.3121930953188777,
-0.09241311979442618
],
"r_ring_dip": [
-0.10686943437777671,
-0.18837815153132648,
-0.1376923042924917
],
"r_ring_tip": [
-0.08151494254275246,
-0.010007692740257678,
-0.15928756733668453
],
"r_pinky_mcp": [
-0.32128459297500983,
0.146712988146443,
-0.08021988661814165
],
"r_pinky_pip": [
-0.3076058185896667,
-0.14995201259698432,
-0.12545669564635317
],
"r_pinky_dip": [
-0.2505294005559545,
-0.07123788784040683,
-0.13976552022567748
],
"r_pinky_tip": [
-0.21865464864427808,
0.07962789042052636,
-0.14633019788489565
],
"l_hand_velocity": null,
"r_hand_velocity": null,
"m_nose_point": null,
"m_top_nose": null,
"m_eyebrows": null,
"m_forehead": null,
"m_top_chin": null,
"m_bot_up_lip": null,
"m_top_low_lip": null,
"m_bot_nose": null,
"m_chin": null,
"m_nose": null,
"l_eye_exterior": null,
"l_temple": null,
"l_mid_chin": null,
"l_up_lip": null,
"l_ext_nostril": null,
"l_mid_cheek": null,
"l_mid_eyebrow": null,
"l_ext_eyebrow": null,
"l_ext_lips": null,
"l_jaw_angle": null,
"l_mid_ext_face": null,
"l_int_eyebrow": null,
"l_mid_jaw": null,
"l_mid_bot_eyelid": null,
"l_ext_mouth": null,
"l_top_eyelid": null,
"l_eye_int": null,
"l_pupil": null,
"r_eye_exterior": null,
"r_temple": null,
"r_mid_chin": null,
"r_up_lip": null,
"r_ext_nostril": null,
"r_mid_cheek": null,
"r_mid_eyebrow": null,
"r_ext_eyebrow": null,
"r_ext_lips": null,
"r_jaw_angle": null,
"r_mid_ext_face": null,
"r_int_eyebrow": null,
"r_mid_jaw": null,
"r_mid_bot_eyelid": null,
"r_ext_mouth": null,
"r_top_eyelid": null,
"r_eye_int": null,
"r_pupil": null,
"l_shoulder": [
0.4764467563489161,
0.01645371016097854,
-0.1507573009394076
],
"l_elbow": [
0.7400735051261996,
0.8866506369633449,
-0.5324434627194472
],
"l_hip": [
0.308276119471009,
1.8099347111340753,
0.33027993726666693
],
"l_knee": [
0.32984711932850347,
3.272282304464481,
0.017858319376965276
],
"l_ankle": [
0.395099608232503,
4.577323191607872,
1.421722324048277
],
"l_body_wrist": [
0.821003414289339,
1.4429743218635853,
-1.3309562605884684
],
"r_shoulder": [
-0.4764467563489161,
-0.01645371016097854,
0.1507573009394076
],
"r_elbow": [
-1.013310324383767,
0.8154104197930717,
-1.086943394249727
],
"r_hip": [
-0.3354418999504269,
1.8094018900050088,
0.8092972459682153
],
"r_knee": [
-0.31593939236946494,
3.2998975535423454,
0.8916826292368599
],
"r_ankle": [
-0.21378792891053422,
4.551206700413912,
1.728532986955947
],
"r_body_wrist": [
-0.6181194649760758,
0.0851790624074098,
-3.064982298387301
],
"m_face_position": null,
"m_body_position": [
0.027870342135429382,
0.21014294028282166,
-0.7117163389921188
],
"m_face_scale": null,
"m_body_scale": [
0.37542277690200015,
0.37542277690200015,
0.37542277690200015
],
"l_hand_scale": null,
"r_hand_scale": [
0.19627611673881407,
0.19627611673881407,
0.19627611673881407
]
}
],
"framerate": 30,
"mirrorable": true,
"invalid": false
}