{
"label": "e",
"gestures": [
{
"l_hand_position": null,
"l_wrist": null,
"l_thumb_cmc": null,
"l_thumb_mcp": null,
"l_thumb_ip": null,
"l_thumb_tip": null,
"l_index_mcp": null,
"l_index_pip": null,
"l_index_dip": null,
"l_index_tip": null,
"l_middle_mcp": null,
"l_middle_pip": null,
"l_middle_dip": null,
"l_middle_tip": null,
"l_ring_mcp": null,
"l_ring_pip": null,
"l_ring_dip": null,
"l_ring_tip": null,
"l_pinky_mcp": null,
"l_pinky_pip": null,
"l_pinky_dip": null,
"l_pinky_tip": null,
"r_hand_position": [
-0.13750767707824707,
0.036396324634552,
0.49736967659555376
],
"r_wrist": [
-0.14152805077957265,
0.9897656393650691,
0.018269919944839542
],
"r_thumb_cmc": [
0.14877215196314206,
0.8756663880031951,
0.08557819866047661
],
"r_thumb_mcp": [
0.34985940831301593,
0.5511549165286573,
0.10511516320873432
],
"r_thumb_ip": [
0.3833602193874688,
0.2583536212986624,
0.13598857346839974
],
"r_thumb_tip": [
0.23991194563885032,
0.24363439598699416,
0.15742835922380854
],
"r_index_mcp": [
0.16254534245715838,
0.044382074565712595,
-0.022750990724270618
],
"r_index_pip": [
0.18170202999009294,
-0.24850906292048824,
0.04836343110902033
],
"r_index_dip": [
0.21259327543843634,
-0.37908567388425324,
0.12703777993162868
],
"r_index_tip": [
0.2362052280360329,
-0.375708722903869,
0.1803722135457772
],
"r_middle_mcp": [
-0.0,
0.0,
-0.0
],
"r_middle_pip": [
-0.012931074599441235,
-0.370254428510982,
0.07678039184008037
],
"r_middle_dip": [
0.02545309782039664,
-0.5230191786203063,
0.1538063345082497
],
"r_middle_tip": [
0.05319613812500899,
-0.4654514073926335,
0.19729817633738986
],
"r_ring_mcp": [
-0.15443635430025202,
0.04466484996197355,
0.04345772564260027
],
"r_ring_pip": [
-0.17473822008510137,
-0.32710882352203857,
0.11803580322009519
],
"r_ring_dip": [
-0.12004871321292802,
-0.3910427673421075,
0.164119640717982
],
"r_ring_tip": [
-0.0739865470542038,
-0.2543299716814412,
0.17870671614415384
],
"r_pinky_mcp": [
-0.31689640871695685,
0.14005703909155628,
0.09840296725500487
],
"r_pinky_pip": [
-0.340075710818078,
-0.15779322532936446,
0.1737179868070435
],
"r_pinky_dip": [
-0.2908847984374738,
-0.20398539364683826,
0.21098481085588522
],
"r_pinky_tip": [
-0.23137651727967637,
-0.08904609648845845,
0.22174744478966338
],
"l_hand_velocity": null,
"r_hand_velocity": null,
"m_nose_point": null,
"m_top_nose": null,
"m_eyebrows": null,
"m_forehead": null,
"m_top_chin": null,
"m_bot_up_lip": null,
"m_top_low_lip": null,
"m_bot_nose": null,
"m_chin": null,
"m_nose": null,
"l_eye_exterior": null,
"l_temple": null,
"l_mid_chin": null,
"l_up_lip": null,
"l_ext_nostril": null,
"l_mid_cheek": null,
"l_mid_eyebrow": null,
"l_ext_eyebrow": null,
"l_ext_lips": null,
"l_jaw_angle": null,
"l_mid_ext_face": null,
"l_int_eyebrow": null,
"l_mid_jaw": null,
"l_mid_bot_eyelid": null,
"l_ext_mouth": null,
"l_top_eyelid": null,
"l_eye_int": null,
"l_pupil": null,
"r_eye_exterior": null,
"r_temple": null,
"r_mid_chin": null,
"r_up_lip": null,
"r_ext_nostril": null,
"r_mid_cheek": null,
"r_mid_eyebrow": null,
"r_ext_eyebrow": null,
"r_ext_lips": null,
"r_jaw_angle": null,
"r_mid_ext_face": null,
"r_int_eyebrow": null,
"r_mid_jaw": null,
"r_mid_bot_eyelid": null,
"r_ext_mouth": null,
"r_top_eyelid": null,
"r_eye_int": null,
"r_pupil": null,
"l_shoulder": null,
"l_elbow": null,
"l_hip": null,
"l_knee": null,
"l_ankle": null,
"l_body_wrist": null,
"r_shoulder": null,
"r_elbow": null,
"r_hip": null,
"r_knee": null,
"r_ankle": null,
"r_body_wrist": null,
"m_face_position": null,
"m_body_position": null,
"m_face_scale": null,
"m_body_scale": null,
"l_hand_scale": null,
"r_hand_scale": [
-0.14396575133440329,
0.14396575133440329,
-0.14396575133440329
]
}
],
"framerate": 30,
"mirrorable": true,
"invalid": false
}