{
"label": "e",
"gestures": [
{
"l_hand_position": null,
"l_wrist": null,
"l_thumb_cmc": null,
"l_thumb_mcp": null,
"l_thumb_ip": null,
"l_thumb_tip": null,
"l_index_mcp": null,
"l_index_pip": null,
"l_index_dip": null,
"l_index_tip": null,
"l_middle_mcp": null,
"l_middle_pip": null,
"l_middle_dip": null,
"l_middle_tip": null,
"l_ring_mcp": null,
"l_ring_pip": null,
"l_ring_dip": null,
"l_ring_tip": null,
"l_pinky_mcp": null,
"l_pinky_pip": null,
"l_pinky_dip": null,
"l_pinky_tip": null,
"r_hand_position": [
-0.1853819489479065,
-0.0029832124710083008,
-0.5003697818028741
],
"r_wrist": [
-0.19022345039448713,
0.9817387602353962,
0.0020113606049707205
],
"r_thumb_cmc": [
0.16768671915144684,
0.8503224398556666,
-0.053646585789137155
],
"r_thumb_mcp": [
0.4252184300368447,
0.5705935308104546,
-0.052840098488423574
],
"r_thumb_ip": [
0.5610940596218085,
0.2950965491491087,
-0.06511056278108451
],
"r_thumb_tip": [
0.5016342805730885,
0.05765482441965609,
-0.07491420071166542
],
"r_index_mcp": [
0.17251619234813134,
0.012965787935204323,
0.022768066961095595
],
"r_index_pip": [
0.17585415100308333,
-0.45842995176187495,
-0.06493105188308533
],
"r_index_dip": [
0.23036728147603888,
-0.34519348058396043,
-0.13190567452509086
],
"r_index_tip": [
0.22135758068238526,
-0.1297419927984367,
-0.15730388362848421
],
"r_middle_mcp": [
0.0,
0.0,
0.0
],
"r_middle_pip": [
-0.02476646687980611,
-0.5149869255343839,
-0.08576259166343082
],
"r_middle_dip": [
0.05554534345962235,
-0.35590684332075134,
-0.1432314933580686
],
"r_middle_tip": [
0.05420779380049831,
-0.11048682044282447,
-0.1625649649599021
],
"r_ring_mcp": [
-0.175638113962539,
0.051588932181476706,
-0.041125178996361575
],
"r_ring_pip": [
-0.191986753471098,
-0.3845174081485476,
-0.13597948402622548
],
"r_ring_dip": [
-0.10641355792219385,
-0.25861902709320866,
-0.16361384059340384
],
"r_ring_tip": [
-0.10609720060550779,
-0.04296835737007882,
-0.154913639601599
],
"r_pinky_mcp": [
-0.3650889847829265,
0.14657489237987376,
-0.09047951855678225
],
"r_pinky_pip": [
-0.3702741978925853,
-0.21621077775922978,
-0.17116915061471705
],
"r_pinky_dip": [
-0.284488692873979,
-0.15795419375102074,
-0.1911114925516556
],
"r_pinky_tip": [
-0.2520915643437988,
0.001119567799009918,
-0.18513955940894175
],
"l_hand_velocity": null,
"r_hand_velocity": null,
"m_nose_point": [
0.0,
0.0,
0.0
],
"m_top_nose": [
-0.00029694042306654484,
-0.2963576055744753,
0.2483419401924091
],
"m_eyebrows": [
-0.0007142501383448634,
-0.5539222239262437,
0.35483599898530993
],
"m_forehead": [
-0.00460722316623815,
-0.8243825090416046,
0.5229796544551287
],
"m_top_chin": [
0.027337547891111487,
0.6241340303541176,
0.03351549075052671
],
"m_bot_up_lip": [
0.019405123027523084,
0.3910459765326184,
0.06033983730501378
],
"m_top_low_lip": [
0.021206679603236803,
0.405201759324053,
0.05088755651855562
],
"m_bot_nose": [
-0.010374328372502252,
0.08694358057947302,
0.07143159653015417
],
"m_chin": [
0.04042372561167899,
0.998986796810952,
0.019781360040840357
],
"m_nose": [
-0.0016617157803500385,
-0.24482228967549696,
0.1842154659785438
],
"l_eye_exterior": [
-0.3383284306184056,
-0.2107062247496287,
0.46714527128816075
],
"l_temple": [
-0.5080433796928936,
-0.39289068018918005,
0.8104027995300919
],
"l_mid_chin": [
-0.1657600212638386,
0.7781374677887499,
0.06667241819585272
],
"l_up_lip": [
-0.10801949133767828,
0.3112656964422335,
0.0780956631671232
],
"l_ext_nostril": [
-0.15068996289258954,
0.052039141043033886,
0.1366564854803278
],
"l_mid_cheek": [
-0.38812635739523904,
0.10470822946644814,
0.3353247853069134
],
"l_mid_eyebrow": [
-0.3344124458140601,
-0.5096922619825298,
0.4310407067612894
],
"l_ext_eyebrow": [
-0.3992574191856903,
-0.4601328611193073,
0.47162529354105287
],
"l_ext_lips": [
-0.24676058930743655,
0.47966366384899267,
0.17515878307501417
],
"l_jaw_angle": [
-0.44789236618336,
0.6107035610550914,
0.6133203208749801
],
"l_mid_ext_face": [
-0.5039477260185554,
0.2724435019647987,
0.8113526991099911
],
"l_int_eyebrow": [
-0.13774406850154824,
-0.594764144321526,
0.3679219485241999
],
"l_mid_jaw": [
-0.36146544423865623,
0.8080594151891143,
0.35911367249237913
],
"l_mid_bot_eyelid": [
-0.2519758544130092,
-0.1995340072820609,
0.4129205093330959
],
"l_ext_mouth": [
-0.15371822416687325,
0.514780962317615,
0.11993227589706969
],
"l_top_eyelid": [
-0.25762524553203675,
-0.2772737623489587,
0.42440388363370196
],
"l_eye_int": [
-0.1470275501633813,
-0.2685511927381492,
0.428146215266827
],
"l_pupil": [
-0.25658352011340985,
-0.23539985228662533,
0.4363933234075614
],
"r_eye_exterior": [
0.43527217693595055,
-0.2739432502416579,
0.43841876078194425
],
"r_temple": [
0.577189342590282,
-0.43206159158669905,
0.7397251152626005
],
"r_mid_chin": [
0.2379913323424788,
0.772021866929483,
0.0396721643117547
],
"r_up_lip": [
0.1451166876495194,
0.30014636180708965,
0.0567119560696765
],
"r_ext_nostril": [
0.18370212634999358,
0.05158664986183338,
0.15294328461689333
],
"r_mid_cheek": [
0.4361337909504223,
0.07514207953276868,
0.27329946416112816
],
"r_mid_eyebrow": [
0.440321934264732,
-0.5314381694628256,
0.41263370570819013
],
"r_ext_eyebrow": [
0.36659839798999583,
-0.5742648555771147,
0.382468482066564
],
"r_ext_lips": [
0.26207669667305966,
0.5191536423777053,
0.10125358652655399
],
"r_jaw_angle": [
0.5817518698061033,
0.5736050371407626,
0.5444826106801883
],
"r_mid_ext_face": [
0.6279263268600322,
0.23528235946647008,
0.7354953737370118
],
"r_int_eyebrow": [
0.1445360828282626,
-0.6228267844379647,
0.34999311254832494
],
"r_mid_jaw": [
0.48235028874979297,
0.7864763602806344,
0.3059683792797887
],
"r_mid_bot_eyelid": [
0.2919654540112332,
-0.23194631568213753,
0.36975549202235
],
"r_ext_mouth": [
0.296579757724072,
0.45467176828644185,
0.13204818363706847
],
"r_top_eyelid": [
0.3026469010925405,
-0.3194364259523515,
0.3814108046742966
],
"r_eye_int": [
0.1812150843565003,
-0.29226239443429974,
0.3994455100339638
],
"r_pupil": [
0.30547867719865496,
-0.27506308293997367,
0.39390979487793953
],
"l_shoulder": [
0.43686263550676246,
-0.02979153520513936,
-0.24137833815031234
],
"l_elbow": [
0.8298675686124541,
0.7876122430412752,
-0.801904279063178
],
"l_hip": [
0.285280197211901,
1.6179317259509083,
-0.18400958085696295
],
"l_knee": [
0.23301953670242312,
2.978462409972562,
-0.7770695207542191
],
"l_ankle": [
0.22538042978427736,
4.247022138101326,
0.05506392278993055
],
"l_body_wrist": [
0.5355998105311476,
1.0156218977112133,
-1.9036988550538065
],
"r_shoulder": [
-0.43686263550676246,
0.02979153520513936,
0.24137833815031234
],
"r_elbow": [
-0.8429213168792876,
0.8288959082473545,
-0.7782893769734475
],
"r_hip": [
-0.36397620781363116,
1.649716563191004,
0.46340090004339884
],
"r_knee": [
-0.38808311337206447,
2.9814175546163266,
0.4304546482659391
],
"r_ankle": [
-0.3248631592712895,
4.166674215626596,
1.0075778222917167
],
"r_body_wrist": [
-0.7246825077666345,
0.020157192451555464,
-2.9018180733592702
],
"m_face_position": [
0.06803172826766968,
-0.14724820852279663,
-0.5359726995229721
],
"m_body_position": [
0.08636343479156494,
0.2101306915283203,
-0.5539734717458487
],
"m_face_scale": [
0.13468936371564416,
0.13468936371564416,
0.13468936371564416
],
"m_body_scale": [
0.4006930339624551,
0.4006930339624551,
0.4006930339624551
],
"l_hand_scale": null,
"r_hand_scale": [
0.18388742802022606,
0.18388742802022606,
0.18388742802022606
]
}
],
"framerate": 30,
"mirrorable": true,
"invalid": false
}