{
"label": "e",
"gestures": [
{
"l_hand_position": null,
"l_wrist": null,
"l_thumb_cmc": null,
"l_thumb_mcp": null,
"l_thumb_ip": null,
"l_thumb_tip": null,
"l_index_mcp": null,
"l_index_pip": null,
"l_index_dip": null,
"l_index_tip": null,
"l_middle_mcp": null,
"l_middle_pip": null,
"l_middle_dip": null,
"l_middle_tip": null,
"l_ring_mcp": null,
"l_ring_pip": null,
"l_ring_dip": null,
"l_ring_tip": null,
"l_pinky_mcp": null,
"l_pinky_pip": null,
"l_pinky_dip": null,
"l_pinky_tip": null,
"r_hand_position": [
0.15850171446800232,
-0.025908827781677246,
0.5002391005546087
],
"r_wrist": [
0.11876809562586219,
0.9929207806770081,
-0.001569318695156597
],
"r_thumb_cmc": [
-0.1911593290061358,
0.8365728945674267,
0.014747064600875078
],
"r_thumb_mcp": [
-0.41046072212155066,
0.5657926739477667,
0.025636186996601248
],
"r_thumb_ip": [
-0.5419578191919282,
0.2559047524390102,
0.04015268032279441
],
"r_thumb_tip": [
-0.6076640289836427,
-0.006521339855127545,
0.046902403720412635
],
"r_index_mcp": [
-0.19703571192833952,
0.04774460899782302,
-0.006587474757683344
],
"r_index_pip": [
-0.2629099077738386,
-0.3766712758688592,
0.021379505462306842
],
"r_index_dip": [
-0.2785017122932696,
-0.4102667265856318,
0.02767453348886371
],
"r_index_tip": [
-0.28243285973585136,
-0.32000913013928173,
0.014421799404184496
],
"r_middle_mcp": [
-0.0,
0.0,
-0.0
],
"r_middle_pip": [
-0.03195450662212016,
-0.476464183137657,
0.008850940047832647
],
"r_middle_dip": [
-0.060615978134020726,
-0.44267278128480503,
-0.004546805608277165
],
"r_middle_tip": [
-0.07700390747878003,
-0.31174769726136575,
-0.02544855193561837
],
"r_ring_mcp": [
0.18659339375146466,
0.03983616194887236,
0.011203649265891057
],
"r_ring_pip": [
0.17279389677910673,
-0.36989903251314304,
0.027044133554634406
],
"r_ring_dip": [
0.12595825073587133,
-0.3112584061012155,
-6.531293936334982e-05
],
"r_ring_tip": [
0.09592355679128699,
-0.17363910716846293,
-0.029935989705410653
],
"r_pinky_mcp": [
0.3603273475277105,
0.13952483572911697,
0.021982329906460856
],
"r_pinky_pip": [
0.4019280475013772,
-0.21615033457684557,
0.020863060488365944
],
"r_pinky_dip": [
0.3493845912697708,
-0.204914433854851,
-0.020413952519052144
],
"r_pinky_tip": [
0.295465565885288,
-0.08409334918052482,
-0.06378520704363182
],
"l_hand_velocity": null,
"r_hand_velocity": null,
"m_nose_point": null,
"m_top_nose": null,
"m_eyebrows": null,
"m_forehead": null,
"m_top_chin": null,
"m_bot_up_lip": null,
"m_top_low_lip": null,
"m_bot_nose": null,
"m_chin": null,
"m_nose": null,
"l_eye_exterior": null,
"l_temple": null,
"l_mid_chin": null,
"l_up_lip": null,
"l_ext_nostril": null,
"l_mid_cheek": null,
"l_mid_eyebrow": null,
"l_ext_eyebrow": null,
"l_ext_lips": null,
"l_jaw_angle": null,
"l_mid_ext_face": null,
"l_int_eyebrow": null,
"l_mid_jaw": null,
"l_mid_bot_eyelid": null,
"l_ext_mouth": null,
"l_top_eyelid": null,
"l_eye_int": null,
"l_pupil": null,
"r_eye_exterior": null,
"r_temple": null,
"r_mid_chin": null,
"r_up_lip": null,
"r_ext_nostril": null,
"r_mid_cheek": null,
"r_mid_eyebrow": null,
"r_ext_eyebrow": null,
"r_ext_lips": null,
"r_jaw_angle": null,
"r_mid_ext_face": null,
"r_int_eyebrow": null,
"r_mid_jaw": null,
"r_mid_bot_eyelid": null,
"r_ext_mouth": null,
"r_top_eyelid": null,
"r_eye_int": null,
"r_pupil": null,
"l_shoulder": null,
"l_elbow": null,
"l_hip": null,
"l_knee": null,
"l_ankle": null,
"l_body_wrist": null,
"r_shoulder": null,
"r_elbow": null,
"r_hip": null,
"r_knee": null,
"r_ankle": null,
"r_body_wrist": null,
"m_face_position": null,
"m_body_position": null,
"m_face_scale": null,
"m_body_scale": null,
"l_hand_scale": null,
"r_hand_scale": [
-0.15239476345969985,
0.15239476345969985,
-0.15239476345969985
]
}
],
"framerate": 30,
"mirrorable": true,
"invalid": false
}