{
"label": "q",
"gestures": [
{
"l_hand_position": null,
"l_wrist": null,
"l_thumb_cmc": null,
"l_thumb_mcp": null,
"l_thumb_ip": null,
"l_thumb_tip": null,
"l_index_mcp": null,
"l_index_pip": null,
"l_index_dip": null,
"l_index_tip": null,
"l_middle_mcp": null,
"l_middle_pip": null,
"l_middle_dip": null,
"l_middle_tip": null,
"l_ring_mcp": null,
"l_ring_pip": null,
"l_ring_dip": null,
"l_ring_tip": null,
"l_pinky_mcp": null,
"l_pinky_pip": null,
"l_pinky_dip": null,
"l_pinky_tip": null,
"r_hand_position": [
-0.1977253556251526,
-0.07439696788787842,
-0.5689808949828148
],
"r_wrist": [
-0.6657934327493946,
-0.37299567583099935,
0.6462146166090283
],
"r_thumb_cmc": [
-0.13701606199761543,
-0.30527774735651736,
0.5643923238899257
],
"r_thumb_mcp": [
0.21471245489680646,
0.13645963997253374,
0.37172721927394686
],
"r_thumb_ip": [
0.29868555625956345,
0.6581788545697266,
0.18798214182736464
],
"r_thumb_tip": [
0.2652536103300808,
0.9944381132776322,
0.0002884711778302412
],
"r_index_mcp": [
0.3582308094002688,
-0.004217974889580724,
0.08743999027492871
],
"r_index_pip": [
0.39070932772530886,
0.8935718940555457,
-0.1321052118643084
],
"r_index_dip": [
0.36177733673825824,
1.3487608466582854,
-0.24108652385987386
],
"r_index_tip": [
0.3443236090312799,
1.7325010792556017,
-0.31325275746512693
],
"r_middle_mcp": [
0.0,
0.0,
0.0
],
"r_middle_pip": [
0.018073525446908777,
1.079353195529815,
-0.20392253005267943
],
"r_middle_dip": [
-0.02782054287774292,
0.8681400851700752,
-0.1513932058556755
],
"r_middle_tip": [
-0.03150247647873515,
0.5517149125162863,
-0.12258468583731146
],
"r_ring_mcp": [
-0.36247474878976554,
0.03199775629433723,
-0.07423110931900333
],
"r_ring_pip": [
-0.30994018981455274,
0.9727764614552341,
-0.20619595933027118
],
"r_ring_dip": [
-0.32964612849811614,
0.745093482503613,
-0.06348732032015716
],
"r_ring_tip": [
-0.31681799041058273,
0.4474975976760083,
0.022669870105426773
],
"r_pinky_mcp": [
-0.6823587836958059,
0.07353425564383828,
-0.15958172511816426
],
"r_pinky_pip": [
-0.5834655872791648,
0.7984513673955171,
-0.1800654122494805
],
"r_pinky_dip": [
-0.5813847978396596,
0.6347398908498524,
-0.04765099948563472
],
"r_pinky_tip": [
-0.5789957846592159,
0.34077624412877705,
0.027751513602428595
],
"l_hand_velocity": null,
"r_hand_velocity": null,
"m_nose_point": [
0.0,
0.0,
0.0
],
"m_top_nose": [
-0.015497229909484548,
-0.3080625516437247,
0.23087816339993159
],
"m_eyebrows": [
-0.021772036355804734,
-0.5957702502401169,
0.3171413844200304
],
"m_forehead": [
-0.02686604499169803,
-0.9543131085643782,
0.45647705950247536
],
"m_top_chin": [
0.0015219611098757535,
0.6715711999466362,
0.13281836036182243
],
"m_bot_up_lip": [
0.023170015107685415,
0.47343327087301357,
0.1065768870892727
],
"m_top_low_lip": [
0.03472692187651557,
0.5353995969149618,
0.1282425040777152
],
"m_bot_nose": [
-0.021185732539864475,
0.08785067928788112,
0.08529530827891944
],
"m_chin": [
0.0020760690515302773,
0.9892622949414454,
0.14613624377435683
],
"m_nose": [
-0.01255215467218925,
-0.25184516610142965,
0.1700677336718924
],
"l_eye_exterior": [
-0.4173446688278615,
-0.2344670193257784,
0.44414423039823425
],
"l_temple": [
-0.6438434916878698,
-0.509004628399655,
0.7905488646149652
],
"l_mid_chin": [
-0.20866710964485805,
0.8141421566225255,
0.1729333518214151
],
"l_up_lip": [
-0.13415964330876573,
0.4029768362979266,
0.11514859733667845
],
"l_ext_nostril": [
-0.18953598224033336,
0.05408596218058929,
0.1388218318413003
],
"l_mid_cheek": [
-0.4776814317590316,
0.10204284660899383,
0.338297354751271
],
"l_mid_eyebrow": [
-0.3957288107043375,
-0.540082966943737,
0.3835430164865001
],
"l_ext_eyebrow": [
-0.47494365276494444,
-0.4923751769111221,
0.4267401892434288
],
"l_ext_lips": [
-0.31901592697967224,
0.48983170284254884,
0.24387823611262238
],
"l_jaw_angle": [
-0.5814690688183525,
0.60289627041536,
0.7107417173144832
],
"l_mid_ext_face": [
-0.6678217926920972,
0.22082726542662096,
0.873608148243244
],
"l_int_eyebrow": [
-0.16811188726277448,
-0.6032670878095456,
0.3211422976719623
],
"l_mid_jaw": [
-0.4314981446158413,
0.8267606799829355,
0.4690803851393326
],
"l_mid_bot_eyelid": [
-0.318120373318619,
-0.21629527249097869,
0.39112495071707554
],
"l_ext_mouth": [
-0.19501323474820687,
0.6182494661504083,
0.20056930007334234
],
"l_top_eyelid": [
-0.32696152984945226,
-0.3430894035070074,
0.40183428873946087
],
"l_eye_int": [
-0.19997026970841084,
-0.2741512585824478,
0.4104745917321925
],
"l_pupil": [
-0.2935532267189025,
-0.27706865666465536,
0.41531270141662885
],
"r_eye_exterior": [
0.46216358519320616,
-0.35167666450290314,
0.4682074250742693
],
"r_temple": [
0.5848439872193574,
-0.56224276589072,
0.7514997525230707
],
"r_mid_chin": [
0.21023482278661354,
0.7759541782602933,
0.16720215082486345
],
"r_up_lip": [
0.17229791575982004,
0.38081590767114415,
0.1078518013479954
],
"r_ext_nostril": [
0.19825569819272043,
0.049498332514821664,
0.17572569081956868
],
"r_mid_cheek": [
0.4548138884176622,
0.0559694208263049,
0.3283575824090185
],
"r_mid_eyebrow": [
0.4527471392244778,
-0.6195404077412864,
0.4208987650358151
],
"r_ext_eyebrow": [
0.37553521944838353,
-0.6565648159100341,
0.3792399249202314
],
"r_ext_lips": [
0.27782413003057066,
0.5320091454167137,
0.21044511974178912
],
"r_jaw_angle": [
0.5257289729913459,
0.5164706821945475,
0.6694391764425369
],
"r_mid_ext_face": [
0.5800897297831635,
0.14784882069915126,
0.8318622433524878
],
"r_int_eyebrow": [
0.1345310255428512,
-0.6837426525263941,
0.32002945054275644
],
"r_mid_jaw": [
0.4221949490470127,
0.7428963582875383,
0.4410931241210078
],
"r_mid_bot_eyelid": [
0.31498777123460675,
-0.3003982390440201,
0.38572712882010435
],
"r_ext_mouth": [
0.3203074334104501,
0.4517696837779608,
0.23304237836550484
],
"r_top_eyelid": [
0.3287365392344159,
-0.4263120670762888,
0.39462885560456235
],
"r_eye_int": [
0.1961013988150748,
-0.33568830630058616,
0.4064148314296113
],
"r_pupil": [
0.3910796134894972,
-0.3581632859116295,
0.40943340645886156
],
"l_shoulder": [
0.41284316141116867,
-0.026636121836720067,
-0.2808042754117735
],
"l_elbow": [
0.7218519586975828,
0.6520386936338776,
-0.30454933483472135
],
"l_hip": [
0.29757024599714155,
1.4991395020632206,
0.018423875015003643
],
"l_knee": [
0.2910532633758109,
2.8050598108806173,
0.1598555680961359
],
"l_ankle": [
0.3127643049951685,
3.918249371649005,
1.4988027921440201
],
"l_body_wrist": [
0.5799139228451694,
1.4041023244087822,
0.053024096540969096
],
"r_shoulder": [
-0.41284316141116867,
0.026636121836720067,
0.2808042754117735
],
"r_elbow": [
-0.935905589999896,
-0.0384063823911459,
-0.8682376715999376
],
"r_hip": [
-0.2852252240956283,
1.4994847666643087,
0.5717003733518937
],
"r_knee": [
-0.25456471558861077,
2.801360978824338,
1.3417378320771247
],
"r_ankle": [
-0.22339469258825478,
3.9298288757768454,
2.823394726643634
],
"r_body_wrist": [
-0.6578176467393647,
-0.5328490790651155,
-1.847339057573203
],
"m_face_position": [
-0.01598075032234192,
-0.08426481485366821,
-0.5314205065369606
],
"m_body_position": [
-0.005566850304603577,
0.16684436798095703,
-0.6148938918486238
],
"m_face_scale": [
0.10552484837171767,
0.10552484837171767,
0.10552484837171767
],
"m_body_scale": [
0.39464288411562326,
0.39464288411562326,
0.39464288411562326
],
"l_hand_scale": null,
"r_hand_scale": [
0.1067463648836603,
0.1067463648836603,
0.1067463648836603
]
}
],
"framerate": 30,
"mirrorable": true,
"invalid": false
}