{
"label": "q",
"gestures": [
{
"l_hand_position": [
0.04483377933502197,
-0.15433230996131897,
-0.5700423866510391
],
"l_wrist": [
0.51260734978425,
-0.6226819805391992,
0.5911859741730583
],
"l_thumb_cmc": [
-0.08429640572600196,
-0.49571919139243253,
0.5171164246229014
],
"l_thumb_mcp": [
-0.38587271100927545,
0.12517355695872123,
0.3428400795826349
],
"l_thumb_ip": [
-0.3655230561828039,
0.839108391439921,
0.17552825574733588
],
"l_thumb_tip": [
-0.26928082779262646,
1.356591920890312,
-0.01992492284987729
],
"l_index_mcp": [
-0.39250894376409284,
0.01973387521219691,
0.07591178523365699
],
"l_index_pip": [
-0.329484856110134,
1.1010931866704414,
-0.10753724394363724
],
"l_index_dip": [
-0.31718888425352787,
1.6540195116399945,
-0.18637778694749488
],
"l_index_tip": [
-0.3215426071145838,
2.010321469334204,
-0.24559513408159056
],
"l_middle_mcp": [
0.0,
0.0,
0.0
],
"l_middle_pip": [
0.09911083571092408,
1.1649486271124632,
-0.14076368563053848
],
"l_middle_dip": [
0.09261395830999072,
1.035418580309125,
-0.11406606742750068
],
"l_middle_tip": [
0.07756810788179547,
0.7450198824359442,
-0.12600189121926303
],
"l_ring_mcp": [
0.37021233868660597,
0.00288168760667076,
-0.05740968935097439
],
"l_ring_pip": [
0.39796317145049664,
1.0872592750419092,
-0.17453761274655277
],
"l_ring_dip": [
0.340271061118343,
0.8577845242999836,
-0.05228202861074378
],
"l_ring_tip": [
0.28339244395308644,
0.5276245242009963,
0.011747983339572962
],
"l_pinky_mcp": [
0.6794584708566634,
0.0006874696428972755,
-0.11802851365865302
],
"l_pinky_pip": [
0.6266850511199044,
0.8379017350634196,
-0.2510562163409066
],
"l_pinky_dip": [
0.5593633349079873,
0.6948348500484032,
-0.16731503102079007
],
"l_pinky_tip": [
0.52668727140574,
0.4303816539376225,
-0.10001073422810848
],
"r_hand_position": null,
"r_wrist": null,
"r_thumb_cmc": null,
"r_thumb_mcp": null,
"r_thumb_ip": null,
"r_thumb_tip": null,
"r_index_mcp": null,
"r_index_pip": null,
"r_index_dip": null,
"r_index_tip": null,
"r_middle_mcp": null,
"r_middle_pip": null,
"r_middle_dip": null,
"r_middle_tip": null,
"r_ring_mcp": null,
"r_ring_pip": null,
"r_ring_dip": null,
"r_ring_tip": null,
"r_pinky_mcp": null,
"r_pinky_pip": null,
"r_pinky_dip": null,
"r_pinky_tip": null,
"l_hand_velocity": null,
"r_hand_velocity": null,
"m_nose_point": [
0.0,
0.0,
0.0
],
"m_top_nose": [
0.009717261319320844,
-0.3109639441745475,
0.22283927267223044
],
"m_eyebrows": [
0.012948863488028843,
-0.530366378424096,
0.3052568779723413
],
"m_forehead": [
0.01410185905407314,
-0.8413638866352113,
0.45088093408022917
],
"m_top_chin": [
0.020631718731715563,
0.6118856231545566,
0.0911442344950266
],
"m_bot_up_lip": [
0.014233987902252467,
0.3790864109853159,
0.09016236824218772
],
"m_top_low_lip": [
0.017749938915968932,
0.42131280538520965,
0.09243832606162554
],
"m_bot_nose": [
-0.010824165426697932,
0.08173055634096572,
0.07912541391464285
],
"m_chin": [
0.03345530799875148,
0.9944910579175001,
0.09933920720863557
],
"m_nose": [
0.0066759341466492645,
-0.2579885488805516,
0.16479105069867656
],
"l_eye_exterior": [
-0.3314583339960802,
-0.22782795289391397,
0.4517002688496525
],
"l_temple": [
-0.49387399784885755,
-0.377257643725274,
0.7806431171702596
],
"l_mid_chin": [
-0.15965703095993128,
0.7812634609306293,
0.12854714297249362
],
"l_up_lip": [
-0.10785377691481067,
0.318496233986588,
0.10457550714420212
],
"l_ext_nostril": [
-0.1403541644365595,
0.04669324766088286,
0.13987643828579663
],
"l_mid_cheek": [
-0.3593339754650979,
0.10308413822534616,
0.3407230274191607
],
"l_mid_eyebrow": [
-0.3097208929892611,
-0.46888273622658827,
0.38537050125522854
],
"l_ext_eyebrow": [
-0.37695745832780037,
-0.4300132182163955,
0.42770119973971193
],
"l_ext_lips": [
-0.22924733345440926,
0.4707025215613515,
0.21812904321386536
],
"l_jaw_angle": [
-0.4290334792616489,
0.627932541764386,
0.6709329181202066
],
"l_mid_ext_face": [
-0.4947934633576547,
0.29693535872143245,
0.8432638001981191
],
"l_int_eyebrow": [
-0.11402010498511891,
-0.5260467814643871,
0.3195137214027959
],
"l_mid_jaw": [
-0.33894122321908765,
0.8186627795925655,
0.4311549568300345
],
"l_mid_bot_eyelid": [
-0.24267082078348298,
-0.212955539197507,
0.39846973812715913
],
"l_ext_mouth": [
-0.15672655965451568,
0.505654029218377,
0.16897047496429438
],
"l_top_eyelid": [
-0.2549533672357023,
-0.32591034057127666,
0.4042058718634551
],
"l_eye_int": [
-0.13773215135453215,
-0.2790270542808121,
0.40998871013391014
],
"l_pupil": [
-0.23971553100032353,
-0.2751612809141343,
0.41949039047363784
],
"r_eye_exterior": [
0.43705386580265243,
-0.2575718348209091,
0.4239492368209739
],
"r_temple": [
0.5859382592230111,
-0.4439389842617144,
0.6997279660064077
],
"r_mid_chin": [
0.22398227067588594,
0.7702246747630604,
0.10303113304787888
],
"r_up_lip": [
0.14190827387623586,
0.301647560362404,
0.08513191394286118
],
"r_ext_nostril": [
0.1839105928770705,
0.04540363228401987,
0.16088458536953112
],
"r_mid_cheek": [
0.42745596954295695,
0.06728076586556885,
0.2817351763086025
],
"r_mid_eyebrow": [
0.42309949941631436,
-0.4708587597879106,
0.37230326987855517
],
"r_ext_eyebrow": [
0.34728519543658043,
-0.5102915390596621,
0.34151648744824564
],
"r_ext_lips": [
0.2541977036800148,
0.5132399742156352,
0.15238022373961854
],
"r_jaw_angle": [
0.5850046117269319,
0.5893688819465797,
0.5948118695738811
],
"r_mid_ext_face": [
0.6391590028969895,
0.24419963901250605,
0.7572899341707001
],
"r_int_eyebrow": [
0.13309700517779402,
-0.5537846212903126,
0.3036046358284785
],
"r_mid_jaw": [
0.4723965599422124,
0.7962727308043096,
0.3722556789701909
],
"r_mid_bot_eyelid": [
0.3008571509378751,
-0.23301903297211504,
0.3562843016019946
],
"r_ext_mouth": [
0.2927819273793803,
0.44877433282558654,
0.17671730426623697
],
"r_top_eyelid": [
0.30477421582522357,
-0.34137792500062736,
0.3625468382058189
],
"r_eye_int": [
0.1942029337806853,
-0.27582523428539674,
0.3819282522566694
],
"r_pupil": [
0.2990028561007251,
-0.284417627646783,
0.3781885803935759
],
"l_shoulder": [
0.2988248354478972,
-0.0968060231584696,
-0.38901453905963335
],
"l_elbow": [
0.7096534943160162,
-0.5022994947345689,
-1.267509626823814
],
"l_hip": [
0.22253842896892048,
1.1232567733828391,
-0.39471190134716294
],
"l_knee": [
0.2269579049378087,
2.185499537519655,
-0.35228260331004835
],
"l_ankle": [
0.24017392722092412,
3.0172305731872413,
0.6262630440610297
],
"l_body_wrist": [
0.4024199870249094,
-0.821822235112092,
-1.3128853116583907
],
"r_shoulder": [
-0.2988248354478972,
0.0968060231584696,
0.38901453905963335
],
"r_elbow": [
-0.3815503750549851,
0.6493284275565185,
0.8579864893997954
],
"r_hip": [
-0.21018511097950007,
1.129619999253628,
0.31335513426873907
],
"r_knee": [
-0.19983402929974067,
2.1463829703677155,
1.0019903884777985
],
"r_ankle": [
-0.19818592759348394,
3.015534824712952,
2.1251775380208495
],
"r_body_wrist": [
-0.5012145778264606,
0.9893336201344688,
0.7312034425749898
],
"m_face_position": [
-0.16596409678459167,
-0.037179768085479736,
-0.53469417989254
],
"m_body_position": [
-0.11081774532794952,
0.20397832989692688,
-0.477468341588974
],
"m_face_scale": [
0.1260852451548739,
0.1260852451548739,
0.1260852451548739
],
"m_body_scale": [
0.5003877260617532,
0.5003877260617532,
0.5003877260617532
],
"l_hand_scale": [
0.11847759086831686,
0.11847759086831686,
0.11847759086831686
],
"r_hand_scale": null
}
],
"framerate": 30,
"mirrorable": true,
"invalid": false
}