{
"label": "q",
"gestures": [
{
"l_hand_position": [
0.011033236980438232,
-0.18213289976119995,
-0.5494571849703789
],
"l_wrist": [
0.686218283541035,
-0.644727505732249,
0.33679505739584187
],
"l_thumb_cmc": [
0.24769165709336713,
-0.5090101504811454,
0.34463086132720866
],
"l_thumb_mcp": [
-0.01758313241503625,
-0.01906750452062012,
0.2570248699515949
],
"l_thumb_ip": [
-0.06719533742496378,
0.5148049654566358,
0.1607665277473453
],
"l_thumb_tip": [
-0.05253995343693777,
0.9042115392536926,
0.04286677492060691
],
"l_index_mcp": [
-0.2262679097308235,
0.07940112183486603,
0.08861081459837665
],
"l_index_pip": [
-0.21557227200367346,
0.8758761462215066,
-0.006666660343151665
],
"l_index_dip": [
-0.1806199158691554,
1.2841823853634495,
-0.03559075892432214
],
"l_index_tip": [
-0.17134796836905908,
1.509674622386105,
-0.06564267283735517
],
"l_middle_mcp": [
0.0,
0.0,
0.0
],
"l_middle_pip": [
0.09482162516088098,
0.9318897820427995,
-0.09389333448396814
],
"l_middle_dip": [
0.23029889124040878,
0.9337800530014279,
-0.07417626495508518
],
"l_middle_tip": [
0.29814772581877425,
0.7971394808090745,
-0.0744245989471135
],
"l_ring_mcp": [
0.2849251647819955,
-0.06549015634332368,
-0.07441470516257052
],
"l_ring_pip": [
0.3727397580427686,
0.8473830614849128,
-0.16699637750292523
],
"l_ring_dip": [
0.47664945852331675,
0.7431878111612478,
-0.08908515814551582
],
"l_ring_tip": [
0.48681073041043366,
0.5263381754670432,
-0.04433338895137008
],
"l_pinky_mcp": [
0.5769405707289729,
-0.10895319667905302,
-0.14368362761566897
],
"l_pinky_pip": [
0.5808128457870178,
0.6103048476009542,
-0.2345715855169821
],
"l_pinky_dip": [
0.6279657096463485,
0.5268684823185459,
-0.17096875736560221
],
"l_pinky_tip": [
0.638351849498052,
0.3023374137799,
-0.11658328331858421
],
"r_hand_position": null,
"r_wrist": null,
"r_thumb_cmc": null,
"r_thumb_mcp": null,
"r_thumb_ip": null,
"r_thumb_tip": null,
"r_index_mcp": null,
"r_index_pip": null,
"r_index_dip": null,
"r_index_tip": null,
"r_middle_mcp": null,
"r_middle_pip": null,
"r_middle_dip": null,
"r_middle_tip": null,
"r_ring_mcp": null,
"r_ring_pip": null,
"r_ring_dip": null,
"r_ring_tip": null,
"r_pinky_mcp": null,
"r_pinky_pip": null,
"r_pinky_dip": null,
"r_pinky_tip": null,
"l_hand_velocity": null,
"r_hand_velocity": null,
"m_nose_point": null,
"m_top_nose": null,
"m_eyebrows": null,
"m_forehead": null,
"m_top_chin": null,
"m_bot_up_lip": null,
"m_top_low_lip": null,
"m_bot_nose": null,
"m_chin": null,
"m_nose": null,
"l_eye_exterior": null,
"l_temple": null,
"l_mid_chin": null,
"l_up_lip": null,
"l_ext_nostril": null,
"l_mid_cheek": null,
"l_mid_eyebrow": null,
"l_ext_eyebrow": null,
"l_ext_lips": null,
"l_jaw_angle": null,
"l_mid_ext_face": null,
"l_int_eyebrow": null,
"l_mid_jaw": null,
"l_mid_bot_eyelid": null,
"l_ext_mouth": null,
"l_top_eyelid": null,
"l_eye_int": null,
"l_pupil": null,
"r_eye_exterior": null,
"r_temple": null,
"r_mid_chin": null,
"r_up_lip": null,
"r_ext_nostril": null,
"r_mid_cheek": null,
"r_mid_eyebrow": null,
"r_ext_eyebrow": null,
"r_ext_lips": null,
"r_jaw_angle": null,
"r_mid_ext_face": null,
"r_int_eyebrow": null,
"r_mid_jaw": null,
"r_mid_bot_eyelid": null,
"r_ext_mouth": null,
"r_top_eyelid": null,
"r_eye_int": null,
"r_pupil": null,
"l_shoulder": [
0.2687221115114505,
-0.06785377171184205,
-0.41615416908797725
],
"l_elbow": [
0.5921121573290464,
-0.3553174239249099,
-1.1336521040833316
],
"l_hip": [
0.20124935008691333,
0.9727998847884417,
-0.35089981219218186
],
"l_knee": [
0.1997389448858026,
1.8399124128759279,
-0.4694222787649023
],
"l_ankle": [
0.2048114180498359,
2.543452885007819,
0.2704837739863374
],
"l_body_wrist": [
0.2848911609296011,
-0.642393795305192,
-1.1874288993208217
],
"r_shoulder": [
-0.2687221115114505,
0.06785377171184205,
0.41615416908797725
],
"r_elbow": [
-0.4894507618355286,
0.41132937002887404,
0.7507507745367731
],
"r_hip": [
-0.1732943625416376,
0.9800715278317859,
0.22167412167867456
],
"r_knee": [
-0.1599706477847161,
1.8133593401416996,
0.878467304005019
],
"r_ankle": [
-0.16066055708629756,
2.564369035952281,
1.6390321167386073
],
"r_body_wrist": [
-0.6152251142567055,
0.5582784089800078,
0.6171249526802212
],
"m_face_position": null,
"m_body_position": [
-0.013544008135795593,
0.19658315181732178,
-0.459393210709095
],
"m_face_scale": null,
"m_body_scale": [
0.59884624589574,
0.59884624589574,
0.59884624589574
],
"l_hand_scale": [
0.14684605371094928,
0.14684605371094928,
0.14684605371094928
],
"r_hand_scale": null
}
],
"framerate": 30,
"mirrorable": true,
"invalid": false
}