{
"label": "q",
"gestures": [
{
"l_hand_position": null,
"l_wrist": null,
"l_thumb_cmc": null,
"l_thumb_mcp": null,
"l_thumb_ip": null,
"l_thumb_tip": null,
"l_index_mcp": null,
"l_index_pip": null,
"l_index_dip": null,
"l_index_tip": null,
"l_middle_mcp": null,
"l_middle_pip": null,
"l_middle_dip": null,
"l_middle_tip": null,
"l_ring_mcp": null,
"l_ring_pip": null,
"l_ring_dip": null,
"l_ring_tip": null,
"l_pinky_mcp": null,
"l_pinky_pip": null,
"l_pinky_dip": null,
"l_pinky_tip": null,
"r_hand_position": [
-0.015702664852142334,
-0.05504089593887329,
-0.5427338294684887
],
"r_wrist": [
-0.7149239523562104,
0.6353834798094208,
0.2918416966998487
],
"r_thumb_cmc": [
-0.4465670558129377,
0.12327788167970129,
0.2697819521333948
],
"r_thumb_mcp": [
-0.01084602101804063,
-0.09456350406123204,
0.20113439955817936
],
"r_thumb_ip": [
0.3886205246805236,
0.015828392842428596,
0.13619150813766187
],
"r_thumb_tip": [
0.6331922945536462,
0.24748792279386733,
0.08099992282292245
],
"r_index_mcp": [
0.022996658187810298,
-0.33749076558708935,
0.04665211191479812
],
"r_index_pip": [
0.6008524680255437,
-0.2484477620718009,
-0.05501012714971977
],
"r_index_dip": [
0.9449458939212511,
-0.16096765207119687,
-0.0868317198437599
],
"r_index_tip": [
1.2169675203284915,
-0.0790572964556501,
-0.10985682110601701
],
"r_middle_mcp": [
0.0,
0.0,
0.0
],
"r_middle_pip": [
0.5404196356591948,
0.2274731571550402,
-0.1311936045628716
],
"r_middle_dip": [
0.45210668801539655,
0.32770003860129754,
-0.11980329809338612
],
"r_middle_tip": [
0.27072515138594344,
0.31575455791841445,
-0.09046660737648779
],
"r_ring_mcp": [
-0.03880245939329007,
0.3915134753795371,
-0.031136109511665174
],
"r_ring_pip": [
0.45587521729237235,
0.5774320639987475,
-0.1113468260623024
],
"r_ring_dip": [
0.34022598188398273,
0.6263814248342296,
-0.011520055735745566
],
"r_ring_tip": [
0.14556748268949182,
0.5838537876835141,
0.07337478741410959
],
"r_pinky_mcp": [
-0.08021761107047183,
0.7509321722569751,
-0.06411921254905922
],
"r_pinky_pip": [
0.3213336746034685,
0.8342273341590062,
-0.08642135598792157
],
"r_pinky_dip": [
0.24390501129074127,
0.8542805666391246,
-0.0018089846230244394
],
"r_pinky_tip": [
0.08469014460155538,
0.8207500997853411,
0.06805300677380476
],
"l_hand_velocity": null,
"r_hand_velocity": null,
"m_nose_point": null,
"m_top_nose": null,
"m_eyebrows": null,
"m_forehead": null,
"m_top_chin": null,
"m_bot_up_lip": null,
"m_top_low_lip": null,
"m_bot_nose": null,
"m_chin": null,
"m_nose": null,
"l_eye_exterior": null,
"l_temple": null,
"l_mid_chin": null,
"l_up_lip": null,
"l_ext_nostril": null,
"l_mid_cheek": null,
"l_mid_eyebrow": null,
"l_ext_eyebrow": null,
"l_ext_lips": null,
"l_jaw_angle": null,
"l_mid_ext_face": null,
"l_int_eyebrow": null,
"l_mid_jaw": null,
"l_mid_bot_eyelid": null,
"l_ext_mouth": null,
"l_top_eyelid": null,
"l_eye_int": null,
"l_pupil": null,
"r_eye_exterior": null,
"r_temple": null,
"r_mid_chin": null,
"r_up_lip": null,
"r_ext_nostril": null,
"r_mid_cheek": null,
"r_mid_eyebrow": null,
"r_ext_eyebrow": null,
"r_ext_lips": null,
"r_jaw_angle": null,
"r_mid_ext_face": null,
"r_int_eyebrow": null,
"r_mid_jaw": null,
"r_mid_bot_eyelid": null,
"r_ext_mouth": null,
"r_top_eyelid": null,
"r_eye_int": null,
"r_pupil": null,
"l_shoulder": null,
"l_elbow": null,
"l_hip": null,
"l_knee": null,
"l_ankle": null,
"l_body_wrist": null,
"r_shoulder": null,
"r_elbow": null,
"r_hip": null,
"r_knee": null,
"r_ankle": null,
"r_body_wrist": null,
"m_face_position": null,
"m_body_position": null,
"m_face_scale": null,
"m_body_scale": null,
"l_hand_scale": null,
"r_hand_scale": [
0.14642842360333086,
0.14642842360333086,
0.14642842360333086
]
}
],
"framerate": 30,
"mirrorable": true,
"invalid": false
}