{
"label": "q",
"gestures": [
{
"l_hand_position": [
0.18376123905181885,
0.013294398784637451,
-0.5423480980098248
],
"l_wrist": [
-0.039526765915565795,
0.9262616241163597,
0.3748026660331802
],
"l_thumb_cmc": [
-0.281542812094119,
0.8125710669607894,
0.1665659713264321
],
"l_thumb_mcp": [
-0.49035884377682676,
0.6533155552170845,
0.008366506258902472
],
"l_thumb_ip": [
-0.6070558343803238,
0.6675822662480955,
-0.11324096373462003
],
"l_thumb_tip": [
-0.6346433825746265,
0.8020825760305069,
-0.2060165575999397
],
"l_index_mcp": [
-0.3077635118828105,
-0.048675840365012026,
-0.024386090906179256
],
"l_index_pip": [
-0.43285836422653323,
0.5583620577568051,
-0.21570009298760856
],
"l_index_dip": [
-0.4953139989578017,
0.974063863184694,
-0.2847283773296685
],
"l_index_tip": [
-0.5187012974394543,
1.1802211083122953,
-0.314639066653346
],
"l_middle_mcp": [
0.0,
0.0,
0.0
],
"l_middle_pip": [
-0.1631809146715911,
0.7709541993921817,
-0.16884788214098606
],
"l_middle_dip": [
-0.28411824780087086,
1.0585731828239426,
-0.18212269169972747
],
"l_middle_tip": [
-0.33550404581143467,
1.083802113024618,
-0.18729209285087953
],
"l_ring_mcp": [
0.2599728786288041,
0.17609185557430382,
0.014943310223686312
],
"l_ring_pip": [
0.10472295543925038,
0.9312521242773331,
-0.14188717980464077
],
"l_ring_dip": [
-0.029420739321087252,
1.1208805796540235,
-0.10010720438523804
],
"l_ring_tip": [
-0.07862411670100132,
1.0660209504003297,
-0.06126003802911981
],
"l_pinky_mcp": [
0.4581310799994457,
0.4099120866893388,
0.009748224614121231
],
"l_pinky_pip": [
0.3548213962231179,
0.9373267130039302,
-0.10695371164889056
],
"l_pinky_dip": [
0.22826210112602702,
1.1167805619742048,
-0.09194254697666246
],
"l_pinky_tip": [
0.18155608397465925,
1.083339990599564,
-0.062343862826236066
],
"r_hand_position": null,
"r_wrist": null,
"r_thumb_cmc": null,
"r_thumb_mcp": null,
"r_thumb_ip": null,
"r_thumb_tip": null,
"r_index_mcp": null,
"r_index_pip": null,
"r_index_dip": null,
"r_index_tip": null,
"r_middle_mcp": null,
"r_middle_pip": null,
"r_middle_dip": null,
"r_middle_tip": null,
"r_ring_mcp": null,
"r_ring_pip": null,
"r_ring_dip": null,
"r_ring_tip": null,
"r_pinky_mcp": null,
"r_pinky_pip": null,
"r_pinky_dip": null,
"r_pinky_tip": null,
"l_hand_velocity": null,
"r_hand_velocity": null,
"m_nose_point": null,
"m_top_nose": null,
"m_eyebrows": null,
"m_forehead": null,
"m_top_chin": null,
"m_bot_up_lip": null,
"m_top_low_lip": null,
"m_bot_nose": null,
"m_chin": null,
"m_nose": null,
"l_eye_exterior": null,
"l_temple": null,
"l_mid_chin": null,
"l_up_lip": null,
"l_ext_nostril": null,
"l_mid_cheek": null,
"l_mid_eyebrow": null,
"l_ext_eyebrow": null,
"l_ext_lips": null,
"l_jaw_angle": null,
"l_mid_ext_face": null,
"l_int_eyebrow": null,
"l_mid_jaw": null,
"l_mid_bot_eyelid": null,
"l_ext_mouth": null,
"l_top_eyelid": null,
"l_eye_int": null,
"l_pupil": null,
"r_eye_exterior": null,
"r_temple": null,
"r_mid_chin": null,
"r_up_lip": null,
"r_ext_nostril": null,
"r_mid_cheek": null,
"r_mid_eyebrow": null,
"r_ext_eyebrow": null,
"r_ext_lips": null,
"r_jaw_angle": null,
"r_mid_ext_face": null,
"r_int_eyebrow": null,
"r_mid_jaw": null,
"r_mid_bot_eyelid": null,
"r_ext_mouth": null,
"r_top_eyelid": null,
"r_eye_int": null,
"r_pupil": null,
"l_shoulder": null,
"l_elbow": null,
"l_hip": null,
"l_knee": null,
"l_ankle": null,
"l_body_wrist": null,
"r_shoulder": null,
"r_elbow": null,
"r_hip": null,
"r_knee": null,
"r_ankle": null,
"r_body_wrist": null,
"m_face_position": null,
"m_body_position": null,
"m_face_scale": null,
"m_body_scale": null,
"l_hand_scale": [
0.11298665892943612,
0.11298665892943612,
0.11298665892943612
],
"r_hand_scale": null
}
],
"framerate": 30,
"mirrorable": true,
"invalid": false
}