{
"label": "q",
"gestures": [
{
"l_hand_position": [
0.12151134014129639,
0.006050169467926025,
-0.5539801567792892
],
"l_wrist": [
0.29097349594725336,
0.8356345942584776,
0.4658854467942771
],
"l_thumb_cmc": [
0.037271489540507366,
0.42100907867914883,
0.4407979466494471
],
"l_thumb_mcp": [
-0.2410984689786221,
0.13536867956933873,
0.31148416159340586
],
"l_thumb_ip": [
-0.5157604153433877,
0.06274452475799347,
0.18908826773176568
],
"l_thumb_tip": [
-0.6736060892330128,
0.03192193093989267,
0.059960107542813924
],
"l_index_mcp": [
-0.13088439239542218,
-0.2606228917450833,
0.07791220686323548
],
"l_index_pip": [
-0.6222752250839084,
-0.15882463436822591,
-0.05965077429384459
],
"l_index_dip": [
-0.8299640312760201,
-0.051059759486874884,
-0.09152065133808386
],
"l_index_tip": [
-0.9455523591045919,
-0.031606070859040915,
-0.11313552511602913
],
"l_middle_mcp": [
0.0,
0.0,
0.0
],
"l_middle_pip": [
-0.5845474360454931,
0.19820991718596434,
-0.07971094385664464
],
"l_middle_dip": [
-0.49280808761152634,
0.35172100306051307,
-0.0029575550954102814
],
"l_middle_tip": [
-0.353944369948854,
0.36681592545861263,
0.031299309760567114
],
"l_ring_mcp": [
0.08179438575802837,
0.3352026525781842,
-0.06776176151458499
],
"l_ring_pip": [
-0.4701916827343819,
0.5543838271843484,
-0.12644293152725627
],
"l_ring_dip": [
-0.34483226960336993,
0.6528632387768164,
0.011649558961210952
],
"l_ring_tip": [
-0.1930728182162809,
0.6085003303201177,
0.0857710911835322
],
"l_pinky_mcp": [
0.14137979527740516,
0.6673706820017357,
-0.13736756202318176
],
"l_pinky_pip": [
-0.296918250172535,
0.789307077253289,
-0.19179998954356514
],
"l_pinky_dip": [
-0.2201477887623865,
0.8170652109710088,
-0.10100236970977632
],
"l_pinky_tip": [
-0.09524364626908431,
0.7716034798226173,
-0.03373044210518486
],
"r_hand_position": null,
"r_wrist": null,
"r_thumb_cmc": null,
"r_thumb_mcp": null,
"r_thumb_ip": null,
"r_thumb_tip": null,
"r_index_mcp": null,
"r_index_pip": null,
"r_index_dip": null,
"r_index_tip": null,
"r_middle_mcp": null,
"r_middle_pip": null,
"r_middle_dip": null,
"r_middle_tip": null,
"r_ring_mcp": null,
"r_ring_pip": null,
"r_ring_dip": null,
"r_ring_tip": null,
"r_pinky_mcp": null,
"r_pinky_pip": null,
"r_pinky_dip": null,
"r_pinky_tip": null,
"l_hand_velocity": null,
"r_hand_velocity": null,
"m_nose_point": null,
"m_top_nose": null,
"m_eyebrows": null,
"m_forehead": null,
"m_top_chin": null,
"m_bot_up_lip": null,
"m_top_low_lip": null,
"m_bot_nose": null,
"m_chin": null,
"m_nose": null,
"l_eye_exterior": null,
"l_temple": null,
"l_mid_chin": null,
"l_up_lip": null,
"l_ext_nostril": null,
"l_mid_cheek": null,
"l_mid_eyebrow": null,
"l_ext_eyebrow": null,
"l_ext_lips": null,
"l_jaw_angle": null,
"l_mid_ext_face": null,
"l_int_eyebrow": null,
"l_mid_jaw": null,
"l_mid_bot_eyelid": null,
"l_ext_mouth": null,
"l_top_eyelid": null,
"l_eye_int": null,
"l_pupil": null,
"r_eye_exterior": null,
"r_temple": null,
"r_mid_chin": null,
"r_up_lip": null,
"r_ext_nostril": null,
"r_mid_cheek": null,
"r_mid_eyebrow": null,
"r_ext_eyebrow": null,
"r_ext_lips": null,
"r_jaw_angle": null,
"r_mid_ext_face": null,
"r_int_eyebrow": null,
"r_mid_jaw": null,
"r_mid_bot_eyelid": null,
"r_ext_mouth": null,
"r_top_eyelid": null,
"r_eye_int": null,
"r_pupil": null,
"l_shoulder": null,
"l_elbow": null,
"l_hip": null,
"l_knee": null,
"l_ankle": null,
"l_body_wrist": null,
"r_shoulder": null,
"r_elbow": null,
"r_hip": null,
"r_knee": null,
"r_ankle": null,
"r_body_wrist": null,
"m_face_position": null,
"m_body_position": null,
"m_face_scale": null,
"m_body_scale": null,
"l_hand_scale": [
0.11586539138912598,
0.11586539138912598,
0.11586539138912598
],
"r_hand_scale": null
}
],
"framerate": 30,
"mirrorable": true,
"invalid": false
}