{
"label": "q",
"gestures": [
{
"l_hand_position": [
0.13006305694580078,
0.053275227546691895,
-0.5413085035979748
],
"l_wrist": [
-0.4651403150146675,
0.7478189586884753,
0.4737206902533817
],
"l_thumb_cmc": [
-0.009502549871245396,
0.745589940192566,
0.42771932023047304
],
"l_thumb_mcp": [
0.3763732932566894,
0.31824587716541924,
0.33020806495712823
],
"l_thumb_ip": [
0.5050322955236413,
-0.26580755059928046,
0.25673522402539506
],
"l_thumb_tip": [
0.5211173195180411,
-0.7016356913851596,
0.1622942787489946
],
"l_index_mcp": [
0.3625446292914207,
0.2087621756852641,
0.04787553732516407
],
"l_index_pip": [
0.5622027579521475,
-0.6411551945909861,
-0.07543849424494053
],
"l_index_dip": [
0.6368724851809524,
-1.1331777050693523,
-0.10365111162675496
],
"l_index_tip": [
0.6673794844115346,
-1.4876015572247256,
-0.1215823299308129
],
"l_middle_mcp": [
0.0,
0.0,
0.0
],
"l_middle_pip": [
0.204993828868966,
-0.8945575497983591,
-0.1101649755899809
],
"l_middle_dip": [
0.15219185991097692,
-0.7068955188387083,
-0.05253739690292227
],
"l_middle_tip": [
0.09250734350272384,
-0.38403917563375867,
-0.009126603789445298
],
"l_ring_mcp": [
-0.352558134282149,
-0.13427426965238423,
-0.026198956181172652
],
"l_ring_pip": [
-0.1739441002039306,
-0.863186216348802,
-0.11081074842776388
],
"l_ring_dip": [
-0.21614028842517363,
-0.5904055494704603,
0.014781260071175367
],
"l_ring_tip": [
-0.2554868053463719,
-0.29549703798653004,
0.09718612065416304
],
"l_pinky_mcp": [
-0.6729017905840128,
-0.22605022714142423,
-0.049563962443903105
],
"l_pinky_pip": [
-0.5039386341947683,
-0.7273804790668303,
-0.11348949242402656
],
"l_pinky_dip": [
-0.5206518299149395,
-0.5018169312167545,
-0.020164252587659207
],
"l_pinky_tip": [
-0.5470384600889926,
-0.2748664840940017,
0.048541431822552494
],
"r_hand_position": null,
"r_wrist": null,
"r_thumb_cmc": null,
"r_thumb_mcp": null,
"r_thumb_ip": null,
"r_thumb_tip": null,
"r_index_mcp": null,
"r_index_pip": null,
"r_index_dip": null,
"r_index_tip": null,
"r_middle_mcp": null,
"r_middle_pip": null,
"r_middle_dip": null,
"r_middle_tip": null,
"r_ring_mcp": null,
"r_ring_pip": null,
"r_ring_dip": null,
"r_ring_tip": null,
"r_pinky_mcp": null,
"r_pinky_pip": null,
"r_pinky_dip": null,
"r_pinky_tip": null,
"l_hand_velocity": null,
"r_hand_velocity": null,
"m_nose_point": null,
"m_top_nose": null,
"m_eyebrows": null,
"m_forehead": null,
"m_top_chin": null,
"m_bot_up_lip": null,
"m_top_low_lip": null,
"m_bot_nose": null,
"m_chin": null,
"m_nose": null,
"l_eye_exterior": null,
"l_temple": null,
"l_mid_chin": null,
"l_up_lip": null,
"l_ext_nostril": null,
"l_mid_cheek": null,
"l_mid_eyebrow": null,
"l_ext_eyebrow": null,
"l_ext_lips": null,
"l_jaw_angle": null,
"l_mid_ext_face": null,
"l_int_eyebrow": null,
"l_mid_jaw": null,
"l_mid_bot_eyelid": null,
"l_ext_mouth": null,
"l_top_eyelid": null,
"l_eye_int": null,
"l_pupil": null,
"r_eye_exterior": null,
"r_temple": null,
"r_mid_chin": null,
"r_up_lip": null,
"r_ext_nostril": null,
"r_mid_cheek": null,
"r_mid_eyebrow": null,
"r_ext_eyebrow": null,
"r_ext_lips": null,
"r_jaw_angle": null,
"r_mid_ext_face": null,
"r_int_eyebrow": null,
"r_mid_jaw": null,
"r_mid_bot_eyelid": null,
"r_ext_mouth": null,
"r_top_eyelid": null,
"r_eye_int": null,
"r_pupil": null,
"l_shoulder": null,
"l_elbow": null,
"l_hip": null,
"l_knee": null,
"l_ankle": null,
"l_body_wrist": null,
"r_shoulder": null,
"r_elbow": null,
"r_hip": null,
"r_knee": null,
"r_ankle": null,
"r_body_wrist": null,
"m_face_position": null,
"m_body_position": null,
"m_face_scale": null,
"m_body_scale": null,
"l_hand_scale": [
0.08720014973821777,
0.08720014973821777,
0.08720014973821777
],
"r_hand_scale": null
}
],
"framerate": 30,
"mirrorable": true,
"invalid": false
}