{
"label": "q",
"gestures": [
{
"l_hand_position": null,
"l_wrist": null,
"l_thumb_cmc": null,
"l_thumb_mcp": null,
"l_thumb_ip": null,
"l_thumb_tip": null,
"l_index_mcp": null,
"l_index_pip": null,
"l_index_dip": null,
"l_index_tip": null,
"l_middle_mcp": null,
"l_middle_pip": null,
"l_middle_dip": null,
"l_middle_tip": null,
"l_ring_mcp": null,
"l_ring_pip": null,
"l_ring_dip": null,
"l_ring_tip": null,
"l_pinky_mcp": null,
"l_pinky_pip": null,
"l_pinky_dip": null,
"l_pinky_tip": null,
"r_hand_position": [
0.004110991954803467,
-0.0984656810760498,
-0.5822567269206047
],
"r_wrist": [
-0.6702127780658491,
0.1460071270197667,
0.7276652739939502
],
"r_thumb_cmc": [
-0.2510357037452712,
-0.13650746412046377,
0.6179562039469437
],
"r_thumb_mcp": [
0.2545692419419064,
0.03371717280042325,
0.43828340413437145
],
"r_thumb_ip": [
0.557748559223065,
0.47399081207160537,
0.3054751746036329
],
"r_thumb_tip": [
0.7110476457280763,
0.8729371081637869,
0.17238739008033618
],
"r_index_mcp": [
0.30653489992435584,
-0.2674297602415455,
0.05208607457360914
],
"r_index_pip": [
0.7269734813904162,
0.42455555024011504,
-0.1940600037483654
],
"r_index_dip": [
0.9713631383999581,
0.8734717657376716,
-0.33882414418210016
],
"r_index_tip": [
1.1504560255527645,
1.2046056595421473,
-0.4358913849035764
],
"r_middle_mcp": [
0.0,
0.0,
0.0
],
"r_middle_pip": [
0.4894215358386023,
0.8799430205742461,
-0.23855930580320106
],
"r_middle_dip": [
0.4067800313734483,
0.8140427836629631,
-0.21109371159505283
],
"r_middle_tip": [
0.2555911022754256,
0.5515970971069648,
-0.17763971528532502
],
"r_ring_mcp": [
-0.3023781218339024,
0.3224290990438623,
-0.026745796949223865
],
"r_ring_pip": [
0.15734909126340202,
1.1254831931914966,
-0.14261905101070094
],
"r_ring_dip": [
0.08951928887713786,
0.9759899827893448,
0.03425295083519994
],
"r_ring_tip": [
-0.0442632143539413,
0.6900436176652599,
0.15542756674305763
],
"r_pinky_mcp": [
-0.5680868541453102,
0.6391143200984616,
-0.06310574153712907
],
"r_pinky_pip": [
-0.17455594327263813,
1.1877254548376661,
-0.09204144634506745
],
"r_pinky_dip": [
-0.2139102207302616,
1.0563420561047874,
0.056080583563112886
],
"r_pinky_tip": [
-0.32705067067610993,
0.8154959555304445,
0.15998415164356833
],
"l_hand_velocity": null,
"r_hand_velocity": null,
"m_nose_point": null,
"m_top_nose": null,
"m_eyebrows": null,
"m_forehead": null,
"m_top_chin": null,
"m_bot_up_lip": null,
"m_top_low_lip": null,
"m_bot_nose": null,
"m_chin": null,
"m_nose": null,
"l_eye_exterior": null,
"l_temple": null,
"l_mid_chin": null,
"l_up_lip": null,
"l_ext_nostril": null,
"l_mid_cheek": null,
"l_mid_eyebrow": null,
"l_ext_eyebrow": null,
"l_ext_lips": null,
"l_jaw_angle": null,
"l_mid_ext_face": null,
"l_int_eyebrow": null,
"l_mid_jaw": null,
"l_mid_bot_eyelid": null,
"l_ext_mouth": null,
"l_top_eyelid": null,
"l_eye_int": null,
"l_pupil": null,
"r_eye_exterior": null,
"r_temple": null,
"r_mid_chin": null,
"r_up_lip": null,
"r_ext_nostril": null,
"r_mid_cheek": null,
"r_mid_eyebrow": null,
"r_ext_eyebrow": null,
"r_ext_lips": null,
"r_jaw_angle": null,
"r_mid_ext_face": null,
"r_int_eyebrow": null,
"r_mid_jaw": null,
"r_mid_bot_eyelid": null,
"r_ext_mouth": null,
"r_top_eyelid": null,
"r_eye_int": null,
"r_pupil": null,
"l_shoulder": null,
"l_elbow": null,
"l_hip": null,
"l_knee": null,
"l_ankle": null,
"l_body_wrist": null,
"r_shoulder": null,
"r_elbow": null,
"r_hip": null,
"r_knee": null,
"r_ankle": null,
"r_body_wrist": null,
"m_face_position": null,
"m_body_position": null,
"m_face_scale": null,
"m_body_scale": null,
"l_hand_scale": null,
"r_hand_scale": [
0.11304265151078395,
0.11304265151078395,
0.11304265151078395
]
}
],
"framerate": 30,
"mirrorable": true,
"invalid": false
}