{
"label": "q",
"gestures": [
{
"l_hand_position": null,
"l_wrist": null,
"l_thumb_cmc": null,
"l_thumb_mcp": null,
"l_thumb_ip": null,
"l_thumb_tip": null,
"l_index_mcp": null,
"l_index_pip": null,
"l_index_dip": null,
"l_index_tip": null,
"l_middle_mcp": null,
"l_middle_pip": null,
"l_middle_dip": null,
"l_middle_tip": null,
"l_ring_mcp": null,
"l_ring_pip": null,
"l_ring_dip": null,
"l_ring_tip": null,
"l_pinky_mcp": null,
"l_pinky_pip": null,
"l_pinky_dip": null,
"l_pinky_tip": null,
"r_hand_position": [
-0.2193385362625122,
-0.03765702247619629,
-0.5634833872318268
],
"r_wrist": [
-0.566564938727616,
-0.38700946628232413,
0.7274804761726897
],
"r_thumb_cmc": [
-0.01856941648595913,
-0.26271725212852115,
0.5995914134125134
],
"r_thumb_mcp": [
0.3820039133078381,
0.2570341377771244,
0.3816195406618134
],
"r_thumb_ip": [
0.42211937176420883,
0.8206422587621532,
0.17496413179692513
],
"r_thumb_tip": [
0.3406340783709265,
1.1764637524519286,
-0.03940442882596344
],
"r_index_mcp": [
0.41843376572609375,
0.13540264977630098,
0.07315075911245492
],
"r_index_pip": [
0.47528232639239093,
1.2322607952354092,
-0.1700506592086536
],
"r_index_dip": [
0.45683892812623017,
1.8396187537963067,
-0.3266583504337708
],
"r_index_tip": [
0.4531949866485904,
2.327246426062662,
-0.44083427269904096
],
"r_middle_mcp": [
0.0,
0.0,
0.0
],
"r_middle_pip": [
0.07731883734574674,
1.26581784205761,
-0.23844021774842672
],
"r_middle_dip": [
0.12768241162789196,
1.9591092981117202,
-0.3115581916329666
],
"r_middle_tip": [
0.1634999316122762,
2.4932701371988144,
-0.39532146071895996
],
"r_ring_mcp": [
-0.41208538445825443,
0.025480610833006522,
-0.04845955509534007
],
"r_ring_pip": [
-0.30877947281077206,
1.231146097486298,
-0.1879647980273005
],
"r_ring_dip": [
-0.3129247550652792,
1.2528396729823275,
-0.09261195087334251
],
"r_ring_tip": [
-0.3411654722733827,
1.0482168201808746,
-0.047173844816245016
],
"r_pinky_mcp": [
-0.7340711568885513,
0.1316740131265474,
-0.1166373757048286
],
"r_pinky_pip": [
-0.6073463471260109,
1.142615736731982,
-0.20038262999110823
],
"r_pinky_dip": [
-0.5238628623938654,
1.2389373702951898,
-0.12116353009925494
],
"r_pinky_tip": [
-0.48889246488701493,
1.1101576780705165,
-0.07718974551083128
],
"l_hand_velocity": null,
"r_hand_velocity": null,
"m_nose_point": null,
"m_top_nose": null,
"m_eyebrows": null,
"m_forehead": null,
"m_top_chin": null,
"m_bot_up_lip": null,
"m_top_low_lip": null,
"m_bot_nose": null,
"m_chin": null,
"m_nose": null,
"l_eye_exterior": null,
"l_temple": null,
"l_mid_chin": null,
"l_up_lip": null,
"l_ext_nostril": null,
"l_mid_cheek": null,
"l_mid_eyebrow": null,
"l_ext_eyebrow": null,
"l_ext_lips": null,
"l_jaw_angle": null,
"l_mid_ext_face": null,
"l_int_eyebrow": null,
"l_mid_jaw": null,
"l_mid_bot_eyelid": null,
"l_ext_mouth": null,
"l_top_eyelid": null,
"l_eye_int": null,
"l_pupil": null,
"r_eye_exterior": null,
"r_temple": null,
"r_mid_chin": null,
"r_up_lip": null,
"r_ext_nostril": null,
"r_mid_cheek": null,
"r_mid_eyebrow": null,
"r_ext_eyebrow": null,
"r_ext_lips": null,
"r_jaw_angle": null,
"r_mid_ext_face": null,
"r_int_eyebrow": null,
"r_mid_jaw": null,
"r_mid_bot_eyelid": null,
"r_ext_mouth": null,
"r_top_eyelid": null,
"r_eye_int": null,
"r_pupil": null,
"l_shoulder": null,
"l_elbow": null,
"l_hip": null,
"l_knee": null,
"l_ankle": null,
"l_body_wrist": null,
"r_shoulder": null,
"r_elbow": null,
"r_hip": null,
"r_knee": null,
"r_ankle": null,
"r_body_wrist": null,
"m_face_position": null,
"m_body_position": null,
"m_face_scale": null,
"m_body_scale": null,
"l_hand_scale": null,
"r_hand_scale": [
0.08726561110489552,
0.08726561110489552,
0.08726561110489552
]
}
],
"framerate": 30,
"mirrorable": true,
"invalid": false
}