{
"label": "q",
"gestures": [
{
"l_hand_position": null,
"l_wrist": null,
"l_thumb_cmc": null,
"l_thumb_mcp": null,
"l_thumb_ip": null,
"l_thumb_tip": null,
"l_index_mcp": null,
"l_index_pip": null,
"l_index_dip": null,
"l_index_tip": null,
"l_middle_mcp": null,
"l_middle_pip": null,
"l_middle_dip": null,
"l_middle_tip": null,
"l_ring_mcp": null,
"l_ring_pip": null,
"l_ring_dip": null,
"l_ring_tip": null,
"l_pinky_mcp": null,
"l_pinky_pip": null,
"l_pinky_dip": null,
"l_pinky_tip": null,
"r_hand_position": [
0.18737941980361938,
0.020633399486541748,
-0.544398058205843
],
"r_wrist": [
0.17049626101368962,
0.9133580772255584,
0.36974051407329284
],
"r_thumb_cmc": [
-0.1683141661970895,
0.8391072876335852,
0.2740021785826933
],
"r_thumb_mcp": [
-0.3925998586510066,
0.7249741981929875,
0.14753372755756045
],
"r_thumb_ip": [
-0.48301582108133273,
0.7005963868785996,
0.04229310262399381
],
"r_thumb_tip": [
-0.4375244058033219,
0.7252799694411735,
-0.06709389336185649
],
"r_index_mcp": [
-0.27019357214301243,
0.0887918008652862,
-0.00048766418935022534
],
"r_index_pip": [
-0.3086254440903392,
0.3837880872260099,
-0.07586772259564668
],
"r_index_dip": [
-0.24196185178492952,
0.6916888137475965,
-0.11019420602101179
],
"r_index_tip": [
-0.17260141663634684,
0.8752056682859081,
-0.14363070772998973
],
"r_middle_mcp": [
0.0,
0.0,
0.0
],
"r_middle_pip": [
-0.0269257395886391,
0.31365379270093047,
-0.03555996141406514
],
"r_middle_dip": [
-0.0028651163060545845,
0.5729552568911093,
-0.041737403090967455
],
"r_middle_tip": [
0.026098767349226948,
0.7389304715923344,
-0.07479907442042193
],
"r_ring_mcp": [
0.2504852253281144,
0.03342586052207375,
0.020386435509256916
],
"r_ring_pip": [
0.18128363238638162,
0.31044518012256306,
0.004473269554935447
],
"r_ring_dip": [
0.1947152301212276,
0.5438737307263796,
0.03377894316976093
],
"r_ring_tip": [
0.22134810439098726,
0.6954280585732219,
0.02527101951310166
],
"r_pinky_mcp": [
0.4576983588370486,
0.12479884724867038,
0.034683040746327144
],
"r_pinky_pip": [
0.40271661808165427,
0.33597956125557654,
0.01175280313733286
],
"r_pinky_dip": [
0.40378086086754844,
0.524394712347621,
0.0482633358830152
],
"r_pinky_tip": [
0.42558393928527916,
0.6359242787415702,
0.07035955883444207
],
"l_hand_velocity": null,
"r_hand_velocity": null,
"m_nose_point": null,
"m_top_nose": null,
"m_eyebrows": null,
"m_forehead": null,
"m_top_chin": null,
"m_bot_up_lip": null,
"m_top_low_lip": null,
"m_bot_nose": null,
"m_chin": null,
"m_nose": null,
"l_eye_exterior": null,
"l_temple": null,
"l_mid_chin": null,
"l_up_lip": null,
"l_ext_nostril": null,
"l_mid_cheek": null,
"l_mid_eyebrow": null,
"l_ext_eyebrow": null,
"l_ext_lips": null,
"l_jaw_angle": null,
"l_mid_ext_face": null,
"l_int_eyebrow": null,
"l_mid_jaw": null,
"l_mid_bot_eyelid": null,
"l_ext_mouth": null,
"l_top_eyelid": null,
"l_eye_int": null,
"l_pupil": null,
"r_eye_exterior": null,
"r_temple": null,
"r_mid_chin": null,
"r_up_lip": null,
"r_ext_nostril": null,
"r_mid_cheek": null,
"r_mid_eyebrow": null,
"r_ext_eyebrow": null,
"r_ext_lips": null,
"r_jaw_angle": null,
"r_mid_ext_face": null,
"r_int_eyebrow": null,
"r_mid_jaw": null,
"r_mid_bot_eyelid": null,
"r_ext_mouth": null,
"r_top_eyelid": null,
"r_eye_int": null,
"r_pupil": null,
"l_shoulder": null,
"l_elbow": null,
"l_hip": null,
"l_knee": null,
"l_ankle": null,
"l_body_wrist": null,
"r_shoulder": null,
"r_elbow": null,
"r_hip": null,
"r_knee": null,
"r_ankle": null,
"r_body_wrist": null,
"m_face_position": null,
"m_body_position": null,
"m_face_scale": null,
"m_body_scale": null,
"l_hand_scale": null,
"r_hand_scale": [
0.12007820028685436,
0.12007820028685436,
0.12007820028685436
]
}
],
"framerate": 30,
"mirrorable": true,
"invalid": false
}