{
"label": "q",
"gestures": [
{
"l_hand_position": [
0.2528188228607178,
0.022534072399139404,
-0.5747097879648209
],
"l_wrist": [
-0.2107590631669445,
0.9169946464918435,
0.3386760038713855
],
"l_thumb_cmc": [
-0.09094222299749576,
0.4604021136200801,
0.30785265445262294
],
"l_thumb_mcp": [
-0.10496220429318392,
-0.023073646245957473,
0.20358381010153967
],
"l_thumb_ip": [
-0.27090688239650246,
-0.3652250116192247,
0.10465023897133639
],
"l_thumb_tip": [
-0.41090296289830003,
-0.5253839852205693,
0.00014050514143731276
],
"l_index_mcp": [
0.08784678665075372,
-0.21708476675576938,
0.05101934204652815
],
"l_index_pip": [
-0.28182791471691265,
-0.6667087850166322,
-0.06660740800604087
],
"l_index_dip": [
-0.5029978684599719,
-0.8436855485425354,
-0.11704361994032979
],
"l_index_tip": [
-0.6342847918102167,
-0.9868043558127773,
-0.15303019531349207
],
"l_middle_mcp": [
0.0,
0.0,
0.0
],
"l_middle_pip": [
-0.47390762993635166,
-0.4274048864568198,
-0.05705775315144297
],
"l_middle_dip": [
-0.48619129192650873,
-0.22132261798327477,
-0.015670882932302208
],
"l_middle_tip": [
-0.4000710973022635,
-0.07368738102240853,
-0.011041643825235361
],
"l_ring_mcp": [
-0.1497555135855943,
0.24259077316176278,
-0.04353153259197405
],
"l_ring_pip": [
-0.6152304032159516,
-0.1452193591347297,
-0.08018972929626156
],
"l_ring_dip": [
-0.583902350112747,
0.05646766533268064,
-0.0008931195805353033
],
"l_ring_tip": [
-0.45037977380047856,
0.1673551335615931,
0.027078853383506102
],
"l_pinky_mcp": [
-0.31495038059758873,
0.4692647456184337,
-0.0888360306621858
],
"l_pinky_pip": [
-0.6696302111497481,
0.12624657160337624,
-0.12270661887046679
],
"l_pinky_dip": [
-0.6248958059358632,
0.23880578081319764,
-0.0618060838759877
],
"l_pinky_tip": [
-0.5130253421212798,
0.33241733129580725,
-0.024186338885262962
],
"r_hand_position": null,
"r_wrist": null,
"r_thumb_cmc": null,
"r_thumb_mcp": null,
"r_thumb_ip": null,
"r_thumb_tip": null,
"r_index_mcp": null,
"r_index_pip": null,
"r_index_dip": null,
"r_index_tip": null,
"r_middle_mcp": null,
"r_middle_pip": null,
"r_middle_dip": null,
"r_middle_tip": null,
"r_ring_mcp": null,
"r_ring_pip": null,
"r_ring_dip": null,
"r_ring_tip": null,
"r_pinky_mcp": null,
"r_pinky_pip": null,
"r_pinky_dip": null,
"r_pinky_tip": null,
"l_hand_velocity": null,
"r_hand_velocity": null,
"m_nose_point": null,
"m_top_nose": null,
"m_eyebrows": null,
"m_forehead": null,
"m_top_chin": null,
"m_bot_up_lip": null,
"m_top_low_lip": null,
"m_bot_nose": null,
"m_chin": null,
"m_nose": null,
"l_eye_exterior": null,
"l_temple": null,
"l_mid_chin": null,
"l_up_lip": null,
"l_ext_nostril": null,
"l_mid_cheek": null,
"l_mid_eyebrow": null,
"l_ext_eyebrow": null,
"l_ext_lips": null,
"l_jaw_angle": null,
"l_mid_ext_face": null,
"l_int_eyebrow": null,
"l_mid_jaw": null,
"l_mid_bot_eyelid": null,
"l_ext_mouth": null,
"l_top_eyelid": null,
"l_eye_int": null,
"l_pupil": null,
"r_eye_exterior": null,
"r_temple": null,
"r_mid_chin": null,
"r_up_lip": null,
"r_ext_nostril": null,
"r_mid_cheek": null,
"r_mid_eyebrow": null,
"r_ext_eyebrow": null,
"r_ext_lips": null,
"r_jaw_angle": null,
"r_mid_ext_face": null,
"r_int_eyebrow": null,
"r_mid_jaw": null,
"r_mid_bot_eyelid": null,
"r_ext_mouth": null,
"r_top_eyelid": null,
"r_eye_int": null,
"r_pupil": null,
"l_shoulder": null,
"l_elbow": null,
"l_hip": null,
"l_knee": null,
"l_ankle": null,
"l_body_wrist": null,
"r_shoulder": null,
"r_elbow": null,
"r_hip": null,
"r_knee": null,
"r_ankle": null,
"r_body_wrist": null,
"m_face_position": null,
"m_body_position": null,
"m_face_scale": null,
"m_body_scale": null,
"l_hand_scale": [
0.2205927481809018,
0.2205927481809018,
0.2205927481809018
],
"r_hand_scale": null
}
],
"framerate": 30,
"mirrorable": true,
"invalid": false
}