{
"label": "q",
"gestures": [
{
"l_hand_position": [
0.1427093744277954,
0.10887354612350464,
-0.5520984977483749
],
"l_wrist": [
-0.15822624576267816,
0.8706607688030473,
0.46574057244257244
],
"l_thumb_cmc": [
0.15221737086761028,
0.38243342266896413,
0.4764901945864567
],
"l_thumb_mcp": [
0.2708911847258818,
-0.25874661820922074,
0.3672063904510273
],
"l_thumb_ip": [
0.10655056107716092,
-0.8143642662501869,
0.25812813689707126
],
"l_thumb_tip": [
-0.11694633559190547,
-1.1178201746802519,
0.12106255077009109
],
"l_index_mcp": [
0.3193095977758976,
-0.1771858792216039,
0.09927328579785714
],
"l_index_pip": [
0.05523134861872537,
-1.0078887223013968,
-0.03453977433005271
],
"l_index_dip": [
-0.1186098726516201,
-1.437740677401365,
-0.09297187988235898
],
"l_index_tip": [
-0.2720996735315938,
-1.7530041289046991,
-0.14192456833774397
],
"l_middle_mcp": [
0.0,
0.0,
0.0
],
"l_middle_pip": [
-0.31261655196965943,
-0.92924157096353,
-0.11525176040479546
],
"l_middle_dip": [
-0.29120317470548523,
-0.7048692126067277,
-0.07248165378921473
],
"l_middle_tip": [
-0.19416759802144545,
-0.40094013924744226,
-0.057727719895074844
],
"l_ring_mcp": [
-0.3230698735703903,
0.17140559414031487,
-0.07606972126100194
],
"l_ring_pip": [
-0.565970262241221,
-0.6961241869103676,
-0.17723223659642617
],
"l_ring_dip": [
-0.494513832434696,
-0.4469026771186545,
-0.05140856363418855
],
"l_ring_tip": [
-0.3949557751482574,
-0.16794371064352884,
0.023314828896971056
],
"l_pinky_mcp": [
-0.6402347767065213,
0.31261548628288194,
-0.14520155517862962
],
"l_pinky_pip": [
-0.7533590266708377,
-0.3897813329999907,
-0.23208166971625643
],
"l_pinky_dip": [
-0.6744859497361358,
-0.20612886641237244,
-0.1329721333523082
],
"l_pinky_tip": [
-0.6032048254045135,
0.02929892657446151,
-0.06401856885093316
],
"r_hand_position": null,
"r_wrist": null,
"r_thumb_cmc": null,
"r_thumb_mcp": null,
"r_thumb_ip": null,
"r_thumb_tip": null,
"r_index_mcp": null,
"r_index_pip": null,
"r_index_dip": null,
"r_index_tip": null,
"r_middle_mcp": null,
"r_middle_pip": null,
"r_middle_dip": null,
"r_middle_tip": null,
"r_ring_mcp": null,
"r_ring_pip": null,
"r_ring_dip": null,
"r_ring_tip": null,
"r_pinky_mcp": null,
"r_pinky_pip": null,
"r_pinky_dip": null,
"r_pinky_tip": null,
"l_hand_velocity": null,
"r_hand_velocity": null,
"m_nose_point": null,
"m_top_nose": null,
"m_eyebrows": null,
"m_forehead": null,
"m_top_chin": null,
"m_bot_up_lip": null,
"m_top_low_lip": null,
"m_bot_nose": null,
"m_chin": null,
"m_nose": null,
"l_eye_exterior": null,
"l_temple": null,
"l_mid_chin": null,
"l_up_lip": null,
"l_ext_nostril": null,
"l_mid_cheek": null,
"l_mid_eyebrow": null,
"l_ext_eyebrow": null,
"l_ext_lips": null,
"l_jaw_angle": null,
"l_mid_ext_face": null,
"l_int_eyebrow": null,
"l_mid_jaw": null,
"l_mid_bot_eyelid": null,
"l_ext_mouth": null,
"l_top_eyelid": null,
"l_eye_int": null,
"l_pupil": null,
"r_eye_exterior": null,
"r_temple": null,
"r_mid_chin": null,
"r_up_lip": null,
"r_ext_nostril": null,
"r_mid_cheek": null,
"r_mid_eyebrow": null,
"r_ext_eyebrow": null,
"r_ext_lips": null,
"r_jaw_angle": null,
"r_mid_ext_face": null,
"r_int_eyebrow": null,
"r_mid_jaw": null,
"r_mid_bot_eyelid": null,
"r_ext_mouth": null,
"r_top_eyelid": null,
"r_eye_int": null,
"r_pupil": null,
"l_shoulder": null,
"l_elbow": null,
"l_hip": null,
"l_knee": null,
"l_ankle": null,
"l_body_wrist": null,
"r_shoulder": null,
"r_elbow": null,
"r_hip": null,
"r_knee": null,
"r_ankle": null,
"r_body_wrist": null,
"m_face_position": null,
"m_body_position": null,
"m_face_scale": null,
"m_body_scale": null,
"l_hand_scale": [
0.11186147005386887,
0.11186147005386887,
0.11186147005386887
],
"r_hand_scale": null
}
],
"framerate": 30,
"mirrorable": true,
"invalid": false
}