{
"label": "q",
"gestures": [
{
"l_hand_position": [
0.1641477346420288,
0.046359241008758545,
-0.5419680736958981
],
"l_wrist": [
-0.3391059758218612,
0.8360719362954404,
0.431266570117713
],
"l_thumb_cmc": [
-0.10313338512800758,
0.511539262720584,
0.4055871543746123
],
"l_thumb_mcp": [
0.019977423027290032,
-0.06659324760228275,
0.29794904326288973
],
"l_thumb_ip": [
-0.05763721744821619,
-0.6022578088940864,
0.20116844198389702
],
"l_thumb_tip": [
-0.20002229430055704,
-0.953001356383795,
0.08763378577032209
],
"l_index_mcp": [
0.23076998365455384,
-0.15331336915222157,
0.07757593789341348
],
"l_index_pip": [
-0.04285566391873402,
-0.8781674830331323,
-0.08820529007107634
],
"l_index_dip": [
-0.2711915575833918,
-1.253923847059677,
-0.15935139305503263
],
"l_index_tip": [
-0.45227217273509723,
-1.497102544631016,
-0.2067945571000435
],
"l_middle_mcp": [
0.0,
0.0,
0.0
],
"l_middle_pip": [
-0.37339577448928757,
-0.7845646565973198,
-0.1511217540930628
],
"l_middle_dip": [
-0.4307751278494951,
-0.5270827709424242,
-0.11939937983039803
],
"l_middle_tip": [
-0.34208703168014615,
-0.26048805416783216,
-0.0953728474924121
],
"l_ring_mcp": [
-0.2770875188925865,
0.15731608130218908,
-0.0650028815583056
],
"l_ring_pip": [
-0.6395243758933937,
-0.5282174341800393,
-0.1930003596510124
],
"l_ring_dip": [
-0.6450485474129893,
-0.24509950940030595,
-0.07335796894907654
],
"l_ring_tip": [
-0.5278318630555704,
-0.012767028623400583,
0.007481542167453142
],
"l_pinky_mcp": [
-0.566981879153753,
0.2985374009877452,
-0.128000349204138
],
"l_pinky_pip": [
-0.8318389227272038,
-0.21887087287606588,
-0.23786472968999406
],
"l_pinky_dip": [
-0.8053193469112676,
0.004280788862451865,
-0.1618770523588415
],
"l_pinky_tip": [
-0.6931711312670823,
0.19877523662078142,
-0.09964992305074627
],
"r_hand_position": null,
"r_wrist": null,
"r_thumb_cmc": null,
"r_thumb_mcp": null,
"r_thumb_ip": null,
"r_thumb_tip": null,
"r_index_mcp": null,
"r_index_pip": null,
"r_index_dip": null,
"r_index_tip": null,
"r_middle_mcp": null,
"r_middle_pip": null,
"r_middle_dip": null,
"r_middle_tip": null,
"r_ring_mcp": null,
"r_ring_pip": null,
"r_ring_dip": null,
"r_ring_tip": null,
"r_pinky_mcp": null,
"r_pinky_pip": null,
"r_pinky_dip": null,
"r_pinky_tip": null,
"l_hand_velocity": null,
"r_hand_velocity": null,
"m_nose_point": null,
"m_top_nose": null,
"m_eyebrows": null,
"m_forehead": null,
"m_top_chin": null,
"m_bot_up_lip": null,
"m_top_low_lip": null,
"m_bot_nose": null,
"m_chin": null,
"m_nose": null,
"l_eye_exterior": null,
"l_temple": null,
"l_mid_chin": null,
"l_up_lip": null,
"l_ext_nostril": null,
"l_mid_cheek": null,
"l_mid_eyebrow": null,
"l_ext_eyebrow": null,
"l_ext_lips": null,
"l_jaw_angle": null,
"l_mid_ext_face": null,
"l_int_eyebrow": null,
"l_mid_jaw": null,
"l_mid_bot_eyelid": null,
"l_ext_mouth": null,
"l_top_eyelid": null,
"l_eye_int": null,
"l_pupil": null,
"r_eye_exterior": null,
"r_temple": null,
"r_mid_chin": null,
"r_up_lip": null,
"r_ext_nostril": null,
"r_mid_cheek": null,
"r_mid_eyebrow": null,
"r_ext_eyebrow": null,
"r_ext_lips": null,
"r_jaw_angle": null,
"r_mid_ext_face": null,
"r_int_eyebrow": null,
"r_mid_jaw": null,
"r_mid_bot_eyelid": null,
"r_ext_mouth": null,
"r_top_eyelid": null,
"r_eye_int": null,
"r_pupil": null,
"l_shoulder": null,
"l_elbow": null,
"l_hip": null,
"l_knee": null,
"l_ankle": null,
"l_body_wrist": null,
"r_shoulder": null,
"r_elbow": null,
"r_hip": null,
"r_knee": null,
"r_ankle": null,
"r_body_wrist": null,
"m_face_position": null,
"m_body_position": null,
"m_face_scale": null,
"m_body_scale": null,
"l_hand_scale": [
0.0973131064671586,
0.0973131064671586,
0.0973131064671586
],
"r_hand_scale": null
}
],
"framerate": 30,
"mirrorable": true,
"invalid": false
}