{
"label": "q",
"gestures": [
{
"l_hand_position": [
0.18415135145187378,
0.013484358787536621,
-0.5493573769927025
],
"l_wrist": [
0.046817122139144636,
0.8560160414775048,
0.5148249156827894
],
"l_thumb_cmc": [
-0.28459262062015955,
0.8184985556471038,
0.20141772775061315
],
"l_thumb_mcp": [
-0.6475669131451354,
0.6906201632283143,
-0.03043426905907345
],
"l_thumb_ip": [
-0.8017737584588759,
0.8081046981922585,
-0.21633676861813572
],
"l_thumb_tip": [
-0.7774988353625464,
1.0153731867766467,
-0.37211368139030604
],
"l_index_mcp": [
-0.41404955138551275,
-0.03678137342302346,
-0.04059311765413107
],
"l_index_pip": [
-0.5105449352742337,
0.7687214409644421,
-0.2881822566101053
],
"l_index_dip": [
-0.5380067774585844,
1.2993664726326912,
-0.4005506859994638
],
"l_index_tip": [
-0.5289620449395577,
1.544001369923331,
-0.46247311140186387
],
"l_middle_mcp": [
0.0,
0.0,
0.0
],
"l_middle_pip": [
-0.16074730352793914,
0.9471006261420651,
-0.201968121764248
],
"l_middle_dip": [
-0.2648313597514994,
1.2641586638237494,
-0.22104743728084544
],
"l_middle_tip": [
-0.29367652128248434,
1.234156487774074,
-0.23985273122349726
],
"l_ring_mcp": [
0.34131679614744637,
0.1762006903503842,
0.026331872336032593
],
"l_ring_pip": [
0.14187447562392635,
1.0872355388303139,
-0.15258968282586907
],
"l_ring_dip": [
-0.0015729428975211602,
1.2935807783226787,
-0.08901065479130445
],
"l_ring_tip": [
-0.05876029726222032,
1.1843296357665893,
-0.04519347048467522
],
"l_pinky_mcp": [
0.5985706744621917,
0.3979875040505486,
0.018580931978958954
],
"l_pinky_pip": [
0.44371537877607387,
1.0880935076835072,
-0.11243440905931874
],
"l_pinky_dip": [
0.2850433651263662,
1.270487738407451,
-0.07756566891944218
],
"l_pinky_tip": [
0.1924989899782566,
1.1916926249900452,
-0.039414109912120514
],
"r_hand_position": null,
"r_wrist": null,
"r_thumb_cmc": null,
"r_thumb_mcp": null,
"r_thumb_ip": null,
"r_thumb_tip": null,
"r_index_mcp": null,
"r_index_pip": null,
"r_index_dip": null,
"r_index_tip": null,
"r_middle_mcp": null,
"r_middle_pip": null,
"r_middle_dip": null,
"r_middle_tip": null,
"r_ring_mcp": null,
"r_ring_pip": null,
"r_ring_dip": null,
"r_ring_tip": null,
"r_pinky_mcp": null,
"r_pinky_pip": null,
"r_pinky_dip": null,
"r_pinky_tip": null,
"l_hand_velocity": null,
"r_hand_velocity": null,
"m_nose_point": null,
"m_top_nose": null,
"m_eyebrows": null,
"m_forehead": null,
"m_top_chin": null,
"m_bot_up_lip": null,
"m_top_low_lip": null,
"m_bot_nose": null,
"m_chin": null,
"m_nose": null,
"l_eye_exterior": null,
"l_temple": null,
"l_mid_chin": null,
"l_up_lip": null,
"l_ext_nostril": null,
"l_mid_cheek": null,
"l_mid_eyebrow": null,
"l_ext_eyebrow": null,
"l_ext_lips": null,
"l_jaw_angle": null,
"l_mid_ext_face": null,
"l_int_eyebrow": null,
"l_mid_jaw": null,
"l_mid_bot_eyelid": null,
"l_ext_mouth": null,
"l_top_eyelid": null,
"l_eye_int": null,
"l_pupil": null,
"r_eye_exterior": null,
"r_temple": null,
"r_mid_chin": null,
"r_up_lip": null,
"r_ext_nostril": null,
"r_mid_cheek": null,
"r_mid_eyebrow": null,
"r_ext_eyebrow": null,
"r_ext_lips": null,
"r_jaw_angle": null,
"r_mid_ext_face": null,
"r_int_eyebrow": null,
"r_mid_jaw": null,
"r_mid_bot_eyelid": null,
"r_ext_mouth": null,
"r_top_eyelid": null,
"r_eye_int": null,
"r_pupil": null,
"l_shoulder": null,
"l_elbow": null,
"l_hip": null,
"l_knee": null,
"l_ankle": null,
"l_body_wrist": null,
"r_shoulder": null,
"r_elbow": null,
"r_hip": null,
"r_knee": null,
"r_ankle": null,
"r_body_wrist": null,
"m_face_position": null,
"m_body_position": null,
"m_face_scale": null,
"m_body_scale": null,
"l_hand_scale": [
0.09587109075567038,
0.09587109075567038,
0.09587109075567038
],
"r_hand_scale": null
}
],
"framerate": 30,
"mirrorable": true,
"invalid": false
}