{
"label": "q",
"gestures": [
{
"l_hand_position": null,
"l_wrist": null,
"l_thumb_cmc": null,
"l_thumb_mcp": null,
"l_thumb_ip": null,
"l_thumb_tip": null,
"l_index_mcp": null,
"l_index_pip": null,
"l_index_dip": null,
"l_index_tip": null,
"l_middle_mcp": null,
"l_middle_pip": null,
"l_middle_dip": null,
"l_middle_tip": null,
"l_ring_mcp": null,
"l_ring_pip": null,
"l_ring_dip": null,
"l_ring_tip": null,
"l_pinky_mcp": null,
"l_pinky_pip": null,
"l_pinky_dip": null,
"l_pinky_tip": null,
"r_hand_position": [
-0.23830315470695496,
-0.03543296456336975,
-0.5715659782290459
],
"r_wrist": [
-0.40052138589936825,
-0.4470078136613137,
0.7998541329286118
],
"r_thumb_cmc": [
0.15244477300551676,
-0.29317842359416685,
0.6468140178016174
],
"r_thumb_mcp": [
0.5474939737459913,
0.21455169303093768,
0.42261243151156275
],
"r_thumb_ip": [
0.5515951981577911,
0.746307930056948,
0.23250420917698966
],
"r_thumb_tip": [
0.4287403279437188,
1.041430213447043,
0.03197967456506262
],
"r_index_mcp": [
0.4404521165222702,
0.08572934644540395,
0.038884773507726546
],
"r_index_pip": [
0.46668123361444885,
1.2065263960873676,
-0.224742967564182
],
"r_index_dip": [
0.4294234767513693,
1.8529157358149946,
-0.3908880217770526
],
"r_index_tip": [
0.398555209687003,
2.3635519827895632,
-0.50336409294364
],
"r_middle_mcp": [
0.0,
0.0,
0.0
],
"r_middle_pip": [
0.04894889442940549,
1.2926551064627438,
-0.2418597422416839
],
"r_middle_dip": [
0.10577548386112368,
1.9931014684179864,
-0.3058029369509554
],
"r_middle_tip": [
0.14532883388964815,
2.5111767429254988,
-0.37368239778485507
],
"r_ring_mcp": [
-0.41189609666546606,
0.041958526791101125,
-0.0049345094091375425
],
"r_ring_pip": [
-0.2640531685777943,
1.2749325410032262,
-0.12218820890811785
],
"r_ring_dip": [
-0.11231919008984276,
1.3408798831408901,
-0.020437091054422724
],
"r_ring_tip": [
-0.03673981615323231,
1.159841119062542,
0.0357857893505443
],
"r_pinky_mcp": [
-0.7168750748826693,
0.12863149126286977,
-0.02605966221363542
],
"r_pinky_pip": [
-0.5516754706407964,
1.1229344294072945,
-0.09534414131075884
],
"r_pinky_dip": [
-0.3789803816632021,
1.2172302820369816,
-0.00927288738068728
],
"r_pinky_tip": [
-0.2936130940934277,
1.0807390821372858,
0.04788969735074689
],
"l_hand_velocity": null,
"r_hand_velocity": null,
"m_nose_point": null,
"m_top_nose": null,
"m_eyebrows": null,
"m_forehead": null,
"m_top_chin": null,
"m_bot_up_lip": null,
"m_top_low_lip": null,
"m_bot_nose": null,
"m_chin": null,
"m_nose": null,
"l_eye_exterior": null,
"l_temple": null,
"l_mid_chin": null,
"l_up_lip": null,
"l_ext_nostril": null,
"l_mid_cheek": null,
"l_mid_eyebrow": null,
"l_ext_eyebrow": null,
"l_ext_lips": null,
"l_jaw_angle": null,
"l_mid_ext_face": null,
"l_int_eyebrow": null,
"l_mid_jaw": null,
"l_mid_bot_eyelid": null,
"l_ext_mouth": null,
"l_top_eyelid": null,
"l_eye_int": null,
"l_pupil": null,
"r_eye_exterior": null,
"r_temple": null,
"r_mid_chin": null,
"r_up_lip": null,
"r_ext_nostril": null,
"r_mid_cheek": null,
"r_mid_eyebrow": null,
"r_ext_eyebrow": null,
"r_ext_lips": null,
"r_jaw_angle": null,
"r_mid_ext_face": null,
"r_int_eyebrow": null,
"r_mid_jaw": null,
"r_mid_bot_eyelid": null,
"r_ext_mouth": null,
"r_top_eyelid": null,
"r_eye_int": null,
"r_pupil": null,
"l_shoulder": null,
"l_elbow": null,
"l_hip": null,
"l_knee": null,
"l_ankle": null,
"l_body_wrist": null,
"r_shoulder": null,
"r_elbow": null,
"r_hip": null,
"r_knee": null,
"r_ankle": null,
"r_body_wrist": null,
"m_face_position": null,
"m_body_position": null,
"m_face_scale": null,
"m_body_scale": null,
"l_hand_scale": null,
"r_hand_scale": [
0.08947474186096999,
0.08947474186096999,
0.08947474186096999
]
}
],
"framerate": 30,
"mirrorable": true,
"invalid": false
}