{
"label": "q",
"gestures": [
{
"l_hand_position": [
0.14056259393692017,
0.06255602836608887,
-0.5292968600988388
],
"l_wrist": [
-0.23295014068504646,
0.9352354327653976,
0.26658754144733876
],
"l_thumb_cmc": [
0.054109643643647544,
0.5561479251574054,
0.32464233209883553
],
"l_thumb_mcp": [
0.172826627020943,
0.06932981143892478,
0.2861985583313337
],
"l_thumb_ip": [
0.08698416471867225,
-0.3624408897627691,
0.24119841945368226
],
"l_thumb_tip": [
-0.0783641758807298,
-0.6275607333327625,
0.17341485122464273
],
"l_index_mcp": [
0.2440585526519438,
-0.05219342766400552,
0.083579142347191
],
"l_index_pip": [
0.07423994539411843,
-0.7054595502238141,
0.005567290815180583
],
"l_index_dip": [
-0.06264014036819035,
-1.0544538431659534,
-0.03979392246867935
],
"l_index_tip": [
-0.18131047937122904,
-1.3108278665628001,
-0.07907997719381572
],
"l_middle_mcp": [
0.0,
0.0,
0.0
],
"l_middle_pip": [
-0.22647145405135727,
-0.6496381665202317,
-0.036512138195025516
],
"l_middle_dip": [
-0.2728457248386067,
-0.44847426857362577,
0.004249875379912791
],
"l_middle_tip": [
-0.2351440534044498,
-0.21211854619138928,
0.013346799554778063
],
"l_ring_mcp": [
-0.26092808721599864,
0.0865502635627952,
-0.06627423204129966
],
"l_ring_pip": [
-0.466383538782451,
-0.4525155154641756,
-0.08785318737742726
],
"l_ring_dip": [
-0.4684472811550912,
-0.22497503744002628,
-0.0012816355391718369
],
"l_ring_tip": [
-0.40553866444670195,
-0.02874812108263396,
0.03378862877575756
],
"l_pinky_mcp": [
-0.5233704894660083,
0.19176966673364532,
-0.12635588102356654
],
"l_pinky_pip": [
-0.6387556543426128,
-0.19061874391768147,
-0.14701218622995496
],
"l_pinky_dip": [
-0.6169711044353606,
-0.004284231537841024,
-0.07205149033769137
],
"l_pinky_tip": [
-0.559717304540939,
0.1551061038149243,
-0.027236280641152667
],
"r_hand_position": null,
"r_wrist": null,
"r_thumb_cmc": null,
"r_thumb_mcp": null,
"r_thumb_ip": null,
"r_thumb_tip": null,
"r_index_mcp": null,
"r_index_pip": null,
"r_index_dip": null,
"r_index_tip": null,
"r_middle_mcp": null,
"r_middle_pip": null,
"r_middle_dip": null,
"r_middle_tip": null,
"r_ring_mcp": null,
"r_ring_pip": null,
"r_ring_dip": null,
"r_ring_tip": null,
"r_pinky_mcp": null,
"r_pinky_pip": null,
"r_pinky_dip": null,
"r_pinky_tip": null,
"l_hand_velocity": null,
"r_hand_velocity": null,
"m_nose_point": null,
"m_top_nose": null,
"m_eyebrows": null,
"m_forehead": null,
"m_top_chin": null,
"m_bot_up_lip": null,
"m_top_low_lip": null,
"m_bot_nose": null,
"m_chin": null,
"m_nose": null,
"l_eye_exterior": null,
"l_temple": null,
"l_mid_chin": null,
"l_up_lip": null,
"l_ext_nostril": null,
"l_mid_cheek": null,
"l_mid_eyebrow": null,
"l_ext_eyebrow": null,
"l_ext_lips": null,
"l_jaw_angle": null,
"l_mid_ext_face": null,
"l_int_eyebrow": null,
"l_mid_jaw": null,
"l_mid_bot_eyelid": null,
"l_ext_mouth": null,
"l_top_eyelid": null,
"l_eye_int": null,
"l_pupil": null,
"r_eye_exterior": null,
"r_temple": null,
"r_mid_chin": null,
"r_up_lip": null,
"r_ext_nostril": null,
"r_mid_cheek": null,
"r_mid_eyebrow": null,
"r_ext_eyebrow": null,
"r_ext_lips": null,
"r_jaw_angle": null,
"r_mid_ext_face": null,
"r_int_eyebrow": null,
"r_mid_jaw": null,
"r_mid_bot_eyelid": null,
"r_ext_mouth": null,
"r_top_eyelid": null,
"r_eye_int": null,
"r_pupil": null,
"l_shoulder": null,
"l_elbow": null,
"l_hip": null,
"l_knee": null,
"l_ankle": null,
"l_body_wrist": null,
"r_shoulder": null,
"r_elbow": null,
"r_hip": null,
"r_knee": null,
"r_ankle": null,
"r_body_wrist": null,
"m_face_position": null,
"m_body_position": null,
"m_face_scale": null,
"m_body_scale": null,
"l_hand_scale": [
0.10989534177185763,
0.10989534177185763,
0.10989534177185763
],
"r_hand_scale": null
}
],
"framerate": 30,
"mirrorable": true,
"invalid": false
}