{
"label": "q",
"gestures": [
{
"l_hand_position": [
0.16170471906661987,
0.07651388645172119,
-0.5490785799920559
],
"l_wrist": [
-0.601462610509377,
0.613736787235874,
0.5114390326838901
],
"l_thumb_cmc": [
-0.1387470800471362,
0.6520873005511975,
0.5123023314656768
],
"l_thumb_mcp": [
0.35796793858144205,
0.2986759815975872,
0.4175088527769354
],
"l_thumb_ip": [
0.6001054384964527,
-0.2795215328403524,
0.3443424323588384
],
"l_thumb_tip": [
0.6274495041829351,
-0.7547503756011615,
0.25208080358658785
],
"l_index_mcp": [
0.318782003592259,
0.22074263035657785,
0.06978740761023246
],
"l_index_pip": [
0.6638005956632,
-0.6637863096420114,
-0.06586830167794543
],
"l_index_dip": [
0.7714656415232688,
-1.0643647909441045,
-0.10200824731787002
],
"l_index_tip": [
0.8176504846321911,
-1.343634144453909,
-0.12484973180449532
],
"l_middle_mcp": [
0.0,
0.0,
0.0
],
"l_middle_pip": [
0.3509454274701736,
-0.8982503527846347,
-0.11861726095738653
],
"l_middle_dip": [
0.2615534449731338,
-0.6838184170053156,
-0.05417503805217487
],
"l_middle_tip": [
0.14491615667522026,
-0.3672010561888191,
-0.016955915501858935
],
"l_ring_mcp": [
-0.31484403079503254,
-0.17915415928227307,
-0.04087366534564419
],
"l_ring_pip": [
-0.0058187585432834575,
-0.9323128857836093,
-0.12756776379777024
],
"l_ring_dip": [
-0.08633228943723893,
-0.6710131729694134,
0.027733980895229913
],
"l_ring_tip": [
-0.17130368007341742,
-0.3854691505009999,
0.11834982508790612
],
"l_pinky_mcp": [
-0.6133032375493654,
-0.3412116779898368,
-0.07486038149847335
],
"l_pinky_pip": [
-0.34088682629063344,
-0.8543267383773374,
-0.13887247093963465
],
"l_pinky_dip": [
-0.3956078776254679,
-0.6067894330186852,
-0.022683988867162098
],
"l_pinky_tip": [
-0.4735138990868119,
-0.37954604188990354,
0.05314753150646323
],
"r_hand_position": null,
"r_wrist": null,
"r_thumb_cmc": null,
"r_thumb_mcp": null,
"r_thumb_ip": null,
"r_thumb_tip": null,
"r_index_mcp": null,
"r_index_pip": null,
"r_index_dip": null,
"r_index_tip": null,
"r_middle_mcp": null,
"r_middle_pip": null,
"r_middle_dip": null,
"r_middle_tip": null,
"r_ring_mcp": null,
"r_ring_pip": null,
"r_ring_dip": null,
"r_ring_tip": null,
"r_pinky_mcp": null,
"r_pinky_pip": null,
"r_pinky_dip": null,
"r_pinky_tip": null,
"l_hand_velocity": null,
"r_hand_velocity": null,
"m_nose_point": null,
"m_top_nose": null,
"m_eyebrows": null,
"m_forehead": null,
"m_top_chin": null,
"m_bot_up_lip": null,
"m_top_low_lip": null,
"m_bot_nose": null,
"m_chin": null,
"m_nose": null,
"l_eye_exterior": null,
"l_temple": null,
"l_mid_chin": null,
"l_up_lip": null,
"l_ext_nostril": null,
"l_mid_cheek": null,
"l_mid_eyebrow": null,
"l_ext_eyebrow": null,
"l_ext_lips": null,
"l_jaw_angle": null,
"l_mid_ext_face": null,
"l_int_eyebrow": null,
"l_mid_jaw": null,
"l_mid_bot_eyelid": null,
"l_ext_mouth": null,
"l_top_eyelid": null,
"l_eye_int": null,
"l_pupil": null,
"r_eye_exterior": null,
"r_temple": null,
"r_mid_chin": null,
"r_up_lip": null,
"r_ext_nostril": null,
"r_mid_cheek": null,
"r_mid_eyebrow": null,
"r_ext_eyebrow": null,
"r_ext_lips": null,
"r_jaw_angle": null,
"r_mid_ext_face": null,
"r_int_eyebrow": null,
"r_mid_jaw": null,
"r_mid_bot_eyelid": null,
"r_ext_mouth": null,
"r_top_eyelid": null,
"r_eye_int": null,
"r_pupil": null,
"l_shoulder": null,
"l_elbow": null,
"l_hip": null,
"l_knee": null,
"l_ankle": null,
"l_body_wrist": null,
"r_shoulder": null,
"r_elbow": null,
"r_hip": null,
"r_knee": null,
"r_ankle": null,
"r_body_wrist": null,
"m_face_position": null,
"m_body_position": null,
"m_face_scale": null,
"m_body_scale": null,
"l_hand_scale": [
0.09596141652937092,
0.09596141652937092,
0.09596141652937092
],
"r_hand_scale": null
}
],
"framerate": 30,
"mirrorable": true,
"invalid": false
}