{
"label": "h",
"gestures": [
{
"l_hand_position": [
0.05604684352874756,
-0.03630891442298889,
-0.5331225469708443
],
"l_wrist": [
0.26721715899155984,
0.9587344353917405,
0.09707354085722894
],
"l_thumb_cmc": [
0.03470099756149883,
0.8768532177219845,
-0.037423779904333036
],
"l_thumb_mcp": [
-0.1791237561433034,
0.5898852525822924,
-0.12349439907498028
],
"l_thumb_ip": [
-0.16678812754552727,
0.28393982729464295,
-0.21301094548025623
],
"l_thumb_tip": [
-0.016660566540475864,
0.12774297630606346,
-0.29119566709473715
],
"l_index_mcp": [
-0.16681406878813534,
0.04398324582562731,
-1.6256948755654482e-05
],
"l_index_pip": [
-0.24530248636405838,
-0.3894945687784288,
-0.10649707677398097
],
"l_index_dip": [
-0.2750596246188141,
-0.6384428915320629,
-0.1632475191425916
],
"l_index_tip": [
-0.2976292044418557,
-0.856529782662948,
-0.19869458946182644
],
"l_middle_mcp": [
0.0,
0.0,
0.0
],
"l_middle_pip": [
-0.05618384021103948,
-0.21617134435769364,
-0.18074698354377228
],
"l_middle_dip": [
-0.018894308420809552,
0.12761527901080078,
-0.2307584893909238
],
"l_middle_tip": [
-0.009355268058136416,
0.35081128477171003,
-0.21566302265173945
],
"l_ring_mcp": [
0.17820061475231072,
0.005609597189432658,
-0.017889216286123156
],
"l_ring_pip": [
0.1372840255865143,
-0.21969944069664407,
-0.18478396932630975
],
"l_ring_dip": [
0.16190095465781668,
0.10248773544695011,
-0.17407844648878493
],
"l_ring_tip": [
0.16253839300311562,
0.3270377517900496,
-0.1109037034276208
],
"l_pinky_mcp": [
0.3601565082409578,
0.04220876001813301,
-0.04828812734464394
],
"l_pinky_pip": [
0.3258494332523965,
-0.31738228154051934,
-0.14265550051109754
],
"l_pinky_dip": [
0.31784014010533945,
-0.5237831232698448,
-0.1504220203119285
],
"l_pinky_tip": [
0.29658841034448896,
-0.7477075364136837,
-0.13054366972097312
],
"r_hand_position": null,
"r_wrist": null,
"r_thumb_cmc": null,
"r_thumb_mcp": null,
"r_thumb_ip": null,
"r_thumb_tip": null,
"r_index_mcp": null,
"r_index_pip": null,
"r_index_dip": null,
"r_index_tip": null,
"r_middle_mcp": null,
"r_middle_pip": null,
"r_middle_dip": null,
"r_middle_tip": null,
"r_ring_mcp": null,
"r_ring_pip": null,
"r_ring_dip": null,
"r_ring_tip": null,
"r_pinky_mcp": null,
"r_pinky_pip": null,
"r_pinky_dip": null,
"r_pinky_tip": null,
"l_hand_velocity": null,
"r_hand_velocity": null,
"m_nose_point": [
0.0,
0.0,
0.0
],
"m_top_nose": [
-0.02071080334725952,
-0.3471268395385473,
0.16609710166412625
],
"m_eyebrows": [
-0.030163266584261397,
-0.6174646849219431,
0.21596371354208024
],
"m_forehead": [
-0.04401692032034332,
-0.9430519976125765,
0.305221417735478
],
"m_top_chin": [
-0.011931468982474972,
0.6839978078123691,
0.18709168534304219
],
"m_bot_up_lip": [
-0.02411179384036256,
0.4085296385444472,
0.11360133388086567
],
"m_top_low_lip": [
-0.02132076294975839,
0.4751484996875345,
0.1429884931449448
],
"m_bot_nose": [
-0.021620130358424142,
0.06556850784168165,
0.0777705060879509
],
"m_chin": [
-0.010240108800447954,
0.9723111913404325,
0.23346538793984833
],
"m_nose": [
-0.015410077670884252,
-0.27975603720185477,
0.12029785860748742
],
"l_eye_exterior": [
-0.394328732943826,
-0.36261823719559083,
0.3304818936967808
],
"l_temple": [
-0.5995698099940898,
-0.5925936657188774,
0.5711164423992728
],
"l_mid_chin": [
-0.19911329964974855,
0.7596674281785963,
0.21722066558218467
],
"l_up_lip": [
-0.1391315703872977,
0.34288996078830014,
0.10952019902481569
],
"l_ext_nostril": [
-0.15787117010529916,
0.016025410840750477,
0.11217203959402935
],
"l_mid_cheek": [
-0.4109838661737264,
0.017227895804956355,
0.2587589421265234
],
"l_mid_eyebrow": [
-0.37266238990604256,
-0.6482812578854666,
0.26150752649948045
],
"l_ext_eyebrow": [
-0.4433659981365768,
-0.6125676932737684,
0.2928562533550854
],
"l_ext_lips": [
-0.26337220941770173,
0.4445566612525745,
0.2212213499251285
],
"l_jaw_angle": [
-0.5518961472271093,
0.42279705696781544,
0.5895544357222054
],
"l_mid_ext_face": [
-0.6323931118378001,
0.05060777981531644,
0.692010363966984
],
"l_int_eyebrow": [
-0.15307269385885935,
-0.689234767155985,
0.21766751315939828
],
"l_mid_jaw": [
-0.424797098741945,
0.6840161973540262,
0.4257956269714077
],
"l_mid_bot_eyelid": [
-0.2955952837864784,
-0.33202556287237367,
0.2930536386647356
],
"l_ext_mouth": [
-0.19585291750275796,
0.5108741249726573,
0.18882434736091774
],
"l_top_eyelid": [
-0.30972328798981585,
-0.43256524714080147,
0.2931534526785842
],
"l_eye_int": [
-0.1813094768356199,
-0.3880157465880492,
0.3083534313286929
],
"l_pupil": [
-0.2862545907507175,
-0.3887109667927768,
0.3091159554646966
],
"r_eye_exterior": [
0.3476487920488297,
-0.3619123892687367,
0.3718325916919148
],
"r_temple": [
0.44467798446246853,
-0.6041697627794579,
0.6005661290903015
],
"r_mid_chin": [
0.16532257656100213,
0.7407734876645437,
0.2238836484266665
],
"r_up_lip": [
0.07901102396785684,
0.32757768204350174,
0.11514374176078482
],
"r_ext_nostril": [
0.13962295326989027,
0.009807118683247308,
0.15775775798069594
],
"r_mid_cheek": [
0.3429730719635819,
-0.00678072554195299,
0.27759413910064773
],
"r_mid_eyebrow": [
0.33580736017290996,
-0.5965106380918547,
0.31095761880396133
],
"r_ext_eyebrow": [
0.2723052875154967,
-0.6317162214684255,
0.2755425353354776
],
"r_ext_lips": [
0.18856098658525727,
0.5007653700411892,
0.21936218890712383
],
"r_jaw_angle": [
0.4377393954525235,
0.39026189774760356,
0.6163568643028587
],
"r_mid_ext_face": [
0.48231253970169213,
0.030833051903450155,
0.7228232052865026
],
"r_int_eyebrow": [
0.07857875032630518,
-0.6718058999314895,
0.22202537927157903
],
"r_mid_jaw": [
0.3490998940632319,
0.6491061601826598,
0.4449936964718767
],
"r_mid_bot_eyelid": [
0.23003047773564986,
-0.32430410480330907,
0.3065779300376387
],
"r_ext_mouth": [
0.21486937535278638,
0.41762625220912203,
0.23126245201660608
],
"r_top_eyelid": [
0.23231376621634306,
-0.41794651682421635,
0.30652272409622716
],
"r_eye_int": [
0.12306663397324512,
-0.36787370549347215,
0.31724966317358144
],
"r_pupil": [
0.2242501910248902,
-0.3772846131428332,
0.32235554478987405
],
"l_shoulder": [
0.4931995917753805,
0.056239189817237516,
-0.0599275913190142
],
"l_elbow": [
0.8802726916348467,
0.5734643302019372,
-1.1463836240204328
],
"l_hip": [
0.31248521020891556,
1.8800764249553061,
1.5585498099030932
],
"l_knee": [
0.36766803319003394,
3.1101135083928955,
1.0866940681723876
],
"l_ankle": [
0.43273216518849333,
4.352613815672547,
3.002790379944522
],
"l_body_wrist": [
0.8927671221703222,
0.3798080195202098,
-2.9869341374368203
],
"r_shoulder": [
-0.4931995917753805,
-0.056239189817237516,
0.0599275913190142
],
"r_elbow": [
-0.6626320444299875,
0.8894154844582588,
0.13000715230581572
],
"r_hip": [
-0.37917246177310965,
1.888019136351532,
2.226446810218186
],
"r_knee": [
-0.25688293752125646,
3.0908615453413364,
1.4643608829786414
],
"r_ankle": [
-0.1299558588365288,
4.302043301449707,
3.0462140210001247
],
"r_body_wrist": [
-0.5344122605554271,
1.2513412580893128,
-0.9436141482986229
],
"m_face_position": [
-0.2450273036956787,
0.027696669101715088,
-0.5620830953121185
],
"m_body_position": [
-0.24118338152766228,
0.33429843187332153,
-1.3323065340518951
],
"m_face_scale": [
0.24957433596043685,
0.24957433596043685,
0.24957433596043685
],
"m_body_scale": [
0.44120896632218987,
0.44120896632218987,
0.44120896632218987
],
"l_hand_scale": [
0.34120531089700645,
0.34120531089700645,
0.34120531089700645
],
"r_hand_scale": null
}
],
"framerate": 30,
"mirrorable": true,
"invalid": false
}