{
"label": "h",
"gestures": [
{
"l_hand_position": null,
"l_wrist": null,
"l_thumb_cmc": null,
"l_thumb_mcp": null,
"l_thumb_ip": null,
"l_thumb_tip": null,
"l_index_mcp": null,
"l_index_pip": null,
"l_index_dip": null,
"l_index_tip": null,
"l_middle_mcp": null,
"l_middle_pip": null,
"l_middle_dip": null,
"l_middle_tip": null,
"l_ring_mcp": null,
"l_ring_pip": null,
"l_ring_dip": null,
"l_ring_tip": null,
"l_pinky_mcp": null,
"l_pinky_pip": null,
"l_pinky_dip": null,
"l_pinky_tip": null,
"r_hand_position": [
-0.1264449954032898,
0.0055931806564331055,
0.5075155268423259
],
"r_wrist": [
-0.22950742045430925,
0.9712562118024922,
-0.06314835699748171
],
"r_thumb_cmc": [
0.007269955298989117,
0.8048715955624286,
0.05437114274725655
],
"r_thumb_mcp": [
0.16016939543126946,
0.47186998093441435,
0.13267696983250768
],
"r_thumb_ip": [
0.12015809763631634,
0.1276659441427331,
0.2150038234796227
],
"r_thumb_tip": [
0.0007752749244168609,
-0.1253959612002787,
0.27642047821449217
],
"r_index_mcp": [
0.18293934015905536,
0.02248998433841315,
0.00017132862155990342
],
"r_index_pip": [
0.288670212506175,
-0.3579759344073641,
0.12645598955237586
],
"r_index_dip": [
0.3581720068446439,
-0.5090073025318441,
0.1644670135612957
],
"r_index_tip": [
0.374251449172375,
-0.488423703206217,
0.16319914733013027
],
"r_middle_mcp": [
-0.0,
0.0,
-0.0
],
"r_middle_pip": [
0.04460986004042833,
-0.24203927884980078,
0.18504660629816613
],
"r_middle_dip": [
0.06839948160678835,
0.05843058795658317,
0.20428275539330087
],
"r_middle_tip": [
0.06864438434454019,
0.25043733929559153,
0.1609309016195196
],
"r_ring_mcp": [
-0.19810678272104804,
0.020010406721625115,
0.024820054374164704
],
"r_ring_pip": [
-0.16676774628992072,
-0.1598220742684251,
0.2148718564624497
],
"r_ring_dip": [
-0.09375267443544129,
0.1346774744669166,
0.1860211464102783
],
"r_ring_tip": [
-0.044746084058155326,
0.33452311670836216,
0.10636468416948802
],
"r_pinky_mcp": [
-0.3806604887122733,
0.06835741242484325,
0.05905960282795968
],
"r_pinky_pip": [
-0.455940284861464,
-0.22925400371544946,
0.18913266949900803
],
"r_pinky_dip": [
-0.4742994761917439,
-0.43877180162730883,
0.20664082068545284
],
"r_pinky_tip": [
-0.4705267720537386,
-0.6632454441324489,
0.18425953071780188
],
"l_hand_velocity": null,
"r_hand_velocity": null,
"m_nose_point": null,
"m_top_nose": null,
"m_eyebrows": null,
"m_forehead": null,
"m_top_chin": null,
"m_bot_up_lip": null,
"m_top_low_lip": null,
"m_bot_nose": null,
"m_chin": null,
"m_nose": null,
"l_eye_exterior": null,
"l_temple": null,
"l_mid_chin": null,
"l_up_lip": null,
"l_ext_nostril": null,
"l_mid_cheek": null,
"l_mid_eyebrow": null,
"l_ext_eyebrow": null,
"l_ext_lips": null,
"l_jaw_angle": null,
"l_mid_ext_face": null,
"l_int_eyebrow": null,
"l_mid_jaw": null,
"l_mid_bot_eyelid": null,
"l_ext_mouth": null,
"l_top_eyelid": null,
"l_eye_int": null,
"l_pupil": null,
"r_eye_exterior": null,
"r_temple": null,
"r_mid_chin": null,
"r_up_lip": null,
"r_ext_nostril": null,
"r_mid_cheek": null,
"r_mid_eyebrow": null,
"r_ext_eyebrow": null,
"r_ext_lips": null,
"r_jaw_angle": null,
"r_mid_ext_face": null,
"r_int_eyebrow": null,
"r_mid_jaw": null,
"r_mid_bot_eyelid": null,
"r_ext_mouth": null,
"r_top_eyelid": null,
"r_eye_int": null,
"r_pupil": null,
"l_shoulder": null,
"l_elbow": null,
"l_hip": null,
"l_knee": null,
"l_ankle": null,
"l_body_wrist": null,
"r_shoulder": null,
"r_elbow": null,
"r_hip": null,
"r_knee": null,
"r_ankle": null,
"r_body_wrist": null,
"m_face_position": null,
"m_body_position": null,
"m_face_scale": null,
"m_body_scale": null,
"l_hand_scale": null,
"r_hand_scale": [
-0.11901325221076377,
0.11901325221076377,
-0.11901325221076377
]
}
],
"framerate": 30,
"mirrorable": true,
"invalid": false
}