{
"label": "h",
"gestures": [
{
"l_hand_position": [
0.056949496269226074,
0.010498464107513428,
-0.5229080319404602
],
"l_wrist": [
0.17193624670672747,
0.9800277408952098,
0.099917736885074
],
"l_thumb_cmc": [
-0.08295741982283986,
0.8460452592513544,
-0.02853074950073798
],
"l_thumb_mcp": [
-0.29696578180417715,
0.503377515214908,
-0.11452442405710325
],
"l_thumb_ip": [
-0.36094046953559333,
0.1969315465241065,
-0.20889799139080795
],
"l_thumb_tip": [
-0.19771616750378104,
0.1502263197588472,
-0.29247835685477525
],
"l_index_mcp": [
-0.14482210627160572,
0.0054005737610269555,
0.0023923481691089433
],
"l_index_pip": [
-0.20468910298948384,
-0.4630919855507434,
-0.1154107461366739
],
"l_index_dip": [
-0.2388650922221204,
-0.7250962472110558,
-0.1761364582607366
],
"l_index_tip": [
-0.25885303869986337,
-0.9644728509565392,
-0.21269988040721471
],
"l_middle_mcp": [
0.0,
0.0,
0.0
],
"l_middle_pip": [
-0.12206003846728314,
-0.22110010852990003,
-0.21626661711211864
],
"l_middle_dip": [
-0.1283021689251976,
0.08650147323401394,
-0.2698657128105812
],
"l_middle_tip": [
-0.12054071275316185,
0.30602480037169194,
-0.24617743217732788
],
"l_ring_mcp": [
0.14495131655222143,
0.03199969293679309,
-0.01990718192796928
],
"l_ring_pip": [
0.007929923499679593,
-0.18828225713616997,
-0.22330035552413732
],
"l_ring_dip": [
-0.010566385181216895,
0.14651561888313652,
-0.20553683422191385
],
"l_ring_tip": [
-0.0012999022194740662,
0.3944701473847074,
-0.11860189234403853
],
"l_pinky_mcp": [
0.29128650900729497,
0.08405089756986144,
-0.052038839313205604
],
"l_pinky_pip": [
0.2720123388382652,
-0.2996967463770702,
-0.1643300638548079
],
"l_pinky_dip": [
0.244133075956761,
-0.5339803332266543,
-0.1706345408729239
],
"l_pinky_tip": [
0.21312078874588042,
-0.7683579030067064,
-0.13975200015232456
],
"r_hand_position": null,
"r_wrist": null,
"r_thumb_cmc": null,
"r_thumb_mcp": null,
"r_thumb_ip": null,
"r_thumb_tip": null,
"r_index_mcp": null,
"r_index_pip": null,
"r_index_dip": null,
"r_index_tip": null,
"r_middle_mcp": null,
"r_middle_pip": null,
"r_middle_dip": null,
"r_middle_tip": null,
"r_ring_mcp": null,
"r_ring_pip": null,
"r_ring_dip": null,
"r_ring_tip": null,
"r_pinky_mcp": null,
"r_pinky_pip": null,
"r_pinky_dip": null,
"r_pinky_tip": null,
"l_hand_velocity": null,
"r_hand_velocity": null,
"m_nose_point": [
0.0,
0.0,
0.0
],
"m_top_nose": [
-0.0164520579585449,
-0.37487312481329793,
0.18021826847970418
],
"m_eyebrows": [
-0.021778448636873723,
-0.6701687149314312,
0.23650711027605892
],
"m_forehead": [
-0.025566649687666726,
-1.023992727197042,
0.33471493131813035
],
"m_top_chin": [
-0.02258078225575793,
0.6793206363955298,
0.18495838576250212
],
"m_bot_up_lip": [
-0.03714129652006912,
0.40242016807810543,
0.12449629612738392
],
"m_top_low_lip": [
-0.03747892607511584,
0.42962638574891265,
0.14566391779946658
],
"m_bot_nose": [
-0.02562763011089932,
0.06477757319245804,
0.08413019630324307
],
"m_chin": [
-0.02881587072934312,
0.9712429991605912,
0.23634018315904248
],
"m_nose": [
-0.011810642348728119,
-0.3011980348574392,
0.13023761256284963
],
"l_eye_exterior": [
-0.41780903171838224,
-0.42471599150077016,
0.35866892766569364
],
"l_temple": [
-0.6305719336437849,
-0.6806292225846469,
0.6208565185517965
],
"l_mid_chin": [
-0.22678785594227757,
0.7586378856783222,
0.21868815040264183
],
"l_up_lip": [
-0.16101043392360964,
0.30390827588999897,
0.11593335670182929
],
"l_ext_nostril": [
-0.17123098297219724,
0.0076743287351209504,
0.12067659811270427
],
"l_mid_cheek": [
-0.44573339934203876,
-0.012607478780612325,
0.2792970081390774
],
"l_mid_eyebrow": [
-0.38594778331181634,
-0.7131981379362946,
0.285901448851847
],
"l_ext_eyebrow": [
-0.4627852259705956,
-0.6809109853787866,
0.31963025867534933
],
"l_ext_lips": [
-0.2945830651938421,
0.44529081186775943,
0.23023064108812344
],
"l_jaw_angle": [
-0.6066246849334622,
0.3861845458774909,
0.6372118963319984
],
"l_mid_ext_face": [
-0.6834444215364393,
-0.005662102610003447,
0.7519525392369694
],
"l_int_eyebrow": [
-0.1500203426158006,
-0.7446116212854765,
0.23843065231279012
],
"l_mid_jaw": [
-0.4739410638585327,
0.6676282474880808,
0.45353213389342434
],
"l_mid_bot_eyelid": [
-0.31472942457872644,
-0.39006939514623745,
0.3182269938272838
],
"l_ext_mouth": [
-0.224677575342067,
0.4685203900310759,
0.19349040351118174
],
"l_top_eyelid": [
-0.32520789397086075,
-0.49360916797441673,
0.31872551997334664
],
"l_eye_int": [
-0.1909173045101162,
-0.44177095024750146,
0.3353498763918742
],
"l_pupil": [
-0.3026051229671028,
-0.44364140008464215,
0.3358961673400969
],
"r_eye_exterior": [
0.36290996748570925,
-0.4039839260172692,
0.40661030298768935
],
"r_temple": [
0.4771008597302904,
-0.6529962697927696,
0.6590668581414186
],
"r_mid_chin": [
0.15868013800184078,
0.7499814780935727,
0.2287399685697286
],
"r_up_lip": [
0.08175902304325906,
0.3123713870388413,
0.1254564980903758
],
"r_ext_nostril": [
0.14800677415432265,
0.010580167351634346,
0.17215324795281117
],
"r_mid_cheek": [
0.3631797131733839,
-0.006747477438608759,
0.3034099534914194
],
"r_mid_eyebrow": [
0.3515150658840512,
-0.6377319877508998,
0.34177409047053214
],
"r_ext_eyebrow": [
0.28725601805140744,
-0.6744057676928523,
0.3029018112631553
],
"r_ext_lips": [
0.18842784584846353,
0.517133420929245,
0.23160988770345348
],
"r_jaw_angle": [
0.44640533457162057,
0.38687412324209597,
0.6712617602535249
],
"r_mid_ext_face": [
0.49782704450211696,
0.010933010052099679,
0.789564995819562
],
"r_int_eyebrow": [
0.0929068069130333,
-0.7153361601546214,
0.2433063056175082
],
"r_mid_jaw": [
0.35026464760388765,
0.6567031636125857,
0.4790600795493643
],
"r_mid_bot_eyelid": [
0.24113116739930957,
-0.3591161414063581,
0.3348529322850934
],
"r_ext_mouth": [
0.21800437384873736,
0.43736054433324295,
0.24740202953640605
],
"r_top_eyelid": [
0.24836099103677908,
-0.46537970647226,
0.33551813186258067
],
"r_eye_int": [
0.13702454510233922,
-0.41344062175597257,
0.3463416376300364
],
"r_pupil": [
0.23872314381019183,
-0.4211709450935587,
0.35230326502066356
],
"l_shoulder": [
0.4031160502730831,
0.04777927162710004,
-0.29191538365597125
],
"l_elbow": [
0.8127845339758962,
0.4661022237987202,
-1.6463702463347911
],
"l_hip": [
0.2714327266858913,
1.5686375705930067,
0.9365070405230795
],
"l_knee": [
0.3175763466686101,
2.805093457046591,
0.8765033908199314
],
"l_ankle": [
0.31853306243641655,
3.900985145290713,
2.06185074441697
],
"l_body_wrist": [
0.68314751283465,
-0.08071464146123661,
-2.9385139081265277
],
"r_shoulder": [
-0.4031160502730831,
-0.04777927162710004,
0.29191538365597125
],
"r_elbow": [
-0.5660320349104684,
0.6875749159672675,
1.3012290281925318
],
"r_hip": [
-0.3067983455969159,
1.5866738782732759,
1.4752950213663234
],
"r_knee": [
-0.19552261765365106,
2.7038398325961293,
0.945323712102331
],
"r_ankle": [
-0.16635273368588208,
3.8375918744549993,
1.726979144932041
],
"r_body_wrist": [
-0.47231072446586836,
0.7072117783819578,
1.6860259114500196
],
"m_face_position": [
-0.23312264680862427,
0.035592854022979736,
-0.5624183714389801
],
"m_body_position": [
-0.235208872705698,
0.3297685980796814,
-1.1332581788301468
],
"m_face_scale": [
0.23311920490791352,
0.23311920490791352,
0.23311920490791352
],
"m_body_scale": [
0.5273182802616705,
0.5273182802616705,
0.5273182802616705
],
"l_hand_scale": [
0.22926587816546062,
0.22926587816546062,
0.22926587816546062
],
"r_hand_scale": null
}
],
"framerate": 30,
"mirrorable": true,
"invalid": false
}