{
"label": "h",
"gestures": [
{
"l_hand_position": [
0.11636900901794434,
-0.030147582292556763,
-0.5352294892072678
],
"l_wrist": [
0.20631500675352316,
0.9714393717652392,
0.11721631700685359
],
"l_thumb_cmc": [
-0.024112927838262167,
0.8888853266247635,
-0.0669115601237556
],
"l_thumb_mcp": [
-0.21888511930901944,
0.6053853903803071,
-0.18004383741281937
],
"l_thumb_ip": [
-0.1928006929788243,
0.3074697762483025,
-0.2902867667523526
],
"l_thumb_tip": [
-0.03572337021948386,
0.1736986158242383,
-0.38570718964394235
],
"l_index_mcp": [
-0.1716411456396936,
0.028517316155141127,
-0.018354187882843636
],
"l_index_pip": [
-0.2564252984697163,
-0.4118991053798942,
-0.13304508634537213
],
"l_index_dip": [
-0.29065631116462554,
-0.6893728920241217,
-0.18554984339875222
],
"l_index_tip": [
-0.3087044170149788,
-0.9123487566699384,
-0.21506344454650345
],
"l_middle_mcp": [
0.0,
0.0,
0.0
],
"l_middle_pip": [
-0.0540901762083077,
-0.21952589102488662,
-0.18616225536365405
],
"l_middle_dip": [
-0.0397587842939082,
0.14247314177184428,
-0.2225143245728511
],
"l_middle_tip": [
-0.03437281144973598,
0.36303446118687094,
-0.19088727743838763
],
"l_ring_mcp": [
0.1790610877558973,
0.025459024409431583,
-0.006638450010166292
],
"l_ring_pip": [
0.1403742227205041,
-0.14942534631705673,
-0.185484050759712
],
"l_ring_dip": [
0.14800815204853715,
0.17534824105871155,
-0.176303523404384
],
"l_ring_tip": [
0.14683370138268592,
0.37888954517586265,
-0.1067986574167867
],
"l_pinky_mcp": [
0.3581483537434549,
0.07301674021880751,
-0.029795376592985045
],
"l_pinky_pip": [
0.34857128567445417,
-0.28599460272972194,
-0.13181240398807195
],
"l_pinky_dip": [
0.3472413521781357,
-0.49595205260285957,
-0.14278839610141264
],
"l_pinky_tip": [
0.3309216045771734,
-0.7242301990795103,
-0.1214082178325691
],
"r_hand_position": null,
"r_wrist": null,
"r_thumb_cmc": null,
"r_thumb_mcp": null,
"r_thumb_ip": null,
"r_thumb_tip": null,
"r_index_mcp": null,
"r_index_pip": null,
"r_index_dip": null,
"r_index_tip": null,
"r_middle_mcp": null,
"r_middle_pip": null,
"r_middle_dip": null,
"r_middle_tip": null,
"r_ring_mcp": null,
"r_ring_pip": null,
"r_ring_dip": null,
"r_ring_tip": null,
"r_pinky_mcp": null,
"r_pinky_pip": null,
"r_pinky_dip": null,
"r_pinky_tip": null,
"l_hand_velocity": null,
"r_hand_velocity": null,
"m_nose_point": [
0.0,
0.0,
0.0
],
"m_top_nose": [
-0.003230973406846629,
-0.3744951406931506,
0.19213466677043475
],
"m_eyebrows": [
0.0009503569257568497,
-0.6567806849523141,
0.2563447343665
],
"m_forehead": [
0.007218510173035509,
-0.9626822686230363,
0.35994003114474454
],
"m_top_chin": [
-0.044914060423850044,
0.6760350483455476,
0.17921261922488443
],
"m_bot_up_lip": [
-0.05037816248308945,
0.4319941961438883,
0.1266739331372283
],
"m_top_low_lip": [
-0.052086763753275166,
0.5055183225660994,
0.15026402234151218
],
"m_bot_nose": [
-0.02983490377469026,
0.06516866997880394,
0.0845107897988362
],
"m_chin": [
-0.06307842505877385,
0.9715181265901267,
0.22841550297410912
],
"m_nose": [
-0.0013220347354448256,
-0.3041312662337848,
0.13932283561499834
],
"l_eye_exterior": [
-0.38475995605423124,
-0.41418920210641114,
0.3620027349251858
],
"l_temple": [
-0.5977560154651057,
-0.6461384884392875,
0.6269679641772491
],
"l_mid_chin": [
-0.25658520341055974,
0.7497135852550011,
0.20916137221720463
],
"l_up_lip": [
-0.1766935655154144,
0.36405070006852835,
0.11642175518188817
],
"l_ext_nostril": [
-0.1807826217737988,
-0.004257214802228031,
0.11759538294825714
],
"l_mid_cheek": [
-0.444191904213855,
-0.03188708638954474,
0.27542950728300214
],
"l_mid_eyebrow": [
-0.3374782281358772,
-0.7158840005275038,
0.29370828162025975
],
"l_ext_eyebrow": [
-0.41493591969596033,
-0.6804332257543251,
0.32493513016139397
],
"l_ext_lips": [
-0.32872768016193266,
0.40616297859925476,
0.23157114348456276
],
"l_jaw_angle": [
-0.6020002026329124,
0.39273046691280245,
0.6306975898030052
],
"l_mid_ext_face": [
-0.6605656029803837,
0.014151252881345647,
0.7504331069072561
],
"l_int_eyebrow": [
-0.1164495814885899,
-0.7424247138490542,
0.2531048701244687
],
"l_mid_jaw": [
-0.493188296955743,
0.6699424379694574,
0.4453780643243966
],
"l_mid_bot_eyelid": [
-0.2888774072059799,
-0.3824102991142267,
0.32336243728590125
],
"l_ext_mouth": [
-0.24901416665078738,
0.5348901749846076,
0.20063447780815538
],
"l_top_eyelid": [
-0.29779611372376796,
-0.49137859643963344,
0.3243674637489618
],
"l_eye_int": [
-0.17822578342186837,
-0.4284840591422994,
0.345989423344921
],
"l_pupil": [
-0.28985147802849437,
-0.43742137656640373,
0.34227979318685825
],
"r_eye_exterior": [
0.373272704324088,
-0.3584592633889775,
0.4473999892076919
],
"r_temple": [
0.4814938037784922,
-0.5718453113399478,
0.7119353665590339
],
"r_mid_chin": [
0.13686844730057923,
0.7532513384401558,
0.23587449907609917
],
"r_up_lip": [
0.08138537325015203,
0.3645151322338887,
0.13913343962564068
],
"r_ext_nostril": [
0.15537369169699686,
0.013158991398786632,
0.18460272792272173
],
"r_mid_cheek": [
0.3638380554550709,
0.008159261469725959,
0.33756838596994254
],
"r_mid_eyebrow": [
0.37341774932299066,
-0.5935901742093718,
0.3823705858415553
],
"r_ext_eyebrow": [
0.31044156417859226,
-0.6365273361361752,
0.3389632846549344
],
"r_ext_lips": [
0.1866089160840231,
0.5050999974202577,
0.2578984054699021
],
"r_jaw_angle": [
0.4128125953908328,
0.4321771833776032,
0.7121670123074882
],
"r_mid_ext_face": [
0.4778208513642279,
0.07378347840700387,
0.8394284497324902
],
"r_int_eyebrow": [
0.11551453353415762,
-0.7036113685508192,
0.26839279255152054
],
"r_mid_jaw": [
0.31823785293997164,
0.6844265258979537,
0.5073200834294338
],
"r_mid_bot_eyelid": [
0.25075410628580225,
-0.3324196036936031,
0.36632268649225375
],
"r_ext_mouth": [
0.22083365237723937,
0.42118113950384295,
0.2769428368549372
],
"r_top_eyelid": [
0.25970859377186273,
-0.4305603158650016,
0.3672682481078751
],
"r_eye_int": [
0.14291038798334418,
-0.3920500281638114,
0.3737595221078117
],
"r_pupil": [
0.24754774730343826,
-0.3880148234633805,
0.3844374545627246
],
"l_shoulder": [
0.43505793758464745,
0.03261411803829603,
-0.2442558295090972
],
"l_elbow": [
0.9208898693217499,
0.4652583328263103,
-1.4932289525134692
],
"l_hip": [
0.337033805233956,
1.5734353769739404,
1.167768988547711
],
"l_knee": [
0.37366751419388994,
2.8759981468603995,
1.2168160165621211
],
"l_ankle": [
0.37709686529372305,
3.93638121979939,
2.4468393270877162
],
"l_body_wrist": [
0.8022637370333698,
-0.15683671058353582,
-2.816602035413744
],
"r_shoulder": [
-0.43505793758464745,
-0.03261411803829603,
0.2442558295090972
],
"r_elbow": [
-0.551251433712872,
0.9059524600303909,
1.65040039573382
],
"r_hip": [
-0.28647184195119046,
1.61097931843449,
1.755220290226112
],
"r_knee": [
-0.17794236220199325,
2.8416677786772664,
2.5959125265756957
],
"r_ankle": [
-0.14251823373253,
3.881283927440246,
4.198686514243649
],
"r_body_wrist": [
-0.5655171944381073,
1.4386586829059949,
2.3670495287795
],
"m_face_position": [
-0.2499883472919464,
0.017571091651916504,
-0.5696528032422066
],
"m_body_position": [
-0.23230763524770737,
0.32186421751976013,
-1.2439595460891724
],
"m_face_scale": [
0.248207147552224,
0.248207147552224,
0.248207147552224
],
"m_body_scale": [
0.5110283883651715,
0.5110283883651715,
0.5110283883651715
],
"l_hand_scale": [
0.3005479213586427,
0.3005479213586427,
0.3005479213586427
],
"r_hand_scale": null
}
],
"framerate": 30,
"mirrorable": true,
"invalid": false
}