{
"label": "h",
"gestures": [
{
"l_hand_position": [
0.176513671875,
-0.00915423035621643,
-0.513941053301096
],
"l_wrist": [
0.10278368101466621,
0.9922130164056268,
0.07034802763633774
],
"l_thumb_cmc": [
-0.11816959150085475,
0.773626853315103,
-0.06140176012784526
],
"l_thumb_mcp": [
-0.2608121468485097,
0.4587206917439902,
-0.1404126563077678
],
"l_thumb_ip": [
-0.17277221893472464,
0.21072642739302538,
-0.223784780536731
],
"l_thumb_tip": [
0.009466031489645494,
0.17091718114836252,
-0.2965750308264857
],
"l_index_mcp": [
-0.17511977790068434,
-0.01896905846331572,
0.0062067678840290455
],
"l_index_pip": [
-0.209367369713629,
-0.4212063686140323,
-0.08895517137451277
],
"l_index_dip": [
-0.20323454110172406,
-0.6588211438738629,
-0.14370429566153547
],
"l_index_tip": [
-0.1891356523727862,
-0.8680140633376192,
-0.1764224964207199
],
"l_middle_mcp": [
0.0,
0.0,
0.0
],
"l_middle_pip": [
0.012388975503892282,
-0.1619304366814277,
-0.19067746924714624
],
"l_middle_dip": [
0.015271615494892612,
0.14950642073941445,
-0.2665881983814993
],
"l_middle_tip": [
0.00123077659048136,
0.3692788455290728,
-0.2642553398568543
],
"l_ring_mcp": [
0.16078417822924676,
0.05778679565848644,
-0.023412633421792527
],
"l_ring_pip": [
0.18307260386083038,
-0.08393342918703968,
-0.21166392829942654
],
"l_ring_dip": [
0.15997388689621722,
0.18035373656130538,
-0.2342868923627704
],
"l_ring_tip": [
0.12753155439316238,
0.36617513496280274,
-0.1861006315924035
],
"l_pinky_mcp": [
0.3010475931001892,
0.13769643959932387,
-0.055832849468061246
],
"l_pinky_pip": [
0.3009305911222573,
-0.17096259836858801,
-0.14662584858542768
],
"l_pinky_dip": [
0.29025423583004656,
-0.3566206752430493,
-0.1472206713016424
],
"l_pinky_tip": [
0.2738198191868644,
-0.5509687807715153,
-0.12064084471726298
],
"r_hand_position": null,
"r_wrist": null,
"r_thumb_cmc": null,
"r_thumb_mcp": null,
"r_thumb_ip": null,
"r_thumb_tip": null,
"r_index_mcp": null,
"r_index_pip": null,
"r_index_dip": null,
"r_index_tip": null,
"r_middle_mcp": null,
"r_middle_pip": null,
"r_middle_dip": null,
"r_middle_tip": null,
"r_ring_mcp": null,
"r_ring_pip": null,
"r_ring_dip": null,
"r_ring_tip": null,
"r_pinky_mcp": null,
"r_pinky_pip": null,
"r_pinky_dip": null,
"r_pinky_tip": null,
"l_hand_velocity": null,
"r_hand_velocity": null,
"m_nose_point": [
0.0,
0.0,
0.0
],
"m_top_nose": [
-0.024067302131950546,
-0.352153766485005,
0.18798085118868757
],
"m_eyebrows": [
-0.04032656169319823,
-0.6258684631536715,
0.2499497490635875
],
"m_forehead": [
-0.057530900413426185,
-0.9047540718695801,
0.3559141762571541
],
"m_top_chin": [
0.022064370308756544,
0.6880099342637199,
0.16367200603174156
],
"m_bot_up_lip": [
0.0023024002955905096,
0.4129210549280984,
0.11422439824663251
],
"m_top_low_lip": [
0.009182545799071238,
0.5061239011998997,
0.1320858477941499
],
"m_bot_nose": [
-0.018614424265483518,
0.07194936811437662,
0.08081668984758283
],
"m_chin": [
0.0394473899608126,
0.9769911759086229,
0.20959996570125183
],
"m_nose": [
-0.01884683129019714,
-0.286209667664663,
0.13648946404228227
],
"l_eye_exterior": [
-0.38274263412340914,
-0.34232419952913107,
0.36812398383382694
],
"l_temple": [
-0.6013604531905813,
-0.5059004057824785,
0.6367573253001195
],
"l_mid_chin": [
-0.1686603102698414,
0.7807993845368031,
0.1982214019186439
],
"l_up_lip": [
-0.12954649651581085,
0.36070647321903165,
0.11037456786821603
],
"l_ext_nostril": [
-0.1664377938784697,
0.03303680281567741,
0.1213597266632488
],
"l_mid_cheek": [
-0.4036292617993411,
0.05973007993390251,
0.2850009067080745
],
"l_mid_eyebrow": [
-0.36449897118866187,
-0.6168024734845119,
0.2998054505612862
],
"l_ext_eyebrow": [
-0.43570457271167223,
-0.5727342548618484,
0.3343236357875766
],
"l_ext_lips": [
-0.2584522548785216,
0.4804830913141433,
0.22386066509558072
],
"l_jaw_angle": [
-0.5039285684163842,
0.4856282302237481,
0.627697009567977
],
"l_mid_ext_face": [
-0.591014269460875,
0.13208771506438294,
0.7509448589842113
],
"l_int_eyebrow": [
-0.15655520606481968,
-0.6842530827232596,
0.2514250398055915
],
"l_mid_jaw": [
-0.3868145334209572,
0.7311318555940323,
0.4390172543577282
],
"l_mid_bot_eyelid": [
-0.28462628661932443,
-0.32608737926682124,
0.3264175495085859
],
"l_ext_mouth": [
-0.18293580758041628,
0.5600484857125974,
0.18626500615329758
],
"l_top_eyelid": [
-0.30637528860957997,
-0.4273391379553528,
0.3272476793517393
],
"l_eye_int": [
-0.17857469777570048,
-0.3866268126572713,
0.3428884757711004
],
"l_pupil": [
-0.2728317423116028,
-0.3845316232593013,
0.3442038113765908
],
"r_eye_exterior": [
0.38067514123155677,
-0.3789262863846221,
0.40736877096733665
],
"r_temple": [
0.47118039909733045,
-0.5999406866906412,
0.6584923187566095
],
"r_mid_chin": [
0.21844478001621984,
0.7366421780657803,
0.20491920407614847
],
"r_up_lip": [
0.12292889080990317,
0.3234044084612445,
0.11608669977776878
],
"r_ext_nostril": [
0.16235243100155894,
0.010753424949287283,
0.16784900940270747
],
"r_mid_cheek": [
0.37076081783798037,
-0.01772037848351622,
0.30153085233381316
],
"r_mid_eyebrow": [
0.35277014197068685,
-0.6123528246174155,
0.34870400476454466
],
"r_ext_eyebrow": [
0.2841111444279937,
-0.646297713804967,
0.31167259000808956
],
"r_ext_lips": [
0.23693014625666928,
0.5072338130376494,
0.21777855322373688
],
"r_jaw_angle": [
0.4769721744900419,
0.3778129124836078,
0.6502830294647562
],
"r_mid_ext_face": [
0.5154989120715752,
0.022687798145533167,
0.774864542585292
],
"r_int_eyebrow": [
0.08357318141332243,
-0.6939526299698593,
0.25549877131196796
],
"r_mid_jaw": [
0.4036129772795405,
0.6373763614455326,
0.4554126884073874
],
"r_mid_bot_eyelid": [
0.2524421130510033,
-0.3349356436240009,
0.3363986458445732
],
"r_ext_mouth": [
0.261630172506385,
0.4244479304556326,
0.23593751581902905
],
"r_top_eyelid": [
0.2580960470359536,
-0.44505105361755526,
0.33629910351167774
],
"r_eye_int": [
0.14814450803692839,
-0.38561986514550517,
0.34872420013358874
],
"r_pupil": [
0.257453000840677,
-0.39854733760045835,
0.35361277771598043
],
"l_shoulder": [
0.45371658560935346,
0.030484006671879137,
-0.2078749270119392
],
"l_elbow": [
0.8986728670486295,
0.37746462901710864,
-1.606341406744897
],
"l_hip": [
0.29259613847616656,
1.6743652910099351,
0.8748960547573101
],
"l_knee": [
0.31942548855693903,
3.0024913765512946,
1.0442736625123665
],
"l_ankle": [
0.3032392278780912,
4.121876609934952,
2.4985817759751203
],
"l_body_wrist": [
0.8906087669742874,
-0.2991316890932466,
-3.101870237338888
],
"r_shoulder": [
-0.45371658560935346,
-0.030484006671879137,
0.2078749270119392
],
"r_elbow": [
-0.6056781427233976,
0.8550750068159085,
1.4499873701284787
],
"r_hip": [
-0.31869591745209763,
1.6980331895148937,
1.5016137660396331
],
"r_knee": [
-0.25726106773467733,
2.979192886622047,
2.3053288487805865
],
"r_ankle": [
-0.23833448001836224,
4.085714679561665,
3.820591450826074
],
"r_body_wrist": [
-0.6814759520770376,
1.366386241769114,
1.818155257922332
],
"m_face_position": [
-0.24672788381576538,
0.037476539611816406,
-0.5617736801505089
],
"m_body_position": [
-0.23366736061871052,
0.32802635431289673,
-1.0694551914930344
],
"m_face_scale": [
0.23242287703763917,
0.23242287703763917,
0.23242287703763917
],
"m_body_scale": [
0.4814730130920077,
0.4814730130920077,
0.4814730130920077
],
"l_hand_scale": [
0.1981693577105717,
0.1981693577105717,
0.1981693577105717
],
"r_hand_scale": null
}
],
"framerate": 30,
"mirrorable": true,
"invalid": false
}