{
"label": "h",
"gestures": [
{
"l_hand_position": null,
"l_wrist": null,
"l_thumb_cmc": null,
"l_thumb_mcp": null,
"l_thumb_ip": null,
"l_thumb_tip": null,
"l_index_mcp": null,
"l_index_pip": null,
"l_index_dip": null,
"l_index_tip": null,
"l_middle_mcp": null,
"l_middle_pip": null,
"l_middle_dip": null,
"l_middle_tip": null,
"l_ring_mcp": null,
"l_ring_pip": null,
"l_ring_dip": null,
"l_ring_tip": null,
"l_pinky_mcp": null,
"l_pinky_pip": null,
"l_pinky_dip": null,
"l_pinky_tip": null,
"r_hand_position": [
-0.13609302043914795,
0.009225249290466309,
0.49361268198117614
],
"r_wrist": [
-0.17044072933752386,
0.9837897079480528,
0.05574736153736832
],
"r_thumb_cmc": [
0.0887277309414663,
0.7459224371383822,
0.17410205416965088
],
"r_thumb_mcp": [
0.18161935385070563,
0.3370942106084076,
0.2163087846871113
],
"r_thumb_ip": [
0.10141813332300742,
-0.0606890895887598,
0.2597294472117149
],
"r_thumb_tip": [
-0.03885674898262155,
-0.3321713083481582,
0.29033088629674153
],
"r_index_mcp": [
0.2087684080888579,
0.03632324649848179,
0.012091715293139231
],
"r_index_pip": [
0.26748011719667003,
-0.29576794698672826,
0.07682208396194623
],
"r_index_dip": [
0.302181297833643,
-0.4930892937488898,
0.11281711435198277
],
"r_index_tip": [
0.31104439471706996,
-0.6844093089592985,
0.13332921387680294
],
"r_middle_mcp": [
-0.0,
0.0,
-0.0
],
"r_middle_pip": [
0.014473738421711785,
-0.3636353803182812,
0.18497424095776338
],
"r_middle_dip": [
0.050181557109364554,
-0.11709229412298461,
0.25966165521120893
],
"r_middle_tip": [
0.05892136034007255,
0.09622887515477455,
0.24238415669950303
],
"r_ring_mcp": [
-0.19442888807390343,
0.014298422130714845,
0.009099324368163915
],
"r_ring_pip": [
-0.17275573674089592,
-0.24875144719019868,
0.18806669417605157
],
"r_ring_dip": [
-0.07820615234973598,
0.04855949124785577,
0.1986316710280579
],
"r_ring_tip": [
-0.03604232425178046,
0.28685438814417163,
0.13177932942590492
],
"r_pinky_mcp": [
-0.360954913881006,
0.06596678624206531,
0.02792505520557563
],
"r_pinky_pip": [
-0.44408656962290527,
-0.2664360228464301,
0.12260063802021809
],
"r_pinky_dip": [
-0.4659204709081919,
-0.49827673112478293,
0.1429575962834485
],
"r_pinky_tip": [
-0.4741546140948375,
-0.7222357495908238,
0.12326255699973948
],
"l_hand_velocity": null,
"r_hand_velocity": null,
"m_nose_point": null,
"m_top_nose": null,
"m_eyebrows": null,
"m_forehead": null,
"m_top_chin": null,
"m_bot_up_lip": null,
"m_top_low_lip": null,
"m_bot_nose": null,
"m_chin": null,
"m_nose": null,
"l_eye_exterior": null,
"l_temple": null,
"l_mid_chin": null,
"l_up_lip": null,
"l_ext_nostril": null,
"l_mid_cheek": null,
"l_mid_eyebrow": null,
"l_ext_eyebrow": null,
"l_ext_lips": null,
"l_jaw_angle": null,
"l_mid_ext_face": null,
"l_int_eyebrow": null,
"l_mid_jaw": null,
"l_mid_bot_eyelid": null,
"l_ext_mouth": null,
"l_top_eyelid": null,
"l_eye_int": null,
"l_pupil": null,
"r_eye_exterior": null,
"r_temple": null,
"r_mid_chin": null,
"r_up_lip": null,
"r_ext_nostril": null,
"r_mid_cheek": null,
"r_mid_eyebrow": null,
"r_ext_eyebrow": null,
"r_ext_lips": null,
"r_jaw_angle": null,
"r_mid_ext_face": null,
"r_int_eyebrow": null,
"r_mid_jaw": null,
"r_mid_bot_eyelid": null,
"r_ext_mouth": null,
"r_top_eyelid": null,
"r_eye_int": null,
"r_pupil": null,
"l_shoulder": null,
"l_elbow": null,
"l_hip": null,
"l_knee": null,
"l_ankle": null,
"l_body_wrist": null,
"r_shoulder": null,
"r_elbow": null,
"r_hip": null,
"r_knee": null,
"r_ankle": null,
"r_body_wrist": null,
"m_face_position": null,
"m_body_position": null,
"m_face_scale": null,
"m_body_scale": null,
"l_hand_scale": null,
"r_hand_scale": [
-0.1145744367228098,
0.1145744367228098,
-0.1145744367228098
]
}
],
"framerate": 30,
"mirrorable": true,
"invalid": false
}