{
"label": "h",
"gestures": [
{
"l_hand_position": [
0.1109512448310852,
-0.024466276168823242,
-0.5173327457159758
],
"l_wrist": [
0.12784217409462234,
0.9878290487518382,
0.08860106638635132
],
"l_thumb_cmc": [
-0.07745161237163935,
0.7844490207624578,
-0.015568149845757242
],
"l_thumb_mcp": [
-0.23344197136830325,
0.41826363045649567,
-0.08466038002949806
],
"l_thumb_ip": [
-0.2526941196122485,
0.11146782378319475,
-0.1573969322483221
],
"l_thumb_tip": [
-0.1173519988676608,
-0.05476575911969955,
-0.2145159272184249
],
"l_index_mcp": [
-0.14348008845021137,
-0.006317901432474401,
0.006288546446284776
],
"l_index_pip": [
-0.23780056315492745,
-0.4293577014486505,
-0.10283537262061823
],
"l_index_dip": [
-0.30912516243763105,
-0.6700375859865628,
-0.15134477770671778
],
"l_index_tip": [
-0.34908191660093846,
-0.8950335479647771,
-0.1821885368222705
],
"l_middle_mcp": [
0.0,
0.0,
0.0
],
"l_middle_pip": [
-0.0903433549150757,
-0.3055190028367509,
-0.16331397577661771
],
"l_middle_dip": [
-0.1437732003200983,
0.01159345805529893,
-0.18337140089438764
],
"l_middle_tip": [
-0.13411787594915564,
0.19470763385986734,
-0.152653783477518
],
"l_ring_mcp": [
0.14435515839856403,
0.0776214770987308,
-0.022739393014296033
],
"l_ring_pip": [
0.04296922511712449,
-0.1357270966776461,
-0.18845726889091644
],
"l_ring_dip": [
-0.04168434699309832,
0.16746803481645656,
-0.15063363102863453
],
"l_ring_tip": [
-0.056456636793231256,
0.3511132854538866,
-0.06968896573173827
],
"l_pinky_mcp": [
0.2776945511589867,
0.18057610732623355,
-0.055395572585965815
],
"l_pinky_pip": [
0.30787136270313553,
-0.137870743830026,
-0.16538249777783443
],
"l_pinky_dip": [
0.3197387371524348,
-0.3442588247668687,
-0.16869872571167793
],
"l_pinky_tip": [
0.34046071040712284,
-0.5537679986758389,
-0.1425206098244111
],
"r_hand_position": null,
"r_wrist": null,
"r_thumb_cmc": null,
"r_thumb_mcp": null,
"r_thumb_ip": null,
"r_thumb_tip": null,
"r_index_mcp": null,
"r_index_pip": null,
"r_index_dip": null,
"r_index_tip": null,
"r_middle_mcp": null,
"r_middle_pip": null,
"r_middle_dip": null,
"r_middle_tip": null,
"r_ring_mcp": null,
"r_ring_pip": null,
"r_ring_dip": null,
"r_ring_tip": null,
"r_pinky_mcp": null,
"r_pinky_pip": null,
"r_pinky_dip": null,
"r_pinky_tip": null,
"l_hand_velocity": null,
"r_hand_velocity": null,
"m_nose_point": [
0.0,
0.0,
0.0
],
"m_top_nose": [
0.06149391380135901,
-0.4300589507641539,
0.19219809558791257
],
"m_eyebrows": [
0.11102020637838554,
-0.7395414602916867,
0.24166508975787915
],
"m_forehead": [
0.17957458932619397,
-1.1401205689268574,
0.34133216475732586
],
"m_top_chin": [
-0.12079922462595427,
0.6321045269323877,
0.2138150566075993
],
"m_bot_up_lip": [
-0.07932951580877506,
0.3993023505096813,
0.16702927093869535
],
"m_top_low_lip": [
-0.08063553274634117,
0.40853673843507327,
0.17665874871274284
],
"m_bot_nose": [
-0.03733029920150359,
0.057402501787517074,
0.10125017398321488
],
"m_chin": [
-0.17743398395126392,
0.9430224715887322,
0.2814707789768974
],
"m_nose": [
0.050336772629907794,
-0.3461972778397673,
0.1373714377029122
],
"l_eye_exterior": [
-0.3700807968453603,
-0.5502160156943423,
0.40018965549118257
],
"l_temple": [
-0.53346572932291,
-0.9240739388867432,
0.6984917030946608
],
"l_mid_chin": [
-0.3445250326251961,
0.6822173107537383,
0.2554633523922177
],
"l_up_lip": [
-0.19429144305007828,
0.26489986035581076,
0.150702593538926
],
"l_ext_nostril": [
-0.18054002054115936,
-0.06039588647173891,
0.13835848427623765
],
"l_mid_cheek": [
-0.46495978231119867,
-0.174174530369206,
0.3275878429210241
],
"l_mid_eyebrow": [
-0.28270916230742754,
-0.8438453995038959,
0.30078941818677596
],
"l_ext_eyebrow": [
-0.3711444149353097,
-0.8336298003300591,
0.3420629912557942
],
"l_ext_lips": [
-0.3761293713449323,
0.3196276464685407,
0.2801379243391621
],
"l_jaw_angle": [
-0.6634480567654477,
0.23206818569877471,
0.7715901329749735
],
"l_mid_ext_face": [
-0.6772634760768115,
-0.19184772953206147,
0.8923082931581047
],
"l_int_eyebrow": [
-0.029995651973346627,
-0.808181866338672,
0.24198930643533395
],
"l_mid_jaw": [
-0.5713761639219196,
0.5403909723491248,
0.5556699349739359
],
"l_mid_bot_eyelid": [
-0.27217752412973595,
-0.48773058978935036,
0.35253953629576457
],
"l_ext_mouth": [
-0.2796495891494442,
0.39461568056624896,
0.2394184074912253
],
"l_top_eyelid": [
-0.2601958762089772,
-0.5893380061971721,
0.3472918841074416
],
"l_eye_int": [
-0.1334230322424789,
-0.5026399818383985,
0.37133837099785655
],
"l_pupil": [
-0.27068061262049337,
-0.5443484732455222,
0.37192399927159964
],
"r_eye_exterior": [
0.47543838204302835,
-0.29872184169725574,
0.47905632456275454
],
"r_temple": [
0.685496927711909,
-0.542700774749697,
0.7632186334428211
],
"r_mid_chin": [
0.051863710036187886,
0.7933578398874056,
0.27734851576478775
],
"r_up_lip": [
0.0612898692017829,
0.33814113241418325,
0.16770147022944443
],
"r_ext_nostril": [
0.17045109996942237,
0.04372866444320605,
0.2078376429360884
],
"r_mid_cheek": [
0.4233160547914808,
0.09580715826842141,
0.37513661957721084
],
"r_mid_eyebrow": [
0.5200093057732065,
-0.5335108777520322,
0.3884868703495706
],
"r_ext_eyebrow": [
0.4532411349484327,
-0.5950115857344727,
0.33813408653334903
],
"r_ext_lips": [
0.14305389350904502,
0.5504560037035108,
0.2942028551564624
],
"r_jaw_angle": [
0.4203577368483247,
0.551181885243571,
0.8345897523667329
],
"r_mid_ext_face": [
0.5584365364686719,
0.18402061375906292,
0.9606524948266505
],
"r_int_eyebrow": [
0.2426868332277356,
-0.7207937942658647,
0.25519759854713336
],
"r_mid_jaw": [
0.25991687645037315,
0.7730140892252645,
0.6027224059482338
],
"r_mid_bot_eyelid": [
0.33189136248774675,
-0.2893876231433924,
0.386956570097614
],
"r_ext_mouth": [
0.19508110222545177,
0.4826204889475495,
0.3159356404404413
],
"r_top_eyelid": [
0.35868081849202904,
-0.40204544632954664,
0.3824033592394173
],
"r_eye_int": [
0.22037912589878297,
-0.3884202640884643,
0.3943266950052086
],
"r_pupil": [
0.33359626360493533,
-0.35107867777968016,
0.40611335951749084
],
"l_shoulder": [
0.4967553284684979,
0.007673225781503826,
-0.05634949196098232
],
"l_elbow": [
0.8226286295554245,
1.0445135730501311,
-1.2765392997944602
],
"l_hip": [
0.28311830774595903,
1.9790670523793965,
0.13758810210117317
],
"l_knee": [
0.22977420671289617,
3.6054673295166784,
0.21121115879144295
],
"l_ankle": [
0.19347570882820245,
5.015650294642175,
1.5470526180527566
],
"l_body_wrist": [
0.5877792576632449,
0.18690012780076845,
-2.5364450029012438
],
"r_shoulder": [
-0.4967553284684979,
-0.007673225781503826,
0.05634949196098232
],
"r_elbow": [
-0.7481028060369264,
0.9164290918379656,
-0.1788671513671213
],
"r_hip": [
-0.4199118565762047,
1.9430947928460616,
0.48010121523853844
],
"r_knee": [
-0.42366196096958253,
3.563109340036633,
0.39098437950713155
],
"r_ankle": [
-0.4496184069609883,
4.974159884074535,
1.1429958985912363
],
"r_body_wrist": [
-0.8675935253263856,
1.661172172817863,
-1.2721156760908956
],
"m_face_position": [
-0.07082849740982056,
-0.21060240268707275,
-0.5425834134221077
],
"m_body_position": [
-0.08032554388046265,
0.09106332063674927,
-0.6155053526163101
],
"m_face_scale": [
0.13597988969364888,
0.13597988969364888,
0.13597988969364888
],
"m_body_scale": [
0.3823968610536404,
0.3823968610536404,
0.3823968610536404
],
"l_hand_scale": [
0.19562383569128594,
0.19562383569128594,
0.19562383569128594
],
"r_hand_scale": null
}
],
"framerate": 30,
"mirrorable": true,
"invalid": false
}