{
"label": "h",
"gestures": [
{
"l_hand_position": [
0.11083239316940308,
-0.03221917152404785,
-0.5143178841099143
],
"l_wrist": [
0.17787133003059608,
0.9813209781549608,
0.07328661396283638
],
"l_thumb_cmc": [
-0.036618539973160245,
0.7926426268375447,
-0.05626799504749814
],
"l_thumb_mcp": [
-0.20086042892346415,
0.4341721259620152,
-0.1296176544883372
],
"l_thumb_ip": [
-0.20214426229184929,
0.11790856235259049,
-0.20108831945257408
],
"l_thumb_tip": [
-0.04142467758061537,
-0.047599006903974284,
-0.25554001196674636
],
"l_index_mcp": [
-0.15720978930488824,
0.012166517838513,
-0.009423398514693438
],
"l_index_pip": [
-0.260062598553137,
-0.3905548940796176,
-0.11804187390256558
],
"l_index_dip": [
-0.3387056298907161,
-0.6209784236795236,
-0.17269414631220548
],
"l_index_tip": [
-0.3852394029054992,
-0.830944367545824,
-0.20416917249286368
],
"l_middle_mcp": [
0.0,
0.0,
0.0
],
"l_middle_pip": [
-0.05678033757685886,
-0.2895672738279521,
-0.1675750018615047
],
"l_middle_dip": [
-0.09340558960660286,
-0.020053336871174627,
-0.20978136707733247
],
"l_middle_tip": [
-0.0923954250907466,
0.15993381645071209,
-0.19303135359918258
],
"l_ring_mcp": [
0.15803506717120996,
0.05584949736608341,
-0.008482814380865997
],
"l_ring_pip": [
0.11185398222055552,
-0.14547589402254685,
-0.17817047895588078
],
"l_ring_dip": [
0.02724545804741682,
0.1330361649717266,
-0.16514857433813196
],
"l_ring_tip": [
-0.009078666716501113,
0.3217662296341857,
-0.09679933984716835
],
"l_pinky_mcp": [
0.3080931601860991,
0.14141830327092178,
-0.027763997788111977
],
"l_pinky_pip": [
0.34796247120016804,
-0.17825956148527053,
-0.12835401449473105
],
"l_pinky_dip": [
0.36827925629225533,
-0.3999891472483175,
-0.1378470935002518
],
"l_pinky_tip": [
0.38597162726009143,
-0.6148780795253267,
-0.11625906014587391
],
"r_hand_position": null,
"r_wrist": null,
"r_thumb_cmc": null,
"r_thumb_mcp": null,
"r_thumb_ip": null,
"r_thumb_tip": null,
"r_index_mcp": null,
"r_index_pip": null,
"r_index_dip": null,
"r_index_tip": null,
"r_middle_mcp": null,
"r_middle_pip": null,
"r_middle_dip": null,
"r_middle_tip": null,
"r_ring_mcp": null,
"r_ring_pip": null,
"r_ring_dip": null,
"r_ring_tip": null,
"r_pinky_mcp": null,
"r_pinky_pip": null,
"r_pinky_dip": null,
"r_pinky_tip": null,
"l_hand_velocity": null,
"r_hand_velocity": null,
"m_nose_point": [
0.0,
0.0,
0.0
],
"m_top_nose": [
0.05795523355897686,
-0.420057224534799,
0.19085954112298995
],
"m_eyebrows": [
0.10633974208671498,
-0.7256144430338739,
0.2397494469680639
],
"m_forehead": [
0.17288278225328998,
-1.1140603665277204,
0.3389470580590005
],
"m_top_chin": [
-0.11754973871847342,
0.6302292462115493,
0.20390431209828716
],
"m_bot_up_lip": [
-0.0832320281949853,
0.3936110255316046,
0.16237225561614715
],
"m_top_low_lip": [
-0.08398484702699331,
0.3986631188063387,
0.16702548811416237
],
"m_bot_nose": [
-0.03763385169701653,
0.05835269783957469,
0.09943335709236616
],
"m_chin": [
-0.1766167980353388,
0.9460868052537064,
0.2715258064652049
],
"m_nose": [
0.04767594788048858,
-0.33870208712646377,
0.13640569931913366
],
"l_eye_exterior": [
-0.36786801603673275,
-0.532547028115705,
0.3894083443085569
],
"l_temple": [
-0.5302635421122811,
-0.9003260980918066,
0.6815542653119563
],
"l_mid_chin": [
-0.341926274401562,
0.6857182676208059,
0.2417295710448909
],
"l_up_lip": [
-0.19986050916470008,
0.25277782925571013,
0.142456515593801
],
"l_ext_nostril": [
-0.18175633345180442,
-0.05622851981672562,
0.133959561801153
],
"l_mid_cheek": [
-0.4606537964639475,
-0.16036738401671402,
0.31718190482181813
],
"l_mid_eyebrow": [
-0.2764245906501533,
-0.8192550939327096,
0.2934615890367316
],
"l_ext_eyebrow": [
-0.3630359246124485,
-0.8108055404410923,
0.33323282420519346
],
"l_ext_lips": [
-0.370180828458698,
0.3321987121136549,
0.26461780677221614
],
"l_jaw_angle": [
-0.6619857828490878,
0.2385509713114356,
0.7524643099831269
],
"l_mid_ext_face": [
-0.6736757444553628,
-0.17778491332918228,
0.8713435398645053
],
"l_int_eyebrow": [
-0.03155436696832632,
-0.7845768725644414,
0.23819500579297248
],
"l_mid_jaw": [
-0.5720028775595376,
0.5444439934162264,
0.5388643468760826
],
"l_mid_bot_eyelid": [
-0.2712581995390527,
-0.47153207155557453,
0.3433291789627137
],
"l_ext_mouth": [
-0.2888980940030987,
0.3992616785283633,
0.22377520311059287
],
"l_top_eyelid": [
-0.259918436190818,
-0.5746497748227621,
0.33829855681584026
],
"l_eye_int": [
-0.1382204594562457,
-0.4868298271791139,
0.3634775195132553
],
"l_pupil": [
-0.2701611981246027,
-0.5268668338548478,
0.36267402062850923
],
"r_eye_exterior": [
0.46058268258455404,
-0.28178337595761893,
0.4806642968048132
],
"r_temple": [
0.6598871714475313,
-0.5237500693582895,
0.7656100919398698
],
"r_mid_chin": [
0.050547143905304494,
0.7946627972415578,
0.2692435994642381
],
"r_up_lip": [
0.061760792911533295,
0.33186827964686605,
0.16379515088499275
],
"r_ext_nostril": [
0.16647415413115335,
0.049882626597256334,
0.20798044928821477
],
"r_mid_cheek": [
0.40754182629822305,
0.10438701081841568,
0.3778100009045292
],
"r_mid_eyebrow": [
0.5076589965152326,
-0.5147610386728446,
0.39168925216529576
],
"r_ext_eyebrow": [
0.4439029329150982,
-0.57522749452575,
0.3404229563981701
],
"r_ext_lips": [
0.13738428054809068,
0.5563868282431844,
0.28534551529400387
],
"r_jaw_angle": [
0.3995023055522928,
0.5524231425606172,
0.833960198087044
],
"r_mid_ext_face": [
0.5314976149921481,
0.19107783763683045,
0.9606935101428982
],
"r_int_eyebrow": [
0.23842421243275846,
-0.7015025410083527,
0.2548008754464875
],
"r_mid_jaw": [
0.24887129249132614,
0.7747889386749949,
0.6003236040482542
],
"r_mid_bot_eyelid": [
0.3223577113716097,
-0.273677253088994,
0.3871542585768348
],
"r_ext_mouth": [
0.18731331378567628,
0.4912813196990311,
0.3089647287253398
],
"r_top_eyelid": [
0.3477677102530077,
-0.3839266472006706,
0.3828473504029087
],
"r_eye_int": [
0.20890765557333507,
-0.37322508257974174,
0.39284204628535
],
"r_pupil": [
0.32206315811285313,
-0.3360943991774064,
0.40613643422835577
],
"l_shoulder": [
0.4923028884126471,
0.004263530396079037,
-0.08729082637440454
],
"l_elbow": [
0.820893618582314,
1.029710506178924,
-1.2804940596055483
],
"l_hip": [
0.3215854220010244,
1.9485950690752725,
0.09125809398400685
],
"l_knee": [
0.2817294775266992,
3.567607634220751,
0.3066485098909898
],
"l_ankle": [
0.2647923961371053,
4.948306728383596,
1.753347471531245
],
"l_body_wrist": [
0.6111304387691355,
0.15493690474432056,
-2.6406150945781075
],
"r_shoulder": [
-0.4923028884126471,
-0.004263530396079037,
0.08729082637440454
],
"r_elbow": [
-0.7319280762565111,
0.9187748089522805,
-0.08130175842861267
],
"r_hip": [
-0.3793934609297892,
1.9142530523066967,
0.5714266523002525
],
"r_knee": [
-0.3743882669144674,
3.5428193493102262,
0.7981397219647015
],
"r_ankle": [
-0.37069268058255517,
4.916754041760276,
1.9259811451675997
],
"r_body_wrist": [
-0.848559550665763,
1.7085282960930641,
-1.3215012316832688
],
"m_face_position": [
-0.07387194037437439,
-0.2122269868850708,
-0.5426279827952385
],
"m_body_position": [
-0.08681634068489075,
0.08962342143058777,
-0.626504685729742
],
"m_face_scale": [
0.13871509745305388,
0.13871509745305388,
0.13871509745305388
],
"m_body_scale": [
0.38857030331791803,
0.38857030331791803,
0.38857030331791803
],
"l_hand_scale": [
0.19536518631723268,
0.19536518631723268,
0.19536518631723268
],
"r_hand_scale": null
}
],
"framerate": 30,
"mirrorable": true,
"invalid": false
}