{
"label": "h",
"gestures": [
{
"l_hand_position": [
0.12842905521392822,
-0.059965163469314575,
-0.5225381311029196
],
"l_wrist": [
0.09703346974180849,
0.987750343851156,
0.12220378051348726
],
"l_thumb_cmc": [
-0.09355858167967199,
0.778337598019471,
-0.003947889909182691
],
"l_thumb_mcp": [
-0.2101544560346801,
0.4304509507339748,
-0.07554816324817244
],
"l_thumb_ip": [
-0.19017643515958432,
0.11633377109808915,
-0.13850978511872458
],
"l_thumb_tip": [
-0.04390633534984693,
-0.05329826099435193,
-0.18857617317763484
],
"l_index_mcp": [
-0.1575447412658101,
0.0018217953874873,
-0.015649620704365663
],
"l_index_pip": [
-0.22226129957036606,
-0.44634229382394075,
-0.13999569001150586
],
"l_index_dip": [
-0.27528856971277404,
-0.7293204107523411,
-0.20924187171778966
],
"l_index_tip": [
-0.3010768154373015,
-0.9699447743854428,
-0.2572552859231647
],
"l_middle_mcp": [
0.0,
0.0,
0.0
],
"l_middle_pip": [
-0.04276484496336384,
-0.32693163732819813,
-0.16488043090542415
],
"l_middle_dip": [
-0.1011162693036547,
0.0005893283464756239,
-0.1841396473337938
],
"l_middle_tip": [
-0.11170995938817593,
0.2012355120381417,
-0.15705670120400003
],
"l_ring_mcp": [
0.16051933852435776,
0.07216290860177098,
-0.0007378723778706656
],
"l_ring_pip": [
0.13173354938685441,
-0.16357457050867763,
-0.15203046323117092
],
"l_ring_dip": [
0.041010918483340146,
0.11555440981071544,
-0.11034843032804559
],
"l_ring_tip": [
0.00037004713831345723,
0.30851201584257615,
-0.03406074847701491
],
"l_pinky_mcp": [
0.3152042133037611,
0.17443408048076467,
-0.013649154358256546
],
"l_pinky_pip": [
0.40121932751149036,
-0.16650311386573213,
-0.14071334311069464
],
"l_pinky_dip": [
0.45798488171404833,
-0.4061089591089693,
-0.16652097995164034
],
"l_pinky_tip": [
0.5095067548518588,
-0.6340150126686653,
-0.15672911253101052
],
"r_hand_position": null,
"r_wrist": null,
"r_thumb_cmc": null,
"r_thumb_mcp": null,
"r_thumb_ip": null,
"r_thumb_tip": null,
"r_index_mcp": null,
"r_index_pip": null,
"r_index_dip": null,
"r_index_tip": null,
"r_middle_mcp": null,
"r_middle_pip": null,
"r_middle_dip": null,
"r_middle_tip": null,
"r_ring_mcp": null,
"r_ring_pip": null,
"r_ring_dip": null,
"r_ring_tip": null,
"r_pinky_mcp": null,
"r_pinky_pip": null,
"r_pinky_dip": null,
"r_pinky_tip": null,
"l_hand_velocity": null,
"r_hand_velocity": null,
"m_nose_point": [
0.0,
0.0,
0.0
],
"m_top_nose": [
0.007560157306203318,
-0.385922293130001,
0.1812593532057773
],
"m_eyebrows": [
0.027018240268834617,
-0.6777551855363839,
0.2300772086813003
],
"m_forehead": [
0.04884126299971685,
-1.0866272329933069,
0.3271140941837352
],
"m_top_chin": [
-0.08376165843779886,
0.6217928193052389,
0.1967612641553899
],
"m_bot_up_lip": [
-0.08481301550481234,
0.377365596596076,
0.15002176288087835
],
"m_top_low_lip": [
-0.08596480376246854,
0.38479955014540235,
0.16549762640801965
],
"m_bot_nose": [
-0.03433908088857767,
0.06488570820137775,
0.09097100969735922
],
"m_chin": [
-0.11577527658418271,
0.9603502493012241,
0.25362074836048515
],
"m_nose": [
0.007361340366682482,
-0.31025925454294107,
0.1299189694580506
],
"l_eye_exterior": [
-0.41629730787874963,
-0.46987622309367394,
0.32208590933788317
],
"l_temple": [
-0.615091747540175,
-0.7932609751680783,
0.5750655203692544
],
"l_mid_chin": [
-0.29499627036745235,
0.726641755071187,
0.20662979198104145
],
"l_up_lip": [
-0.20065497349052158,
0.25853340729467217,
0.11886407262490978
],
"l_ext_nostril": [
-0.17742836862075873,
-0.021074800133385096,
0.10700802738861234
],
"l_mid_cheek": [
-0.4836972730971954,
-0.07918334613605515,
0.24504991590636496
],
"l_mid_eyebrow": [
-0.33609574083226784,
-0.751602178652728,
0.2414500726327537
],
"l_ext_eyebrow": [
-0.4218817729845088,
-0.7318545634083151,
0.268026101176089
],
"l_ext_lips": [
-0.3534525414701074,
0.36146290050870306,
0.21722648429088584
],
"l_jaw_angle": [
-0.6718699382191378,
0.3490470689974739,
0.6349476177899803
],
"l_mid_ext_face": [
-0.7211262213528955,
-0.06375253346377956,
0.7425373176804059
],
"l_int_eyebrow": [
-0.10050625835548838,
-0.7383081367198603,
0.21509807429469088
],
"l_mid_jaw": [
-0.5467586517887106,
0.6382627163939403,
0.45271605332946924
],
"l_mid_bot_eyelid": [
-0.3197510247795611,
-0.41863719098538404,
0.29064486152739744
],
"l_ext_mouth": [
-0.27180546072857026,
0.39566084591552214,
0.19332465352660064
],
"l_top_eyelid": [
-0.31540016560204287,
-0.5302985728204794,
0.2852420923244512
],
"l_eye_int": [
-0.19615602432924506,
-0.45508123599392974,
0.32185293032489043
],
"l_pupil": [
-0.334166275615704,
-0.47991013767000584,
0.3089549642197202
],
"r_eye_exterior": [
0.3637611588754275,
-0.318265318153831,
0.5047997250464359
],
"r_temple": [
0.5209682902111761,
-0.5728032617775873,
0.7854814698006417
],
"r_mid_chin": [
0.0835955685665119,
0.7747210910135838,
0.2747482761473588
],
"r_up_lip": [
0.044571812404430415,
0.30795005306277595,
0.17153132166133292
],
"r_ext_nostril": [
0.14180802301082454,
0.03562709556775741,
0.21388065931641803
],
"r_mid_cheek": [
0.37258376283875283,
0.07018217510667871,
0.40168502986462995
],
"r_mid_eyebrow": [
0.40390356713857833,
-0.5385504985314765,
0.42081010212397046
],
"r_ext_eyebrow": [
0.3439893051461038,
-0.5894071353018712,
0.3641672238097427
],
"r_ext_lips": [
0.14223920213480595,
0.5174585166872686,
0.30225446693615193
],
"r_jaw_angle": [
0.3974915162948549,
0.5222383050028272,
0.8315234434733911
],
"r_mid_ext_face": [
0.49059388909495677,
0.15043815090409937,
0.9583244182095247
],
"r_int_eyebrow": [
0.1538761294220687,
-0.6888400480913763,
0.25884475549127456
],
"r_mid_jaw": [
0.2669025368187818,
0.7518150068683366,
0.5995435009425883
],
"r_mid_bot_eyelid": [
0.23450601197406148,
-0.3082793691868794,
0.4040196076066873
],
"r_ext_mouth": [
0.1855894767174067,
0.44699100245442575,
0.32755518411226675
],
"r_top_eyelid": [
0.25265296676557286,
-0.39392426585736173,
0.4015664709463483
],
"r_eye_int": [
0.12774029273049015,
-0.3769887239509452,
0.39832370427678965
],
"r_pupil": [
0.23095614779156753,
-0.3574700959120812,
0.4215493375617143
],
"l_shoulder": [
0.48520819691302164,
0.02819251968533068,
-0.1173805242883446
],
"l_elbow": [
0.7890627801452821,
1.0182645010380054,
-1.1834836978442709
],
"l_hip": [
0.28370478312693553,
1.9212716222427109,
0.17500553053959197
],
"l_knee": [
0.23335554228352587,
3.4742808993432504,
0.2694251293710175
],
"l_ankle": [
0.20879812375885096,
4.820534607562199,
1.6250669971640208
],
"l_body_wrist": [
0.6296499797239069,
0.13085251561055486,
-2.7032756349431
],
"r_shoulder": [
-0.48520819691302164,
-0.02819251968533068,
0.1173805242883446
],
"r_elbow": [
-0.7425820457718831,
0.8975501843835598,
0.04204937886525647
],
"r_hip": [
-0.40144119459926786,
1.8819802938765147,
0.6851107573743449
],
"r_knee": [
-0.4030993702683042,
3.461861083142944,
0.8561497320439017
],
"r_ankle": [
-0.41051075470442966,
4.795237298529538,
1.7992237811241405
],
"r_body_wrist": [
-0.8869151698505005,
1.6376017211718317,
-1.1287526994161736
],
"m_face_position": [
-0.07018774747848511,
-0.21354171633720398,
-0.5424038134515285
],
"m_body_position": [
-0.0899268388748169,
0.08106666803359985,
-0.668449804186821
],
"m_face_scale": [
0.14570115318470633,
0.14570115318470633,
0.14570115318470633
],
"m_body_scale": [
0.39642954433616295,
0.39642954433616295,
0.39642954433616295
],
"l_hand_scale": [
0.18442871516009873,
0.18442871516009873,
0.18442871516009873
],
"r_hand_scale": null
}
],
"framerate": 30,
"mirrorable": true,
"invalid": false
}