{
"label": "h",
"gestures": [
{
"l_hand_position": null,
"l_wrist": null,
"l_thumb_cmc": null,
"l_thumb_mcp": null,
"l_thumb_ip": null,
"l_thumb_tip": null,
"l_index_mcp": null,
"l_index_pip": null,
"l_index_dip": null,
"l_index_tip": null,
"l_middle_mcp": null,
"l_middle_pip": null,
"l_middle_dip": null,
"l_middle_tip": null,
"l_ring_mcp": null,
"l_ring_pip": null,
"l_ring_dip": null,
"l_ring_tip": null,
"l_pinky_mcp": null,
"l_pinky_pip": null,
"l_pinky_dip": null,
"l_pinky_tip": null,
"r_hand_position": [
-0.13909000158309937,
0.014921605587005615,
0.49415676202625036
],
"r_wrist": [
-0.11784764036770093,
0.9918086683522075,
0.04926965639403226
],
"r_thumb_cmc": [
0.12157074247121213,
0.770996749616452,
0.13625053658852418
],
"r_thumb_mcp": [
0.23793175540611256,
0.36942138868657104,
0.18115787999691746
],
"r_thumb_ip": [
0.1888383722018354,
0.005752011821636845,
0.24082733832308997
],
"r_thumb_tip": [
0.05948067724792854,
-0.26214724772555487,
0.2857253212054738
],
"r_index_mcp": [
0.18348289487799424,
0.014394353043556213,
-0.0033651169531822424
],
"r_index_pip": [
0.22040281977351756,
-0.33868921123953993,
0.09046239281157195
],
"r_index_dip": [
0.29035924489477055,
-0.5103258264628551,
0.1273872178482277
],
"r_index_tip": [
0.34046230846162245,
-0.5837213967912257,
0.1312317005310408
],
"r_middle_mcp": [
-0.0,
0.0,
-0.0
],
"r_middle_pip": [
0.05134594038947385,
-0.2992971023203703,
0.17282120078371557
],
"r_middle_dip": [
0.13019046765713554,
-0.02674974479743303,
0.21243800944385327
],
"r_middle_tip": [
0.1430348683671026,
0.1807709808727909,
0.17424718111721166
],
"r_ring_mcp": [
-0.17726650045057388,
0.03362049653300291,
0.02886224157845794
],
"r_ring_pip": [
-0.11845375013239241,
-0.1987796277577889,
0.20177206699003508
],
"r_ring_dip": [
0.010465193723193012,
0.08899510680122215,
0.19468437407029016
],
"r_ring_tip": [
0.06737166349620466,
0.31272801223049906,
0.120720937065874
],
"r_pinky_mcp": [
-0.34363307670825477,
0.0888528770637365,
0.06548109736597664
],
"r_pinky_pip": [
-0.4214156554412622,
-0.23460870585044083,
0.16027402033291893
],
"r_pinky_dip": [
-0.3827774143886243,
-0.4179732434733896,
0.17557408279579076
],
"r_pinky_tip": [
-0.32701129540838625,
-0.5753833668980963,
0.15245454944568973
],
"l_hand_velocity": null,
"r_hand_velocity": null,
"m_nose_point": null,
"m_top_nose": null,
"m_eyebrows": null,
"m_forehead": null,
"m_top_chin": null,
"m_bot_up_lip": null,
"m_top_low_lip": null,
"m_bot_nose": null,
"m_chin": null,
"m_nose": null,
"l_eye_exterior": null,
"l_temple": null,
"l_mid_chin": null,
"l_up_lip": null,
"l_ext_nostril": null,
"l_mid_cheek": null,
"l_mid_eyebrow": null,
"l_ext_eyebrow": null,
"l_ext_lips": null,
"l_jaw_angle": null,
"l_mid_ext_face": null,
"l_int_eyebrow": null,
"l_mid_jaw": null,
"l_mid_bot_eyelid": null,
"l_ext_mouth": null,
"l_top_eyelid": null,
"l_eye_int": null,
"l_pupil": null,
"r_eye_exterior": null,
"r_temple": null,
"r_mid_chin": null,
"r_up_lip": null,
"r_ext_nostril": null,
"r_mid_cheek": null,
"r_mid_eyebrow": null,
"r_ext_eyebrow": null,
"r_ext_lips": null,
"r_jaw_angle": null,
"r_mid_ext_face": null,
"r_int_eyebrow": null,
"r_mid_jaw": null,
"r_mid_bot_eyelid": null,
"r_ext_mouth": null,
"r_top_eyelid": null,
"r_eye_int": null,
"r_pupil": null,
"l_shoulder": null,
"l_elbow": null,
"l_hip": null,
"l_knee": null,
"l_ankle": null,
"l_body_wrist": null,
"r_shoulder": null,
"r_elbow": null,
"r_hip": null,
"r_knee": null,
"r_ankle": null,
"r_body_wrist": null,
"m_face_position": null,
"m_body_position": null,
"m_face_scale": null,
"m_body_scale": null,
"l_hand_scale": null,
"r_hand_scale": [
-0.11859766297563341,
0.11859766297563341,
-0.11859766297563341
]
}
],
"framerate": 30,
"mirrorable": true,
"invalid": false
}