{
"label": "h",
"gestures": [
{
"l_hand_position": null,
"l_wrist": null,
"l_thumb_cmc": null,
"l_thumb_mcp": null,
"l_thumb_ip": null,
"l_thumb_tip": null,
"l_index_mcp": null,
"l_index_pip": null,
"l_index_dip": null,
"l_index_tip": null,
"l_middle_mcp": null,
"l_middle_pip": null,
"l_middle_dip": null,
"l_middle_tip": null,
"l_ring_mcp": null,
"l_ring_pip": null,
"l_ring_dip": null,
"l_ring_tip": null,
"l_pinky_mcp": null,
"l_pinky_pip": null,
"l_pinky_dip": null,
"l_pinky_tip": null,
"r_hand_position": [
-0.2557680904865265,
-0.09346792101860046,
-0.512597213499248
],
"r_wrist": [
-0.01929941562254635,
0.9976570234767833,
0.06563532634239996
],
"r_thumb_cmc": [
0.17351073404144127,
0.7569618447652189,
-0.008103727577797008
],
"r_thumb_mcp": [
0.26414677615171894,
0.3301683304092741,
-0.03826096666555993
],
"r_thumb_ip": [
0.2074642148282106,
-0.010780765865104822,
-0.07062164550704715
],
"r_thumb_tip": [
0.0261117733118208,
-0.14270803565037457,
-0.09581714184161981
],
"r_index_mcp": [
0.15157218295995442,
-0.00801057425604983,
0.024953395718402934
],
"r_index_pip": [
0.1802831071825469,
-0.4870622626307494,
-0.021517825319365406
],
"r_index_dip": [
0.20318749861203386,
-0.7188861511619932,
-0.04196939763839365
],
"r_index_tip": [
0.20276358476154507,
-0.9096139987252281,
-0.06502975792070126
],
"r_middle_mcp": [
0.0,
0.0,
0.0
],
"r_middle_pip": [
-0.009529210687471232,
-0.4091647540877607,
-0.13137399330497118
],
"r_middle_dip": [
0.06023256808170429,
-0.18636370882038236,
-0.1894430673611703
],
"r_middle_tip": [
0.09680499795358131,
0.012788999501870978,
-0.20205947336677085
],
"r_ring_mcp": [
-0.14485633166558062,
0.05708489128197594,
-0.03304435153275573
],
"r_ring_pip": [
-0.1613843910805816,
-0.2599750290794728,
-0.16717588599568045
],
"r_ring_dip": [
-0.03423733225881823,
-0.03455270553000605,
-0.19654360494688283
],
"r_ring_tip": [
0.038686098491969884,
0.15965511760220488,
-0.18941581575649605
],
"r_pinky_mcp": [
-0.2749136444748389,
0.14545912784418777,
-0.07198656464272926
],
"r_pinky_pip": [
-0.35341635603331484,
-0.14636021651612421,
-0.15343911683238468
],
"r_pinky_dip": [
-0.3691080008125437,
-0.3443744133542076,
-0.19007565785115568
],
"r_pinky_tip": [
-0.40306505303468343,
-0.5451699819468534,
-0.2163877226933425
],
"l_hand_velocity": null,
"r_hand_velocity": null,
"m_nose_point": [
0.0,
0.0,
0.0
],
"m_top_nose": [
-0.09328067419000616,
-0.4671960639163139,
0.13545883347894397
],
"m_eyebrows": [
-0.13947713544718202,
-0.7897240503213974,
0.1483494734604798
],
"m_forehead": [
-0.18424817639652072,
-1.278518465738894,
0.21493960984188845
],
"m_top_chin": [
0.009458456665632256,
0.5745822537119221,
0.25321156177943127
],
"m_bot_up_lip": [
-0.06351302784205061,
0.3220448672017652,
0.2156270808151787
],
"m_top_low_lip": [
-0.05910142909502736,
0.32364268211812325,
0.21166916155465648
],
"m_bot_nose": [
-0.04055991710755138,
0.06027481723152887,
0.10934963837057571
],
"m_chin": [
0.026933607877036927,
0.9403412379079817,
0.33916505871980757
],
"m_nose": [
-0.0702021227857554,
-0.366789208852588,
0.0924118393125998
],
"l_eye_exterior": [
-0.6223960940266099,
-0.44767553928885967,
0.2990933995494332
],
"l_temple": [
-1.0167010014971551,
-0.9348023993809436,
0.5327705624346724
],
"l_mid_chin": [
-0.2516213243714208,
0.7545926069681395,
0.3053359276868147
],
"l_up_lip": [
-0.22015919323317024,
0.29489168061107146,
0.1778952825873071
],
"l_ext_nostril": [
-0.2572182799060045,
-0.013477851924111259,
0.12465840619873471
],
"l_mid_cheek": [
-0.6305460548985954,
-0.05887379455854246,
0.2710477325330667
],
"l_mid_eyebrow": [
-0.5509160875739544,
-0.7091303764201515,
0.16715521643671682
],
"l_ext_eyebrow": [
-0.6577832522130677,
-0.6794642334398298,
0.19993116596583985
],
"l_ext_lips": [
-0.4132766003970408,
0.3969370900380289,
0.30485022405685364
],
"l_jaw_angle": [
-0.894062377091593,
0.3316975842807374,
0.7546477318129202
],
"l_mid_ext_face": [
-1.0364202747820965,
-0.14875330035053314,
0.8162316202540121
],
"l_int_eyebrow": [
-0.2871283992348338,
-0.7644220918165965,
0.12963999756703837
],
"l_mid_jaw": [
-0.6337893291691805,
0.6792982834895713,
0.5715671893937381
],
"l_mid_bot_eyelid": [
-0.47880818727344177,
-0.43241746560292593,
0.26682309720629493
],
"l_ext_mouth": [
-0.24253918971504318,
0.38112051766374266,
0.27575064457858617
],
"l_top_eyelid": [
-0.5087622683782758,
-0.5197002344478766,
0.25577212304708397
],
"l_eye_int": [
-0.38040493043024265,
-0.4929736612175213,
0.29149287141831276
],
"l_pupil": [
-0.5393697917976503,
-0.5108430874147689,
0.2815275794227373
],
"r_eye_exterior": [
0.2882852153929461,
-0.6808928760767982,
0.4638113955696981
],
"r_temple": [
0.45744644679703816,
-1.0250949387176482,
0.7315630234583651
],
"r_mid_chin": [
0.22405268748916468,
0.6674256118055467,
0.36596649356087235
],
"r_up_lip": [
0.07567685997971872,
0.23545052595906563,
0.21714412891498633
],
"r_ext_nostril": [
0.17025129931591457,
-0.06875897966769645,
0.22381542192878084
],
"r_mid_cheek": [
0.42144152208284985,
-0.17820492827726145,
0.4176415329132528
],
"r_mid_eyebrow": [
0.26327211567812353,
-0.8754725301671485,
0.33992968217842406
],
"r_ext_eyebrow": [
0.17782055044517875,
-0.8909974817550582,
0.27936283417667834
],
"r_ext_lips": [
0.2623712445195776,
0.38454102003654556,
0.3767987629193494
],
"r_jaw_angle": [
0.46525829327661083,
0.1419079224439636,
0.942531270885387
],
"r_mid_ext_face": [
0.47714270344532783,
-0.30248302771152125,
1.0253870773783493
],
"r_int_eyebrow": [
-0.041966693939700705,
-0.8861847030311966,
0.17085637792269084
],
"r_mid_jaw": [
0.4143169523736957,
0.4928174933378398,
0.7120888485829682
],
"r_mid_bot_eyelid": [
0.1349594300051946,
-0.5889164396026582,
0.37008843512833345
],
"r_ext_mouth": [
0.30585427448188957,
0.3058248131869754,
0.39884365874967104
],
"r_top_eyelid": [
0.14782342822980618,
-0.7285792042244358,
0.35534325482303664
],
"r_eye_int": [
0.02586195327453574,
-0.6356677168863223,
0.3594549899506825
],
"r_pupil": [
0.12990911959108786,
-0.6540321158547637,
0.38209146009549494
],
"l_shoulder": [
0.2627509811128609,
-0.005427802873894692,
-0.4253615648835602
],
"l_elbow": [
0.3565110798786134,
0.5687048076392893,
-0.6852808985029306
],
"l_hip": [
0.19088670245444342,
1.1246026294054021,
-0.10105062274803003
],
"l_knee": [
0.15042532933526395,
2.029325907218028,
-0.2094277707383655
],
"l_ankle": [
0.1481326899541278,
2.8365703324542695,
0.5709956297525208
],
"l_body_wrist": [
0.20665155529249876,
1.0009742164448296,
-0.9822885409491823
],
"r_shoulder": [
-0.2627509811128609,
0.005427802873894692,
0.4253615648835602
],
"r_elbow": [
-0.4291384820202045,
0.5184931577809212,
-0.05217254644585939
],
"r_hip": [
-0.19683774944809948,
1.132681019672324,
0.5068316421062153
],
"r_knee": [
-0.21286790189410293,
2.029405049772928,
0.691307582552452
],
"r_ankle": [
-0.17952596074755187,
2.8063860502114624,
1.2756700564826167
],
"r_body_wrist": [
-0.43974814367618986,
0.05065588046000356,
-1.4565672480183307
],
"m_face_position": [
-0.005556166172027588,
-0.1920793056488037,
-0.5390904173254967
],
"m_body_position": [
0.0337895005941391,
0.09734892845153809,
-0.6385523304343224
],
"m_face_scale": [
0.129481656415464,
0.129481656415464,
0.129481656415464
],
"m_body_scale": [
0.6928797441844998,
0.6928797441844998,
0.6928797441844998
],
"l_hand_scale": null,
"r_hand_scale": [
0.19192659080281324,
0.19192659080281324,
0.19192659080281324
]
}
],
"framerate": 30,
"mirrorable": true,
"invalid": false
}