{
"label": "h",
"gestures": [
{
"l_hand_position": [
0.12651067972183228,
-0.049200743436813354,
-0.5227700732648373
],
"l_wrist": [
0.15540284907857194,
0.9800857321104097,
0.12362003159627871
],
"l_thumb_cmc": [
-0.045157343493077255,
0.7648444761006792,
0.006506625844928867
],
"l_thumb_mcp": [
-0.1567739402835435,
0.3934499437042982,
-0.07114258793282721
],
"l_thumb_ip": [
-0.1192386600998598,
0.05344003524121271,
-0.1399144452652243
],
"l_thumb_tip": [
0.029148227587400186,
-0.13468633082247675,
-0.199987239380334
],
"l_index_mcp": [
-0.15068670954086702,
0.011723201941965477,
-0.018718361951044808
],
"l_index_pip": [
-0.18727384310416678,
-0.473748578064472,
-0.13037820984107784
],
"l_index_dip": [
-0.19601103039098117,
-0.7720866335628609,
-0.19404318120433195
],
"l_index_tip": [
-0.18946040512257437,
-1.0197195552405744,
-0.2380672589213859
],
"l_middle_mcp": [
0.0,
0.0,
0.0
],
"l_middle_pip": [
-0.010807577074260244,
-0.38072536301940507,
-0.12579335058735142
],
"l_middle_dip": [
-0.03937915030073068,
-0.09858750894865116,
-0.12734325075714412
],
"l_middle_tip": [
-0.05494072805760537,
0.0646623051120675,
-0.0929792459590449
],
"l_ring_mcp": [
0.1567982102482291,
0.05526610738415692,
0.005221875039326298
],
"l_ring_pip": [
0.13661563121521703,
-0.20700661879167248,
-0.10007984885219785
],
"l_ring_dip": [
0.09379694151924375,
0.09316592243741827,
-0.04337625168468369
],
"l_ring_tip": [
0.06640683017366811,
0.2963448441986432,
0.033398282678288815
],
"l_pinky_mcp": [
0.3022497266066486,
0.1378197450631517,
-0.0027082954717508865
],
"l_pinky_pip": [
0.30998958014464956,
-0.23888570280549587,
-0.09481253841648307
],
"l_pinky_dip": [
0.31746084607346325,
-0.47066160035622884,
-0.10532994783795645
],
"l_pinky_tip": [
0.3311707873245916,
-0.6939894467994352,
-0.09064566862955432
],
"r_hand_position": null,
"r_wrist": null,
"r_thumb_cmc": null,
"r_thumb_mcp": null,
"r_thumb_ip": null,
"r_thumb_tip": null,
"r_index_mcp": null,
"r_index_pip": null,
"r_index_dip": null,
"r_index_tip": null,
"r_middle_mcp": null,
"r_middle_pip": null,
"r_middle_dip": null,
"r_middle_tip": null,
"r_ring_mcp": null,
"r_ring_pip": null,
"r_ring_dip": null,
"r_ring_tip": null,
"r_pinky_mcp": null,
"r_pinky_pip": null,
"r_pinky_dip": null,
"r_pinky_tip": null,
"l_hand_velocity": null,
"r_hand_velocity": null,
"m_nose_point": [
0.0,
0.0,
0.0
],
"m_top_nose": [
0.057038242730018444,
-0.4251827007488192,
0.19970060491536976
],
"m_eyebrows": [
0.1024673598237244,
-0.7287612053657225,
0.25657514682840465
],
"m_forehead": [
0.16645224667135608,
-1.1350679612787644,
0.365764157075768
],
"m_top_chin": [
-0.11726842832846202,
0.6331001269960903,
0.1916656393247345
],
"m_bot_up_lip": [
-0.08306701658976132,
0.39967767142392274,
0.15627960430305815
],
"m_top_low_lip": [
-0.08412104429284797,
0.4046346093997911,
0.16064339287503512
],
"m_bot_nose": [
-0.0390655011203766,
0.060902793020223014,
0.09824601810466276
],
"m_chin": [
-0.1744683932577547,
0.9522233606890571,
0.2506620256682196
],
"m_nose": [
0.04720827924016922,
-0.34367231481568417,
0.14356818767592075
],
"l_eye_exterior": [
-0.37683190430030006,
-0.5276378551235418,
0.40168230744525013
],
"l_temple": [
-0.546576134931007,
-0.8934172894437914,
0.698320297913347
],
"l_mid_chin": [
-0.3429844505826524,
0.6967018499268431,
0.22585961336794969
],
"l_up_lip": [
-0.19816222113255813,
0.2532582717901603,
0.13726736982747803
],
"l_ext_nostril": [
-0.18737173239715413,
-0.05396072594598547,
0.1351523943676296
],
"l_mid_cheek": [
-0.4640928003488689,
-0.15164028044429542,
0.3192270762159372
],
"l_mid_eyebrow": [
-0.28783412926788143,
-0.8249586696280959,
0.30917812884927487
],
"l_ext_eyebrow": [
-0.3755882562287921,
-0.8099328900890568,
0.34826901836354907
],
"l_ext_lips": [
-0.3766363991618243,
0.3448233322474461,
0.25670879717608236
],
"l_jaw_angle": [
-0.671841965763472,
0.26269308386857526,
0.740794552087766
],
"l_mid_ext_face": [
-0.6865181463703872,
-0.1559346369029216,
0.8701318809573506
],
"l_int_eyebrow": [
-0.038912061190067876,
-0.8016824424727123,
0.2555499299787096
],
"l_mid_jaw": [
-0.5780864631192505,
0.5654581824912852,
0.5220023704672279
],
"l_mid_bot_eyelid": [
-0.27867677319981166,
-0.4657730111766388,
0.3552348424724509
],
"l_ext_mouth": [
-0.28585030789619104,
0.40550076037002813,
0.21552318504421258
],
"l_top_eyelid": [
-0.2683067185916314,
-0.5823069330205264,
0.35155944939746886
],
"l_eye_int": [
-0.1420646697934665,
-0.4946251669358408,
0.37650952242967806
],
"l_pupil": [
-0.27990254900670974,
-0.5296417283043066,
0.3752816488112327
],
"r_eye_exterior": [
0.44801865992235107,
-0.3014224992325086,
0.4916390139313338
],
"r_temple": [
0.6486801646924805,
-0.5409027806896204,
0.7890035146802505
],
"r_mid_chin": [
0.05352786841531341,
0.8026303263603723,
0.2537599041653056
],
"r_up_lip": [
0.060386023027663376,
0.33475601636540053,
0.15939019567434162
],
"r_ext_nostril": [
0.17115548567154357,
0.050865336897342676,
0.20910830209842965
],
"r_mid_cheek": [
0.4092885906950784,
0.1011188756634686,
0.3798756245229786
],
"r_mid_eyebrow": [
0.49430346617286397,
-0.532609831956216,
0.40611106687550197
],
"r_ext_eyebrow": [
0.43119867938004286,
-0.5927949009842421,
0.3552351046988943
],
"r_ext_lips": [
0.13391687872140526,
0.5664487854504516,
0.27692634017382256
],
"r_jaw_angle": [
0.4030165155892627,
0.5686845621622512,
0.8267158456197724
],
"r_mid_ext_face": [
0.5249162579505801,
0.19416035954108296,
0.9634101178524335
],
"r_int_eyebrow": [
0.23247609736563282,
-0.714653776886848,
0.27133962282490437
],
"r_mid_jaw": [
0.25719322136657186,
0.796471805521163,
0.5878440384885688
],
"r_mid_bot_eyelid": [
0.31107439393959896,
-0.29306067689402243,
0.3983132697779988
],
"r_ext_mouth": [
0.18417630225758563,
0.5031957896340369,
0.30228922744147496
],
"r_top_eyelid": [
0.33606003781857824,
-0.39852033331321346,
0.39604601227083847
],
"r_eye_int": [
0.207372540131118,
-0.39316704517645523,
0.4053278611942963
],
"r_pupil": [
0.31706530780947956,
-0.3532143604817581,
0.4181060808592741
],
"l_shoulder": [
0.4878772549832435,
0.02303161743244542,
-0.10698284286959614
],
"l_elbow": [
0.7966930242970883,
1.0112223006930359,
-1.2213122046813325
],
"l_hip": [
0.2899474675982606,
1.9169322420641837,
0.09218084567282844
],
"l_knee": [
0.24107534837850308,
3.492999195309068,
0.16228007243929243
],
"l_ankle": [
0.21755062204800593,
4.842473277557401,
1.5001514385385535
],
"l_body_wrist": [
0.613292037329275,
0.12392356444218572,
-2.6374866409516025
],
"r_shoulder": [
-0.4878772549832435,
-0.02303161743244542,
0.10698284286959614
],
"r_elbow": [
-0.7160869165631893,
0.8967734715062726,
-0.032837650821143836
],
"r_hip": [
-0.39993882414996434,
1.8737734727966087,
0.5802555850499193
],
"r_knee": [
-0.39947220706084335,
3.468792906985171,
0.710313433215167
],
"r_ankle": [
-0.4055425943470241,
4.809510242208761,
1.6529167557809492
],
"r_body_wrist": [
-0.8725245667425828,
1.6316302110009955,
-1.2511562810933028
],
"m_face_position": [
-0.07204678654670715,
-0.21387434005737305,
-0.5423579774796963
],
"m_body_position": [
-0.08895386755466461,
0.0869131088256836,
-0.63120898604393
],
"m_face_scale": [
0.13673647347677617,
0.13673647347677617,
0.13673647347677617
],
"m_body_scale": [
0.39598720902354423,
0.39598720902354423,
0.39598720902354423
],
"l_hand_scale": [
0.18419261898668937,
0.18419261898668937,
0.18419261898668937
],
"r_hand_scale": null
}
],
"framerate": 30,
"mirrorable": true,
"invalid": false
}