{
"label": "l",
"gestures": [
{
"l_hand_position": [
0.25222015380859375,
-0.013232797384262085,
-0.5290136355906725
],
"l_wrist": [
0.0906316550778594,
0.9862269650165963,
0.13835561633703652
],
"l_thumb_cmc": [
-0.20394985994577236,
0.7664811066170639,
0.0013112881487435417
],
"l_thumb_mcp": [
-0.4531963620072512,
0.5086264604409547,
-0.08590707584848152
],
"l_thumb_ip": [
-0.6848698690817643,
0.3644612215435657,
-0.17605275349752905
],
"l_thumb_tip": [
-0.8699580420569567,
0.26482293400501805,
-0.2667253374782646
],
"l_index_mcp": [
-0.18634815788109477,
0.001084189583479406,
0.009381885127509268
],
"l_index_pip": [
-0.18012952270035132,
-0.40407997318493055,
-0.0795711253575844
],
"l_index_dip": [
-0.1628526938022531,
-0.6530344304706787,
-0.13889868922623677
],
"l_index_tip": [
-0.1370276930013778,
-0.8732475605113803,
-0.18160618742085066
],
"l_middle_mcp": [
0.0,
0.0,
0.0
],
"l_middle_pip": [
-0.004718477198936065,
-0.4521377529880694,
-0.09611325913191901
],
"l_middle_dip": [
-0.007419500560269082,
-0.7229415650401094,
-0.16580766643922232
],
"l_middle_tip": [
0.013761206678133155,
-0.9803219759769906,
-0.20885986273774623
],
"l_ring_mcp": [
0.16932343965557387,
0.1261487053483522,
-0.023863193572759886
],
"l_ring_pip": [
0.15065161731778054,
0.031108666356541945,
-0.1545569789755282
],
"l_ring_dip": [
0.0667652728167027,
0.2613237970376003,
-0.19529388550518978
],
"l_ring_tip": [
0.024307504881043985,
0.37393086221804034,
-0.19217085389006963
],
"l_pinky_mcp": [
0.3062129976097447,
0.3054005304648041,
-0.06034157566098063
],
"l_pinky_pip": [
0.2853321514306086,
0.2765337163404535,
-0.15291374747646194
],
"l_pinky_dip": [
0.1812158439975222,
0.431449897955134,
-0.15690767295594962
],
"l_pinky_tip": [
0.12844768750747482,
0.5050693408611291,
-0.14276213606352597
],
"r_hand_position": null,
"r_wrist": null,
"r_thumb_cmc": null,
"r_thumb_mcp": null,
"r_thumb_ip": null,
"r_thumb_tip": null,
"r_index_mcp": null,
"r_index_pip": null,
"r_index_dip": null,
"r_index_tip": null,
"r_middle_mcp": null,
"r_middle_pip": null,
"r_middle_dip": null,
"r_middle_tip": null,
"r_ring_mcp": null,
"r_ring_pip": null,
"r_ring_dip": null,
"r_ring_tip": null,
"r_pinky_mcp": null,
"r_pinky_pip": null,
"r_pinky_dip": null,
"r_pinky_tip": null,
"l_hand_velocity": null,
"r_hand_velocity": null,
"m_nose_point": [
0.0,
0.0,
0.0
],
"m_top_nose": [
0.008849694761131732,
-0.2823998096724173,
0.24765841185397636
],
"m_eyebrows": [
0.01443378767301492,
-0.5125295566425326,
0.35369905077415237
],
"m_forehead": [
0.022951418656619618,
-0.7714687626636623,
0.5231787516303341
],
"m_top_chin": [
-0.023909618771611046,
0.6423963732348424,
0.048473995642586816
],
"m_bot_up_lip": [
-0.008366282187044757,
0.3819725320376883,
0.05345468277320538
],
"m_top_low_lip": [
-0.009141508383807005,
0.4789673962710503,
0.0548807395988653
],
"m_bot_nose": [
-0.019929165957877897,
0.08283851512771813,
0.06819752130038981
],
"m_chin": [
-0.0329798679526958,
0.9989749593617945,
0.031005787813304837
],
"m_nose": [
0.007599270307599196,
-0.23457533550190585,
0.18473169870829267
],
"l_eye_exterior": [
-0.35357686922150205,
-0.2507132859812337,
0.43385872942388487
],
"l_temple": [
-0.5399660952330293,
-0.3997214128217848,
0.7607433285432653
],
"l_mid_chin": [
-0.22438208646466365,
0.7663880020453591,
0.05912465380566036
],
"l_up_lip": [
-0.1293356582988196,
0.3127541764527673,
0.06141648684162819
],
"l_ext_nostril": [
-0.1529382669607195,
0.03930571371827574,
0.12120716776322209
],
"l_mid_cheek": [
-0.39642808765159243,
0.08203638704174374,
0.2934454321061269
],
"l_mid_eyebrow": [
-0.3041944470929146,
-0.5393593652202255,
0.40031718185491905
],
"l_ext_eyebrow": [
-0.37472031663671906,
-0.49610605595748347,
0.4329408308032284
],
"l_ext_lips": [
-0.27652780493858425,
0.46379267717607026,
0.1490653446946101
],
"l_jaw_angle": [
-0.5234651746072704,
0.5730810887055846,
0.5588522739193627
],
"l_mid_ext_face": [
-0.5784160824448393,
0.24377732179695694,
0.7532489447999036
],
"l_int_eyebrow": [
-0.09840936967529532,
-0.5867419091190994,
0.35771038428704793
],
"l_mid_jaw": [
-0.4320971177358383,
0.7764456121679094,
0.3217573377641422
],
"l_mid_bot_eyelid": [
-0.26642357856526167,
-0.21664358347854662,
0.38770701113082084
],
"l_ext_mouth": [
-0.1899254896163606,
0.5283338004808702,
0.10417800235964618
],
"l_top_eyelid": [
-0.27031059351951753,
-0.34242018344197905,
0.4001762934780671
],
"l_eye_int": [
-0.14917693106140895,
-0.28245032772391493,
0.41138235500558584
],
"l_pupil": [
-0.26207697255713724,
-0.2720095196985411,
0.4114909123428742
],
"r_eye_exterior": [
0.4103454001233207,
-0.20582655972006855,
0.4721055534656858
],
"r_temple": [
0.5415958157886598,
-0.34539540917408273,
0.780080909635892
],
"r_mid_chin": [
0.16659559628937468,
0.7862629535089468,
0.06446193215191874
],
"r_up_lip": [
0.11615968796492224,
0.32245898164656606,
0.06616160275344916
],
"r_ext_nostril": [
0.15883203963544176,
0.07645640128851888,
0.16636230967758078
],
"r_mid_cheek": [
0.38817783269664585,
0.12603904740170055,
0.3047946473651951
],
"r_mid_eyebrow": [
0.42358318319502614,
-0.42702950002524176,
0.44241640520440845
],
"r_ext_eyebrow": [
0.35763700091320705,
-0.4733458255364097,
0.40683694968352685
],
"r_ext_lips": [
0.20080946006096964,
0.5582088618457915,
0.12464615588220675
],
"r_jaw_angle": [
0.4726222468597761,
0.622619993579055,
0.5779685048300464
],
"r_mid_ext_face": [
0.5407419375035903,
0.3013720076629013,
0.7721114303147265
],
"r_int_eyebrow": [
0.15517297198672395,
-0.5457781354504505,
0.35913238529353275
],
"r_mid_jaw": [
0.36994286968533446,
0.8113913716124211,
0.33599345559185356
],
"r_mid_bot_eyelid": [
0.2762203841130073,
-0.17991819218737487,
0.3950212446275311
],
"r_ext_mouth": [
0.23513503854807152,
0.4941870887533391,
0.15628279043056226
],
"r_top_eyelid": [
0.2999104752543299,
-0.29730900096013546,
0.40809816826340833
],
"r_eye_int": [
0.17524362956038175,
-0.2505042316055241,
0.41592507783964616
],
"r_pupil": [
0.29508086738798434,
-0.2330886467465521,
0.4188036313248291
],
"l_shoulder": [
0.4746466152210269,
0.0603964308589215,
0.1451304992023591
],
"l_elbow": [
0.7920987432431302,
1.12446437386911,
-1.144939814914922
],
"l_hip": [
0.29442508520866556,
1.9256435784865675,
0.11841104101107823
],
"l_knee": [
0.27642586417208387,
3.690437400278074,
-0.2382644704727532
],
"l_ankle": [
0.251212788610616,
5.221621355266477,
0.6014091499958506
],
"l_body_wrist": [
0.8334974411688751,
0.1443162538262864,
-3.2343570138354307
],
"r_shoulder": [
-0.4746466152210269,
-0.0603964308589215,
-0.1451304992023591
],
"r_elbow": [
-0.8170238306560857,
0.8888487633129423,
-0.5505803891465684
],
"r_hip": [
-0.4070836776895244,
1.9050228621443248,
-0.03791360150620832
],
"r_knee": [
-0.4323639887310832,
3.619888947361556,
-0.23705203271842876
],
"r_ankle": [
-0.3997207424471215,
5.151008650014036,
0.25925976263525224
],
"r_body_wrist": [
-1.0398311109390113,
1.67574452067295,
-2.03180830593654
],
"m_face_position": [
-0.04699504375457764,
-0.2539413273334503,
-0.5386488512158394
],
"m_body_position": [
-0.05410429835319519,
0.1096835732460022,
-0.5129925087094307
],
"m_face_scale": [
0.14512379416926924,
0.14512379416926924,
0.14512379416926924
],
"m_body_scale": [
0.38961931027128494,
0.38961931027128494,
0.38961931027128494
],
"l_hand_scale": [
0.20970679017785107,
0.20970679017785107,
0.20970679017785107
],
"r_hand_scale": null
}
],
"framerate": 30,
"mirrorable": true,
"invalid": false
}