{
"label": "l",
"gestures": [
{
"l_hand_position": [
0.21583187580108643,
0.07669907808303833,
-0.5182378347963095
],
"l_wrist": [
0.1640261621899003,
0.9821577466419388,
0.09198684051798875
],
"l_thumb_cmc": [
-0.08953438162330056,
0.7638846027334328,
0.009720130250273497
],
"l_thumb_mcp": [
-0.2842124439638533,
0.32039844356793423,
-0.03285032589353703
],
"l_thumb_ip": [
-0.444957469613406,
-0.007767220419316537,
-0.0851208542586169
],
"l_thumb_tip": [
-0.626662205481023,
-0.18906399382722572,
-0.13936819298195424
],
"l_index_mcp": [
-0.16954342605177122,
0.0072639564859702035,
0.02792524363035661
],
"l_index_pip": [
-0.2493910291826272,
-0.4749980273456237,
-0.08090710862075914
],
"l_index_dip": [
-0.29351200385047344,
-0.7420746951417105,
-0.14327478302249969
],
"l_index_tip": [
-0.32687142788626156,
-0.9933902428842639,
-0.19480152021368788
],
"l_middle_mcp": [
0.0,
0.0,
0.0
],
"l_middle_pip": [
-0.1326037330899249,
-0.19844502595156202,
-0.1953881165672997
],
"l_middle_dip": [
-0.09443804830001026,
0.1725551931271975,
-0.23851332987957216
],
"l_middle_tip": [
-0.04055633879109148,
0.4255132632710877,
-0.22380747823346844
],
"l_ring_mcp": [
0.18087558298340606,
0.05268548060163977,
-0.04183718721464234
],
"l_ring_pip": [
0.06440906503698843,
-0.07956741078564762,
-0.2256888555900284
],
"l_ring_dip": [
0.08137182543794434,
0.30085773320972337,
-0.18593652903414784
],
"l_ring_tip": [
0.11846093427486422,
0.5433242234576038,
-0.11540487042812432
],
"l_pinky_mcp": [
0.3626678038000098,
0.15421852820091736,
-0.09363556742720106
],
"l_pinky_pip": [
0.2369567422750977,
0.07123108724457206,
-0.23644225148242587
],
"l_pinky_dip": [
0.19794476837385097,
0.3525532209006645,
-0.22020460527097743
],
"l_pinky_tip": [
0.2143567644224231,
0.5464968305595177,
-0.1778087526255473
],
"r_hand_position": null,
"r_wrist": null,
"r_thumb_cmc": null,
"r_thumb_mcp": null,
"r_thumb_ip": null,
"r_thumb_tip": null,
"r_index_mcp": null,
"r_index_pip": null,
"r_index_dip": null,
"r_index_tip": null,
"r_middle_mcp": null,
"r_middle_pip": null,
"r_middle_dip": null,
"r_middle_tip": null,
"r_ring_mcp": null,
"r_ring_pip": null,
"r_ring_dip": null,
"r_ring_tip": null,
"r_pinky_mcp": null,
"r_pinky_pip": null,
"r_pinky_dip": null,
"r_pinky_tip": null,
"l_hand_velocity": null,
"r_hand_velocity": null,
"m_nose_point": null,
"m_top_nose": null,
"m_eyebrows": null,
"m_forehead": null,
"m_top_chin": null,
"m_bot_up_lip": null,
"m_top_low_lip": null,
"m_bot_nose": null,
"m_chin": null,
"m_nose": null,
"l_eye_exterior": null,
"l_temple": null,
"l_mid_chin": null,
"l_up_lip": null,
"l_ext_nostril": null,
"l_mid_cheek": null,
"l_mid_eyebrow": null,
"l_ext_eyebrow": null,
"l_ext_lips": null,
"l_jaw_angle": null,
"l_mid_ext_face": null,
"l_int_eyebrow": null,
"l_mid_jaw": null,
"l_mid_bot_eyelid": null,
"l_ext_mouth": null,
"l_top_eyelid": null,
"l_eye_int": null,
"l_pupil": null,
"r_eye_exterior": null,
"r_temple": null,
"r_mid_chin": null,
"r_up_lip": null,
"r_ext_nostril": null,
"r_mid_cheek": null,
"r_mid_eyebrow": null,
"r_ext_eyebrow": null,
"r_ext_lips": null,
"r_jaw_angle": null,
"r_mid_ext_face": null,
"r_int_eyebrow": null,
"r_mid_jaw": null,
"r_mid_bot_eyelid": null,
"r_ext_mouth": null,
"r_top_eyelid": null,
"r_eye_int": null,
"r_pupil": null,
"l_shoulder": [
0.49709798384603854,
-0.02363891946285082,
0.04831972622886484
],
"l_elbow": [
0.7711263214777982,
0.9379910851968504,
-0.9966755155036486
],
"l_hip": [
0.3989270329509838,
1.87695630531162,
-0.14538941251186138
],
"l_knee": [
0.33085507147682186,
3.6386872134478403,
-0.6532841004161495
],
"l_ankle": [
0.3442701879310366,
5.198715511840706,
0.18398613852222764
],
"l_body_wrist": [
0.6095738226020678,
0.27745099164309595,
-2.5740531205347104
],
"r_shoulder": [
-0.49709798384603854,
0.02363891946285082,
-0.04831972622886484
],
"r_elbow": [
-0.652640488800313,
0.9140305298477042,
-1.11394219658139
],
"r_hip": [
-0.3289939662843492,
1.8977621267063545,
-0.1551007515371728
],
"r_knee": [
-0.3881886454787716,
3.593706962021372,
-0.3629549652435063
],
"r_ankle": [
-0.33982207237340967,
5.139581963237378,
-0.15468671401022335
],
"r_body_wrist": [
-0.5564494440577817,
0.7906917356225163,
-3.431269768791006
],
"m_face_position": null,
"m_body_position": [
-0.004656791687011719,
0.19086813926696777,
-0.442854356020689
],
"m_face_scale": null,
"m_body_scale": [
0.36173907066670075,
0.36173907066670075,
0.36173907066670075
],
"l_hand_scale": [
0.19826212200535143,
0.19826212200535143,
0.19826212200535143
],
"r_hand_scale": null
}
],
"framerate": 30,
"mirrorable": true,
"invalid": false
}