{
"label": "l",
"gestures": [
{
"l_hand_position": [
0.22699689865112305,
-0.07384386658668518,
-0.5387706980109215
],
"l_wrist": [
0.20402287293051327,
0.966112128007409,
0.15812028155228977
],
"l_thumb_cmc": [
-0.114189430231112,
0.8405871348668003,
-0.008986911626112992
],
"l_thumb_mcp": [
-0.39245147679872433,
0.6242726232633915,
-0.11995593690055915
],
"l_thumb_ip": [
-0.6324094770621118,
0.45825576742634105,
-0.21950553297047362
],
"l_thumb_tip": [
-0.8006100167493051,
0.36504506548948745,
-0.2895600823487148
],
"l_index_mcp": [
-0.21894548236040484,
-0.01957342089832441,
-0.03204426300417966
],
"l_index_pip": [
-0.19190820429467706,
-0.44092194124151607,
-0.20358029590617102
],
"l_index_dip": [
-0.178259147095766,
-0.3640384268583574,
-0.22171276623317152
],
"l_index_tip": [
-0.23118023780710273,
-0.19367425830461665,
-0.19364578630517906
],
"l_middle_mcp": [
0.0,
0.0,
0.0
],
"l_middle_pip": [
0.02309580528979376,
-0.1399712663237726,
-0.16295734654422891
],
"l_middle_dip": [
-0.02503226588761604,
0.25456179622679104,
-0.10132835156946443
],
"l_middle_tip": [
-0.06231800520661894,
0.24749198910069697,
-0.0108676436786113
],
"l_ring_mcp": [
0.2178770986888722,
0.07491994917114392,
-0.0010404738193624723
],
"l_ring_pip": [
0.22394683063301288,
0.11182087589582687,
-0.16410479546926918
],
"l_ring_dip": [
0.15292447636460352,
0.4395620918083981,
-0.07999639728004868
],
"l_ring_tip": [
0.10721977647763942,
0.3786231402010066,
0.012235287207626554
],
"l_pinky_mcp": [
0.4231061877236278,
0.18592720045977632,
-0.0173718698809785
],
"l_pinky_pip": [
0.4047866287087539,
0.25965782833104006,
-0.14099264232921135
],
"l_pinky_dip": [
0.31082185938871626,
0.4863679926127781,
-0.11784293167442046
],
"l_pinky_tip": [
0.24680246230108327,
0.449691924795073,
-0.07100460864656137
],
"r_hand_position": null,
"r_wrist": null,
"r_thumb_cmc": null,
"r_thumb_mcp": null,
"r_thumb_ip": null,
"r_thumb_tip": null,
"r_index_mcp": null,
"r_index_pip": null,
"r_index_dip": null,
"r_index_tip": null,
"r_middle_mcp": null,
"r_middle_pip": null,
"r_middle_dip": null,
"r_middle_tip": null,
"r_ring_mcp": null,
"r_ring_pip": null,
"r_ring_dip": null,
"r_ring_tip": null,
"r_pinky_mcp": null,
"r_pinky_pip": null,
"r_pinky_dip": null,
"r_pinky_tip": null,
"l_hand_velocity": null,
"r_hand_velocity": null,
"m_nose_point": [
0.0,
0.0,
0.0
],
"m_top_nose": [
-0.006644603346820387,
-0.3643454600519722,
0.23862255514071215
],
"m_eyebrows": [
-0.003197061354746141,
-0.6474088894735957,
0.32804081823753756
],
"m_forehead": [
0.003769201683098678,
-0.9819617569948116,
0.47758610001777146
],
"m_top_chin": [
-0.026455010571362375,
0.6541267995088696,
0.11642332769710026
],
"m_bot_up_lip": [
-0.02162760072855554,
0.4829467845881099,
0.10078439019077906
],
"m_top_low_lip": [
-0.02033167774006264,
0.5531008985954776,
0.10910882162259952
],
"m_bot_nose": [
-0.029352075425339488,
0.08130292013523793,
0.08222933582833648
],
"m_chin": [
-0.03582627457024014,
0.9907373799723366,
0.13098061679488227
],
"m_nose": [
-0.004171904916239308,
-0.29894428867090844,
0.17574061211170994
],
"l_eye_exterior": [
-0.4429714288199353,
-0.3438060477910676,
0.4146428061569913
],
"l_temple": [
-0.6476226200560262,
-0.583316020046885,
0.7315959152329258
],
"l_mid_chin": [
-0.23812101360203125,
0.7724803513064611,
0.12130197001775442
],
"l_up_lip": [
-0.1647568790100325,
0.396346247328718,
0.08697915953550761
],
"l_ext_nostril": [
-0.18130098003954767,
0.018624347558058637,
0.1220125033159975
],
"l_mid_cheek": [
-0.471371677823428,
0.021102848628886697,
0.2895890642878905
],
"l_mid_eyebrow": [
-0.39561376070820714,
-0.6495072208975755,
0.35950157312863074
],
"l_ext_eyebrow": [
-0.4783441303442029,
-0.6141643062599091,
0.39212567881182403
],
"l_ext_lips": [
-0.3126582486306284,
0.4573267739482884,
0.17936541267449568
],
"l_jaw_angle": [
-0.6182086498013856,
0.5280652138285273,
0.6218797626866426
],
"l_mid_ext_face": [
-0.6876678009285062,
0.15083885953496032,
0.7923722372711378
],
"l_int_eyebrow": [
-0.14840136378854427,
-0.6834010228442288,
0.32285211848414447
],
"l_mid_jaw": [
-0.49276330451527284,
0.7620766041863035,
0.392543529353776
],
"l_mid_bot_eyelid": [
-0.33859392289988577,
-0.30070597024989254,
0.37045853550775204
],
"l_ext_mouth": [
-0.24281941141001348,
0.6403136144009263,
0.13981946437343162
],
"l_top_eyelid": [
-0.34214842689384606,
-0.44797543234759196,
0.377482879347819
],
"l_eye_int": [
-0.20148759177343575,
-0.3619485827872851,
0.4004348964462469
],
"l_pupil": [
-0.3249225156353104,
-0.35967201359705203,
0.39467497209366526
],
"r_eye_exterior": [
0.41607328995504494,
-0.2723012725555438,
0.5302148744410252
],
"r_temple": [
0.546323995051026,
-0.48738793201180924,
0.8551999377026646
],
"r_mid_chin": [
0.16208089474946544,
0.7920733529430828,
0.1597602738486907
],
"r_up_lip": [
0.11670695591683926,
0.4006817866999222,
0.11592106082838848
],
"r_ext_nostril": [
0.15737804825062718,
0.052228404335045796,
0.20179801489339858
],
"r_mid_cheek": [
0.4016293578522545,
0.08154779155366061,
0.3755771532691205
],
"r_mid_eyebrow": [
0.4283199556176444,
-0.5160104221367614,
0.4739740894411968
],
"r_ext_eyebrow": [
0.3559026184926118,
-0.5591315826041672,
0.42465612021036386
],
"r_ext_lips": [
0.19971449833529928,
0.5557693394237235,
0.2067758219181069
],
"r_jaw_angle": [
0.4533312692955574,
0.5950613375921452,
0.740638459661812
],
"r_mid_ext_face": [
0.524434888668673,
0.23570634157391998,
0.923600252050717
],
"r_int_eyebrow": [
0.1388018626066185,
-0.6273082535260337,
0.3461689403215999
],
"r_mid_jaw": [
0.3532314697655839,
0.8055904099770884,
0.4833970090271066
],
"r_mid_bot_eyelid": [
0.27514263206314993,
-0.24148267651845012,
0.4325897075550485
],
"r_ext_mouth": [
0.23714965162468626,
0.4886260220191739,
0.24063220287958398
],
"r_top_eyelid": [
0.2973783494895893,
-0.37372958657006417,
0.4404211926090539
],
"r_eye_int": [
0.16303678301948513,
-0.3228153835402892,
0.44199212447875225
],
"r_pupil": [
0.285108860108685,
-0.3059752511475071,
0.4560740201854663
],
"l_shoulder": [
0.38739164740062626,
0.038628145114236706,
0.3137444468500795
],
"l_elbow": [
0.8235050206515039,
0.7690587436542885,
-0.7571218867805749
],
"l_hip": [
0.2543886023780527,
1.451259204562573,
0.3839638767250856
],
"l_knee": [
0.2118348112367975,
2.713525821096,
0.31718331642025765
],
"l_ankle": [
0.1846913979451705,
3.807221746790684,
1.339950102173741
],
"l_body_wrist": [
0.5889743651066236,
0.07928794552030288,
-2.2409271766340813
],
"r_shoulder": [
-0.38739164740062626,
-0.038628145114236706,
-0.3137444468500795
],
"r_elbow": [
-0.6247874051650333,
0.7184897425654324,
-1.071271743185174
],
"r_hip": [
-0.30687514498963214,
1.4509973330421688,
0.26948855545987227
],
"r_knee": [
-0.30989957352646463,
2.6857405247474095,
0.13953342426620832
],
"r_ankle": [
-0.2860816748352518,
3.7715953067367836,
0.5981789997019507
],
"r_body_wrist": [
-0.3125073130707417,
0.8552819824479058,
-2.166103842704695
],
"m_face_position": [
-0.03045499324798584,
-0.23524025082588196,
-0.5456781089305878
],
"m_body_position": [
-0.05571100115776062,
0.13520342111587524,
-0.6736578193958849
],
"m_face_scale": [
0.15407980394712517,
0.15407980394712517,
0.15407980394712517
],
"m_body_scale": [
0.5403467566019015,
0.5403467566019015,
0.5403467566019015
],
"l_hand_scale": [
0.24519507436130006,
0.24519507436130006,
0.24519507436130006
],
"r_hand_scale": null
}
],
"framerate": 30,
"mirrorable": true,
"invalid": false
}