{
"label": "l",
"gestures": [
{
"l_hand_position": null,
"l_wrist": null,
"l_thumb_cmc": null,
"l_thumb_mcp": null,
"l_thumb_ip": null,
"l_thumb_tip": null,
"l_index_mcp": null,
"l_index_pip": null,
"l_index_dip": null,
"l_index_tip": null,
"l_middle_mcp": null,
"l_middle_pip": null,
"l_middle_dip": null,
"l_middle_tip": null,
"l_ring_mcp": null,
"l_ring_pip": null,
"l_ring_dip": null,
"l_ring_tip": null,
"l_pinky_mcp": null,
"l_pinky_pip": null,
"l_pinky_dip": null,
"l_pinky_tip": null,
"r_hand_position": [
-0.22027215361595154,
0.0923534631729126,
-0.5299203563481569
],
"r_wrist": [
-0.08368379008942912,
0.9827318464398893,
0.16503072825723736
],
"r_thumb_cmc": [
0.16547523605789363,
0.7881521210941648,
0.04379313862301439
],
"r_thumb_mcp": [
0.3439596804268766,
0.2764965933576477,
-0.0004360388571815268
],
"r_thumb_ip": [
0.48258046249295766,
-0.12084997436722414,
-0.04262527940216587
],
"r_thumb_tip": [
0.6644628086448158,
-0.3178589093567651,
-0.08226824082551502
],
"r_index_mcp": [
0.22893763938702202,
-0.04853553635619295,
0.01540807954613006
],
"r_index_pip": [
0.23480798278937506,
-0.5419943474625276,
-0.12432409716422285
],
"r_index_dip": [
0.21112080525019858,
-0.8665971162621953,
-0.19476431396423874
],
"r_index_tip": [
0.18846034603794573,
-1.1309041006648282,
-0.24567144472672225
],
"r_middle_mcp": [
0.0,
0.0,
0.0
],
"r_middle_pip": [
-0.0017966748820485699,
-0.22120700599014534,
-0.253717482508771
],
"r_middle_dip": [
0.008867157654377494,
0.18806994321590864,
-0.30972541106882157
],
"r_middle_tip": [
0.02790862380138044,
0.5023759403219329,
-0.29155655687162235
],
"r_ring_mcp": [
-0.20193507889303883,
0.11695285011254825,
-0.02901193299773267
],
"r_ring_pip": [
-0.20423237347804063,
-0.014439808631168762,
-0.2855816266079973
],
"r_ring_dip": [
-0.1427488604112674,
0.38151413058494593,
-0.2607855817691338
],
"r_ring_tip": [
-0.09062112495192645,
0.6468243269551125,
-0.17802694363034782
],
"r_pinky_mcp": [
-0.39578890155997776,
0.2650330514615541,
-0.06538414067308901
],
"r_pinky_pip": [
-0.37695389686328157,
0.15617625178730923,
-0.2592409427299856
],
"r_pinky_dip": [
-0.293822095269179,
0.45101405191432703,
-0.2543974409396579
],
"r_pinky_tip": [
-0.21810811167391664,
0.6533459444546911,
-0.20664994295350528
],
"l_hand_velocity": null,
"r_hand_velocity": null,
"m_nose_point": null,
"m_top_nose": null,
"m_eyebrows": null,
"m_forehead": null,
"m_top_chin": null,
"m_bot_up_lip": null,
"m_top_low_lip": null,
"m_bot_nose": null,
"m_chin": null,
"m_nose": null,
"l_eye_exterior": null,
"l_temple": null,
"l_mid_chin": null,
"l_up_lip": null,
"l_ext_nostril": null,
"l_mid_cheek": null,
"l_mid_eyebrow": null,
"l_ext_eyebrow": null,
"l_ext_lips": null,
"l_jaw_angle": null,
"l_mid_ext_face": null,
"l_int_eyebrow": null,
"l_mid_jaw": null,
"l_mid_bot_eyelid": null,
"l_ext_mouth": null,
"l_top_eyelid": null,
"l_eye_int": null,
"l_pupil": null,
"r_eye_exterior": null,
"r_temple": null,
"r_mid_chin": null,
"r_up_lip": null,
"r_ext_nostril": null,
"r_mid_cheek": null,
"r_mid_eyebrow": null,
"r_ext_eyebrow": null,
"r_ext_lips": null,
"r_jaw_angle": null,
"r_mid_ext_face": null,
"r_int_eyebrow": null,
"r_mid_jaw": null,
"r_mid_bot_eyelid": null,
"r_ext_mouth": null,
"r_top_eyelid": null,
"r_eye_int": null,
"r_pupil": null,
"l_shoulder": [
0.4354732657669294,
-0.037499032662923426,
-0.24281033205288086
],
"l_elbow": [
0.7071740312795369,
0.728412302343286,
-1.2224497912877412
],
"l_hip": [
0.2751505057959684,
1.6646388884294614,
-0.10083845611739342
],
"l_knee": [
0.18918499629173968,
3.088091743742989,
-0.5359750133801353
],
"l_ankle": [
0.17904099311978175,
4.392615475798823,
0.36318977747746656
],
"l_body_wrist": [
0.07932968698277071,
0.5625168745854631,
-2.184463865767143
],
"r_shoulder": [
-0.4354732657669294,
0.037499032662923426,
0.24281033205288086
],
"r_elbow": [
-0.8288035188627987,
0.9884213419051453,
-0.8750199823848525
],
"r_hip": [
-0.37385006307688534,
1.6535246669400938,
0.3613098611186861
],
"r_knee": [
-0.41077145599980047,
3.042767451225113,
-0.09576204106618781
],
"r_ankle": [
-0.39398791014412454,
4.28843902799941,
0.2799195762600979
],
"r_body_wrist": [
-0.6964642928868028,
0.2819571175848176,
-2.9341425771287266
],
"m_face_position": null,
"m_body_position": [
0.07731825113296509,
0.2140958607196808,
-0.5551720820367336
],
"m_face_scale": null,
"m_body_scale": [
0.44060651572773235,
0.44060651572773235,
0.44060651572773235
],
"l_hand_scale": null,
"r_hand_scale": [
0.18130123983594712,
0.18130123983594712,
0.18130123983594712
]
}
],
"framerate": 30,
"mirrorable": true,
"invalid": false
}