{
"label": "l",
"gestures": [
{
"l_hand_position": null,
"l_wrist": null,
"l_thumb_cmc": null,
"l_thumb_mcp": null,
"l_thumb_ip": null,
"l_thumb_tip": null,
"l_index_mcp": null,
"l_index_pip": null,
"l_index_dip": null,
"l_index_tip": null,
"l_middle_mcp": null,
"l_middle_pip": null,
"l_middle_dip": null,
"l_middle_tip": null,
"l_ring_mcp": null,
"l_ring_pip": null,
"l_ring_dip": null,
"l_ring_tip": null,
"l_pinky_mcp": null,
"l_pinky_pip": null,
"l_pinky_dip": null,
"l_pinky_tip": null,
"r_hand_position": [
-0.16212338209152222,
0.06546610593795776,
-0.5215581879019737
],
"r_wrist": [
-0.21728948609415982,
0.9644658476418895,
0.1503027210843087
],
"r_thumb_cmc": [
0.07072076061855416,
0.8377086260458529,
0.04863104183896055
],
"r_thumb_mcp": [
0.2866640335395407,
0.40113038496537806,
0.022434167751321964
],
"r_thumb_ip": [
0.3857568757093324,
0.019655668120982912,
0.0010410348126086665
],
"r_thumb_tip": [
0.5212423542532763,
-0.21121480044345836,
-0.010457878032455455
],
"r_index_mcp": [
0.18878546360065257,
0.006070114468449595,
0.02727110191682611
],
"r_index_pip": [
0.2758257604203763,
-0.49211976768868754,
-0.10860786191754784
],
"r_index_dip": [
0.31090958420341575,
-0.7654112231124294,
-0.1714688902160485
],
"r_index_tip": [
0.32766172047042064,
-1.0440960502503338,
-0.2148243462017112
],
"r_middle_mcp": [
0.0,
0.0,
0.0
],
"r_middle_pip": [
0.09220822613646497,
-0.17335128228926405,
-0.15320862742269928
],
"r_middle_dip": [
0.06318267330422257,
0.22564643837460902,
-0.15498183057439877
],
"r_middle_tip": [
0.050965565393087525,
0.32363056106731286,
-0.13272251054421053
],
"r_ring_mcp": [
-0.20208095496120412,
0.07087659637714035,
-0.04793031336416449
],
"r_ring_pip": [
-0.09861827033964392,
-0.0024455825047460713,
-0.24570938325065697
],
"r_ring_dip": [
-0.10620290060053991,
0.3780912108539716,
-0.1991776049156111
],
"r_ring_tip": [
-0.11664368864480375,
0.41939932261595525,
-0.12968386908753823
],
"r_pinky_mcp": [
-0.41120132280926397,
0.1896758052347084,
-0.10232588873530031
],
"r_pinky_pip": [
-0.31637775708169974,
0.12776786843572094,
-0.2442926543967234
],
"r_pinky_dip": [
-0.26218992376307254,
0.39978147063905595,
-0.20945588223629596
],
"r_pinky_tip": [
-0.2671315795583466,
0.45236627345435976,
-0.1615356592374999
],
"l_hand_velocity": null,
"r_hand_velocity": null,
"m_nose_point": [
0.0,
0.0,
0.0
],
"m_top_nose": [
0.014186679363105744,
-0.3261917125020699,
0.23437218009791783
],
"m_eyebrows": [
0.013181156363227248,
-0.5808198114501117,
0.3308834178083465
],
"m_forehead": [
0.019159872387523945,
-0.9227864521792772,
0.48510602935167624
],
"m_top_chin": [
0.05925757281668429,
0.5937576091705296,
0.02794016493956483
],
"m_bot_up_lip": [
0.05804925094779788,
0.3926827872566087,
0.07347175196313493
],
"m_top_low_lip": [
0.05782001121359019,
0.39584593619827396,
0.05562360640579139
],
"m_bot_nose": [
-0.0050042546233422,
0.09293733081031685,
0.07530706568344227
],
"m_chin": [
0.07601338013046248,
0.996824468642631,
0.02372645688842414
],
"m_nose": [
0.00989196407386213,
-0.2695682146156264,
0.17364190283219774
],
"l_eye_exterior": [
-0.3011298796115573,
-0.2327330089032023,
0.5003148535206963
],
"l_temple": [
-0.4559634789025235,
-0.43678127296866576,
0.8559744770941192
],
"l_mid_chin": [
-0.1260484818484399,
0.781176879392202,
0.08534224041432692
],
"l_up_lip": [
-0.06724913179274185,
0.3324933664722045,
0.10452157443382132
],
"l_ext_nostril": [
-0.143678121250956,
0.049402574612616004,
0.15428037873698977
],
"l_mid_cheek": [
-0.35845855280580424,
0.10070735127504045,
0.3803967135439866
],
"l_mid_eyebrow": [
-0.29351876104546143,
-0.49857947921138973,
0.4444865871170358
],
"l_ext_eyebrow": [
-0.35431247111802344,
-0.4600304947021342,
0.4947905738228062
],
"l_ext_lips": [
-0.21440461187861082,
0.47612810416763857,
0.21813330734190403
],
"l_jaw_angle": [
-0.3865700699543093,
0.6407758851814424,
0.6882936657167874
],
"l_mid_ext_face": [
-0.44040777881989973,
0.28633531705628607,
0.8832697287948674
],
"l_int_eyebrow": [
-0.11250254422842752,
-0.5653632004351299,
0.3571732588187165
],
"l_mid_jaw": [
-0.30141739193217615,
0.8320059771884598,
0.42075502816845783
],
"l_mid_bot_eyelid": [
-0.22130157037688386,
-0.2135982938437325,
0.4366677441081357
],
"l_ext_mouth": [
-0.12434522805620252,
0.4909891539470529,
0.15552717463181612
],
"l_top_eyelid": [
-0.23056947869054567,
-0.3210457553778513,
0.446809211758892
],
"l_eye_int": [
-0.12404308341212363,
-0.2842924393353177,
0.43922259270806313
],
"l_pupil": [
-0.21711518562273055,
-0.26785032849992896,
0.4588769638251514
],
"r_eye_exterior": [
0.47299165279860217,
-0.3075211244744562,
0.3826926727016425
],
"r_temple": [
0.6376422575941263,
-0.49253530279266644,
0.6541017443136239
],
"r_mid_chin": [
0.2654418993998881,
0.7806919590585869,
0.01736574416537669
],
"r_up_lip": [
0.18123287788721454,
0.32082575711109207,
0.05127276845485555
],
"r_ext_nostril": [
0.2044761953498131,
0.047714209851267814,
0.13526183181130572
],
"r_mid_cheek": [
0.4697861471311315,
0.06983135182229962,
0.22760603208452454
],
"r_mid_eyebrow": [
0.45517410355796734,
-0.53575276860797,
0.348854101052561
],
"r_ext_eyebrow": [
0.37373136130153345,
-0.5723869724033902,
0.3274825297099374
],
"r_ext_lips": [
0.29871015538463497,
0.5157804172072689,
0.08181240095437242
],
"r_jaw_angle": [
0.6432092149021083,
0.6043511546481874,
0.4942458887908482
],
"r_mid_ext_face": [
0.6961566624034968,
0.2455042035021186,
0.6684314418031803
],
"r_int_eyebrow": [
0.14612942049166056,
-0.6133341177155216,
0.3154473634429624
],
"r_mid_jaw": [
0.525194135340673,
0.8199355938710519,
0.27249734565550676
],
"r_mid_bot_eyelid": [
0.3266032145109556,
-0.26029234837166176,
0.327700690914157
],
"r_ext_mouth": [
0.33766525104676465,
0.4564650852190317,
0.10788274106862707
],
"r_top_eyelid": [
0.3363660547479684,
-0.3851815394701779,
0.33689793649689886
],
"r_eye_int": [
0.21057453703608153,
-0.31674872972174556,
0.36626423955896176
],
"r_pupil": [
0.3346484253397,
-0.3202248050195129,
0.3512786866764223
],
"l_shoulder": [
0.498806013365366,
0.014366453929532251,
-0.03140328059360806
],
"l_elbow": [
0.5917421823751527,
0.8615984169911812,
-0.7254691379145614
],
"l_hip": [
0.24406346877192348,
1.8086411211187106,
-0.09725544638984579
],
"l_knee": [
0.19077001458751336,
3.468749787811698,
-0.5676485148510219
],
"l_ankle": [
0.16122458748208343,
5.03845056761617,
0.32750608297331574
],
"l_body_wrist": [
0.23117628629427153,
1.2798354187061203,
-1.672428878034757
],
"r_shoulder": [
-0.498806013365366,
-0.014366453929532251,
0.03140328059360806
],
"r_elbow": [
-0.9640646463226544,
0.9211425730974631,
-1.3625435099285288
],
"r_hip": [
-0.49079594646251534,
1.8106124163363595,
-0.028176227220234648
],
"r_knee": [
-0.5118754446460133,
3.4510753340989124,
-0.10250946516985389
],
"r_ankle": [
-0.4958857923126303,
4.988314385934573,
0.6502963544131501
],
"r_body_wrist": [
-0.5154636979660935,
0.11788041386856761,
-3.4737293245836556
],
"m_face_position": [
-0.06316441297531128,
-0.0937177836894989,
-0.5306370761245489
],
"m_body_position": [
-0.02686011791229248,
0.1786544919013977,
-0.47376313200220466
],
"m_face_scale": [
0.11609450684540135,
0.11609450684540135,
0.11609450684540135
],
"m_body_scale": [
0.3725110359211283,
0.3725110359211283,
0.3725110359211283
],
"l_hand_scale": null,
"r_hand_scale": [
0.14343140491986597,
0.14343140491986597,
0.14343140491986597
]
}
],
"framerate": 30,
"mirrorable": true,
"invalid": false
}