{
"label": "l",
"gestures": [
{
"l_hand_position": null,
"l_wrist": null,
"l_thumb_cmc": null,
"l_thumb_mcp": null,
"l_thumb_ip": null,
"l_thumb_tip": null,
"l_index_mcp": null,
"l_index_pip": null,
"l_index_dip": null,
"l_index_tip": null,
"l_middle_mcp": null,
"l_middle_pip": null,
"l_middle_dip": null,
"l_middle_tip": null,
"l_ring_mcp": null,
"l_ring_pip": null,
"l_ring_dip": null,
"l_ring_tip": null,
"l_pinky_mcp": null,
"l_pinky_pip": null,
"l_pinky_dip": null,
"l_pinky_tip": null,
"r_hand_position": [
-0.1402832269668579,
-0.08040726184844971,
-0.5457707047462463
],
"r_wrist": [
-0.28056993760556165,
0.9163140683650489,
0.2857429583179677
],
"r_thumb_cmc": [
0.02821281271643171,
0.8340851959441647,
0.19111747862863174
],
"r_thumb_mcp": [
0.29740657114944397,
0.6581744322536959,
0.09767904284932226
],
"r_thumb_ip": [
0.49593108408396414,
0.5407615465698716,
0.00039619876601429264
],
"r_thumb_tip": [
0.6808181359477722,
0.4831810933649252,
-0.1016840551465353
],
"r_index_mcp": [
0.1975825292048511,
0.0902296874173212,
0.038509654912535725
],
"r_index_pip": [
0.3442882622783698,
-0.2845695078675993,
-0.1084506909861957
],
"r_index_dip": [
0.4210890534602462,
-0.5436617327002453,
-0.1972738216197329
],
"r_index_tip": [
0.4871598257486846,
-0.7657795612103806,
-0.26005541854556263
],
"r_middle_mcp": [
0.0,
0.0,
0.0
],
"r_middle_pip": [
0.17155992633745448,
0.08044872224796812,
-0.18981860553446606
],
"r_middle_dip": [
0.29826204047376126,
0.1949320255088475,
-0.2672015084276208
],
"r_middle_tip": [
0.3891669123577957,
0.2985712597032122,
-0.30347364964690493
],
"r_ring_mcp": [
-0.1998350666362364,
0.04661749660075472,
-0.040229756646038256
],
"r_ring_pip": [
-0.073105788837174,
0.33868008223424256,
-0.20230463429093973
],
"r_ring_dip": [
0.03832978867302208,
0.4830862065977652,
-0.2361545582128582
],
"r_ring_tip": [
0.13461250762521484,
0.5880278081845225,
-0.24342041938189538
],
"r_pinky_mcp": [
-0.38196296015301834,
0.18039090752029946,
-0.09241194352263847
],
"r_pinky_pip": [
-0.2703617959315038,
0.47576373896028007,
-0.20700622709059818
],
"r_pinky_dip": [
-0.18385613504648693,
0.6665274446035327,
-0.22764386638229947
],
"r_pinky_tip": [
-0.1035385798001812,
0.8038047819660675,
-0.22634596424953793
],
"l_hand_velocity": null,
"r_hand_velocity": [
0.0007453858852386475,
0.0005915164947509766,
0.000793013721704483
],
"m_nose_point": null,
"m_top_nose": null,
"m_eyebrows": null,
"m_forehead": null,
"m_top_chin": null,
"m_bot_up_lip": null,
"m_top_low_lip": null,
"m_bot_nose": null,
"m_chin": null,
"m_nose": null,
"l_eye_exterior": null,
"l_temple": null,
"l_mid_chin": null,
"l_up_lip": null,
"l_ext_nostril": null,
"l_mid_cheek": null,
"l_mid_eyebrow": null,
"l_ext_eyebrow": null,
"l_ext_lips": null,
"l_jaw_angle": null,
"l_mid_ext_face": null,
"l_int_eyebrow": null,
"l_mid_jaw": null,
"l_mid_bot_eyelid": null,
"l_ext_mouth": null,
"l_top_eyelid": null,
"l_eye_int": null,
"l_pupil": null,
"r_eye_exterior": null,
"r_temple": null,
"r_mid_chin": null,
"r_up_lip": null,
"r_ext_nostril": null,
"r_mid_cheek": null,
"r_mid_eyebrow": null,
"r_ext_eyebrow": null,
"r_ext_lips": null,
"r_jaw_angle": null,
"r_mid_ext_face": null,
"r_int_eyebrow": null,
"r_mid_jaw": null,
"r_mid_bot_eyelid": null,
"r_ext_mouth": null,
"r_top_eyelid": null,
"r_eye_int": null,
"r_pupil": null,
"l_shoulder": null,
"l_elbow": null,
"l_hip": null,
"l_knee": null,
"l_ankle": null,
"l_body_wrist": null,
"r_shoulder": null,
"r_elbow": null,
"r_hip": null,
"r_knee": null,
"r_ankle": null,
"r_body_wrist": null,
"m_face_position": null,
"m_body_position": null,
"m_face_scale": null,
"m_body_scale": null,
"l_hand_scale": null,
"r_hand_scale": [
0.16018234020019068,
0.16018234020019068,
0.16018234020019068
]
}
],
"framerate": 30,
"mirrorable": true,
"invalid": false
}