{
"label": "n",
"gestures": [
{
"l_hand_position": null,
"l_wrist": null,
"l_thumb_cmc": null,
"l_thumb_mcp": null,
"l_thumb_ip": null,
"l_thumb_tip": null,
"l_index_mcp": null,
"l_index_pip": null,
"l_index_dip": null,
"l_index_tip": null,
"l_middle_mcp": null,
"l_middle_pip": null,
"l_middle_dip": null,
"l_middle_tip": null,
"l_ring_mcp": null,
"l_ring_pip": null,
"l_ring_dip": null,
"l_ring_tip": null,
"l_pinky_mcp": null,
"l_pinky_pip": null,
"l_pinky_dip": null,
"l_pinky_tip": null,
"r_hand_position": [
-0.11050191521644592,
0.11858195066452026,
-0.5208565462380648
],
"r_wrist": [
-0.9092744016007229,
0.4004803869485815,
0.11329396393083657
],
"r_thumb_cmc": [
-0.709897941803639,
-0.2132722033107633,
0.15362352279326327
],
"r_thumb_mcp": [
-0.3347356116783036,
-0.562471205797119,
0.14933344469209456
],
"r_thumb_ip": [
0.06558790938456645,
-0.7220212950699378,
0.1438180643319477
],
"r_thumb_tip": [
0.3657537765529278,
-0.8195505954862103,
0.14718656041344605
],
"r_index_mcp": [
-0.05453104987994653,
-0.38900991306006816,
0.01114993285876462
],
"r_index_pip": [
0.5550664560774835,
-0.3757619495687565,
-0.0040619907122326744
],
"r_index_dip": [
0.8616286956671351,
-0.3664448606252726,
0.032008896784380646
],
"r_index_tip": [
1.0966655954385378,
-0.35298320985930765,
0.0749535914416082
],
"r_middle_mcp": [
0.0,
0.0,
0.0
],
"r_middle_pip": [
0.5914324687689057,
-0.07593830580843848,
-0.003381105350723599
],
"r_middle_dip": [
0.9360595348834736,
-0.11099370321532015,
0.020971392571257498
],
"r_middle_tip": [
1.1657856583425446,
-0.11747490300927577,
0.04794046688872399
],
"r_ring_mcp": [
-0.04655954322958279,
0.4017246296705403,
0.0132032834247932
],
"r_ring_pip": [
0.1889293375045715,
0.2501112419238045,
0.06533883521393298
],
"r_ring_dip": [
0.010484112854829353,
0.19729195662127047,
0.13883938860008882
],
"r_ring_tip": [
-0.16162738859732778,
0.1916794279756405,
0.1996663338699447
],
"r_pinky_mcp": [
-0.12420330012777356,
0.7402023588040612,
0.03075257850549481
],
"r_pinky_pip": [
-0.036660803999864426,
0.5365671278115659,
0.13067709877393519
],
"r_pinky_dip": [
-0.17554425801202397,
0.48437854373785716,
0.22612550299893086
],
"r_pinky_tip": [
-0.3142107870635506,
0.517027369156105,
0.3028245233638128
],
"l_hand_velocity": null,
"r_hand_velocity": null,
"m_nose_point": [
0.0,
0.0,
0.0
],
"m_top_nose": [
0.032143609598120605,
-0.2872924525317968,
0.23091393347860778
],
"m_eyebrows": [
0.05848882466592056,
-0.5243298307503026,
0.3248312190950278
],
"m_forehead": [
0.0863309825720138,
-0.7516898838984409,
0.47509896314569416
],
"m_top_chin": [
-0.0818936163013587,
0.6639555174155272,
0.08619412675669197
],
"m_bot_up_lip": [
-0.0381935025731042,
0.4018536648988804,
0.06496610969277666
],
"m_top_low_lip": [
-0.046890529626568714,
0.5090880084680978,
0.07843592447829673
],
"m_bot_nose": [
-0.027566187307383742,
0.07624901984685366,
0.0692221467143138
],
"m_chin": [
-0.12006735290388686,
0.9893175116478155,
0.08267219552925781
],
"m_nose": [
0.026779689925795543,
-0.2378308407516303,
0.1714515935827111
],
"l_eye_exterior": [
-0.34178111537147077,
-0.34727709055197775,
0.4033582199889372
],
"l_temple": [
-0.49651063901954534,
-0.4951240091218003,
0.7064727319284742
],
"l_mid_chin": [
-0.28837741606908346,
0.727029670760415,
0.0971177198027971
],
"l_up_lip": [
-0.15130699878099585,
0.3161647939995802,
0.06908802048540484
],
"l_ext_nostril": [
-0.15385285579119182,
0.009344409651665038,
0.11556987690485493
],
"l_mid_cheek": [
-0.3940942978400762,
0.006292543794722038,
0.2785131378603508
],
"l_mid_eyebrow": [
-0.2779549139079987,
-0.6319568582682976,
0.36536945992771663
],
"l_ext_eyebrow": [
-0.3537005603708488,
-0.604520938119377,
0.3964089635872844
],
"l_ext_lips": [
-0.31263459165469665,
0.41027867454775063,
0.16242087459027155
],
"l_jaw_angle": [
-0.5675811628228112,
0.45407234720339845,
0.5544277565174709
],
"l_mid_ext_face": [
-0.5916060411923211,
0.118578316453824,
0.7267685717014722
],
"l_int_eyebrow": [
-0.061798212882368746,
-0.6226485921056859,
0.326119148559938
],
"l_mid_jaw": [
-0.49496136342106023,
0.6793372074704749,
0.33807990208472827
],
"l_mid_bot_eyelid": [
-0.24622733092866936,
-0.3037216449036061,
0.3604397209769203
],
"l_ext_mouth": [
-0.23569112737493755,
0.5109192785801346,
0.12328225272170629
],
"l_top_eyelid": [
-0.2521236140751762,
-0.43598799010501804,
0.36983514565740544
],
"l_eye_int": [
-0.13698344701755297,
-0.34829917947809863,
0.3836969031678065
],
"l_pupil": [
-0.2548466118312014,
-0.36686432027982424,
0.38248301373434584
],
"r_eye_exterior": [
0.4214029627879548,
-0.1791945242957446,
0.45554777101777294
],
"r_temple": [
0.545622487244185,
-0.26716805902262863,
0.7510729973691291
],
"r_mid_chin": [
0.0951202508214999,
0.8081309540126821,
0.10984799315230577
],
"r_up_lip": [
0.08845629502728684,
0.3598285759914425,
0.07957167950068862
],
"r_ext_nostril": [
0.14537325441406393,
0.09792871286934919,
0.16629625784452748
],
"r_mid_cheek": [
0.36234487816944383,
0.17708916605838645,
0.3058743620535007
],
"r_mid_eyebrow": [
0.45598173996104546,
-0.39202640082314316,
0.4202117806897392
],
"r_ext_eyebrow": [
0.3960046318344173,
-0.44906459149612005,
0.38353230440092617
],
"r_ext_lips": [
0.14864198120532707,
0.5864202035025193,
0.15507900483259313
],
"r_jaw_angle": [
0.3983283569848062,
0.6653024271247813,
0.5983372718792448
],
"r_mid_ext_face": [
0.4866720801034789,
0.3546363378921209,
0.7737784972026873
],
"r_int_eyebrow": [
0.20385341970239879,
-0.5473093716473473,
0.3317660804579903
],
"r_mid_jaw": [
0.2886987542764485,
0.8430289986724108,
0.37173650260677654
],
"r_mid_bot_eyelid": [
0.2874887003825162,
-0.17786361561029018,
0.37885855830000703
],
"r_ext_mouth": [
0.18612654430043674,
0.5221802343883218,
0.18204275947664886
],
"r_top_eyelid": [
0.3217425626488043,
-0.29385993156486484,
0.38852318844046285
],
"r_eye_int": [
0.19715633237655347,
-0.25727886157241975,
0.3956669043431163
],
"r_pupil": [
0.29754826167435683,
-0.23478405757283544,
0.40057874803126614
],
"l_shoulder": [
0.4187533045507533,
0.07481573302809554,
0.26277038649606765
],
"l_elbow": [
0.6319480992021357,
0.9342285089867393,
0.09901841029815249
],
"l_hip": [
0.1744977673023243,
1.5243027993961353,
0.7289851555547822
],
"l_knee": [
0.10249051876219517,
2.809897173765845,
0.6684591416719906
],
"l_ankle": [
0.048651432548954855,
3.924686560708435,
1.8453160115006364
],
"l_body_wrist": [
0.6480604683783941,
1.4076762805163447,
-0.7443688618391187
],
"r_shoulder": [
-0.4187533045507533,
-0.07481573302809554,
-0.26277038649606765
],
"r_elbow": [
-0.932250697234245,
0.6215545380000381,
-1.5301136208642214
],
"r_hip": [
-0.4253388526061649,
1.499602909086862,
0.7555008886580646
],
"r_knee": [
-0.43612066549760015,
2.7340193750980126,
0.3331121589050202
],
"r_ankle": [
-0.4682370955090251,
3.8565889820782098,
1.1494501366083731
],
"r_body_wrist": [
-0.3676215623947906,
0.04829701582652029,
-3.176492980846691
],
"m_face_position": [
0.013965785503387451,
-0.21404504776000977,
-0.5416697189211845
],
"m_body_position": [
-0.03155551850795746,
0.17420196533203125,
-0.8621585592627525
],
"m_face_scale": [
0.15831470752560678,
0.15831470752560678,
0.15831470752560678
],
"m_body_scale": [
0.4906135601519463,
0.4906135601519463,
0.4906135601519463
],
"l_hand_scale": null,
"r_hand_scale": [
0.18409643538940396,
0.18409643538940396,
0.18409643538940396
]
}
],
"framerate": 30,
"mirrorable": true,
"invalid": false
}