{
"label": "n",
"gestures": [
{
"l_hand_position": null,
"l_wrist": null,
"l_thumb_cmc": null,
"l_thumb_mcp": null,
"l_thumb_ip": null,
"l_thumb_tip": null,
"l_index_mcp": null,
"l_index_pip": null,
"l_index_dip": null,
"l_index_tip": null,
"l_middle_mcp": null,
"l_middle_pip": null,
"l_middle_dip": null,
"l_middle_tip": null,
"l_ring_mcp": null,
"l_ring_pip": null,
"l_ring_dip": null,
"l_ring_tip": null,
"l_pinky_mcp": null,
"l_pinky_pip": null,
"l_pinky_dip": null,
"l_pinky_tip": null,
"r_hand_position": [
-0.14293509721755981,
0.12463778257369995,
-0.554053895175457
],
"r_wrist": [
-0.6538639549549085,
0.6485632390263317,
0.38965068124462293
],
"r_thumb_cmc": [
-0.5039905838653236,
0.12989997958323987,
0.36654557423341094
],
"r_thumb_mcp": [
-0.15050217855991568,
-0.1431558511750731,
0.2784044269277335
],
"r_thumb_ip": [
0.1698070190421166,
-0.08091357896324483,
0.1981257109560255
],
"r_thumb_tip": [
0.35636992037187454,
0.05905849130636074,
0.12283277010267721
],
"r_index_mcp": [
-0.03207519622745133,
-0.33834396300237596,
0.06412125613335717
],
"r_index_pip": [
0.5103716799675572,
-0.6222779266843902,
-0.09546154571404797
],
"r_index_dip": [
0.8252467521982129,
-0.7879342148982654,
-0.17620836287379285
],
"r_index_tip": [
1.0687011544164198,
-0.9149200252519056,
-0.22164840322103274
],
"r_middle_mcp": [
0.0,
0.0,
0.0
],
"r_middle_pip": [
0.6249022902161845,
-0.1361111451391695,
-0.1392772562754417
],
"r_middle_dip": [
0.9837247101033638,
-0.21160885928278975,
-0.18592501729105623
],
"r_middle_tip": [
1.2816522716679923,
-0.2686685720773779,
-0.2123023305893248
],
"r_ring_mcp": [
-0.00933307541546094,
0.39369577713309994,
-0.04213157746855977
],
"r_ring_pip": [
0.44799191654253734,
0.4140706859479684,
-0.16849902646162138
],
"r_ring_dip": [
0.2915587107735699,
0.4182985407536095,
-0.09356540224462268
],
"r_ring_tip": [
0.11220743840573087,
0.4221671997647876,
-0.0066750641316883266
],
"r_pinky_mcp": [
-0.047768099573105294,
0.7724411034717804,
-0.08178815197715564
],
"r_pinky_pip": [
0.2933319177637,
0.705651739043682,
-0.16040858159288449
],
"r_pinky_dip": [
0.1548065128528946,
0.7052126264815513,
-0.059192276701696765
],
"r_pinky_tip": [
0.004456648777592698,
0.7274406590542175,
0.04511105502442543
],
"l_hand_velocity": null,
"r_hand_velocity": null,
"m_nose_point": [
0.0,
0.0,
0.0
],
"m_top_nose": [
0.02107906546218159,
-0.32491440022956397,
0.24146212837401407
],
"m_eyebrows": [
0.03207261245495782,
-0.5806832992456834,
0.34310921594067023
],
"m_forehead": [
0.047426485114911106,
-0.8562579526012689,
0.5065014965561183
],
"m_top_chin": [
-0.003631643368484389,
0.6446101077559909,
0.0636135116030571
],
"m_bot_up_lip": [
0.019612051002313592,
0.3969842805002618,
0.07956676428849753
],
"m_top_low_lip": [
0.019274305815419546,
0.4047787803987775,
0.07746650702351565
],
"m_bot_nose": [
-0.014696975923631833,
0.08121559627928933,
0.07553590199026064
],
"m_chin": [
-0.008879521021569057,
0.9980699780218408,
0.061461150964731204
],
"m_nose": [
0.01572527468428694,
-0.26693802643358067,
0.1787990657073377
],
"l_eye_exterior": [
-0.3242101956308274,
-0.28616102322409226,
0.4738538346740672
],
"l_temple": [
-0.4908640267943301,
-0.4815307268735752,
0.8187675013482189
],
"l_mid_chin": [
-0.20023535260325337,
0.7605670918729499,
0.10192426000776046
],
"l_up_lip": [
-0.11687725149030796,
0.30801137159739006,
0.09343163080502852
],
"l_ext_nostril": [
-0.1537145423867174,
0.035226940674298574,
0.14359751476268107
],
"l_mid_cheek": [
-0.3793012605444873,
0.05586658434976854,
0.3461897727265496
],
"l_mid_eyebrow": [
-0.30557442827676223,
-0.5599417436078963,
0.4250408143639875
],
"l_ext_eyebrow": [
-0.3745323455780433,
-0.518761308506779,
0.4672774092616474
],
"l_ext_lips": [
-0.261273792518743,
0.4797363231767946,
0.19969954251788655
],
"l_jaw_angle": [
-0.4931162105527894,
0.5327538444691747,
0.6484372196803746
],
"l_mid_ext_face": [
-0.5309034244974946,
0.1791223949411326,
0.8405786030247121
],
"l_int_eyebrow": [
-0.09992361992072485,
-0.6226827958453311,
0.35895621716770754
],
"l_mid_jaw": [
-0.4109530448502002,
0.7544161283089855,
0.39744008940100656
],
"l_mid_bot_eyelid": [
-0.2357927422269591,
-0.25733288282581346,
0.41859244086149416
],
"l_ext_mouth": [
-0.1825476253974873,
0.497022521958281,
0.14204426936703027
],
"l_top_eyelid": [
-0.2420917488031579,
-0.3728109042561318,
0.429038564100565
],
"l_eye_int": [
-0.11848948461241543,
-0.3236650960818054,
0.43158715750693005
],
"l_pupil": [
-0.23573672595205958,
-0.31430755382359393,
0.44143437144551295
],
"r_eye_exterior": [
0.4672736434616541,
-0.2829770393298047,
0.4291115117652779
],
"r_temple": [
0.6289276690466271,
-0.4381868396763394,
0.7233219766053972
],
"r_mid_chin": [
0.20023558796575294,
0.7853135758035518,
0.06870443188923588
],
"r_up_lip": [
0.15703950841825198,
0.3125039709893298,
0.0670228403805341
],
"r_ext_nostril": [
0.19226103575506026,
0.06208909811360459,
0.15536243292751087
],
"r_mid_cheek": [
0.43893646923749446,
0.08869918231586285,
0.2694279070095334
],
"r_mid_eyebrow": [
0.4703098197062069,
-0.5025264740109062,
0.39282751397490706
],
"r_ext_eyebrow": [
0.39459323286705167,
-0.5496345136638887,
0.3641783667575571
],
"r_ext_lips": [
0.240361599068762,
0.5593392156089773,
0.11613228504867577
],
"r_jaw_angle": [
0.5848941697256286,
0.5790131669486798,
0.5584339820152889
],
"r_mid_ext_face": [
0.6537108695271631,
0.2307119719485746,
0.7409217664972586
],
"r_int_eyebrow": [
0.1739592477878959,
-0.6192003723015791,
0.33642956936202933
],
"r_mid_jaw": [
0.46143194622213485,
0.7982848738802797,
0.32812762791442407
],
"r_mid_bot_eyelid": [
0.3213427742984719,
-0.24723230115643513,
0.3641130904393149
],
"r_ext_mouth": [
0.2770903878528661,
0.49884093263001855,
0.14522085405273735
],
"r_top_eyelid": [
0.3431806484592921,
-0.36817026185195767,
0.37375395030639297
],
"r_eye_int": [
0.21393133181618113,
-0.31324936402549247,
0.3949014474153268
],
"r_pupil": [
0.33753383136942317,
-0.30629298998797305,
0.3875312693281592
],
"l_shoulder": [
0.4890685988518546,
0.01977478831124411,
0.10208263008136674
],
"l_elbow": [
0.8662876695038636,
0.9625474293769324,
0.047332993505018406
],
"l_hip": [
0.37271422103735496,
2.051448884653013,
1.092948218376294
],
"l_knee": [
0.3217041722546366,
3.8931776866250556,
0.6544385248729242
],
"l_ankle": [
0.29006666107180695,
5.545121915335651,
2.313461828574585
],
"l_body_wrist": [
0.8553206487730647,
1.9257363097768725,
-0.9152108523466458
],
"r_shoulder": [
-0.4890685988518546,
-0.01977478831124411,
-0.10208263008136674
],
"r_elbow": [
-1.033958980246237,
0.9165994683880733,
-1.430706337465104
],
"r_hip": [
-0.3879830846763645,
2.049277985045537,
1.3258356463354624
],
"r_knee": [
-0.38963141671160473,
3.8433021819422493,
0.9978675950956936
],
"r_ankle": [
-0.38362945982802843,
5.466867040643862,
1.8402686498074488
],
"r_body_wrist": [
-0.6475421200824052,
0.27741753358011495,
-3.701452634430878
],
"m_face_position": [
-0.00556790828704834,
-0.08070507645606995,
-0.5347548685967922
],
"m_body_position": [
0.013087272644042969,
0.2235565185546875,
-0.9011002779006958
],
"m_face_scale": [
0.12662307054507116,
0.12662307054507116,
0.12662307054507116
],
"m_body_scale": [
0.3326592688173319,
0.3326592688173319,
0.3326592688173319
],
"l_hand_scale": null,
"r_hand_scale": [
0.1387251293037035,
0.1387251293037035,
0.1387251293037035
]
}
],
"framerate": 30,
"mirrorable": true,
"invalid": false
}