{
"label": "n",
"gestures": [
{
"l_hand_position": [
-0.035638272762298584,
0.14418905973434448,
-0.5593061000108719
],
"l_wrist": [
0.912959819883541,
-0.024788476975905117,
0.40729583681573184
],
"l_thumb_cmc": [
0.4823695330149275,
-0.27718958312565517,
0.3769065044192071
],
"l_thumb_mcp": [
0.08987849176323745,
-0.09175862708839651,
0.2624465058622263
],
"l_thumb_ip": [
-0.12456438915267586,
0.3179471345996618,
0.14466219866198352
],
"l_thumb_tip": [
-0.24358231769393374,
0.6839365775308374,
-1.5197044186050556e-05
],
"l_index_mcp": [
-0.20832885931422035,
-0.05866038588415937,
0.062382126654773475
],
"l_index_pip": [
-0.5122615560754006,
0.5836999441895845,
-0.06754671675858034
],
"l_index_dip": [
-0.6570360695925639,
0.9818260698928617,
-0.13633795374845065
],
"l_index_tip": [
-0.7951719820568712,
1.2664633303766584,
-0.1866380209273224
],
"l_middle_mcp": [
0.0,
0.0,
0.0
],
"l_middle_pip": [
-0.2993142280465913,
0.7599635519562276,
-0.1451590447867194
],
"l_middle_dip": [
-0.4643944486842673,
1.1502355177457606,
-0.19575783366241994
],
"l_middle_tip": [
-0.6177660887198261,
1.4467045725771293,
-0.2449406366668728
],
"l_ring_mcp": [
0.26067198231888544,
0.11463094611588674,
-0.035497992636161664
],
"l_ring_pip": [
0.09895578347571343,
0.7504273811452314,
-0.1342012084010928
],
"l_ring_dip": [
0.22557346215397123,
0.6109146267113676,
-0.0810896880478017
],
"l_ring_tip": [
0.30756115735822137,
0.3671740960187024,
-0.054899398874856044
],
"l_pinky_mcp": [
0.5012028154098586,
0.25299056725757263,
-0.06714489053638151
],
"l_pinky_pip": [
0.34666207751045164,
0.7441811401422699,
-0.1295537271476032
],
"l_pinky_dip": [
0.4277285350597333,
0.6312260647037621,
-0.050733003848427875
],
"l_pinky_tip": [
0.49390373137264726,
0.38528283246860145,
0.006263254528860018
],
"r_hand_position": null,
"r_wrist": null,
"r_thumb_cmc": null,
"r_thumb_mcp": null,
"r_thumb_ip": null,
"r_thumb_tip": null,
"r_index_mcp": null,
"r_index_pip": null,
"r_index_dip": null,
"r_index_tip": null,
"r_middle_mcp": null,
"r_middle_pip": null,
"r_middle_dip": null,
"r_middle_tip": null,
"r_ring_mcp": null,
"r_ring_pip": null,
"r_ring_dip": null,
"r_ring_tip": null,
"r_pinky_mcp": null,
"r_pinky_pip": null,
"r_pinky_dip": null,
"r_pinky_tip": null,
"l_hand_velocity": null,
"r_hand_velocity": null,
"m_nose_point": [
0.0,
0.0,
0.0
],
"m_top_nose": [
0.007307365261971465,
-0.2989666692231899,
0.22468728290599968
],
"m_eyebrows": [
0.007427749389211307,
-0.5332102989605267,
0.3141231587812827
],
"m_forehead": [
0.006500742870951471,
-0.8175169108426348,
0.45559793323593306
],
"m_top_chin": [
0.03760931728957908,
0.6338865210624326,
0.07491072902294856
],
"m_bot_up_lip": [
0.022635627617003985,
0.3957440539734555,
0.07902908768353453
],
"m_top_low_lip": [
0.022886143574094183,
0.397242763249822,
0.0821269380347264
],
"m_bot_nose": [
-0.008070854068939938,
0.08368207737073652,
0.07440141156154922
],
"m_chin": [
0.05744028717297306,
0.9951541693653281,
0.07980471542641017
],
"m_nose": [
0.00456874821354769,
-0.24728215674915976,
0.1664153986617635
],
"l_eye_exterior": [
-0.3099306414269302,
-0.22330183355703545,
0.45692619479368346
],
"l_temple": [
-0.47263515062801253,
-0.37358045885536567,
0.7842177839548595
],
"l_mid_chin": [
-0.1393594925265982,
0.7810005547082596,
0.11709403391622848
],
"l_up_lip": [
-0.1054423612933164,
0.31161748136367956,
0.10031104879285944
],
"l_ext_nostril": [
-0.139516917923758,
0.0492010415414365,
0.13929202014759107
],
"l_mid_cheek": [
-0.35783377636577685,
0.10642395494619511,
0.3442290220631731
],
"l_mid_eyebrow": [
-0.3108966387556321,
-0.47256179916586843,
0.4015333364001221
],
"l_ext_eyebrow": [
-0.37289324582132444,
-0.43268467886395334,
0.44444438344720355
],
"l_ext_lips": [
-0.2235277365650341,
0.46865443257444406,
0.21587275147410787
],
"l_jaw_angle": [
-0.4068371832367852,
0.606664599367182,
0.6550672431416761
],
"l_mid_ext_face": [
-0.46338555562089623,
0.27911425439405274,
0.8300985752177312
],
"l_int_eyebrow": [
-0.12225763568158275,
-0.5398204597932812,
0.33094771252551075
],
"l_mid_jaw": [
-0.3149767833758278,
0.7965028135548897,
0.41573735356688524
],
"l_mid_bot_eyelid": [
-0.23143044276394267,
-0.2133582021240506,
0.4019345762088274
],
"l_ext_mouth": [
-0.15613309548620463,
0.4870066759718232,
0.1652833857729763
],
"l_top_eyelid": [
-0.23926905781818714,
-0.2912174893403969,
0.4094606403173369
],
"l_eye_int": [
-0.1311087933444943,
-0.2775663192195032,
0.41127589100519446
],
"l_pupil": [
-0.2314355603078132,
-0.2613322515993887,
0.4230486940638275
],
"r_eye_exterior": [
0.41552165518505696,
-0.2753272719298682,
0.40547376902649557
],
"r_temple": [
0.5620749522382141,
-0.44439776201331166,
0.673425822545752
],
"r_mid_chin": [
0.24138382189953805,
0.7710715448291905,
0.07970198377936655
],
"r_up_lip": [
0.1472366110061542,
0.29674248718003593,
0.07016506000702005
],
"r_ext_nostril": [
0.18347564500126035,
0.04363705289135538,
0.14761782994754458
],
"r_mid_cheek": [
0.4243221247943938,
0.06026005384562936,
0.2596958912448398
],
"r_mid_eyebrow": [
0.40392530077445954,
-0.48847297413700963,
0.3653763582609756
],
"r_ext_eyebrow": [
0.3314696525002514,
-0.5238186311878622,
0.33739031568116534
],
"r_ext_lips": [
0.27054480533658504,
0.5136537269056187,
0.13008648780243137
],
"r_jaw_angle": [
0.5727418632048991,
0.5578161809676808,
0.5488498481061119
],
"r_mid_ext_face": [
0.6144478962091118,
0.21883104975472342,
0.7115525296129547
],
"r_int_eyebrow": [
0.12800415006304575,
-0.5672748641957925,
0.3076390288894288
],
"r_mid_jaw": [
0.47155486148620235,
0.7734519338066779,
0.3345734504731142
],
"r_mid_bot_eyelid": [
0.2869967341100445,
-0.23899441629713591,
0.3426561845546107
],
"r_ext_mouth": [
0.3037891013971762,
0.44236195432310593,
0.1528117638218814
],
"r_top_eyelid": [
0.2942999565984065,
-0.3292067233392207,
0.35011359589825014
],
"r_eye_int": [
0.18354192937901181,
-0.28849349384588885,
0.37142860019634616
],
"r_pupil": [
0.2965558186750446,
-0.28950871707277387,
0.36455757408787043
],
"l_shoulder": [
0.48878842921750354,
-0.03423664334693602,
-0.09956768409187927
],
"l_elbow": [
1.1082191741583474,
1.2931960347235278,
-1.58010753722353
],
"l_hip": [
0.5385619577375459,
2.4645888176680995,
-0.5849008120697712
],
"l_knee": [
0.4927665743970125,
4.654119563767216,
-1.372601848643246
],
"l_ankle": [
0.44329364902669,
6.843993656121257,
0.10706361018664097
],
"l_body_wrist": [
0.3427322023368515,
0.15121424526203336,
-2.958247085062117
],
"r_shoulder": [
-0.48878842921750354,
0.03423664334693602,
0.09956768409187927
],
"r_elbow": [
-1.0254509464233408,
0.7875640192287162,
-1.1111394712781997
],
"r_hip": [
-0.34533766320330417,
2.4574761781068966,
-0.3123478251406737
],
"r_knee": [
-0.4058725275575472,
4.556477494519761,
-0.7731920734471596
],
"r_ankle": [
-0.3799290976803291,
6.797074339325827,
-0.3274208425163103
],
"r_body_wrist": [
-0.814269350795434,
0.9896545884819669,
-3.520228760918744
],
"m_face_position": [
-0.07367318868637085,
-0.08370333909988403,
-0.5326764807105064
],
"m_body_position": [
0.0018679499626159668,
0.17394915223121643,
-0.3841353543102741
],
"m_face_scale": [
0.1222947542759525,
0.1222947542759525,
0.1222947542759525
],
"m_body_scale": [
0.2551908650904892,
0.2551908650904892,
0.2551908650904892
],
"l_hand_scale": [
0.14560873879129324,
0.14560873879129324,
0.14560873879129324
],
"r_hand_scale": null
}
],
"framerate": 30,
"mirrorable": true,
"invalid": false
}