{
"label": "n",
"gestures": [
{
"l_hand_position": null,
"l_wrist": null,
"l_thumb_cmc": null,
"l_thumb_mcp": null,
"l_thumb_ip": null,
"l_thumb_tip": null,
"l_index_mcp": null,
"l_index_pip": null,
"l_index_dip": null,
"l_index_tip": null,
"l_middle_mcp": null,
"l_middle_pip": null,
"l_middle_dip": null,
"l_middle_tip": null,
"l_ring_mcp": null,
"l_ring_pip": null,
"l_ring_dip": null,
"l_ring_tip": null,
"l_pinky_mcp": null,
"l_pinky_pip": null,
"l_pinky_dip": null,
"l_pinky_tip": null,
"r_hand_position": [
-0.10020282864570618,
0.15298771858215332,
-0.5568452179431915
],
"r_wrist": [
-0.7324589642520313,
0.5892758132514493,
0.34096610037316716
],
"r_thumb_cmc": [
-0.5364559162815469,
0.14565338859716756,
0.34293371731200856
],
"r_thumb_mcp": [
-0.17476014868215406,
-0.008148083806900828,
0.2609933708873769
],
"r_thumb_ip": [
0.12018718563585579,
0.11573525225840713,
0.16617427876454421
],
"r_thumb_tip": [
0.27852621583366666,
0.33507962336455654,
0.09091208151319764
],
"r_index_mcp": [
0.003219049036783601,
-0.22051522690306927,
0.094731060078445
],
"r_index_pip": [
0.578011107945419,
-0.19412717610286961,
-0.060189942630834735
],
"r_index_dip": [
0.896210029580765,
-0.13402169597036231,
-0.12393785683142407
],
"r_index_tip": [
1.154829730544082,
-0.099498074325977,
-0.16089560723713112
],
"r_middle_mcp": [
0.0,
0.0,
0.0
],
"r_middle_pip": [
0.5830336324226796,
0.06540382605933238,
-0.20753307277522887
],
"r_middle_dip": [
0.9352965924575436,
0.09885991322750314,
-0.28794065615649567
],
"r_middle_tip": [
1.2084209622870696,
0.0920303381775612,
-0.3248290936865912
],
"r_ring_mcp": [
-0.06145884642845848,
0.3058371870124155,
-0.0729436458108181
],
"r_ring_pip": [
0.3017801269869357,
0.6447697303535843,
-0.24020151362963196
],
"r_ring_dip": [
0.11832132413841315,
0.6717072789735903,
-0.15453531297816078
],
"r_ring_tip": [
-0.03555093588330108,
0.5827794405229514,
-0.04748110736001578
],
"r_pinky_mcp": [
-0.1469309620903868,
0.6401206284350666,
-0.14648621564416747
],
"r_pinky_pip": [
0.1081137854252049,
0.9070936257938131,
-0.241559304151686
],
"r_pinky_dip": [
-0.038886534229946014,
0.904563504732805,
-0.15089949290465676
],
"r_pinky_tip": [
-0.1606405215543518,
0.7883381018491834,
-0.0495422157649677
],
"l_hand_velocity": null,
"r_hand_velocity": null,
"m_nose_point": null,
"m_top_nose": null,
"m_eyebrows": null,
"m_forehead": null,
"m_top_chin": null,
"m_bot_up_lip": null,
"m_top_low_lip": null,
"m_bot_nose": null,
"m_chin": null,
"m_nose": null,
"l_eye_exterior": null,
"l_temple": null,
"l_mid_chin": null,
"l_up_lip": null,
"l_ext_nostril": null,
"l_mid_cheek": null,
"l_mid_eyebrow": null,
"l_ext_eyebrow": null,
"l_ext_lips": null,
"l_jaw_angle": null,
"l_mid_ext_face": null,
"l_int_eyebrow": null,
"l_mid_jaw": null,
"l_mid_bot_eyelid": null,
"l_ext_mouth": null,
"l_top_eyelid": null,
"l_eye_int": null,
"l_pupil": null,
"r_eye_exterior": null,
"r_temple": null,
"r_mid_chin": null,
"r_up_lip": null,
"r_ext_nostril": null,
"r_mid_cheek": null,
"r_mid_eyebrow": null,
"r_ext_eyebrow": null,
"r_ext_lips": null,
"r_jaw_angle": null,
"r_mid_ext_face": null,
"r_int_eyebrow": null,
"r_mid_jaw": null,
"r_mid_bot_eyelid": null,
"r_ext_mouth": null,
"r_top_eyelid": null,
"r_eye_int": null,
"r_pupil": null,
"l_shoulder": [
0.4696559083269469,
0.08322941844345724,
0.14998730505997626
],
"l_elbow": [
0.8103941668516442,
0.7972476860657378,
-0.07600611460365321
],
"l_hip": [
0.34409191162046165,
1.7162010299532486,
-0.010780376959612654
],
"l_knee": [
0.32477774086403444,
3.1617979924475734,
-0.08173015492521228
],
"l_ankle": [
0.30374578873352837,
4.434256151927367,
1.2575190161272412
],
"l_body_wrist": [
0.8519081747328461,
1.7643997203073243,
-0.7822595553614731
],
"r_shoulder": [
-0.4696559083269469,
-0.08322941844345724,
-0.14998730505997626
],
"r_elbow": [
-0.9258984570500455,
0.7998979773286022,
-1.500542430796621
],
"r_hip": [
-0.3710698486479614,
1.6911914301416064,
0.16536207474758616
],
"r_knee": [
-0.3198941864290782,
3.1312994510715004,
0.1335342425147574
],
"r_ankle": [
-0.32819598578195147,
4.399112305244712,
0.886799098189482
],
"r_body_wrist": [
-0.6012474679647933,
0.2677854616246995,
-3.085636358201392
],
"m_face_position": null,
"m_body_position": [
-0.005929425358772278,
0.2040046751499176,
-0.5287638120353222
],
"m_face_scale": null,
"m_body_scale": [
0.40441242718079506,
0.40441242718079506,
0.40441242718079506
],
"l_hand_scale": null,
"r_hand_scale": [
0.16672011374323628,
0.16672011374323628,
0.16672011374323628
]
}
],
"framerate": 30,
"mirrorable": true,
"invalid": false
}