{
"label": "n",
"gestures": [
{
"l_hand_position": null,
"l_wrist": null,
"l_thumb_cmc": null,
"l_thumb_mcp": null,
"l_thumb_ip": null,
"l_thumb_tip": null,
"l_index_mcp": null,
"l_index_pip": null,
"l_index_dip": null,
"l_index_tip": null,
"l_middle_mcp": null,
"l_middle_pip": null,
"l_middle_dip": null,
"l_middle_tip": null,
"l_ring_mcp": null,
"l_ring_pip": null,
"l_ring_dip": null,
"l_ring_tip": null,
"l_pinky_mcp": null,
"l_pinky_pip": null,
"l_pinky_dip": null,
"l_pinky_tip": null,
"r_hand_position": [
-0.10242903232574463,
0.023199737071990967,
0.5345681458711624
],
"r_wrist": [
-0.7655165167705039,
0.5433219290544552,
-0.3446530776884206
],
"r_thumb_cmc": [
-0.4006302289159109,
0.3201289570302445,
-0.33784042012827886
],
"r_thumb_mcp": [
-0.048277229786993135,
0.2614905186642021,
-0.2606458012265366
],
"r_thumb_ip": [
0.20282890351957736,
0.37322398538049273,
-0.17631706449802428
],
"r_thumb_tip": [
0.3772549620246964,
0.45345010730504065,
-0.07545393407299011
],
"r_index_mcp": [
0.2074024544931571,
-0.059818076968245606,
-0.07835088282668787
],
"r_index_pip": [
0.6129604231014957,
0.1052178205527864,
0.08562278281826072
],
"r_index_dip": [
0.888222108178219,
0.20586268440836694,
0.2185626305146495
],
"r_index_tip": [
1.1432873106877506,
0.29446275471762284,
0.32875525002022227
],
"r_middle_mcp": [
-0.0,
0.0,
-0.0
],
"r_middle_pip": [
0.42816364759534487,
0.538858319210048,
0.1680075022442017
],
"r_middle_dip": [
0.6632195645954649,
0.8945119293196391,
0.24609367208858787
],
"r_middle_tip": [
0.8660015202815038,
1.132411458768899,
0.3226841968689464
],
"r_ring_mcp": [
-0.23036469930450698,
0.16638906482441573,
0.06580737997583605
],
"r_ring_pip": [
0.12982621091985558,
0.771130051398419,
0.18920288911138258
],
"r_ring_dip": [
0.016458484175323744,
0.7892899488322352,
0.14080442694411266
],
"r_ring_tip": [
-0.12346448233719298,
0.6541027707433746,
0.11474979073659673
],
"r_pinky_mcp": [
-0.42500625722078283,
0.36283484581186987,
0.13352138427052906
],
"r_pinky_pip": [
-0.11498356420518197,
0.8533606675321515,
0.23591966056731895
],
"r_pinky_dip": [
-0.18844800954742863,
0.8576537200572476,
0.19643991250826182
],
"r_pinky_tip": [
-0.30192924307937646,
0.6725075100432402,
0.16261533556556657
],
"l_hand_velocity": null,
"r_hand_velocity": null,
"m_nose_point": null,
"m_top_nose": null,
"m_eyebrows": null,
"m_forehead": null,
"m_top_chin": null,
"m_bot_up_lip": null,
"m_top_low_lip": null,
"m_bot_nose": null,
"m_chin": null,
"m_nose": null,
"l_eye_exterior": null,
"l_temple": null,
"l_mid_chin": null,
"l_up_lip": null,
"l_ext_nostril": null,
"l_mid_cheek": null,
"l_mid_eyebrow": null,
"l_ext_eyebrow": null,
"l_ext_lips": null,
"l_jaw_angle": null,
"l_mid_ext_face": null,
"l_int_eyebrow": null,
"l_mid_jaw": null,
"l_mid_bot_eyelid": null,
"l_ext_mouth": null,
"l_top_eyelid": null,
"l_eye_int": null,
"l_pupil": null,
"r_eye_exterior": null,
"r_temple": null,
"r_mid_chin": null,
"r_up_lip": null,
"r_ext_nostril": null,
"r_mid_cheek": null,
"r_mid_eyebrow": null,
"r_ext_eyebrow": null,
"r_ext_lips": null,
"r_jaw_angle": null,
"r_mid_ext_face": null,
"r_int_eyebrow": null,
"r_mid_jaw": null,
"r_mid_bot_eyelid": null,
"r_ext_mouth": null,
"r_top_eyelid": null,
"r_eye_int": null,
"r_pupil": null,
"l_shoulder": null,
"l_elbow": null,
"l_hip": null,
"l_knee": null,
"l_ankle": null,
"l_body_wrist": null,
"r_shoulder": null,
"r_elbow": null,
"r_hip": null,
"r_knee": null,
"r_ankle": null,
"r_body_wrist": null,
"m_face_position": null,
"m_body_position": null,
"m_face_scale": null,
"m_body_scale": null,
"l_hand_scale": null,
"r_hand_scale": [
-0.10029785364617107,
0.10029785364617107,
-0.10029785364617107
]
}
],
"framerate": 30,
"mirrorable": true,
"invalid": false
}