{
"label": "n",
"gestures": [
{
"l_hand_position": null,
"l_wrist": null,
"l_thumb_cmc": null,
"l_thumb_mcp": null,
"l_thumb_ip": null,
"l_thumb_tip": null,
"l_index_mcp": null,
"l_index_pip": null,
"l_index_dip": null,
"l_index_tip": null,
"l_middle_mcp": null,
"l_middle_pip": null,
"l_middle_dip": null,
"l_middle_tip": null,
"l_ring_mcp": null,
"l_ring_pip": null,
"l_ring_dip": null,
"l_ring_tip": null,
"l_pinky_mcp": null,
"l_pinky_pip": null,
"l_pinky_dip": null,
"l_pinky_tip": null,
"r_hand_position": [
-0.057041674852371216,
-0.04720345139503479,
-0.5484389625489712
],
"r_wrist": [
-0.49355601181546793,
0.791756006467861,
0.35989566463473005
],
"r_thumb_cmc": [
-0.09504381946808456,
0.7393109209469476,
0.3219524004171318
],
"r_thumb_mcp": [
0.20892431088854485,
0.5610606921738679,
0.23398284718526996
],
"r_thumb_ip": [
0.4122339339823749,
0.42416345717628806,
0.13360521823881696
],
"r_thumb_tip": [
0.6094771611495652,
0.257902536496935,
0.024758089496967492
],
"r_index_mcp": [
0.16894902691541558,
0.06945034670899969,
0.10349258829590678
],
"r_index_pip": [
0.45700263836722427,
-0.16544696033966885,
-0.09900888687905426
],
"r_index_dip": [
0.6777395597567135,
-0.3094590412661747,
-0.2283850984455023
],
"r_index_tip": [
0.8724762496428307,
-0.42284309659262737,
-0.31668518121461475
],
"r_middle_mcp": [
0.0,
0.0,
0.0
],
"r_middle_pip": [
0.31705725918137123,
-0.2336887663702147,
-0.23524762995465953
],
"r_middle_dip": [
0.5697494309467751,
-0.3390235599262106,
-0.38401471395911635
],
"r_middle_tip": [
0.789006343927546,
-0.4201244336299934,
-0.4808791496956906
],
"r_ring_mcp": [
-0.18400375039069508,
0.06495695792412182,
-0.10050052012940314
],
"r_ring_pip": [
0.10476860841220575,
0.10110445833029776,
-0.3412090578309237
],
"r_ring_dip": [
0.32452085035920986,
0.19579953254946975,
-0.4528385924170139
],
"r_ring_tip": [
0.5092400267176741,
0.26440469791554927,
-0.5087480468129582
],
"r_pinky_mcp": [
-0.34467810432080115,
0.2486248057480865,
-0.19787824798034914
],
"r_pinky_pip": [
-0.11451841844402671,
0.36870964121586747,
-0.3916189103642943
],
"r_pinky_dip": [
0.05631427566662646,
0.49352722649333547,
-0.4677714211243401
],
"r_pinky_tip": [
0.20437733711938963,
0.5815735555765725,
-0.5102704028590446
],
"l_hand_velocity": null,
"r_hand_velocity": [
-0.002292037010192871,
0.0005248486995697021,
-0.0036753714084625244
],
"m_nose_point": null,
"m_top_nose": null,
"m_eyebrows": null,
"m_forehead": null,
"m_top_chin": null,
"m_bot_up_lip": null,
"m_top_low_lip": null,
"m_bot_nose": null,
"m_chin": null,
"m_nose": null,
"l_eye_exterior": null,
"l_temple": null,
"l_mid_chin": null,
"l_up_lip": null,
"l_ext_nostril": null,
"l_mid_cheek": null,
"l_mid_eyebrow": null,
"l_ext_eyebrow": null,
"l_ext_lips": null,
"l_jaw_angle": null,
"l_mid_ext_face": null,
"l_int_eyebrow": null,
"l_mid_jaw": null,
"l_mid_bot_eyelid": null,
"l_ext_mouth": null,
"l_top_eyelid": null,
"l_eye_int": null,
"l_pupil": null,
"r_eye_exterior": null,
"r_temple": null,
"r_mid_chin": null,
"r_up_lip": null,
"r_ext_nostril": null,
"r_mid_cheek": null,
"r_mid_eyebrow": null,
"r_ext_eyebrow": null,
"r_ext_lips": null,
"r_jaw_angle": null,
"r_mid_ext_face": null,
"r_int_eyebrow": null,
"r_mid_jaw": null,
"r_mid_bot_eyelid": null,
"r_ext_mouth": null,
"r_top_eyelid": null,
"r_eye_int": null,
"r_pupil": null,
"l_shoulder": null,
"l_elbow": null,
"l_hip": null,
"l_knee": null,
"l_ankle": null,
"l_body_wrist": null,
"r_shoulder": null,
"r_elbow": null,
"r_hip": null,
"r_knee": null,
"r_ankle": null,
"r_body_wrist": null,
"m_face_position": null,
"m_body_position": null,
"m_face_scale": null,
"m_body_scale": null,
"l_hand_scale": null,
"r_hand_scale": [
0.1345929669493173,
0.1345929669493173,
0.1345929669493173
]
}
],
"framerate": 30,
"mirrorable": true,
"invalid": false
}