{
"label": "n",
"gestures": [
{
"l_hand_position": [
0.07073009014129639,
0.04957860708236694,
-0.5090173669159412
],
"l_wrist": [
0.8565062279341608,
0.5133834709584431,
0.05323995920976182
],
"l_thumb_cmc": [
0.7066032360719616,
-0.07029254101133173,
0.08202895639433237
],
"l_thumb_mcp": [
0.42323292200334084,
-0.472437524755577,
0.08505736561989102
],
"l_thumb_ip": [
0.199003076930987,
-0.8326017668485404,
0.08275345672208805
],
"l_thumb_tip": [
0.14046120921265073,
-1.1764197247793151,
0.07804877256650389
],
"l_index_mcp": [
0.052274325825363635,
-0.31514791277358595,
0.012000093241441016
],
"l_index_pip": [
-0.4111370236347134,
-0.3339452597816226,
0.02285646346138595
],
"l_index_dip": [
-0.660468356392853,
-0.2787064323893639,
0.03305808054190113
],
"l_index_tip": [
-0.8610610170818724,
-0.2636002839728707,
0.03754840254682198
],
"l_middle_mcp": [
0.0,
0.0,
0.0
],
"l_middle_pip": [
-0.46494797055360115,
0.00292086455427697,
0.0026159663247313034
],
"l_middle_dip": [
-0.7541325646421936,
-0.07432333409623394,
-0.022981798903122
],
"l_middle_tip": [
-0.9791295765492852,
-0.12650545913687222,
-0.051254453619418265
],
"l_ring_mcp": [
0.044357727149096804,
0.3293313495200412,
0.010251753456655802
],
"l_ring_pip": [
-0.08488313923842539,
0.33658002037413726,
0.030229600975968825
],
"l_ring_dip": [
0.0970068386070273,
0.2858009660537282,
0.044032576831333006
],
"l_ring_tip": [
0.24147103990460583,
0.263825859175195,
0.05334188276596042
],
"l_pinky_mcp": [
0.10706833721803126,
0.608339018061027,
0.026175906157503797
],
"l_pinky_pip": [
0.05994880946387836,
0.5443164823224124,
0.071286637082461
],
"l_pinky_dip": [
0.19948484362674668,
0.5060531566613841,
0.12859830917727427
],
"l_pinky_tip": [
0.314971253254761,
0.4800863188624698,
0.1727205966078375
],
"r_hand_position": null,
"r_wrist": null,
"r_thumb_cmc": null,
"r_thumb_mcp": null,
"r_thumb_ip": null,
"r_thumb_tip": null,
"r_index_mcp": null,
"r_index_pip": null,
"r_index_dip": null,
"r_index_tip": null,
"r_middle_mcp": null,
"r_middle_pip": null,
"r_middle_dip": null,
"r_middle_tip": null,
"r_ring_mcp": null,
"r_ring_pip": null,
"r_ring_dip": null,
"r_ring_tip": null,
"r_pinky_mcp": null,
"r_pinky_pip": null,
"r_pinky_dip": null,
"r_pinky_tip": null,
"l_hand_velocity": null,
"r_hand_velocity": null,
"m_nose_point": [
0.0,
0.0,
0.0
],
"m_top_nose": [
0.010154025134364305,
-0.32657697153538473,
0.22373657152401172
],
"m_eyebrows": [
0.019196623040204024,
-0.5929690526979441,
0.30565632963597605
],
"m_forehead": [
0.028713865511959206,
-0.877998593539707,
0.4455489580245662
],
"m_top_chin": [
-0.030630707140705465,
0.6607216727829053,
0.12001093098752735
],
"m_bot_up_lip": [
0.0006296802428540797,
0.3943427818284624,
0.09340946462253401
],
"m_top_low_lip": [
-0.0001363664592967907,
0.48568071158340687,
0.10249434729170105
],
"m_bot_nose": [
-0.022091772258637524,
0.07554174236717545,
0.07985523212779826
],
"m_chin": [
-0.040822882415468276,
0.9894297760973598,
0.13914816004252983
],
"m_nose": [
0.008458779001975333,
-0.2681402910536931,
0.1642987542462773
],
"l_eye_exterior": [
-0.3467721947931476,
-0.2981325921215597,
0.42435635210691686
],
"l_temple": [
-0.5391410309321593,
-0.521690081204605,
0.7413441311218494
],
"l_mid_chin": [
-0.23086963314713896,
0.7627905470826021,
0.14613076451288196
],
"l_up_lip": [
-0.12027623173116297,
0.3200959120457703,
0.09623489598133632
],
"l_ext_nostril": [
-0.15744116504650632,
0.020549025224703223,
0.12961516541838936
],
"l_mid_cheek": [
-0.40961075211273507,
0.03162291518048472,
0.3151955150969789
],
"l_mid_eyebrow": [
-0.31145835499224667,
-0.6144960811229165,
0.3677170847975012
],
"l_ext_eyebrow": [
-0.3845049158363368,
-0.5728850330409173,
0.40605779199606057
],
"l_ext_lips": [
-0.2834861850289925,
0.4463570485150884,
0.20401126211329182
],
"l_jaw_angle": [
-0.5215319001703463,
0.49062561914314523,
0.6499552161393777
],
"l_mid_ext_face": [
-0.5774214500016015,
0.13790910486758565,
0.8124357001967948
],
"l_int_eyebrow": [
-0.09755031485153963,
-0.6646201909864473,
0.31135838209274824
],
"l_mid_jaw": [
-0.4319490798000119,
0.7245789200216444,
0.42339079082411146
],
"l_mid_bot_eyelid": [
-0.2614224165968177,
-0.27535411733574905,
0.37529483399464847
],
"l_ext_mouth": [
-0.18682610776217756,
0.5093433361655808,
0.15964055615257902
],
"l_top_eyelid": [
-0.2594349566230784,
-0.3454051819165809,
0.3800962599924426
],
"l_eye_int": [
-0.14182578497307277,
-0.33252819051127314,
0.393402725842313
],
"l_pupil": [
-0.25587055653744134,
-0.32227026712220647,
0.39684332821504126
],
"r_eye_exterior": [
0.4082519577504563,
-0.2424534768413324,
0.4551740431305662
],
"r_temple": [
0.5506477626404408,
-0.4313835242612319,
0.7475301865337812
],
"r_mid_chin": [
0.15897163504057835,
0.7891380892584603,
0.14669529273737594
],
"r_up_lip": [
0.1230930514060123,
0.33208398488716495,
0.09712680770786046
],
"r_ext_nostril": [
0.15977644066196386,
0.057273304125815945,
0.17347136448231154
],
"r_mid_cheek": [
0.3934423979298019,
0.09383919906639125,
0.3158459318689392
],
"r_mid_eyebrow": [
0.42727913734793294,
-0.4944639697050482,
0.40604474129976065
],
"r_ext_eyebrow": [
0.3611848308126346,
-0.5427056339440751,
0.3670285876410507
],
"r_ext_lips": [
0.19438348823409882,
0.5530579180527444,
0.18057076570895683
],
"r_jaw_angle": [
0.46521864026913323,
0.5611378336923579,
0.6565711455069834
],
"r_mid_ext_face": [
0.5395943682388096,
0.2270814053760787,
0.8193870920689019
],
"r_int_eyebrow": [
0.15647280084447615,
-0.6132276904178054,
0.31073432988340544
],
"r_mid_jaw": [
0.3605675290727821,
0.7754990082134366,
0.4270351945951321
],
"r_mid_bot_eyelid": [
0.2800662684538008,
-0.2339910451663402,
0.37582859986357847
],
"r_ext_mouth": [
0.22897227244114937,
0.48206578285436963,
0.20473334356886974
],
"r_top_eyelid": [
0.28737607886568917,
-0.3045205084492437,
0.38081812583884944
],
"r_eye_int": [
0.17438469761413258,
-0.2963153872956627,
0.39379541355741227
],
"r_pupil": [
0.29299957190145204,
-0.27322440604063025,
0.3973807023668646
],
"l_shoulder": [
0.4960713033926689,
-0.05585429199495736,
-0.028170197302124673
],
"l_elbow": [
1.1677737739124463,
0.9909597657708671,
-1.365333177569838
],
"l_hip": [
0.4100142786822766,
1.8500601630854498,
0.09561189848558407
],
"l_knee": [
0.3854744283288894,
3.4209895301008304,
0.11473228784445866
],
"l_ankle": [
0.39046871706874164,
4.744676240183061,
1.3218170023401952
],
"l_body_wrist": [
0.6184620227269592,
0.23603563238800748,
-3.255780684164738
],
"r_shoulder": [
-0.4960713033926689,
0.05585429199495736,
0.028170197302124673
],
"r_elbow": [
-0.7737373305368498,
0.973722436423141,
-0.6229420540728365
],
"r_hip": [
-0.3128618483955029,
1.8831179409932237,
0.42012132629504273
],
"r_knee": [
-0.27592485124511446,
3.4557595989989087,
0.33227601267910134
],
"r_ankle": [
-0.2887348682061331,
4.7569861721585935,
1.0749391273988589
],
"r_body_wrist": [
-0.8258676696754863,
1.2681788769652187,
-2.463100694472855
],
"m_face_position": [
-0.01910710334777832,
-0.2576051354408264,
-0.5411983728408813
],
"m_body_position": [
-0.006600186228752136,
0.08013015985488892,
-0.5932107456028461
],
"m_face_scale": [
0.14686280444477726,
0.14686280444477726,
0.14686280444477726
],
"m_body_scale": [
0.372465721485339,
0.372465721485339,
0.372465721485339
],
"l_hand_scale": [
0.16937401322198753,
0.16937401322198753,
0.16937401322198753
],
"r_hand_scale": null
}
],
"framerate": 30,
"mirrorable": true,
"invalid": false
}