{
"label": "n",
"gestures": [
{
"l_hand_position": null,
"l_wrist": null,
"l_thumb_cmc": null,
"l_thumb_mcp": null,
"l_thumb_ip": null,
"l_thumb_tip": null,
"l_index_mcp": null,
"l_index_pip": null,
"l_index_dip": null,
"l_index_tip": null,
"l_middle_mcp": null,
"l_middle_pip": null,
"l_middle_dip": null,
"l_middle_tip": null,
"l_ring_mcp": null,
"l_ring_pip": null,
"l_ring_dip": null,
"l_ring_tip": null,
"l_pinky_mcp": null,
"l_pinky_pip": null,
"l_pinky_dip": null,
"l_pinky_tip": null,
"r_hand_position": [
-0.26588281989097595,
0.1996992826461792,
-0.587064154446125
],
"r_wrist": [
-0.326302687350546,
0.8203207852603078,
0.46968113172419845
],
"r_thumb_cmc": [
-0.17664065046488484,
0.4148677874682695,
0.4239683187480654
],
"r_thumb_mcp": [
0.11572249180691935,
0.15420158608815546,
0.28543504838825884
],
"r_thumb_ip": [
0.37705235868880055,
0.2018321260311135,
0.14330890272854382
],
"r_thumb_tip": [
0.5250698620430723,
0.2680256858783921,
0.01156322185076843
],
"r_index_mcp": [
0.09265320243820181,
-0.2299247265923489,
0.09072189241970545
],
"r_index_pip": [
0.4996883543491573,
-0.4905031466342932,
-0.10050975278315827
],
"r_index_dip": [
0.7569318873990581,
-0.6567825445331932,
-0.21237613580619089
],
"r_index_tip": [
0.9741299276736054,
-0.7941944223654028,
-0.2869422829035366
],
"r_middle_mcp": [
0.0,
0.0,
0.0
],
"r_middle_pip": [
0.5216388335854142,
-0.08660095248325432,
-0.22714783791432147
],
"r_middle_dip": [
0.8493328390687831,
-0.12117651033452298,
-0.30331687867751467
],
"r_middle_tip": [
1.1138800688434365,
-0.14594113708602496,
-0.35104082696749955
],
"r_ring_mcp": [
-0.05071631121431638,
0.3159131389685943,
-0.07188013461235951
],
"r_ring_pip": [
0.510435619722735,
0.38721570131469935,
-0.2327970332634235
],
"r_ring_dip": [
0.38397888504844996,
0.4532851454237599,
-0.12001831114006312
],
"r_ring_tip": [
0.20085174031653602,
0.4593401284972951,
-0.017016637484565954
],
"r_pinky_mcp": [
-0.0645853607159374,
0.6485587514744742,
-0.15279788853584714
],
"r_pinky_pip": [
0.3848108785008833,
0.6711272370549154,
-0.21951070072186907
],
"r_pinky_dip": [
0.29481233806975,
0.6993806092977805,
-0.10179922205566873
],
"r_pinky_tip": [
0.14327055868247515,
0.6904249835442834,
-0.0030118162978087113
],
"l_hand_velocity": null,
"r_hand_velocity": null,
"m_nose_point": [
0.0,
0.0,
0.0
],
"m_top_nose": [
-0.012478934207985634,
-0.33862687597549773,
0.23914116896830112
],
"m_eyebrows": [
-0.024306475369337416,
-0.6141368586096345,
0.33853397898100057
],
"m_forehead": [
-0.04095087805204617,
-0.9458236481024204,
0.4960271726962514
],
"m_top_chin": [
0.03633351893170609,
0.603965305425481,
0.035315377906161446
],
"m_bot_up_lip": [
0.018278197493403307,
0.39450336679379944,
0.07152594905641245
],
"m_top_low_lip": [
0.022100380179867776,
0.4168145820554519,
0.0612439907713411
],
"m_bot_nose": [
-0.012898243396395104,
0.0910977543521491,
0.07205685858941444
],
"m_chin": [
0.05965523156182284,
0.9977150489482202,
0.03171646968935575
],
"m_nose": [
-0.010627457487542473,
-0.27914895364818815,
0.1772401759898094
],
"l_eye_exterior": [
-0.38072754893044597,
-0.23415773880489688,
0.4401513311461187
],
"l_temple": [
-0.5693824495748876,
-0.41865590658270724,
0.7683721943479838
],
"l_mid_chin": [
-0.14543087570838284,
0.8031159211435391,
0.06037442886383189
],
"l_up_lip": [
-0.11834765745341268,
0.3328698741454434,
0.08081451228683453
],
"l_ext_nostril": [
-0.1565416248111698,
0.05582572985236249,
0.12799100146990347
],
"l_mid_cheek": [
-0.40049906321252604,
0.11610095349119168,
0.3113646810473076
],
"l_mid_eyebrow": [
-0.3663959575144372,
-0.5201957818723417,
0.3990498376349616
],
"l_ext_eyebrow": [
-0.435494617521081,
-0.47457158958866436,
0.4363071028540981
],
"l_ext_lips": [
-0.24437367832205778,
0.5004710148984289,
0.17174092624479667
],
"l_jaw_angle": [
-0.4723267744065713,
0.6807248576311734,
0.6002181132125348
],
"l_mid_ext_face": [
-0.5541123705327935,
0.3220322898686642,
0.7874475751041486
],
"l_int_eyebrow": [
-0.16177873991100022,
-0.5963436054140877,
0.3460077860327643
],
"l_mid_jaw": [
-0.3532542975790499,
0.8728133244507496,
0.3547990983823086
],
"l_mid_bot_eyelid": [
-0.2873441345259365,
-0.21966394839539863,
0.39062266881360475
],
"l_ext_mouth": [
-0.16489522712215168,
0.5314632997257502,
0.12324483639849265
],
"l_top_eyelid": [
-0.300342247171598,
-0.33502804153916577,
0.4012423424611667
],
"l_eye_int": [
-0.17815021386521723,
-0.2991959937314359,
0.4101970342917805
],
"l_pupil": [
-0.29840199778514026,
-0.2713426253792857,
0.41391698675381855
],
"r_eye_exterior": [
0.40725782680295275,
-0.33262126346109927,
0.45563800014695
],
"r_temple": [
0.5420005679621821,
-0.5208910890569509,
0.7518089501863987
],
"r_mid_chin": [
0.23845943554634988,
0.7671280489752517,
0.05361038259148474
],
"r_up_lip": [
0.14365683897318648,
0.30857213438419784,
0.07449642471001493
],
"r_ext_nostril": [
0.18047388561765304,
0.03857101509080324,
0.1626118542644775
],
"r_mid_cheek": [
0.4267169840713697,
0.041596132563264124,
0.2964339184039844
],
"r_mid_eyebrow": [
0.38375337469545484,
-0.5695408710081211,
0.42118724085655657
],
"r_ext_eyebrow": [
0.30696218542261894,
-0.604280495609336,
0.3867509868073022
],
"r_ext_lips": [
0.2605081103702145,
0.5107209524578933,
0.1264605878590258
],
"r_jaw_angle": [
0.5683839931797392,
0.5858648893616228,
0.5846731281252524
],
"r_mid_ext_face": [
0.6105618700224182,
0.21964907425189087,
0.7701594525440759
],
"r_int_eyebrow": [
0.09404094598655927,
-0.6439564470750021,
0.3414345992820576
],
"r_mid_jaw": [
0.46339331659630245,
0.7950560241424567,
0.34193717711314003
],
"r_mid_bot_eyelid": [
0.2771600681734351,
-0.2789452014918833,
0.37984857263448646
],
"r_ext_mouth": [
0.29756975404125324,
0.4480219517198459,
0.15973710877556416
],
"r_top_eyelid": [
0.2771137930602998,
-0.40861420703235163,
0.3903000120458063
],
"r_eye_int": [
0.16022946801103236,
-0.3335517237716408,
0.40288683544055487
],
"r_pupil": [
0.27794013436628695,
-0.33829846433074684,
0.4033508555960561
],
"l_shoulder": [
0.49896964450419173,
0.00971683831979492,
0.03057575700497831
],
"l_elbow": [
0.8195652162798681,
0.9538597278853735,
-0.4415652643509641
],
"l_hip": [
0.33867815240797705,
2.018899974530731,
1.090154522860869
],
"l_knee": [
0.25777672028342985,
3.730788535017422,
0.7855815866515653
],
"l_ankle": [
0.2597219329767141,
5.28949207009776,
2.27790932959281
],
"l_body_wrist": [
0.6816418596136263,
1.5532938918554406,
-2.134969217488362
],
"r_shoulder": [
-0.49896964450419173,
-0.00971683831979492,
-0.03057575700497831
],
"r_elbow": [
-1.0112233708256955,
0.9936026941471343,
-1.0651622427432657
],
"r_hip": [
-0.40662334028573843,
1.9993264550142462,
1.284646694180074
],
"r_knee": [
-0.4503431206903247,
3.6564952392322714,
0.8536137021376062
],
"r_ankle": [
-0.4237712497537854,
5.2175179934177125,
1.7014456945057779
],
"r_body_wrist": [
-0.7006885973928554,
0.39164497838500845,
-3.503746468423383
],
"m_face_position": [
-0.004130125045776367,
-0.08801692724227905,
-0.53370675817132
],
"m_body_position": [
0.019271820783615112,
0.23183944821357727,
-0.9093305170536041
],
"m_face_scale": [
0.12622886887196008,
0.12622886887196008,
0.12622886887196008
],
"m_body_scale": [
0.3456691394378696,
0.3456691394378696,
0.3456691394378696
],
"l_hand_scale": null,
"r_hand_scale": [
0.18537047125221096,
0.18537047125221096,
0.18537047125221096
]
}
],
"framerate": 30,
"mirrorable": true,
"invalid": false
}