{
"label": "n",
"gestures": [
{
"l_hand_position": null,
"l_wrist": null,
"l_thumb_cmc": null,
"l_thumb_mcp": null,
"l_thumb_ip": null,
"l_thumb_tip": null,
"l_index_mcp": null,
"l_index_pip": null,
"l_index_dip": null,
"l_index_tip": null,
"l_middle_mcp": null,
"l_middle_pip": null,
"l_middle_dip": null,
"l_middle_tip": null,
"l_ring_mcp": null,
"l_ring_pip": null,
"l_ring_dip": null,
"l_ring_tip": null,
"l_pinky_mcp": null,
"l_pinky_pip": null,
"l_pinky_dip": null,
"l_pinky_tip": null,
"r_hand_position": [
-0.1028972864151001,
0.025763094425201416,
0.5342989899218082
],
"r_wrist": [
-0.768264600005946,
0.5397893386093588,
-0.3440886140246068
],
"r_thumb_cmc": [
-0.40561576260218096,
0.3151158990566195,
-0.34023508585339585
],
"r_thumb_mcp": [
-0.05277524286193216,
0.2511791578402892,
-0.2639373088781103
],
"r_thumb_ip": [
0.19889603504402026,
0.35294396660702854,
-0.17661889429820762
],
"r_thumb_tip": [
0.3731477974437587,
0.4277701349385386,
-0.07104034188469317
],
"r_index_mcp": [
0.20586464652061706,
-0.060797457686886915,
-0.08655828752601895
],
"r_index_pip": [
0.6038468674967268,
0.08405506394930606,
0.072394942727648
],
"r_index_dip": [
0.8745888443749721,
0.1631285334064611,
0.19572846059038893
],
"r_index_tip": [
1.1249048487343563,
0.2280704433109808,
0.29958298575989445
],
"r_middle_mcp": [
-0.0,
0.0,
-0.0
],
"r_middle_pip": [
0.4324019235516945,
0.541608927138901,
0.1619292523533678
],
"r_middle_dip": [
0.6640104888900499,
0.8883412980690042,
0.2307325557439488
],
"r_middle_tip": [
0.8672991290402208,
1.1125620828347362,
0.3000952121891153
],
"r_ring_mcp": [
-0.23648432112865658,
0.16454390180916445,
0.07596270108643743
],
"r_ring_pip": [
0.11964556979168137,
0.7693307604884216,
0.20392838128656396
],
"r_ring_dip": [
0.0031171590550454044,
0.7729938558982065,
0.15786851436318683
],
"r_ring_tip": [
-0.13502686316841894,
0.6273944837613897,
0.13178390853765798
],
"r_pinky_mcp": [
-0.4436399606283343,
0.35819643642086296,
0.15352378333086017
],
"r_pinky_pip": [
-0.13572527900887416,
0.8461559049797277,
0.2648486073829059
],
"r_pinky_dip": [
-0.20941652159964444,
0.8371614091987968,
0.2311033649246528
],
"r_pinky_tip": [
-0.3218806065934944,
0.6465148133113863,
0.20007091190491447
],
"l_hand_velocity": null,
"r_hand_velocity": null,
"m_nose_point": null,
"m_top_nose": null,
"m_eyebrows": null,
"m_forehead": null,
"m_top_chin": null,
"m_bot_up_lip": null,
"m_top_low_lip": null,
"m_bot_nose": null,
"m_chin": null,
"m_nose": null,
"l_eye_exterior": null,
"l_temple": null,
"l_mid_chin": null,
"l_up_lip": null,
"l_ext_nostril": null,
"l_mid_cheek": null,
"l_mid_eyebrow": null,
"l_ext_eyebrow": null,
"l_ext_lips": null,
"l_jaw_angle": null,
"l_mid_ext_face": null,
"l_int_eyebrow": null,
"l_mid_jaw": null,
"l_mid_bot_eyelid": null,
"l_ext_mouth": null,
"l_top_eyelid": null,
"l_eye_int": null,
"l_pupil": null,
"r_eye_exterior": null,
"r_temple": null,
"r_mid_chin": null,
"r_up_lip": null,
"r_ext_nostril": null,
"r_mid_cheek": null,
"r_mid_eyebrow": null,
"r_ext_eyebrow": null,
"r_ext_lips": null,
"r_jaw_angle": null,
"r_mid_ext_face": null,
"r_int_eyebrow": null,
"r_mid_jaw": null,
"r_mid_bot_eyelid": null,
"r_ext_mouth": null,
"r_top_eyelid": null,
"r_eye_int": null,
"r_pupil": null,
"l_shoulder": null,
"l_elbow": null,
"l_hip": null,
"l_knee": null,
"l_ankle": null,
"l_body_wrist": null,
"r_shoulder": null,
"r_elbow": null,
"r_hip": null,
"r_knee": null,
"r_ankle": null,
"r_body_wrist": null,
"m_face_position": null,
"m_body_position": null,
"m_face_scale": null,
"m_body_scale": null,
"l_hand_scale": null,
"r_hand_scale": [
-0.09968019203613766,
0.09968019203613766,
-0.09968019203613766
]
}
],
"framerate": 30,
"mirrorable": true,
"invalid": false
}