{
"label": "x",
"gestures": [
{
"l_hand_position": [
0.09370392560958862,
0.0006563663482666016,
-0.4989241239381954
],
"l_wrist": [
0.19927805129409337,
0.9798971389871186,
-0.009479202355064564
],
"l_thumb_cmc": [
-0.08092009613283994,
0.8456379007553463,
-0.09609348494893895
],
"l_thumb_mcp": [
-0.2494038528676458,
0.43080083782913786,
-0.1213044099816036
],
"l_thumb_ip": [
-0.17481906317346965,
0.04958543102270816,
-0.15722230452372976
],
"l_thumb_tip": [
0.01836892273856273,
-0.11631804320328017,
-0.1757629485160593
],
"l_index_mcp": [
-0.1863081077909337,
0.05079640720370607,
0.025191854808137196
],
"l_index_pip": [
-0.2756955846446801,
-0.3167277743195984,
-0.1215203251704234
],
"l_index_dip": [
-0.30579144107702605,
-0.44427544226462146,
-0.20687813732192145
],
"l_index_tip": [
-0.3216018746768976,
-0.37312507764578196,
-0.24135267238660807
],
"l_middle_mcp": [
0.0,
0.0,
0.0
],
"l_middle_pip": [
0.01702981204405074,
-0.48324382604564486,
-0.17890708524488588
],
"l_middle_dip": [
-0.07531788715674036,
-0.5372013222005725,
-0.24984550605711237
],
"l_middle_tip": [
-0.14511758796919366,
-0.4074745798136366,
-0.2417045007466527
],
"l_ring_mcp": [
0.1651701141926997,
0.06856561840770696,
-0.05277913720676991
],
"l_ring_pip": [
0.13150959760570768,
-0.21170132254902288,
-0.2242374099824308
],
"l_ring_dip": [
0.0233682693314075,
0.03663176690446216,
-0.21332682508152132
],
"l_ring_tip": [
0.005191548363115903,
0.23629737258779077,
-0.14700603046618743
],
"l_pinky_mcp": [
0.3357024477193845,
0.2171318102713556,
-0.11693594699150972
],
"l_pinky_pip": [
0.19599119096587747,
0.1596193690785853,
-0.2425716569747006
],
"l_pinky_dip": [
0.10720185022234648,
0.3284985573243588,
-0.2503539086222592
],
"l_pinky_tip": [
0.10666778136888816,
0.42536194784362386,
-0.21729697648801413
],
"r_hand_position": null,
"r_wrist": null,
"r_thumb_cmc": null,
"r_thumb_mcp": null,
"r_thumb_ip": null,
"r_thumb_tip": null,
"r_index_mcp": null,
"r_index_pip": null,
"r_index_dip": null,
"r_index_tip": null,
"r_middle_mcp": null,
"r_middle_pip": null,
"r_middle_dip": null,
"r_middle_tip": null,
"r_ring_mcp": null,
"r_ring_pip": null,
"r_ring_dip": null,
"r_ring_tip": null,
"r_pinky_mcp": null,
"r_pinky_pip": null,
"r_pinky_dip": null,
"r_pinky_tip": null,
"l_hand_velocity": null,
"r_hand_velocity": null,
"m_nose_point": null,
"m_top_nose": null,
"m_eyebrows": null,
"m_forehead": null,
"m_top_chin": null,
"m_bot_up_lip": null,
"m_top_low_lip": null,
"m_bot_nose": null,
"m_chin": null,
"m_nose": null,
"l_eye_exterior": null,
"l_temple": null,
"l_mid_chin": null,
"l_up_lip": null,
"l_ext_nostril": null,
"l_mid_cheek": null,
"l_mid_eyebrow": null,
"l_ext_eyebrow": null,
"l_ext_lips": null,
"l_jaw_angle": null,
"l_mid_ext_face": null,
"l_int_eyebrow": null,
"l_mid_jaw": null,
"l_mid_bot_eyelid": null,
"l_ext_mouth": null,
"l_top_eyelid": null,
"l_eye_int": null,
"l_pupil": null,
"r_eye_exterior": null,
"r_temple": null,
"r_mid_chin": null,
"r_up_lip": null,
"r_ext_nostril": null,
"r_mid_cheek": null,
"r_mid_eyebrow": null,
"r_ext_eyebrow": null,
"r_ext_lips": null,
"r_jaw_angle": null,
"r_mid_ext_face": null,
"r_int_eyebrow": null,
"r_mid_jaw": null,
"r_mid_bot_eyelid": null,
"r_ext_mouth": null,
"r_top_eyelid": null,
"r_eye_int": null,
"r_pupil": null,
"l_shoulder": null,
"l_elbow": null,
"l_hip": null,
"l_knee": null,
"l_ankle": null,
"l_body_wrist": null,
"r_shoulder": null,
"r_elbow": null,
"r_hip": null,
"r_knee": null,
"r_ankle": null,
"r_body_wrist": null,
"m_face_position": null,
"m_body_position": null,
"m_face_scale": null,
"m_body_scale": null,
"l_hand_scale": [
0.1135020762660969,
0.1135020762660969,
0.1135020762660969
],
"r_hand_scale": null
}
],
"framerate": 30,
"mirrorable": true,
"invalid": false
}