{
"label": "x",
"gestures": [
{
"l_hand_position": [
0.09343838691711426,
0.002079486846923828,
-0.5009093151893467
],
"l_wrist": [
0.18255432212561998,
0.9831628615859201,
0.00804407057653568
],
"l_thumb_cmc": [
-0.09755703818001996,
0.8104186560500998,
-0.0781230024111813
],
"l_thumb_mcp": [
-0.2341594581691888,
0.3900430860253029,
-0.10649371683444427
],
"l_thumb_ip": [
-0.11637742470441526,
0.03233710956514044,
-0.14497944160227008
],
"l_thumb_tip": [
0.08483541649461278,
-0.11552511612291406,
-0.16932902516783926
],
"l_index_mcp": [
-0.19531021542117102,
0.029678159873516245,
0.024970178783883377
],
"l_index_pip": [
-0.2714327341061289,
-0.3184470561570402,
-0.11695079244938784
],
"l_index_dip": [
-0.2670776033401531,
-0.4886620168642424,
-0.21451957030355565
],
"l_index_tip": [
-0.27317162287927516,
-0.4670448033243364,
-0.2621266264425996
],
"l_middle_mcp": [
0.0,
0.0,
0.0
],
"l_middle_pip": [
0.015489186018410437,
-0.45136659619459396,
-0.15880914023661277
],
"l_middle_dip": [
-0.021707637865131774,
-0.550316379885307,
-0.24296602828058372
],
"l_middle_tip": [
-0.061089408709231324,
-0.47418674325055005,
-0.26052876204984826
],
"l_ring_mcp": [
0.172368272335319,
0.0896582229251673,
-0.049147035699878584
],
"l_ring_pip": [
0.16191226770819245,
-0.20726731657259942,
-0.20945111222125348
],
"l_ring_dip": [
0.06591010611762314,
0.007661550261548901,
-0.2075911359178441
],
"l_ring_tip": [
0.02469190422535246,
0.21053946445802868,
-0.15609415316705622
],
"l_pinky_mcp": [
0.3509887408719626,
0.2664870771345971,
-0.10863284199316982
],
"l_pinky_pip": [
0.2668123938031936,
0.14579406582975668,
-0.22883866094005867
],
"l_pinky_dip": [
0.17632954321241054,
0.29724821988865985,
-0.22915417395094573
],
"l_pinky_tip": [
0.13613052628026467,
0.42136417416356253,
-0.1939364531695342
],
"r_hand_position": null,
"r_wrist": null,
"r_thumb_cmc": null,
"r_thumb_mcp": null,
"r_thumb_ip": null,
"r_thumb_tip": null,
"r_index_mcp": null,
"r_index_pip": null,
"r_index_dip": null,
"r_index_tip": null,
"r_middle_mcp": null,
"r_middle_pip": null,
"r_middle_dip": null,
"r_middle_tip": null,
"r_ring_mcp": null,
"r_ring_pip": null,
"r_ring_dip": null,
"r_ring_tip": null,
"r_pinky_mcp": null,
"r_pinky_pip": null,
"r_pinky_dip": null,
"r_pinky_tip": null,
"l_hand_velocity": null,
"r_hand_velocity": null,
"m_nose_point": null,
"m_top_nose": null,
"m_eyebrows": null,
"m_forehead": null,
"m_top_chin": null,
"m_bot_up_lip": null,
"m_top_low_lip": null,
"m_bot_nose": null,
"m_chin": null,
"m_nose": null,
"l_eye_exterior": null,
"l_temple": null,
"l_mid_chin": null,
"l_up_lip": null,
"l_ext_nostril": null,
"l_mid_cheek": null,
"l_mid_eyebrow": null,
"l_ext_eyebrow": null,
"l_ext_lips": null,
"l_jaw_angle": null,
"l_mid_ext_face": null,
"l_int_eyebrow": null,
"l_mid_jaw": null,
"l_mid_bot_eyelid": null,
"l_ext_mouth": null,
"l_top_eyelid": null,
"l_eye_int": null,
"l_pupil": null,
"r_eye_exterior": null,
"r_temple": null,
"r_mid_chin": null,
"r_up_lip": null,
"r_ext_nostril": null,
"r_mid_cheek": null,
"r_mid_eyebrow": null,
"r_ext_eyebrow": null,
"r_ext_lips": null,
"r_jaw_angle": null,
"r_mid_ext_face": null,
"r_int_eyebrow": null,
"r_mid_jaw": null,
"r_mid_bot_eyelid": null,
"r_ext_mouth": null,
"r_top_eyelid": null,
"r_eye_int": null,
"r_pupil": null,
"l_shoulder": null,
"l_elbow": null,
"l_hip": null,
"l_knee": null,
"l_ankle": null,
"l_body_wrist": null,
"r_shoulder": null,
"r_elbow": null,
"r_hip": null,
"r_knee": null,
"r_ankle": null,
"r_body_wrist": null,
"m_face_position": null,
"m_body_position": null,
"m_face_scale": null,
"m_body_scale": null,
"l_hand_scale": [
0.11304697661228977,
0.11304697661228977,
0.11304697661228977
],
"r_hand_scale": null
}
],
"framerate": 30,
"mirrorable": true,
"invalid": false
}