{
"label": "x",
"gestures": [
{
"l_hand_position": null,
"l_wrist": null,
"l_thumb_cmc": null,
"l_thumb_mcp": null,
"l_thumb_ip": null,
"l_thumb_tip": null,
"l_index_mcp": null,
"l_index_pip": null,
"l_index_dip": null,
"l_index_tip": null,
"l_middle_mcp": null,
"l_middle_pip": null,
"l_middle_dip": null,
"l_middle_tip": null,
"l_ring_mcp": null,
"l_ring_pip": null,
"l_ring_dip": null,
"l_ring_tip": null,
"l_pinky_mcp": null,
"l_pinky_pip": null,
"l_pinky_dip": null,
"l_pinky_tip": null,
"r_hand_position": [
-0.1208018958568573,
0.028570234775543213,
-0.49880624166689813
],
"r_wrist": [
0.18231979110984095,
0.9832075176272385,
-0.007903863039526265
],
"r_thumb_cmc": [
0.34605956952013345,
0.736374423933151,
-0.07163649994597064
],
"r_thumb_mcp": [
0.33118052184663177,
0.2650537453339989,
-0.07513473851482624
],
"r_thumb_ip": [
0.16819814472512928,
0.012612961430881673,
-0.08780383161039791
],
"r_thumb_tip": [
-0.02060849832942662,
-0.03949261613216044,
-0.0837118258541459
],
"r_index_mcp": [
0.16832444405416147,
-0.07970592781061088,
0.029765700749714706
],
"r_index_pip": [
0.12791753918542886,
-0.3825196203566097,
-0.05754550643308293
],
"r_index_dip": [
0.10407498866197137,
-0.5395540884515019,
-0.1051417446781576
],
"r_index_tip": [
0.10610386897725275,
-0.5612197516334683,
-0.12335548315655323
],
"r_middle_mcp": [
0.0,
0.0,
0.0
],
"r_middle_pip": [
-0.20227251964180817,
-0.3665111804017779,
-0.1085538184899215
],
"r_middle_dip": [
-0.17140614768254725,
-0.48996285424970865,
-0.13926864358826263
],
"r_middle_tip": [
-0.10679969934313956,
-0.4586317402281495,
-0.12542108154825346
],
"r_ring_mcp": [
-0.10230107511717375,
0.17478051053742483,
-0.052421728279725126
],
"r_ring_pip": [
-0.08388485685996393,
-0.030642585335631984,
-0.1972233971575144
],
"r_ring_dip": [
0.05827707587057977,
0.12739063417212262,
-0.18011695474482772
],
"r_ring_tip": [
0.11481181302861998,
0.28550673761455464,
-0.11964128383557954
],
"r_pinky_mcp": [
-0.14170982060114873,
0.36847237217040607,
-0.11353637635591733
],
"r_pinky_pip": [
0.013457588193784535,
0.27777366650915475,
-0.22924285485621787
],
"r_pinky_dip": [
0.09996552424358604,
0.4264457376232037,
-0.2276541474368839
],
"r_pinky_tip": [
0.08653122248859182,
0.5456423081389589,
-0.19334851154175248
],
"l_hand_velocity": null,
"r_hand_velocity": [
0.00012105703353881836,
0.00010180473327636719,
-0.0018646987155079842
],
"m_nose_point": null,
"m_top_nose": null,
"m_eyebrows": null,
"m_forehead": null,
"m_top_chin": null,
"m_bot_up_lip": null,
"m_top_low_lip": null,
"m_bot_nose": null,
"m_chin": null,
"m_nose": null,
"l_eye_exterior": null,
"l_temple": null,
"l_mid_chin": null,
"l_up_lip": null,
"l_ext_nostril": null,
"l_mid_cheek": null,
"l_mid_eyebrow": null,
"l_ext_eyebrow": null,
"l_ext_lips": null,
"l_jaw_angle": null,
"l_mid_ext_face": null,
"l_int_eyebrow": null,
"l_mid_jaw": null,
"l_mid_bot_eyelid": null,
"l_ext_mouth": null,
"l_top_eyelid": null,
"l_eye_int": null,
"l_pupil": null,
"r_eye_exterior": null,
"r_temple": null,
"r_mid_chin": null,
"r_up_lip": null,
"r_ext_nostril": null,
"r_mid_cheek": null,
"r_mid_eyebrow": null,
"r_ext_eyebrow": null,
"r_ext_lips": null,
"r_jaw_angle": null,
"r_mid_ext_face": null,
"r_int_eyebrow": null,
"r_mid_jaw": null,
"r_mid_bot_eyelid": null,
"r_ext_mouth": null,
"r_top_eyelid": null,
"r_eye_int": null,
"r_pupil": null,
"l_shoulder": null,
"l_elbow": null,
"l_hip": null,
"l_knee": null,
"l_ankle": null,
"l_body_wrist": null,
"r_shoulder": null,
"r_elbow": null,
"r_hip": null,
"r_knee": null,
"r_ankle": null,
"r_body_wrist": null,
"m_face_position": null,
"m_body_position": null,
"m_face_scale": null,
"m_body_scale": null,
"l_hand_scale": null,
"r_hand_scale": [
0.1510181128773982,
0.1510181128773982,
0.1510181128773982
]
}
],
"framerate": 30,
"mirrorable": true,
"invalid": false
}