{
"label": "x",
"gestures": [
{
"l_hand_position": [
0.09175026416778564,
0.012522339820861816,
-0.5122463963925838
],
"l_wrist": [
0.21201106517072116,
0.9701268901215493,
0.11791999537087644
],
"l_thumb_cmc": [
-0.05942313088790386,
0.8957013384662962,
-0.023432610788643435
],
"l_thumb_mcp": [
-0.21133440663649372,
0.49034671913781497,
-0.08003180248389348
],
"l_thumb_ip": [
-0.07204088989976971,
0.11584405584489708,
-0.12587950739922307
],
"l_thumb_tip": [
0.1291660218300429,
-0.06453623596121352,
-0.1647304289154822
],
"l_index_mcp": [
-0.2233208472534061,
0.06229046425261989,
0.0035399923534299607
],
"l_index_pip": [
-0.2964481787183094,
-0.2692165467148975,
-0.13672620309106429
],
"l_index_dip": [
-0.28384821140666494,
-0.48632407311033404,
-0.23443072380114355
],
"l_index_tip": [
-0.27686869958754734,
-0.601871409309603,
-0.29588243134755904
],
"l_middle_mcp": [
0.0,
0.0,
0.0
],
"l_middle_pip": [
-0.010379448338848938,
-0.4688176140182738,
-0.1422351555591188
],
"l_middle_dip": [
-0.011146787151624224,
-0.6176724478465684,
-0.2123648904348019
],
"l_middle_tip": [
-0.011155396038828135,
-0.6705292935011424,
-0.23420929604818627
],
"l_ring_mcp": [
0.20370922827708277,
0.07507293997298724,
-0.023595058696663073
],
"l_ring_pip": [
0.2057713437253263,
-0.21909474452500607,
-0.19818691409868053
],
"l_ring_dip": [
0.12384917309290731,
0.016221439195423078,
-0.21116836272454828
],
"l_ring_tip": [
0.07847287649271857,
0.20599919227332317,
-0.17552685229308893
],
"l_pinky_mcp": [
0.40414248801017055,
0.24849552914089681,
-0.0576355672007384
],
"l_pinky_pip": [
0.3526039499494222,
0.1471677788992348,
-0.21586612486063259
],
"l_pinky_dip": [
0.25876880120423085,
0.34150307686288545,
-0.2314929769131722
],
"l_pinky_tip": [
0.20776630985337932,
0.48095442319834786,
-0.20704420356878792
],
"r_hand_position": null,
"r_wrist": null,
"r_thumb_cmc": null,
"r_thumb_mcp": null,
"r_thumb_ip": null,
"r_thumb_tip": null,
"r_index_mcp": null,
"r_index_pip": null,
"r_index_dip": null,
"r_index_tip": null,
"r_middle_mcp": null,
"r_middle_pip": null,
"r_middle_dip": null,
"r_middle_tip": null,
"r_ring_mcp": null,
"r_ring_pip": null,
"r_ring_dip": null,
"r_ring_tip": null,
"r_pinky_mcp": null,
"r_pinky_pip": null,
"r_pinky_dip": null,
"r_pinky_tip": null,
"l_hand_velocity": null,
"r_hand_velocity": null,
"m_nose_point": null,
"m_top_nose": null,
"m_eyebrows": null,
"m_forehead": null,
"m_top_chin": null,
"m_bot_up_lip": null,
"m_top_low_lip": null,
"m_bot_nose": null,
"m_chin": null,
"m_nose": null,
"l_eye_exterior": null,
"l_temple": null,
"l_mid_chin": null,
"l_up_lip": null,
"l_ext_nostril": null,
"l_mid_cheek": null,
"l_mid_eyebrow": null,
"l_ext_eyebrow": null,
"l_ext_lips": null,
"l_jaw_angle": null,
"l_mid_ext_face": null,
"l_int_eyebrow": null,
"l_mid_jaw": null,
"l_mid_bot_eyelid": null,
"l_ext_mouth": null,
"l_top_eyelid": null,
"l_eye_int": null,
"l_pupil": null,
"r_eye_exterior": null,
"r_temple": null,
"r_mid_chin": null,
"r_up_lip": null,
"r_ext_nostril": null,
"r_mid_cheek": null,
"r_mid_eyebrow": null,
"r_ext_eyebrow": null,
"r_ext_lips": null,
"r_jaw_angle": null,
"r_mid_ext_face": null,
"r_int_eyebrow": null,
"r_mid_jaw": null,
"r_mid_bot_eyelid": null,
"r_ext_mouth": null,
"r_top_eyelid": null,
"r_eye_int": null,
"r_pupil": null,
"l_shoulder": null,
"l_elbow": null,
"l_hip": null,
"l_knee": null,
"l_ankle": null,
"l_body_wrist": null,
"r_shoulder": null,
"r_elbow": null,
"r_hip": null,
"r_knee": null,
"r_ankle": null,
"r_body_wrist": null,
"m_face_position": null,
"m_body_position": null,
"m_face_scale": null,
"m_body_scale": null,
"l_hand_scale": [
0.10385426716064586,
0.10385426716064586,
0.10385426716064586
],
"r_hand_scale": null
}
],
"framerate": 30,
"mirrorable": true,
"invalid": false
}