{
"label": "x",
"gestures": [
{
"l_hand_position": null,
"l_wrist": null,
"l_thumb_cmc": null,
"l_thumb_mcp": null,
"l_thumb_ip": null,
"l_thumb_tip": null,
"l_index_mcp": null,
"l_index_pip": null,
"l_index_dip": null,
"l_index_tip": null,
"l_middle_mcp": null,
"l_middle_pip": null,
"l_middle_dip": null,
"l_middle_tip": null,
"l_ring_mcp": null,
"l_ring_pip": null,
"l_ring_dip": null,
"l_ring_tip": null,
"l_pinky_mcp": null,
"l_pinky_pip": null,
"l_pinky_dip": null,
"l_pinky_tip": null,
"r_hand_position": [
-0.21274739503860474,
0.03576087951660156,
0.48981818556785583
],
"r_wrist": [
-0.24413628814720417,
0.966478751207622,
0.07947512990779301
],
"r_thumb_cmc": [
0.024733310104654734,
0.6933715497120988,
0.15333112539563745
],
"r_thumb_mcp": [
0.13169836264397825,
0.32400589710931216,
0.17495743264169655
],
"r_thumb_ip": [
0.027342497521263158,
-0.0444441205370042,
0.21815657112120843
],
"r_thumb_tip": [
-0.15172415522344682,
-0.21571345304010564,
0.25041244991493705
],
"r_index_mcp": [
0.18242723775008846,
0.03482995349406618,
-0.03419588181169277
],
"r_index_pip": [
0.25607536772951317,
-0.24973478176062236,
0.07414357776659192
],
"r_index_dip": [
0.2605916627104365,
-0.42183297791969526,
0.17364259590705164
],
"r_index_tip": [
0.2562172725372995,
-0.4402263999479565,
0.2287081386428766
],
"r_middle_mcp": [
-0.0,
0.0,
-0.0
],
"r_middle_pip": [
-0.00704499212950869,
-0.4188899652585404,
0.13552376222684875
],
"r_middle_dip": [
0.028279069252652736,
-0.5465952196637451,
0.24864489177123006
],
"r_middle_tip": [
0.04239743447322738,
-0.5249900963628648,
0.29370580388158574
],
"r_ring_mcp": [
-0.1812826940545006,
0.08266769261465487,
0.061793184609037474
],
"r_ring_pip": [
-0.18423570984145027,
-0.16107917151905052,
0.20889984135230916
],
"r_ring_dip": [
-0.10610199215098387,
0.05747935660175424,
0.2503747782595094
],
"r_ring_tip": [
-0.06568331553846185,
0.2441874669303402,
0.2276333405787386
],
"r_pinky_mcp": [
-0.35425814108269177,
0.23115641822057403,
0.13235916142808454
],
"r_pinky_pip": [
-0.31689065046840764,
0.09104007627404656,
0.22145923104931023
],
"r_pinky_dip": [
-0.22074804951569763,
0.24022250702229153,
0.2196446087803159
],
"r_pinky_tip": [
-0.14904145646378844,
0.37680286031578336,
0.1884545572242494
],
"l_hand_velocity": null,
"r_hand_velocity": null,
"m_nose_point": null,
"m_top_nose": null,
"m_eyebrows": null,
"m_forehead": null,
"m_top_chin": null,
"m_bot_up_lip": null,
"m_top_low_lip": null,
"m_bot_nose": null,
"m_chin": null,
"m_nose": null,
"l_eye_exterior": null,
"l_temple": null,
"l_mid_chin": null,
"l_up_lip": null,
"l_ext_nostril": null,
"l_mid_cheek": null,
"l_mid_eyebrow": null,
"l_ext_eyebrow": null,
"l_ext_lips": null,
"l_jaw_angle": null,
"l_mid_ext_face": null,
"l_int_eyebrow": null,
"l_mid_jaw": null,
"l_mid_bot_eyelid": null,
"l_ext_mouth": null,
"l_top_eyelid": null,
"l_eye_int": null,
"l_pupil": null,
"r_eye_exterior": null,
"r_temple": null,
"r_mid_chin": null,
"r_up_lip": null,
"r_ext_nostril": null,
"r_mid_cheek": null,
"r_mid_eyebrow": null,
"r_ext_eyebrow": null,
"r_ext_lips": null,
"r_jaw_angle": null,
"r_mid_ext_face": null,
"r_int_eyebrow": null,
"r_mid_jaw": null,
"r_mid_bot_eyelid": null,
"r_ext_mouth": null,
"r_top_eyelid": null,
"r_eye_int": null,
"r_pupil": null,
"l_shoulder": null,
"l_elbow": null,
"l_hip": null,
"l_knee": null,
"l_ankle": null,
"l_body_wrist": null,
"r_shoulder": null,
"r_elbow": null,
"r_hip": null,
"r_knee": null,
"r_ankle": null,
"r_body_wrist": null,
"m_face_position": null,
"m_body_position": null,
"m_face_scale": null,
"m_body_scale": null,
"l_hand_scale": null,
"r_hand_scale": [
-0.1281099417284809,
0.1281099417284809,
-0.1281099417284809
]
}
],
"framerate": 30,
"mirrorable": true,
"invalid": false
}