{
"label": "x",
"gestures": [
{
"l_hand_position": null,
"l_wrist": null,
"l_thumb_cmc": null,
"l_thumb_mcp": null,
"l_thumb_ip": null,
"l_thumb_tip": null,
"l_index_mcp": null,
"l_index_pip": null,
"l_index_dip": null,
"l_index_tip": null,
"l_middle_mcp": null,
"l_middle_pip": null,
"l_middle_dip": null,
"l_middle_tip": null,
"l_ring_mcp": null,
"l_ring_pip": null,
"l_ring_dip": null,
"l_ring_tip": null,
"l_pinky_mcp": null,
"l_pinky_pip": null,
"l_pinky_dip": null,
"l_pinky_tip": null,
"r_hand_position": [
-0.11082878708839417,
0.05779212713241577,
-0.5184235908091068
],
"r_wrist": [
0.015890415959377714,
0.9907079820217621,
0.13507475352191323
],
"r_thumb_cmc": [
0.21250672820498054,
0.7974486583469577,
0.0030289698847848555
],
"r_thumb_mcp": [
0.30000955005339447,
0.48569620320706325,
-0.07908052557502951
],
"r_thumb_ip": [
0.13489767096697533,
0.27378859389437177,
-0.15773399867924248
],
"r_thumb_tip": [
-0.06643817741044498,
0.1773898834315682,
-0.2153921455324226
],
"r_index_mcp": [
0.2406375670180873,
-0.0026831436897554978,
0.020275678927321857
],
"r_index_pip": [
0.27186647540587183,
-0.3250418822977371,
-0.1603435361775903
],
"r_index_dip": [
0.2930250735723908,
-0.4422198800601692,
-0.2527952341167272
],
"r_index_tip": [
0.2887152193964603,
-0.4254803845911506,
-0.2829317938494652
],
"r_middle_mcp": [
0.0,
0.0,
0.0
],
"r_middle_pip": [
-0.11466287829885098,
-0.3886288917922522,
-0.19011853792819292
],
"r_middle_dip": [
-0.07346373133555885,
-0.4046748776463454,
-0.24306542422506447
],
"r_middle_tip": [
-0.027305575481168125,
-0.3313612537794235,
-0.22272258476910753
],
"r_ring_mcp": [
-0.17239657050469667,
0.12189513042677501,
-0.04650969028467211
],
"r_ring_pip": [
-0.07217263230764638,
0.24386760880682146,
-0.24173974804007511
],
"r_ring_dip": [
0.0677932960719974,
0.4056519964232661,
-0.259353614051478
],
"r_ring_tip": [
0.1466868974266209,
0.4460831262799222,
-0.209441105441209
],
"r_pinky_mcp": [
-0.26576865992592913,
0.3053496177877287,
-0.10599703975875702
],
"r_pinky_pip": [
-0.07958033756121158,
0.5230412808264142,
-0.21429474413325347
],
"r_pinky_dip": [
0.012359722239283326,
0.6562064887383349,
-0.21554782467565964
],
"r_pinky_tip": [
0.035104171944910244,
0.6441393340398156,
-0.18208609500403053
],
"l_hand_velocity": null,
"r_hand_velocity": [
-0.0003217160701751709,
0.002866089344024658,
-0.0040490878745913506
],
"m_nose_point": null,
"m_top_nose": null,
"m_eyebrows": null,
"m_forehead": null,
"m_top_chin": null,
"m_bot_up_lip": null,
"m_top_low_lip": null,
"m_bot_nose": null,
"m_chin": null,
"m_nose": null,
"l_eye_exterior": null,
"l_temple": null,
"l_mid_chin": null,
"l_up_lip": null,
"l_ext_nostril": null,
"l_mid_cheek": null,
"l_mid_eyebrow": null,
"l_ext_eyebrow": null,
"l_ext_lips": null,
"l_jaw_angle": null,
"l_mid_ext_face": null,
"l_int_eyebrow": null,
"l_mid_jaw": null,
"l_mid_bot_eyelid": null,
"l_ext_mouth": null,
"l_top_eyelid": null,
"l_eye_int": null,
"l_pupil": null,
"r_eye_exterior": null,
"r_temple": null,
"r_mid_chin": null,
"r_up_lip": null,
"r_ext_nostril": null,
"r_mid_cheek": null,
"r_mid_eyebrow": null,
"r_ext_eyebrow": null,
"r_ext_lips": null,
"r_jaw_angle": null,
"r_mid_ext_face": null,
"r_int_eyebrow": null,
"r_mid_jaw": null,
"r_mid_bot_eyelid": null,
"r_ext_mouth": null,
"r_top_eyelid": null,
"r_eye_int": null,
"r_pupil": null,
"l_shoulder": null,
"l_elbow": null,
"l_hip": null,
"l_knee": null,
"l_ankle": null,
"l_body_wrist": null,
"r_shoulder": null,
"r_elbow": null,
"r_hip": null,
"r_knee": null,
"r_ankle": null,
"r_body_wrist": null,
"m_face_position": null,
"m_body_position": null,
"m_face_scale": null,
"m_body_scale": null,
"l_hand_scale": null,
"r_hand_scale": [
0.13639691393279343,
0.13639691393279343,
0.13639691393279343
]
}
],
"framerate": 30,
"mirrorable": true,
"invalid": false
}