{
"label": "x",
"gestures": [
{
"l_hand_position": null,
"l_wrist": null,
"l_thumb_cmc": null,
"l_thumb_mcp": null,
"l_thumb_ip": null,
"l_thumb_tip": null,
"l_index_mcp": null,
"l_index_pip": null,
"l_index_dip": null,
"l_index_tip": null,
"l_middle_mcp": null,
"l_middle_pip": null,
"l_middle_dip": null,
"l_middle_tip": null,
"l_ring_mcp": null,
"l_ring_pip": null,
"l_ring_dip": null,
"l_ring_tip": null,
"l_pinky_mcp": null,
"l_pinky_pip": null,
"l_pinky_dip": null,
"l_pinky_tip": null,
"r_hand_position": [
-0.2157282829284668,
0.030033409595489502,
0.5053886789828539
],
"r_wrist": [
0.07713778705727323,
0.996194360978731,
-0.04057778902410275
],
"r_thumb_cmc": [
0.3096988008721875,
0.7311310343744792,
0.02229410354597881
],
"r_thumb_mcp": [
0.3454236971489787,
0.31046584755464685,
0.06190545570588938
],
"r_thumb_ip": [
0.2098503279562576,
0.029021204498433577,
0.12257524644546096
],
"r_thumb_tip": [
0.0522372704416129,
-0.11807940866479893,
0.17085199039376453
],
"r_index_mcp": [
0.18807410154340576,
-0.05335395396762748,
-0.052513971017072295
],
"r_index_pip": [
0.16223194423740034,
-0.40899364471683963,
0.11208950734718298
],
"r_index_dip": [
0.19859372713935822,
-0.561027997293141,
0.22712931400162314
],
"r_index_tip": [
0.25542160815334936,
-0.5101928648480191,
0.28098800286383413
],
"r_middle_mcp": [
-0.0,
0.0,
-0.0
],
"r_middle_pip": [
-0.16388138634274743,
-0.45411519947459594,
0.21011481375371108
],
"r_middle_dip": [
-0.0610230743088699,
-0.5452564133854282,
0.3299908519851965
],
"r_middle_tip": [
0.05289525197261667,
-0.4014387510465661,
0.3567523207993046
],
"r_ring_mcp": [
-0.13804596145349854,
0.15551209465882707,
0.07251289726290969
],
"r_ring_pip": [
-0.12749761087938494,
-0.13124756701276588,
0.2510293093320553
],
"r_ring_dip": [
0.05705678318371281,
0.06236596703790351,
0.26484150749799273
],
"r_ring_tip": [
0.15137390249248686,
0.25985288486249003,
0.2160246694412657
],
"r_pinky_mcp": [
-0.24333916421431703,
0.3669422964139477,
0.15272281231899662
],
"r_pinky_pip": [
-0.10958309871807224,
0.24075391617981381,
0.26723157155002986
],
"r_pinky_dip": [
0.03464232366234298,
0.3581093656293951,
0.2634017801746112
],
"r_pinky_tip": [
0.09801097196918403,
0.46462831706768376,
0.22372038282869636
],
"l_hand_velocity": null,
"r_hand_velocity": null,
"m_nose_point": null,
"m_top_nose": null,
"m_eyebrows": null,
"m_forehead": null,
"m_top_chin": null,
"m_bot_up_lip": null,
"m_top_low_lip": null,
"m_bot_nose": null,
"m_chin": null,
"m_nose": null,
"l_eye_exterior": null,
"l_temple": null,
"l_mid_chin": null,
"l_up_lip": null,
"l_ext_nostril": null,
"l_mid_cheek": null,
"l_mid_eyebrow": null,
"l_ext_eyebrow": null,
"l_ext_lips": null,
"l_jaw_angle": null,
"l_mid_ext_face": null,
"l_int_eyebrow": null,
"l_mid_jaw": null,
"l_mid_bot_eyelid": null,
"l_ext_mouth": null,
"l_top_eyelid": null,
"l_eye_int": null,
"l_pupil": null,
"r_eye_exterior": null,
"r_temple": null,
"r_mid_chin": null,
"r_up_lip": null,
"r_ext_nostril": null,
"r_mid_cheek": null,
"r_mid_eyebrow": null,
"r_ext_eyebrow": null,
"r_ext_lips": null,
"r_jaw_angle": null,
"r_mid_ext_face": null,
"r_int_eyebrow": null,
"r_mid_jaw": null,
"r_mid_bot_eyelid": null,
"r_ext_mouth": null,
"r_top_eyelid": null,
"r_eye_int": null,
"r_pupil": null,
"l_shoulder": null,
"l_elbow": null,
"l_hip": null,
"l_knee": null,
"l_ankle": null,
"l_body_wrist": null,
"r_shoulder": null,
"r_elbow": null,
"r_hip": null,
"r_knee": null,
"r_ankle": null,
"r_body_wrist": null,
"m_face_position": null,
"m_body_position": null,
"m_face_scale": null,
"m_body_scale": null,
"l_hand_scale": null,
"r_hand_scale": [
-0.13280070203098496,
0.13280070203098496,
-0.13280070203098496
]
}
],
"framerate": 30,
"mirrorable": true,
"invalid": false
}