{
"label": "x",
"gestures": [
{
"l_hand_position": null,
"l_wrist": null,
"l_thumb_cmc": null,
"l_thumb_mcp": null,
"l_thumb_ip": null,
"l_thumb_tip": null,
"l_index_mcp": null,
"l_index_pip": null,
"l_index_dip": null,
"l_index_tip": null,
"l_middle_mcp": null,
"l_middle_pip": null,
"l_middle_dip": null,
"l_middle_tip": null,
"l_ring_mcp": null,
"l_ring_pip": null,
"l_ring_dip": null,
"l_ring_tip": null,
"l_pinky_mcp": null,
"l_pinky_pip": null,
"l_pinky_dip": null,
"l_pinky_tip": null,
"r_hand_position": [
-0.2175566554069519,
0.07246530055999756,
0.4956025672145188
],
"r_wrist": [
-0.056955176319159806,
0.9975771479714283,
0.03994923948768438
],
"r_thumb_cmc": [
0.2014815896895508,
0.6550278494747944,
0.09161592401819987
],
"r_thumb_mcp": [
0.2586701622302208,
0.22152442252142063,
0.10861192672747247
],
"r_thumb_ip": [
0.11447245305114467,
-0.09471500260613303,
0.15212500287370312
],
"r_thumb_tip": [
-0.07867564602861349,
-0.20160505683225224,
0.19289699760906326
],
"r_index_mcp": [
0.18230952512725965,
-0.00993423128446591,
-0.04955863395815636
],
"r_index_pip": [
0.22671112555999326,
-0.3058378598775116,
0.03995262208406438
],
"r_index_dip": [
0.21829532352173298,
-0.523189851107201,
0.12423861350302763
],
"r_index_tip": [
0.20963800242362687,
-0.6194422362489894,
0.1777095237019921
],
"r_middle_mcp": [
-0.0,
0.0,
-0.0
],
"r_middle_pip": [
-0.08610425244781782,
-0.4050269218389053,
0.13015932498199284
],
"r_middle_dip": [
-0.040842714196619674,
-0.5957603718427609,
0.2400460465733419
],
"r_middle_tip": [
0.004143730596278722,
-0.6197146220945107,
0.2869179036794174
],
"r_ring_mcp": [
-0.16316778582808816,
0.11973930142796209,
0.07056678362863805
],
"r_ring_pip": [
-0.19253672011436365,
-0.20793383094081333,
0.22134503894419735
],
"r_ring_dip": [
-0.06898509989421624,
-0.039979527242820896,
0.2781160468266768
],
"r_ring_tip": [
-0.005994113169133452,
0.1711963992390171,
0.2662107411297527
],
"r_pinky_mcp": [
-0.30448946871379834,
0.3060983322268072,
0.14579639799094068
],
"r_pinky_pip": [
-0.25793964830257055,
0.14485728365192865,
0.25170061040439323
],
"r_pinky_dip": [
-0.1347340609955206,
0.2490819638588524,
0.2685687164856845
],
"r_pinky_tip": [
-0.0597802994922892,
0.38778484366515803,
0.24919999462277195
],
"l_hand_velocity": null,
"r_hand_velocity": null,
"m_nose_point": null,
"m_top_nose": null,
"m_eyebrows": null,
"m_forehead": null,
"m_top_chin": null,
"m_bot_up_lip": null,
"m_top_low_lip": null,
"m_bot_nose": null,
"m_chin": null,
"m_nose": null,
"l_eye_exterior": null,
"l_temple": null,
"l_mid_chin": null,
"l_up_lip": null,
"l_ext_nostril": null,
"l_mid_cheek": null,
"l_mid_eyebrow": null,
"l_ext_eyebrow": null,
"l_ext_lips": null,
"l_jaw_angle": null,
"l_mid_ext_face": null,
"l_int_eyebrow": null,
"l_mid_jaw": null,
"l_mid_bot_eyelid": null,
"l_ext_mouth": null,
"l_top_eyelid": null,
"l_eye_int": null,
"l_pupil": null,
"r_eye_exterior": null,
"r_temple": null,
"r_mid_chin": null,
"r_up_lip": null,
"r_ext_nostril": null,
"r_mid_cheek": null,
"r_mid_eyebrow": null,
"r_ext_eyebrow": null,
"r_ext_lips": null,
"r_jaw_angle": null,
"r_mid_ext_face": null,
"r_int_eyebrow": null,
"r_mid_jaw": null,
"r_mid_bot_eyelid": null,
"r_ext_mouth": null,
"r_top_eyelid": null,
"r_eye_int": null,
"r_pupil": null,
"l_shoulder": null,
"l_elbow": null,
"l_hip": null,
"l_knee": null,
"l_ankle": null,
"l_body_wrist": null,
"r_shoulder": null,
"r_elbow": null,
"r_hip": null,
"r_knee": null,
"r_ankle": null,
"r_body_wrist": null,
"m_face_position": null,
"m_body_position": null,
"m_face_scale": null,
"m_body_scale": null,
"l_hand_scale": null,
"r_hand_scale": [
-0.11006862806932599,
0.11006862806932599,
-0.11006862806932599
]
}
],
"framerate": 30,
"mirrorable": true,
"invalid": false
}