{
"label": "x",
"gestures": [
{
"l_hand_position": null,
"l_wrist": null,
"l_thumb_cmc": null,
"l_thumb_mcp": null,
"l_thumb_ip": null,
"l_thumb_tip": null,
"l_index_mcp": null,
"l_index_pip": null,
"l_index_dip": null,
"l_index_tip": null,
"l_middle_mcp": null,
"l_middle_pip": null,
"l_middle_dip": null,
"l_middle_tip": null,
"l_ring_mcp": null,
"l_ring_pip": null,
"l_ring_dip": null,
"l_ring_tip": null,
"l_pinky_mcp": null,
"l_pinky_pip": null,
"l_pinky_dip": null,
"l_pinky_tip": null,
"r_hand_position": [
-0.18537813425064087,
0.034809231758117676,
0.49886703095398843
],
"r_wrist": [
-0.18679399346028333,
0.9823601324698806,
0.00875066517003362
],
"r_thumb_cmc": [
0.08963704654985716,
0.7847929712794219,
0.05650054862070397
],
"r_thumb_mcp": [
0.21273265423991572,
0.35884561200197124,
0.07596116621711656
],
"r_thumb_ip": [
0.14368152484684305,
0.012899347848041483,
0.12121116696846004
],
"r_thumb_tip": [
0.0032265635049817864,
-0.17529245480190006,
0.15615126743850427
],
"r_index_mcp": [
0.17308524226724212,
0.03191249946073096,
-0.052476135220772865
],
"r_index_pip": [
0.29319093794226764,
-0.27369941882363125,
0.08415590747985055
],
"r_index_dip": [
0.34258940420603845,
-0.43234661814670616,
0.18879337518323933
],
"r_index_tip": [
0.3488592874553024,
-0.3945661746404568,
0.24086048697863702
],
"r_middle_mcp": [
-0.0,
0.0,
-0.0
],
"r_middle_pip": [
9.438434910406195e-05,
-0.4481995055045162,
0.17848369791374055
],
"r_middle_dip": [
0.0814269894121809,
-0.5385055299043646,
0.29639753289869564
],
"r_middle_tip": [
0.11423498916075284,
-0.4158242925274458,
0.33212105943594883
],
"r_ring_mcp": [
-0.1646767477907178,
0.08501681755834857,
0.07345183743817707
],
"r_ring_pip": [
-0.10985003042481584,
-0.2225113332185556,
0.23517312494007062
],
"r_ring_dip": [
-0.00012246944810575844,
-0.012934339118928842,
0.25928154945499565
],
"r_ring_tip": [
0.03740198528691501,
0.20780026627917517,
0.22217850069572317
],
"r_pinky_mcp": [
-0.32294088477986793,
0.23466987902899494,
0.15362957948946104
],
"r_pinky_pip": [
-0.21991875629267768,
0.07405856442163745,
0.25785925213085953
],
"r_pinky_dip": [
-0.11532432267285143,
0.208746411827511,
0.2559349336620681
],
"r_pinky_tip": [
-0.06541387886662346,
0.3559528468047965,
0.22073587332809863
],
"l_hand_velocity": null,
"r_hand_velocity": null,
"m_nose_point": null,
"m_top_nose": null,
"m_eyebrows": null,
"m_forehead": null,
"m_top_chin": null,
"m_bot_up_lip": null,
"m_top_low_lip": null,
"m_bot_nose": null,
"m_chin": null,
"m_nose": null,
"l_eye_exterior": null,
"l_temple": null,
"l_mid_chin": null,
"l_up_lip": null,
"l_ext_nostril": null,
"l_mid_cheek": null,
"l_mid_eyebrow": null,
"l_ext_eyebrow": null,
"l_ext_lips": null,
"l_jaw_angle": null,
"l_mid_ext_face": null,
"l_int_eyebrow": null,
"l_mid_jaw": null,
"l_mid_bot_eyelid": null,
"l_ext_mouth": null,
"l_top_eyelid": null,
"l_eye_int": null,
"l_pupil": null,
"r_eye_exterior": null,
"r_temple": null,
"r_mid_chin": null,
"r_up_lip": null,
"r_ext_nostril": null,
"r_mid_cheek": null,
"r_mid_eyebrow": null,
"r_ext_eyebrow": null,
"r_ext_lips": null,
"r_jaw_angle": null,
"r_mid_ext_face": null,
"r_int_eyebrow": null,
"r_mid_jaw": null,
"r_mid_bot_eyelid": null,
"r_ext_mouth": null,
"r_top_eyelid": null,
"r_eye_int": null,
"r_pupil": null,
"l_shoulder": null,
"l_elbow": null,
"l_hip": null,
"l_knee": null,
"l_ankle": null,
"l_body_wrist": null,
"r_shoulder": null,
"r_elbow": null,
"r_hip": null,
"r_knee": null,
"r_ankle": null,
"r_body_wrist": null,
"m_face_position": null,
"m_body_position": null,
"m_face_scale": null,
"m_body_scale": null,
"l_hand_scale": null,
"r_hand_scale": [
-0.1294595162751323,
0.1294595162751323,
-0.1294595162751323
]
}
],
"framerate": 30,
"mirrorable": true,
"invalid": false
}