{
"label": "x",
"gestures": [
{
"l_hand_position": null,
"l_wrist": null,
"l_thumb_cmc": null,
"l_thumb_mcp": null,
"l_thumb_ip": null,
"l_thumb_tip": null,
"l_index_mcp": null,
"l_index_pip": null,
"l_index_dip": null,
"l_index_tip": null,
"l_middle_mcp": null,
"l_middle_pip": null,
"l_middle_dip": null,
"l_middle_tip": null,
"l_ring_mcp": null,
"l_ring_pip": null,
"l_ring_dip": null,
"l_ring_tip": null,
"l_pinky_mcp": null,
"l_pinky_pip": null,
"l_pinky_dip": null,
"l_pinky_tip": null,
"r_hand_position": [
-0.2150474190711975,
0.025766611099243164,
0.5101293539628386
],
"r_wrist": [
0.011612037199540983,
0.9976638982390101,
-0.06731943807414457
],
"r_thumb_cmc": [
0.22161387212235797,
0.7647295376439605,
0.020454999009274277
],
"r_thumb_mcp": [
0.2703623245303239,
0.38404018368639514,
0.08016620098634739
],
"r_thumb_ip": [
0.12279430263393977,
0.10650877103308254,
0.15663983311649715
],
"r_thumb_tip": [
-0.06964568275607891,
-0.033403720027580436,
0.21901752004206665
],
"r_index_mcp": [
0.19498192585223653,
-0.04067738541128691,
-0.05004284823019114
],
"r_index_pip": [
0.20888753251979084,
-0.39705846814179924,
0.13603689961927223
],
"r_index_dip": [
0.22406945711928622,
-0.5424157109015715,
0.26899893934420926
],
"r_index_tip": [
0.24318966628717337,
-0.4593348210881742,
0.3316695861954588
],
"r_middle_mcp": [
-0.0,
0.0,
-0.0
],
"r_middle_pip": [
-0.12246829094617206,
-0.4729924528875115,
0.22794929453610618
],
"r_middle_dip": [
-0.03345561253195172,
-0.5165219454092813,
0.3565568698269638
],
"r_middle_tip": [
0.05253145558923137,
-0.3289485658395178,
0.3840487065845964
],
"r_ring_mcp": [
-0.1539234672409101,
0.1579168133215737,
0.07222673447010046
],
"r_ring_pip": [
-0.1570290949834359,
-0.06879123900089675,
0.26267523359443706
],
"r_ring_dip": [
-0.002925390418182785,
0.14354971987850376,
0.2812791915690274
],
"r_ring_tip": [
0.07322824618763545,
0.3278295099246409,
0.2308877818697529
],
"r_pinky_mcp": [
-0.2771610348549374,
0.3702007300587646,
0.15493527823412184
],
"r_pinky_pip": [
-0.18657652852205095,
0.28317937698404383,
0.27022071567923717
],
"r_pinky_dip": [
-0.05682704579840864,
0.41600358962318174,
0.2630755189048736
],
"r_pinky_tip": [
0.004641012070335749,
0.5211176010540406,
0.21858767382980793
],
"l_hand_velocity": null,
"r_hand_velocity": null,
"m_nose_point": null,
"m_top_nose": null,
"m_eyebrows": null,
"m_forehead": null,
"m_top_chin": null,
"m_bot_up_lip": null,
"m_top_low_lip": null,
"m_bot_nose": null,
"m_chin": null,
"m_nose": null,
"l_eye_exterior": null,
"l_temple": null,
"l_mid_chin": null,
"l_up_lip": null,
"l_ext_nostril": null,
"l_mid_cheek": null,
"l_mid_eyebrow": null,
"l_ext_eyebrow": null,
"l_ext_lips": null,
"l_jaw_angle": null,
"l_mid_ext_face": null,
"l_int_eyebrow": null,
"l_mid_jaw": null,
"l_mid_bot_eyelid": null,
"l_ext_mouth": null,
"l_top_eyelid": null,
"l_eye_int": null,
"l_pupil": null,
"r_eye_exterior": null,
"r_temple": null,
"r_mid_chin": null,
"r_up_lip": null,
"r_ext_nostril": null,
"r_mid_cheek": null,
"r_mid_eyebrow": null,
"r_ext_eyebrow": null,
"r_ext_lips": null,
"r_jaw_angle": null,
"r_mid_ext_face": null,
"r_int_eyebrow": null,
"r_mid_jaw": null,
"r_mid_bot_eyelid": null,
"r_ext_mouth": null,
"r_top_eyelid": null,
"r_eye_int": null,
"r_pupil": null,
"l_shoulder": null,
"l_elbow": null,
"l_hip": null,
"l_knee": null,
"l_ankle": null,
"l_body_wrist": null,
"r_shoulder": null,
"r_elbow": null,
"r_hip": null,
"r_knee": null,
"r_ankle": null,
"r_body_wrist": null,
"m_face_position": null,
"m_body_position": null,
"m_face_scale": null,
"m_body_scale": null,
"l_hand_scale": null,
"r_hand_scale": [
-0.1504689079892776,
0.1504689079892776,
-0.1504689079892776
]
}
],
"framerate": 30,
"mirrorable": true,
"invalid": false
}