{
"label": "x",
"gestures": [
{
"l_hand_position": null,
"l_wrist": null,
"l_thumb_cmc": null,
"l_thumb_mcp": null,
"l_thumb_ip": null,
"l_thumb_tip": null,
"l_index_mcp": null,
"l_index_pip": null,
"l_index_dip": null,
"l_index_tip": null,
"l_middle_mcp": null,
"l_middle_pip": null,
"l_middle_dip": null,
"l_middle_tip": null,
"l_ring_mcp": null,
"l_ring_pip": null,
"l_ring_dip": null,
"l_ring_tip": null,
"l_pinky_mcp": null,
"l_pinky_pip": null,
"l_pinky_dip": null,
"l_pinky_tip": null,
"r_hand_position": [
-0.15556752681732178,
0.044835448265075684,
0.5012390164192766
],
"r_wrist": [
-0.38222960637540426,
0.9240188236491458,
-0.009473201789913274
],
"r_thumb_cmc": [
-0.08656077219380715,
0.8449859271041749,
0.04940346584330363
],
"r_thumb_mcp": [
0.1381726787550154,
0.482706398830033,
0.07904058131307316
],
"r_thumb_ip": [
0.1662863481374239,
0.11984082732782633,
0.1316487200632611
],
"r_thumb_tip": [
0.0928131151868475,
-0.14718070090832652,
0.17229381992004503
],
"r_index_mcp": [
0.15287890038245017,
0.09861795083155216,
-0.05184665246216124
],
"r_index_pip": [
0.33309539579474706,
-0.17883797226696546,
0.10622214546645478
],
"r_index_dip": [
0.4242141807156963,
-0.2590001185157814,
0.22198127684029914
],
"r_index_tip": [
0.4277855810098987,
-0.18047852873744252,
0.27703012072527367
],
"r_middle_mcp": [
-0.0,
0.0,
-0.0
],
"r_middle_pip": [
0.09817363345413128,
-0.47966612869314756,
0.1939921729739259
],
"r_middle_dip": [
0.21378410363878025,
-0.49459131903837794,
0.31138229090550285
],
"r_middle_tip": [
0.22636398179642447,
-0.32696791737751524,
0.342167190664589
],
"r_ring_mcp": [
-0.17044926018125944,
0.02113492444105139,
0.07440543252584132
],
"r_ring_pip": [
-0.034379683679369506,
-0.23172131009279345,
0.24609386823903273
],
"r_ring_dip": [
0.022458306660569548,
0.049749874967216785,
0.26297106444718227
],
"r_ring_tip": [
0.0015179704453219668,
0.28456089974607535,
0.219236976192354
],
"r_pinky_mcp": [
-0.35300901708555443,
0.10419903280208896,
0.1574656246279433
],
"r_pinky_pip": [
-0.21081697497787022,
0.02044497930318965,
0.26826371038687674
],
"r_pinky_dip": [
-0.1430091303720079,
0.23197058353427982,
0.2631959004329105
],
"r_pinky_tip": [
-0.13222475012927468,
0.41160513710968805,
0.2254807888613855
],
"l_hand_velocity": null,
"r_hand_velocity": null,
"m_nose_point": null,
"m_top_nose": null,
"m_eyebrows": null,
"m_forehead": null,
"m_top_chin": null,
"m_bot_up_lip": null,
"m_top_low_lip": null,
"m_bot_nose": null,
"m_chin": null,
"m_nose": null,
"l_eye_exterior": null,
"l_temple": null,
"l_mid_chin": null,
"l_up_lip": null,
"l_ext_nostril": null,
"l_mid_cheek": null,
"l_mid_eyebrow": null,
"l_ext_eyebrow": null,
"l_ext_lips": null,
"l_jaw_angle": null,
"l_mid_ext_face": null,
"l_int_eyebrow": null,
"l_mid_jaw": null,
"l_mid_bot_eyelid": null,
"l_ext_mouth": null,
"l_top_eyelid": null,
"l_eye_int": null,
"l_pupil": null,
"r_eye_exterior": null,
"r_temple": null,
"r_mid_chin": null,
"r_up_lip": null,
"r_ext_nostril": null,
"r_mid_cheek": null,
"r_mid_eyebrow": null,
"r_ext_eyebrow": null,
"r_ext_lips": null,
"r_jaw_angle": null,
"r_mid_ext_face": null,
"r_int_eyebrow": null,
"r_mid_jaw": null,
"r_mid_bot_eyelid": null,
"r_ext_mouth": null,
"r_top_eyelid": null,
"r_eye_int": null,
"r_pupil": null,
"l_shoulder": null,
"l_elbow": null,
"l_hip": null,
"l_knee": null,
"l_ankle": null,
"l_body_wrist": null,
"r_shoulder": null,
"r_elbow": null,
"r_hip": null,
"r_knee": null,
"r_ankle": null,
"r_body_wrist": null,
"m_face_position": null,
"m_body_position": null,
"m_face_scale": null,
"m_body_scale": null,
"l_hand_scale": null,
"r_hand_scale": [
-0.13079508389553296,
0.13079508389553296,
-0.13079508389553296
]
}
],
"framerate": 30,
"mirrorable": true,
"invalid": false
}