{
"label": "x",
"gestures": [
{
"l_hand_position": null,
"l_wrist": null,
"l_thumb_cmc": null,
"l_thumb_mcp": null,
"l_thumb_ip": null,
"l_thumb_tip": null,
"l_index_mcp": null,
"l_index_pip": null,
"l_index_dip": null,
"l_index_tip": null,
"l_middle_mcp": null,
"l_middle_pip": null,
"l_middle_dip": null,
"l_middle_tip": null,
"l_ring_mcp": null,
"l_ring_pip": null,
"l_ring_dip": null,
"l_ring_tip": null,
"l_pinky_mcp": null,
"l_pinky_pip": null,
"l_pinky_dip": null,
"l_pinky_tip": null,
"r_hand_position": [
-0.12928622961044312,
-0.0038334429264068604,
-0.5027710155118257
],
"r_wrist": [
0.005777190265714122,
0.9997785823543373,
0.020233890831610042
],
"r_thumb_cmc": [
0.16876036874876146,
0.7996039119173934,
-0.06192588169655674
],
"r_thumb_mcp": [
0.2622701631874774,
0.368543568121333,
-0.09348459138090033
],
"r_thumb_ip": [
0.15588730303106527,
0.06641538356205029,
-0.1326766536131286
],
"r_thumb_tip": [
-0.04664206912215007,
-0.0686436568801004,
-0.15365167705027974
],
"r_index_mcp": [
0.1860079440868445,
-0.013633812155186735,
0.03179262636158748
],
"r_index_pip": [
0.19979951973378773,
-0.3395660051651355,
-0.0691297435385859
],
"r_index_dip": [
0.19700438586949537,
-0.5068427442769374,
-0.13752382809493827
],
"r_index_tip": [
0.18025229669793577,
-0.5581465613768792,
-0.17540588893309572
],
"r_middle_mcp": [
0.0,
0.0,
0.0
],
"r_middle_pip": [
-0.11412959161369576,
-0.44012119073847145,
-0.1277870325918558
],
"r_middle_dip": [
-0.06791054625426927,
-0.5383767286140385,
-0.18597318681756692
],
"r_middle_tip": [
-0.03023836526135201,
-0.5100896257396939,
-0.19714522208660293
],
"r_ring_mcp": [
-0.1505081119742099,
0.12291212199616675,
-0.053573284029724194
],
"r_ring_pip": [
-0.13322441423663503,
-0.08351041792396605,
-0.21652079572336363
],
"r_ring_dip": [
-0.008872618776384332,
0.1449742038930251,
-0.22608874348936364
],
"r_ring_tip": [
0.0403034584305991,
0.3234062363033154,
-0.18576415019098957
],
"r_pinky_mcp": [
-0.24218545625557233,
0.3079780548336129,
-0.11668988058020006
],
"r_pinky_pip": [
-0.11802297698542943,
0.29201978803160866,
-0.24149981578039117
],
"r_pinky_dip": [
-0.03884202448489357,
0.4586911505446981,
-0.2513977612501825
],
"r_pinky_tip": [
-0.041154728471635434,
0.5521367515626304,
-0.2292057692780433
],
"l_hand_velocity": null,
"r_hand_velocity": [
-0.010535478591918945,
0.011740237474441528,
-0.0015216647880151868
],
"m_nose_point": null,
"m_top_nose": null,
"m_eyebrows": null,
"m_forehead": null,
"m_top_chin": null,
"m_bot_up_lip": null,
"m_top_low_lip": null,
"m_bot_nose": null,
"m_chin": null,
"m_nose": null,
"l_eye_exterior": null,
"l_temple": null,
"l_mid_chin": null,
"l_up_lip": null,
"l_ext_nostril": null,
"l_mid_cheek": null,
"l_mid_eyebrow": null,
"l_ext_eyebrow": null,
"l_ext_lips": null,
"l_jaw_angle": null,
"l_mid_ext_face": null,
"l_int_eyebrow": null,
"l_mid_jaw": null,
"l_mid_bot_eyelid": null,
"l_ext_mouth": null,
"l_top_eyelid": null,
"l_eye_int": null,
"l_pupil": null,
"r_eye_exterior": null,
"r_temple": null,
"r_mid_chin": null,
"r_up_lip": null,
"r_ext_nostril": null,
"r_mid_cheek": null,
"r_mid_eyebrow": null,
"r_ext_eyebrow": null,
"r_ext_lips": null,
"r_jaw_angle": null,
"r_mid_ext_face": null,
"r_int_eyebrow": null,
"r_mid_jaw": null,
"r_mid_bot_eyelid": null,
"r_ext_mouth": null,
"r_top_eyelid": null,
"r_eye_int": null,
"r_pupil": null,
"l_shoulder": null,
"l_elbow": null,
"l_hip": null,
"l_knee": null,
"l_ankle": null,
"l_body_wrist": null,
"r_shoulder": null,
"r_elbow": null,
"r_hip": null,
"r_knee": null,
"r_ankle": null,
"r_body_wrist": null,
"m_face_position": null,
"m_body_position": null,
"m_face_scale": null,
"m_body_scale": null,
"l_hand_scale": null,
"r_hand_scale": [
0.13695617085118095,
0.13695617085118095,
0.13695617085118095
]
}
],
"framerate": 30,
"mirrorable": true,
"invalid": false
}