{
"label": "x",
"gestures": [
{
"l_hand_position": null,
"l_wrist": null,
"l_thumb_cmc": null,
"l_thumb_mcp": null,
"l_thumb_ip": null,
"l_thumb_tip": null,
"l_index_mcp": null,
"l_index_pip": null,
"l_index_dip": null,
"l_index_tip": null,
"l_middle_mcp": null,
"l_middle_pip": null,
"l_middle_dip": null,
"l_middle_tip": null,
"l_ring_mcp": null,
"l_ring_pip": null,
"l_ring_dip": null,
"l_ring_tip": null,
"l_pinky_mcp": null,
"l_pinky_pip": null,
"l_pinky_dip": null,
"l_pinky_tip": null,
"r_hand_position": [
-0.09549251198768616,
0.021177947521209717,
-0.5056115272454917
],
"r_wrist": [
0.09981578733617454,
0.9942048442409129,
0.03991912181350618
],
"r_thumb_cmc": [
0.27863767202603157,
0.7988960339026716,
-0.02490019384786048
],
"r_thumb_mcp": [
0.315671614532339,
0.3510648570297371,
-0.04878204239101656
],
"r_thumb_ip": [
0.21231599413649813,
0.06814152139340697,
-0.08733845947473776
],
"r_thumb_tip": [
0.05613551516462549,
-0.048730422696452426,
-0.10969446787482019
],
"r_index_mcp": [
0.1759055557943207,
-0.05497055243701774,
0.04071744584153654
],
"r_index_pip": [
0.14121913508652117,
-0.43096391580447224,
-0.09846863686671141
],
"r_index_dip": [
0.18807056512514148,
-0.5848443619043128,
-0.1749947628378874
],
"r_index_tip": [
0.24041841439505543,
-0.5218083241153189,
-0.19389914514915976
],
"r_middle_mcp": [
0.0,
0.0,
0.0
],
"r_middle_pip": [
-0.17257073073421703,
-0.45382029371641375,
-0.14733325818128498
],
"r_middle_dip": [
-0.07415968280352546,
-0.5375886399782406,
-0.19448851664738534
],
"r_middle_tip": [
0.01847637246109967,
-0.42927975494767223,
-0.17845868516658847
],
"r_ring_mcp": [
-0.12539832643361343,
0.15556693900213708,
-0.06452019593138088
],
"r_ring_pip": [
-0.05157975828499622,
-0.01982747482016139,
-0.2290858956180429
],
"r_ring_dip": [
0.08712585576448811,
0.1844419023324692,
-0.2164260156326419
],
"r_ring_tip": [
0.12259245169296037,
0.351108953890036,
-0.14978397299301632
],
"r_pinky_mcp": [
-0.18575060386432046,
0.3441742985997632,
-0.1380353662859194
],
"r_pinky_pip": [
0.000941298364072501,
0.2941756671614455,
-0.24905390267989003
],
"r_pinky_dip": [
0.08616123694544985,
0.47407262482522405,
-0.23599344087941806
],
"r_pinky_tip": [
0.06179793363444811,
0.5973911906841638,
-0.1902041250619031
],
"l_hand_velocity": null,
"r_hand_velocity": [
0.01755484938621521,
0.0345018208026886,
-0.0024372825864702463
],
"m_nose_point": null,
"m_top_nose": null,
"m_eyebrows": null,
"m_forehead": null,
"m_top_chin": null,
"m_bot_up_lip": null,
"m_top_low_lip": null,
"m_bot_nose": null,
"m_chin": null,
"m_nose": null,
"l_eye_exterior": null,
"l_temple": null,
"l_mid_chin": null,
"l_up_lip": null,
"l_ext_nostril": null,
"l_mid_cheek": null,
"l_mid_eyebrow": null,
"l_ext_eyebrow": null,
"l_ext_lips": null,
"l_jaw_angle": null,
"l_mid_ext_face": null,
"l_int_eyebrow": null,
"l_mid_jaw": null,
"l_mid_bot_eyelid": null,
"l_ext_mouth": null,
"l_top_eyelid": null,
"l_eye_int": null,
"l_pupil": null,
"r_eye_exterior": null,
"r_temple": null,
"r_mid_chin": null,
"r_up_lip": null,
"r_ext_nostril": null,
"r_mid_cheek": null,
"r_mid_eyebrow": null,
"r_ext_eyebrow": null,
"r_ext_lips": null,
"r_jaw_angle": null,
"r_mid_ext_face": null,
"r_int_eyebrow": null,
"r_mid_jaw": null,
"r_mid_bot_eyelid": null,
"r_ext_mouth": null,
"r_top_eyelid": null,
"r_eye_int": null,
"r_pupil": null,
"l_shoulder": null,
"l_elbow": null,
"l_hip": null,
"l_knee": null,
"l_ankle": null,
"l_body_wrist": null,
"r_shoulder": null,
"r_elbow": null,
"r_hip": null,
"r_knee": null,
"r_ankle": null,
"r_body_wrist": null,
"m_face_position": null,
"m_body_position": null,
"m_face_scale": null,
"m_body_scale": null,
"l_hand_scale": null,
"r_hand_scale": [
0.14057424983602268,
0.14057424983602268,
0.14057424983602268
]
}
],
"framerate": 30,
"mirrorable": true,
"invalid": false
}