{
"label": "x",
"gestures": [
{
"l_hand_position": null,
"l_wrist": null,
"l_thumb_cmc": null,
"l_thumb_mcp": null,
"l_thumb_ip": null,
"l_thumb_tip": null,
"l_index_mcp": null,
"l_index_pip": null,
"l_index_dip": null,
"l_index_tip": null,
"l_middle_mcp": null,
"l_middle_pip": null,
"l_middle_dip": null,
"l_middle_tip": null,
"l_ring_mcp": null,
"l_ring_pip": null,
"l_ring_dip": null,
"l_ring_tip": null,
"l_pinky_mcp": null,
"l_pinky_pip": null,
"l_pinky_dip": null,
"l_pinky_tip": null,
"r_hand_position": [
-0.24366247653961182,
0.05197858810424805,
0.5083734355866909
],
"r_wrist": [
0.27481060901531595,
0.9598410000673555,
-0.05643034433999165
],
"r_thumb_cmc": [
0.45027898177990816,
0.6347155862968926,
0.027263524193260103
],
"r_thumb_mcp": [
0.40735020494893337,
0.22028784099425514,
0.07411752795058978
],
"r_thumb_ip": [
0.19283084051651395,
0.005845196777928637,
0.13889738216579522
],
"r_thumb_tip": [
-0.02458501333080677,
-0.017435171202774217,
0.1937395583378215
],
"r_index_mcp": [
0.17090171236270443,
-0.13115140186651175,
-0.05010992423083801
],
"r_index_pip": [
0.09478079764364863,
-0.4531957558592738,
0.0890740913997765
],
"r_index_dip": [
0.03060654610279194,
-0.6328455812391929,
0.192348100648958
],
"r_index_tip": [
0.017754905715915446,
-0.6565203955665097,
0.25007348580580924
],
"r_middle_mcp": [
-0.0,
0.0,
-0.0
],
"r_middle_pip": [
-0.25407245175530513,
-0.347043294981599,
0.18695667281928843
],
"r_middle_dip": [
-0.2123386625833695,
-0.49119114162190614,
0.29980068801584114
],
"r_middle_tip": [
-0.11315227682397587,
-0.46643682163621364,
0.33344564087043665
],
"r_ring_mcp": [
-0.09395173729801609,
0.22164671267510538,
0.07071434870538625
],
"r_ring_pip": [
-0.1662081221792179,
0.013637721344436027,
0.24785161211304452
],
"r_ring_dip": [
0.05675649117128494,
0.14399942716467184,
0.265703748652562
],
"r_ring_tip": [
0.18987851806477016,
0.277678981073534,
0.22163554104678032
],
"r_pinky_mcp": [
-0.14179582975375124,
0.4883085100470845,
0.15072464699722143
],
"r_pinky_pip": [
-0.10830805794397179,
0.3467420375885639,
0.2686625481382561
],
"r_pinky_dip": [
0.05487302995002962,
0.43535509220547436,
0.25996421790524044
],
"r_pinky_tip": [
0.15023103675873348,
0.5252719888194406,
0.21829108188843588
],
"l_hand_velocity": null,
"r_hand_velocity": null,
"m_nose_point": null,
"m_top_nose": null,
"m_eyebrows": null,
"m_forehead": null,
"m_top_chin": null,
"m_bot_up_lip": null,
"m_top_low_lip": null,
"m_bot_nose": null,
"m_chin": null,
"m_nose": null,
"l_eye_exterior": null,
"l_temple": null,
"l_mid_chin": null,
"l_up_lip": null,
"l_ext_nostril": null,
"l_mid_cheek": null,
"l_mid_eyebrow": null,
"l_ext_eyebrow": null,
"l_ext_lips": null,
"l_jaw_angle": null,
"l_mid_ext_face": null,
"l_int_eyebrow": null,
"l_mid_jaw": null,
"l_mid_bot_eyelid": null,
"l_ext_mouth": null,
"l_top_eyelid": null,
"l_eye_int": null,
"l_pupil": null,
"r_eye_exterior": null,
"r_temple": null,
"r_mid_chin": null,
"r_up_lip": null,
"r_ext_nostril": null,
"r_mid_cheek": null,
"r_mid_eyebrow": null,
"r_ext_eyebrow": null,
"r_ext_lips": null,
"r_jaw_angle": null,
"r_mid_ext_face": null,
"r_int_eyebrow": null,
"r_mid_jaw": null,
"r_mid_bot_eyelid": null,
"r_ext_mouth": null,
"r_top_eyelid": null,
"r_eye_int": null,
"r_pupil": null,
"l_shoulder": null,
"l_elbow": null,
"l_hip": null,
"l_knee": null,
"l_ankle": null,
"l_body_wrist": null,
"r_shoulder": null,
"r_elbow": null,
"r_hip": null,
"r_knee": null,
"r_ankle": null,
"r_body_wrist": null,
"m_face_position": null,
"m_body_position": null,
"m_face_scale": null,
"m_body_scale": null,
"l_hand_scale": null,
"r_hand_scale": [
-0.14838966483500549,
0.14838966483500549,
-0.14838966483500549
]
}
],
"framerate": 30,
"mirrorable": true,
"invalid": false
}