{
"label": "x",
"gestures": [
{
"l_hand_position": null,
"l_wrist": null,
"l_thumb_cmc": null,
"l_thumb_mcp": null,
"l_thumb_ip": null,
"l_thumb_tip": null,
"l_index_mcp": null,
"l_index_pip": null,
"l_index_dip": null,
"l_index_tip": null,
"l_middle_mcp": null,
"l_middle_pip": null,
"l_middle_dip": null,
"l_middle_tip": null,
"l_ring_mcp": null,
"l_ring_pip": null,
"l_ring_dip": null,
"l_ring_tip": null,
"l_pinky_mcp": null,
"l_pinky_pip": null,
"l_pinky_dip": null,
"l_pinky_tip": null,
"r_hand_position": [
-0.17599272727966309,
0.06738555431365967,
-0.5855347663164139
],
"r_wrist": [
-0.38963313583391623,
0.6917640217071828,
0.6079873006336015
],
"r_thumb_cmc": [
0.03497518309362928,
0.4836872614973179,
0.5493918185581285
],
"r_thumb_mcp": [
0.4587126442173657,
0.4788531639339696,
0.3730524406907339
],
"r_thumb_ip": [
0.7222245559283283,
0.6922631073276582,
0.19670783974191752
],
"r_thumb_tip": [
0.6971601201835707,
0.79045121256813,
0.018396367994963816
],
"r_index_mcp": [
0.24249015422645645,
-0.1625260883934031,
0.11672317285767943
],
"r_index_pip": [
0.6191915494884113,
-0.1042521226308491,
-0.14350586337284504
],
"r_index_dip": [
0.8774408194041828,
-0.05453717868904551,
-0.32213371218863573
],
"r_index_tip": [
1.1075440752555634,
-0.03440894546055172,
-0.44570051188268334
],
"r_middle_mcp": [
0.0,
0.0,
0.0
],
"r_middle_pip": [
0.5795744040851566,
0.4348976172118117,
-0.24093135900647844
],
"r_middle_dip": [
0.47451942300710814,
0.6100635361665586,
-0.24233090651202846
],
"r_middle_tip": [
0.341885512841754,
0.5759757340848867,
-0.2367523642790046
],
"r_ring_mcp": [
-0.19462919897327796,
0.3503530215096838,
-0.1090963353632881
],
"r_ring_pip": [
0.3748804529896261,
0.8388837013544336,
-0.2685129890028083
],
"r_ring_dip": [
0.27465935763892396,
0.9056090762487731,
-0.13228522810622742
],
"r_ring_tip": [
0.10630417798125028,
0.7655333673366869,
-0.03751981010744745
],
"r_pinky_mcp": [
-0.3515367610882986,
0.7258526711328623,
-0.23382177206972538
],
"r_pinky_pip": [
0.17349580391577069,
1.119292288084912,
-0.3104974546862912
],
"r_pinky_dip": [
0.17222288138035613,
1.1080141393437786,
-0.20281782554470695
],
"r_pinky_tip": [
0.05033731811538454,
0.9666792772364015,
-0.1316260474273164
],
"l_hand_velocity": null,
"r_hand_velocity": null,
"m_nose_point": [
0.0,
0.0,
0.0
],
"m_top_nose": [
0.015043155884061932,
-0.3428640140727173,
0.16719153845648813
],
"m_eyebrows": [
0.05042740674430413,
-0.6259623805976149,
0.21276637331928414
],
"m_forehead": [
0.10381739927519318,
-0.9777650240286404,
0.3118279701027566
],
"m_top_chin": [
-0.10925492478650504,
0.5995662714862552,
0.14683733600963378
],
"m_bot_up_lip": [
0.01977821727280893,
0.3712450375329825,
0.13941652484647477
],
"m_top_low_lip": [
0.01871862945438526,
0.3792368132344722,
0.14518561059112065
],
"m_bot_nose": [
-0.04786681171689022,
0.08137706957919322,
0.08308551614308685
],
"m_chin": [
-0.1409985986812223,
0.9737956485334891,
0.17844167133036204
],
"m_nose": [
0.012376058231613992,
-0.27353363769218714,
0.11980958985387351
],
"l_eye_exterior": [
-0.3864572380091197,
-0.44274795416354196,
0.29090529573220003
],
"l_temple": [
-0.653344205493864,
-0.7327330750048687,
0.5544334614644539
],
"l_mid_chin": [
-0.33889633808754,
0.751148058677242,
0.16990514603188975
],
"l_up_lip": [
-0.1365146115659598,
0.28699466309116906,
0.11637183524115605
],
"l_ext_nostril": [
-0.22526302240548704,
-0.004969140562492003,
0.09943283349340658
],
"l_mid_cheek": [
-0.5109232302651127,
-0.01824797849226679,
0.22920400192149026
],
"l_mid_eyebrow": [
-0.3167311024059897,
-0.7232774547124857,
0.21590566211476445
],
"l_ext_eyebrow": [
-0.41080827011849613,
-0.6978681943926648,
0.2401287742327893
],
"l_ext_lips": [
-0.44031810810345706,
0.3854484088885846,
0.21195193981460236
],
"l_jaw_angle": [
-0.7910652425399964,
0.42895631742429485,
0.6067545471972289
],
"l_mid_ext_face": [
-0.8061641423512038,
0.012668373947132924,
0.7074228394661964
],
"l_int_eyebrow": [
-0.07372791508845128,
-0.7228686659134189,
0.19484260822035981
],
"l_mid_jaw": [
-0.6431965447400896,
0.7055794376477883,
0.4233234332414777
],
"l_mid_bot_eyelid": [
-0.2709775746913704,
-0.40298236659046366,
0.2626358707714064
],
"l_ext_mouth": [
-0.2194828756834274,
0.3938888552231964,
0.19304204821587823
],
"l_top_eyelid": [
-0.2850467980596956,
-0.5087100150763736,
0.2618738501100631
],
"l_eye_int": [
-0.15494681693940246,
-0.4418220611297355,
0.2929682494547217
],
"l_pupil": [
-0.223663217016678,
-0.4508989172992581,
0.28022422961051924
],
"r_eye_exterior": [
0.40343013081826634,
-0.3182375480468965,
0.4541014172438319
],
"r_temple": [
0.5113607974330716,
-0.5506087142680856,
0.6943137259324865
],
"r_mid_chin": [
0.07569028260503574,
0.7992795407474083,
0.23370779186859506
],
"r_up_lip": [
0.15227065523376013,
0.33149644505964365,
0.1556670055347373
],
"r_ext_nostril": [
0.13987556249043795,
0.07327924445532918,
0.19011471309866962
],
"r_mid_cheek": [
0.33650342804422223,
0.10750964134392611,
0.37467309785755687
],
"r_mid_eyebrow": [
0.4713362045399638,
-0.5452699869365926,
0.38333792907777064
],
"r_ext_eyebrow": [
0.4196493476042998,
-0.5919971072649537,
0.33082962107749075
],
"r_ext_lips": [
0.14593578845620409,
0.5519126916207628,
0.28307151603763203
],
"r_jaw_angle": [
0.2973353881779838,
0.54479786306583,
0.7355728995210021
],
"r_mid_ext_face": [
0.3628322365606136,
0.15013312488919417,
0.8505417751160815
],
"r_int_eyebrow": [
0.22490680511494768,
-0.672818550383331,
0.2373417903142625
],
"r_mid_jaw": [
0.22086740980886976,
0.7933770293072244,
0.5249115003083455
],
"r_mid_bot_eyelid": [
0.28740345189023586,
-0.309057248370293,
0.36310339337695685
],
"r_ext_mouth": [
0.19243755376201985,
0.4928184638133172,
0.31096860226249284
],
"r_top_eyelid": [
0.3114780303771835,
-0.3938182689089451,
0.3616349176213846
],
"r_eye_int": [
0.1839250482045127,
-0.36993550844772366,
0.35790241841014375
],
"r_pupil": [
0.37792388512926545,
-0.35566800891577127,
0.3785472158186684
],
"l_shoulder": [
0.4744229938813801,
0.015643258941813044,
-0.15709268387263406
],
"l_elbow": [
0.766826455406585,
0.9047330689024181,
-1.06419552158583
],
"l_hip": [
0.270881285650505,
1.77723888167356,
-0.03770239676091073
],
"l_knee": [
0.21703334029839239,
2.9015006320974956,
-0.478432266927581
],
"l_ankle": [
0.1918334429053734,
4.133386066795415,
0.44957134208421023
],
"l_body_wrist": [
0.28835436120256785,
0.8792188093679847,
-2.072577839117207
],
"r_shoulder": [
-0.4744229938813801,
-0.015643258941813044,
0.15709268387263406
],
"r_elbow": [
-0.7627249247034529,
0.9811668040551716,
-0.9776898699807006
],
"r_hip": [
-0.36433599898061214,
1.7531310331574153,
0.1844637548755742
],
"r_knee": [
-0.3830986637654521,
2.875437926567513,
-0.7549959197920703
],
"r_ankle": [
-0.36771341072681674,
4.153801114096682,
-0.18849712424954984
],
"r_body_wrist": [
-0.6722350778443328,
0.20542567966380554,
-2.9423392204950485
],
"m_face_position": [
0.05786299705505371,
-0.20736068487167358,
-0.5347345434129238
],
"m_body_position": [
0.023965224623680115,
0.11962246894836426,
-0.5277445390820503
],
"m_face_scale": [
0.13151874442288375,
0.13151874442288375,
0.13151874442288375
],
"m_body_scale": [
0.4061339846281767,
0.4061339846281767,
0.4061339846281767
],
"l_hand_scale": null,
"r_hand_scale": [
0.14068582356375725,
0.14068582356375725,
0.14068582356375725
]
}
],
"framerate": 30,
"mirrorable": true,
"invalid": false
}