{
"label": "x",
"gestures": [
{
"l_hand_position": [
0.11773771047592163,
-0.04058757424354553,
-0.4954794030636549
],
"l_wrist": [
0.24246654342646953,
0.9692117785669079,
-0.042877775198708674
],
"l_thumb_cmc": [
-0.0578123477459676,
0.8620956332620155,
-0.11544007267330024
],
"l_thumb_mcp": [
-0.25224996276113903,
0.41003607914834417,
-0.12171444824691252
],
"l_thumb_ip": [
-0.21123535874656124,
-0.009783702010755457,
-0.14531503049459488
],
"l_thumb_tip": [
-0.06466724283021306,
-0.24751372494107582,
-0.15751378447927702
],
"l_index_mcp": [
-0.1893545336376497,
0.07572016046687624,
0.0341166803298744
],
"l_index_pip": [
-0.2991747583807232,
-0.2986792272020559,
-0.09677298315190687
],
"l_index_dip": [
-0.35707247430464717,
-0.5024211255862145,
-0.17393800709759694
],
"l_index_tip": [
-0.4272094993979592,
-0.5368335469373846,
-0.2090740703951669
],
"l_middle_mcp": [
0.0,
0.0,
0.0
],
"l_middle_pip": [
0.003552107696025919,
-0.518040392715286,
-0.17531786391027035
],
"l_middle_dip": [
-0.09713937552743425,
-0.6583551482582866,
-0.2597972199161487
],
"l_middle_tip": [
-0.1811671034842441,
-0.6527485507695887,
-0.26255855892898966
],
"l_ring_mcp": [
0.1749702783280862,
0.04883709934102419,
-0.060383390542792396
],
"l_ring_pip": [
0.0827313754266511,
-0.3036531956104016,
-0.24430551037086135
],
"l_ring_dip": [
-0.013589370155876973,
0.0021522957184101025,
-0.232313684114721
],
"l_ring_tip": [
-0.001405465499334782,
0.20098891598310847,
-0.15922179289322563
],
"l_pinky_mcp": [
0.3524569391732839,
0.18104922755640368,
-0.12944887230533064
],
"l_pinky_pip": [
0.14670380043760334,
0.08318733195328566,
-0.2746107011949692
],
"l_pinky_dip": [
0.08802929062949352,
0.3084858259757732,
-0.2778715465189362
],
"l_pinky_tip": [
0.14834162567958759,
0.4268728321795948,
-0.2362569095101671
],
"r_hand_position": null,
"r_wrist": null,
"r_thumb_cmc": null,
"r_thumb_mcp": null,
"r_thumb_ip": null,
"r_thumb_tip": null,
"r_index_mcp": null,
"r_index_pip": null,
"r_index_dip": null,
"r_index_tip": null,
"r_middle_mcp": null,
"r_middle_pip": null,
"r_middle_dip": null,
"r_middle_tip": null,
"r_ring_mcp": null,
"r_ring_pip": null,
"r_ring_dip": null,
"r_ring_tip": null,
"r_pinky_mcp": null,
"r_pinky_pip": null,
"r_pinky_dip": null,
"r_pinky_tip": null,
"l_hand_velocity": null,
"r_hand_velocity": null,
"m_nose_point": null,
"m_top_nose": null,
"m_eyebrows": null,
"m_forehead": null,
"m_top_chin": null,
"m_bot_up_lip": null,
"m_top_low_lip": null,
"m_bot_nose": null,
"m_chin": null,
"m_nose": null,
"l_eye_exterior": null,
"l_temple": null,
"l_mid_chin": null,
"l_up_lip": null,
"l_ext_nostril": null,
"l_mid_cheek": null,
"l_mid_eyebrow": null,
"l_ext_eyebrow": null,
"l_ext_lips": null,
"l_jaw_angle": null,
"l_mid_ext_face": null,
"l_int_eyebrow": null,
"l_mid_jaw": null,
"l_mid_bot_eyelid": null,
"l_ext_mouth": null,
"l_top_eyelid": null,
"l_eye_int": null,
"l_pupil": null,
"r_eye_exterior": null,
"r_temple": null,
"r_mid_chin": null,
"r_up_lip": null,
"r_ext_nostril": null,
"r_mid_cheek": null,
"r_mid_eyebrow": null,
"r_ext_eyebrow": null,
"r_ext_lips": null,
"r_jaw_angle": null,
"r_mid_ext_face": null,
"r_int_eyebrow": null,
"r_mid_jaw": null,
"r_mid_bot_eyelid": null,
"r_ext_mouth": null,
"r_top_eyelid": null,
"r_eye_int": null,
"r_pupil": null,
"l_shoulder": null,
"l_elbow": null,
"l_hip": null,
"l_knee": null,
"l_ankle": null,
"l_body_wrist": null,
"r_shoulder": null,
"r_elbow": null,
"r_hip": null,
"r_knee": null,
"r_ankle": null,
"r_body_wrist": null,
"m_face_position": null,
"m_body_position": null,
"m_face_scale": null,
"m_body_scale": null,
"l_hand_scale": [
0.10542923108518461,
0.10542923108518461,
0.10542923108518461
],
"r_hand_scale": null
}
],
"framerate": 30,
"mirrorable": true,
"invalid": false
}