{
"label": "x",
"gestures": [
{
"l_hand_position": null,
"l_wrist": null,
"l_thumb_cmc": null,
"l_thumb_mcp": null,
"l_thumb_ip": null,
"l_thumb_tip": null,
"l_index_mcp": null,
"l_index_pip": null,
"l_index_dip": null,
"l_index_tip": null,
"l_middle_mcp": null,
"l_middle_pip": null,
"l_middle_dip": null,
"l_middle_tip": null,
"l_ring_mcp": null,
"l_ring_pip": null,
"l_ring_dip": null,
"l_ring_tip": null,
"l_pinky_mcp": null,
"l_pinky_pip": null,
"l_pinky_dip": null,
"l_pinky_tip": null,
"r_hand_position": [
-0.14476746320724487,
-0.030346840620040894,
0.4986105707939714
],
"r_wrist": [
-0.08687608252967625,
0.996151047393825,
0.011646332490629168
],
"r_thumb_cmc": [
0.18774831759214422,
0.7271570880695588,
0.06530814022338383
],
"r_thumb_mcp": [
0.3007628770582837,
0.2733499557435668,
0.07647816518970808
],
"r_thumb_ip": [
0.1951166598002323,
-0.10988928506355661,
0.11151239380425618
],
"r_thumb_tip": [
0.03110333847040888,
-0.3240464087074886,
0.1415594780956044
],
"r_index_mcp": [
0.16801279312105744,
0.022001092324841803,
-0.04792008105450388
],
"r_index_pip": [
0.2617225558377547,
-0.38458439049003224,
0.02604626471928206
],
"r_index_dip": [
0.330075347600184,
-0.6130707061406261,
0.07363023890298918
],
"r_index_tip": [
0.39791896123227,
-0.8027108278559103,
0.10623714254122874
],
"r_middle_mcp": [
-0.0,
0.0,
-0.0
],
"r_middle_pip": [
-0.029834640459671352,
-0.5158514119239623,
0.10993894312604918
],
"r_middle_dip": [
0.07188156110147156,
-0.7589237572249831,
0.17627919458698307
],
"r_middle_tip": [
0.14677222004487356,
-0.9563112315623546,
0.19739390972246015
],
"r_ring_mcp": [
-0.1571996285080759,
0.08729306893769535,
0.06662044348218882
],
"r_ring_pip": [
-0.0745138971079959,
-0.2573113443218859,
0.22859456167754455
],
"r_ring_dip": [
0.04794319339749254,
0.01990391802351632,
0.23376326310702203
],
"r_ring_tip": [
0.05822719251485727,
0.22743073292208543,
0.1818346359193743
],
"r_pinky_mcp": [
-0.2937757938427883,
0.24323973948518662,
0.1394133503644879
],
"r_pinky_pip": [
-0.16958380003155715,
0.04709547926782881,
0.25637044105352547
],
"r_pinky_dip": [
-0.0505770284564124,
0.2198122988060123,
0.24064175871461732
],
"r_pinky_tip": [
-0.034911930923280654,
0.36588546075044404,
0.19725773018140508
],
"l_hand_velocity": null,
"r_hand_velocity": null,
"m_nose_point": null,
"m_top_nose": null,
"m_eyebrows": null,
"m_forehead": null,
"m_top_chin": null,
"m_bot_up_lip": null,
"m_top_low_lip": null,
"m_bot_nose": null,
"m_chin": null,
"m_nose": null,
"l_eye_exterior": null,
"l_temple": null,
"l_mid_chin": null,
"l_up_lip": null,
"l_ext_nostril": null,
"l_mid_cheek": null,
"l_mid_eyebrow": null,
"l_ext_eyebrow": null,
"l_ext_lips": null,
"l_jaw_angle": null,
"l_mid_ext_face": null,
"l_int_eyebrow": null,
"l_mid_jaw": null,
"l_mid_bot_eyelid": null,
"l_ext_mouth": null,
"l_top_eyelid": null,
"l_eye_int": null,
"l_pupil": null,
"r_eye_exterior": null,
"r_temple": null,
"r_mid_chin": null,
"r_up_lip": null,
"r_ext_nostril": null,
"r_mid_cheek": null,
"r_mid_eyebrow": null,
"r_ext_eyebrow": null,
"r_ext_lips": null,
"r_jaw_angle": null,
"r_mid_ext_face": null,
"r_int_eyebrow": null,
"r_mid_jaw": null,
"r_mid_bot_eyelid": null,
"r_ext_mouth": null,
"r_top_eyelid": null,
"r_eye_int": null,
"r_pupil": null,
"l_shoulder": null,
"l_elbow": null,
"l_hip": null,
"l_knee": null,
"l_ankle": null,
"l_body_wrist": null,
"r_shoulder": null,
"r_elbow": null,
"r_hip": null,
"r_knee": null,
"r_ankle": null,
"r_body_wrist": null,
"m_face_position": null,
"m_body_position": null,
"m_face_scale": null,
"m_body_scale": null,
"l_hand_scale": null,
"r_hand_scale": [
-0.11928464599447199,
0.11928464599447199,
-0.11928464599447199
]
}
],
"framerate": 30,
"mirrorable": true,
"invalid": false
}