{
"label": "x",
"gestures": [
{
"l_hand_position": [
0.2615097761154175,
0.025393009185791016,
-0.5051314267329872
],
"l_wrist": [
-0.12086729946621241,
0.9923812810386026,
0.023884910800063868
],
"l_thumb_cmc": [
-0.2963912477409956,
0.7361718587744431,
-0.09955667785596685
],
"l_thumb_mcp": [
-0.33392885308568243,
0.36219850986940155,
-0.15188892684392055
],
"l_thumb_ip": [
-0.14811627784617773,
0.13398020100288655,
-0.20521479578480828
],
"l_thumb_tip": [
0.07917706722634021,
0.07322556053503092,
-0.24889412326809268
],
"l_index_mcp": [
-0.18467481983483103,
-0.052447722075576006,
0.009660999435510517
],
"l_index_pip": [
-0.20194617437337145,
-0.38010712950536585,
-0.0957254925252145
],
"l_index_dip": [
-0.20699158275898355,
-0.5675529566510675,
-0.17872808370185678
],
"l_index_tip": [
-0.2112970755961283,
-0.6981659454260769,
-0.23348181694883846
],
"l_middle_mcp": [
0.0,
0.0,
0.0
],
"l_middle_pip": [
0.09610690093992248,
-0.38397067053572076,
-0.11107141417355319
],
"l_middle_dip": [
0.10943120691901587,
-0.5587214112238603,
-0.17935777139267492
],
"l_middle_tip": [
0.10438274676323761,
-0.6698155554497804,
-0.20724013079894357
],
"l_ring_mcp": [
0.13898316203982392,
0.15842987383953142,
-0.03452239789936272
],
"l_ring_pip": [
0.2508588368619316,
-0.10738929524420529,
-0.19777714638099333
],
"l_ring_dip": [
0.09977929018441535,
0.08885090121940677,
-0.21951530408540437
],
"l_ring_tip": [
0.0027546387254339904,
0.2565628727361307,
-0.1902554692599898
],
"l_pinky_mcp": [
0.25172026834974237,
0.40214618134439806,
-0.07985719799036645
],
"l_pinky_pip": [
0.2596590322865229,
0.2762589973885087,
-0.23071295974876668
],
"l_pinky_dip": [
0.10368167192597588,
0.4208768368896645,
-0.24699346000108616
],
"l_pinky_tip": [
0.001608560311216263,
0.5464524628549544,
-0.22390348949029004
],
"r_hand_position": null,
"r_wrist": null,
"r_thumb_cmc": null,
"r_thumb_mcp": null,
"r_thumb_ip": null,
"r_thumb_tip": null,
"r_index_mcp": null,
"r_index_pip": null,
"r_index_dip": null,
"r_index_tip": null,
"r_middle_mcp": null,
"r_middle_pip": null,
"r_middle_dip": null,
"r_middle_tip": null,
"r_ring_mcp": null,
"r_ring_pip": null,
"r_ring_dip": null,
"r_ring_tip": null,
"r_pinky_mcp": null,
"r_pinky_pip": null,
"r_pinky_dip": null,
"r_pinky_tip": null,
"l_hand_velocity": null,
"r_hand_velocity": null,
"m_nose_point": [
0.0,
0.0,
0.0
],
"m_top_nose": [
0.0674691900923752,
-0.4734069885299579,
0.15160484947626718
],
"m_eyebrows": [
0.10023025912360538,
-0.8088368692496943,
0.17638024567679916
],
"m_forehead": [
0.14183786090584044,
-1.2420760322819226,
0.23940683507226782
],
"m_top_chin": [
-0.008815076727942508,
0.6555709972664714,
0.2582537480045724
],
"m_bot_up_lip": [
0.010208995436658196,
0.3823331797821677,
0.1849294029447193
],
"m_top_low_lip": [
0.0045076860036607925,
0.4615117797124532,
0.19974559840378134
],
"m_bot_nose": [
-0.011225820856855095,
0.058021392515003434,
0.10500873221736333
],
"m_chin": [
-0.005458756966010444,
0.937129311839002,
0.3489396149257696
],
"m_nose": [
0.05174894781989767,
-0.379154037017605,
0.10585671838124353
],
"l_eye_exterior": [
-0.26082254206863836,
-0.5363585441776435,
0.4414292763260675
],
"l_temple": [
-0.40935447207508924,
-0.9120865275990577,
0.7439492996042829
],
"l_mid_chin": [
-0.17567279308583242,
0.6995946490128344,
0.34762689444526007
],
"l_up_lip": [
-0.10940480618738715,
0.26993322961572125,
0.19474330315194952
],
"l_ext_nostril": [
-0.13270955040607804,
-0.04759770024623881,
0.1683113020260138
],
"l_mid_cheek": [
-0.33849902215063826,
-0.14049870599631165,
0.40298004401605647
],
"l_mid_eyebrow": [
-0.2193136667202316,
-0.8515662761917441,
0.3138877086080561
],
"l_ext_eyebrow": [
-0.2845712709983843,
-0.8230909955557046,
0.37413654078474884
],
"l_ext_lips": [
-0.2386839446326332,
0.35668666729236365,
0.36233889774961914
],
"l_jaw_angle": [
-0.3759206989361999,
0.24324866836485892,
0.8921859977798231
],
"l_mid_ext_face": [
-0.4143537058126283,
-0.17173718981485414,
0.9899460116224581
],
"l_int_eyebrow": [
-0.021536006150834414,
-0.8578931056978071,
0.20463740082159196
],
"l_mid_jaw": [
-0.30656319998950826,
0.5464951528624353,
0.6770773002148056
],
"l_mid_bot_eyelid": [
-0.17529247839736145,
-0.4899329597787077,
0.37614157801380277
],
"l_ext_mouth": [
-0.17099134097886923,
0.4564702887873063,
0.30894525204467405
],
"l_top_eyelid": [
-0.17085831611025606,
-0.6063355941327835,
0.36738603204637343
],
"l_eye_int": [
-0.055088023617379876,
-0.5315942831424981,
0.3656544170599511
],
"l_pupil": [
-0.17272634909428533,
-0.5403396260361819,
0.3911819094805664
],
"r_eye_exterior": [
0.5651157920565554,
-0.4336176775266083,
0.31890000411571373
],
"r_temple": [
0.8029142306905713,
-0.7565832986019949,
0.5275318372484031
],
"r_mid_chin": [
0.19841398180700828,
0.7790749235739349,
0.28291479486976173
],
"r_up_lip": [
0.16106696570269105,
0.3126669949224121,
0.14611018337549578
],
"r_ext_nostril": [
0.2207437788048805,
0.006308638071038973,
0.1569855822404949
],
"r_mid_cheek": [
0.5059394329116413,
-0.00033407812445157125,
0.25325409678781163
],
"r_mid_eyebrow": [
0.5774691028966702,
-0.6816063516799139,
0.22207525920275853
],
"r_ext_eyebrow": [
0.4938404231736332,
-0.7309022034362337,
0.1930489415241652
],
"r_ext_lips": [
0.25514700383525835,
0.5381566538332992,
0.25765550324066067
],
"r_jaw_angle": [
0.6557106544291037,
0.4245350351085208,
0.6937077300943575
],
"r_mid_ext_face": [
0.7754716929803748,
0.011835802412504334,
0.7674323104115035
],
"r_int_eyebrow": [
0.24784484812014698,
-0.8161358983119109,
0.16141811014085983
],
"r_mid_jaw": [
0.47669366920468864,
0.70400569301793,
0.5271657109317803
],
"r_mid_bot_eyelid": [
0.40876893526025354,
-0.3945698569946024,
0.26439464825383713
],
"r_ext_mouth": [
0.29816936867884075,
0.46069051221876456,
0.25979270965396545
],
"r_top_eyelid": [
0.4277592774724139,
-0.5200256674319091,
0.2526064651202214
],
"r_eye_int": [
0.2866305035442806,
-0.4770239574468435,
0.290433609717364
],
"r_pupil": [
0.4167720297061342,
-0.46179602088470356,
0.2800093556281573
],
"l_shoulder": [
0.48641488005448813,
-0.009196147713860903,
-0.11539495365397387
],
"l_elbow": [
0.7873678673525452,
1.1578564528330466,
-1.223185383476973
],
"l_hip": [
0.3371333617563707,
1.8326625385102828,
0.42281240823914823
],
"l_knee": [
0.3114150470557348,
3.268341522693627,
0.30010950212003273
],
"l_ankle": [
0.2754873227909108,
4.509148211743647,
1.6587355374571318
],
"l_body_wrist": [
0.8412400659076686,
0.44491227682865336,
-2.9486146796319987
],
"r_shoulder": [
-0.48641488005448813,
0.009196147713860903,
0.11539495365397387
],
"r_elbow": [
-0.6625040436723277,
0.9257485524152149,
0.09175322890509464
],
"r_hip": [
-0.34009939747657136,
1.8009954256035015,
0.7504238209995703
],
"r_knee": [
-0.3205801742222157,
3.2513608142332027,
0.919148588821726
],
"r_ankle": [
-0.3268809948165216,
4.4637852230455755,
2.1716358064831307
],
"r_body_wrist": [
-0.7724018788183127,
1.5264167463462637,
-0.9617711250448835
],
"m_face_position": [
-0.1334926187992096,
-0.22161820530891418,
-0.5461909249424934
],
"m_body_position": [
-0.08672955632209778,
0.0968731939792633,
-0.7275798171758652
],
"m_face_scale": [
0.1572730763373385,
0.1572730763373385,
0.1572730763373385
],
"m_body_scale": [
0.3919772074045476,
0.3919772074045476,
0.3919772074045476
],
"l_hand_scale": [
0.21484288030606039,
0.21484288030606039,
0.21484288030606039
],
"r_hand_scale": null
}
],
"framerate": 30,
"mirrorable": true,
"invalid": false
}