{
"label": "x",
"gestures": [
{
"l_hand_position": null,
"l_wrist": null,
"l_thumb_cmc": null,
"l_thumb_mcp": null,
"l_thumb_ip": null,
"l_thumb_tip": null,
"l_index_mcp": null,
"l_index_pip": null,
"l_index_dip": null,
"l_index_tip": null,
"l_middle_mcp": null,
"l_middle_pip": null,
"l_middle_dip": null,
"l_middle_tip": null,
"l_ring_mcp": null,
"l_ring_pip": null,
"l_ring_dip": null,
"l_ring_tip": null,
"l_pinky_mcp": null,
"l_pinky_pip": null,
"l_pinky_dip": null,
"l_pinky_tip": null,
"r_hand_position": [
-0.25100934505462646,
0.027885138988494873,
0.5098487939685583
],
"r_wrist": [
0.13657152909574152,
0.9884245313018121,
-0.0660693829337329
],
"r_thumb_cmc": [
0.338846792070576,
0.7451050769031485,
0.03564810469192311
],
"r_thumb_mcp": [
0.3797754268760114,
0.3778193612110232,
0.09540535846465055
],
"r_thumb_ip": [
0.23194612410943133,
0.13912497049733893,
0.16492509726094928
],
"r_thumb_tip": [
0.052776986764742385,
0.044003480464421325,
0.21728474070234102
],
"r_index_mcp": [
0.19499999421472408,
-0.0690924617022276,
-0.03404220132100431
],
"r_index_pip": [
0.13304165426121256,
-0.4330150399642189,
0.15045937789877956
],
"r_index_dip": [
0.16108232739168907,
-0.5535337955006226,
0.2705243537905485
],
"r_index_tip": [
0.2327114368001074,
-0.4737997288090256,
0.3206289937924658
],
"r_middle_mcp": [
-0.0,
0.0,
-0.0
],
"r_middle_pip": [
-0.17829826428288512,
-0.41192495748265684,
0.20611480905435142
],
"r_middle_dip": [
-0.08776945009380525,
-0.46756287021489523,
0.30382690153807734
],
"r_middle_tip": [
0.046671678784631083,
-0.32947910883277076,
0.3131998827869335
],
"r_ring_mcp": [
-0.1346318572762694,
0.17273035455578772,
0.06031981757823322
],
"r_ring_pip": [
-0.10065061432062336,
0.03184564468976258,
0.2381103724624841
],
"r_ring_dip": [
0.06512595078712484,
0.20098494737775416,
0.25342684743883503
],
"r_ring_tip": [
0.1530697354332471,
0.3451652200423959,
0.20727267437515876
],
"r_pinky_mcp": [
-0.22508030163733156,
0.4019367072145856,
0.13338702460424887
],
"r_pinky_pip": [
-0.10840850189873061,
0.37140017106676315,
0.2459794682914243
],
"r_pinky_dip": [
0.041298495954273116,
0.4730436126658341,
0.2503668961882753
],
"r_pinky_tip": [
0.11858148281627542,
0.5384022760893087,
0.21851952714585934
],
"l_hand_velocity": null,
"r_hand_velocity": null,
"m_nose_point": null,
"m_top_nose": null,
"m_eyebrows": null,
"m_forehead": null,
"m_top_chin": null,
"m_bot_up_lip": null,
"m_top_low_lip": null,
"m_bot_nose": null,
"m_chin": null,
"m_nose": null,
"l_eye_exterior": null,
"l_temple": null,
"l_mid_chin": null,
"l_up_lip": null,
"l_ext_nostril": null,
"l_mid_cheek": null,
"l_mid_eyebrow": null,
"l_ext_eyebrow": null,
"l_ext_lips": null,
"l_jaw_angle": null,
"l_mid_ext_face": null,
"l_int_eyebrow": null,
"l_mid_jaw": null,
"l_mid_bot_eyelid": null,
"l_ext_mouth": null,
"l_top_eyelid": null,
"l_eye_int": null,
"l_pupil": null,
"r_eye_exterior": null,
"r_temple": null,
"r_mid_chin": null,
"r_up_lip": null,
"r_ext_nostril": null,
"r_mid_cheek": null,
"r_mid_eyebrow": null,
"r_ext_eyebrow": null,
"r_ext_lips": null,
"r_jaw_angle": null,
"r_mid_ext_face": null,
"r_int_eyebrow": null,
"r_mid_jaw": null,
"r_mid_bot_eyelid": null,
"r_ext_mouth": null,
"r_top_eyelid": null,
"r_eye_int": null,
"r_pupil": null,
"l_shoulder": null,
"l_elbow": null,
"l_hip": null,
"l_knee": null,
"l_ankle": null,
"l_body_wrist": null,
"r_shoulder": null,
"r_elbow": null,
"r_hip": null,
"r_knee": null,
"r_ankle": null,
"r_body_wrist": null,
"m_face_position": null,
"m_body_position": null,
"m_face_scale": null,
"m_body_scale": null,
"l_hand_scale": null,
"r_hand_scale": [
-0.14906755302766025,
0.14906755302766025,
-0.14906755302766025
]
}
],
"framerate": 30,
"mirrorable": true,
"invalid": false
}