{
"label": "y",
"gestures": [
{
"l_hand_position": [
0.08083224296569824,
-0.057842522859573364,
-0.5258995778858662
],
"l_wrist": [
0.2932212530496058,
0.9066270463138714,
0.3033952795483216
],
"l_thumb_cmc": [
0.3501788537436645,
0.4321534190988581,
0.3126894536757181
],
"l_thumb_mcp": [
0.3117118405110526,
-0.21442748488422486,
0.26520855548472294
],
"l_thumb_ip": [
0.3347241802721871,
-0.6842910334150677,
0.22099064474266847
],
"l_thumb_tip": [
0.4698991583775513,
-0.9779835932593445,
0.17254187181820205
],
"l_index_mcp": [
0.10859257665363317,
-0.29329386920759953,
0.05526800947468125
],
"l_index_pip": [
-0.3898091219687531,
-0.3943863837353687,
-0.02284332390782332
],
"l_index_dip": [
-0.2988748398887922,
-0.1990262261828102,
-0.03689788890274272
],
"l_index_tip": [
-0.13705112826429885,
-0.11022539286005992,
-0.04314582415767185
],
"l_middle_mcp": [
0.0,
0.0,
0.0
],
"l_middle_pip": [
-0.5005264194759919,
-0.08598905189735771,
-0.02851630851277189
],
"l_middle_dip": [
-0.4040635341364684,
0.07395082901302857,
0.01959861664386284
],
"l_middle_tip": [
-0.254077652729533,
0.1453373999469029,
0.019858860909605463
],
"l_ring_mcp": [
-0.14387425418655767,
0.31734901889146155,
-0.0444806915547823
],
"l_ring_pip": [
-0.5781063108079869,
0.23422271937654976,
-0.057398076169244895
],
"l_ring_dip": [
-0.5086168370016992,
0.3557465580113775,
0.024106971611516828
],
"l_ring_tip": [
-0.37624735623113204,
0.4270357255410198,
0.0458083366116596
],
"l_pinky_mcp": [
-0.2922856217831479,
0.6225365768996912,
-0.08545704253311384
],
"l_pinky_pip": [
-0.7084627878910927,
0.4403545064422772,
-0.09676949659316772
],
"l_pinky_dip": [
-0.8312413499481779,
0.4182428863331805,
-0.04845983008734603
],
"l_pinky_tip": [
-0.9085510253845616,
0.398036043906843,
-0.03107345335048807
],
"r_hand_position": null,
"r_wrist": null,
"r_thumb_cmc": null,
"r_thumb_mcp": null,
"r_thumb_ip": null,
"r_thumb_tip": null,
"r_index_mcp": null,
"r_index_pip": null,
"r_index_dip": null,
"r_index_tip": null,
"r_middle_mcp": null,
"r_middle_pip": null,
"r_middle_dip": null,
"r_middle_tip": null,
"r_ring_mcp": null,
"r_ring_pip": null,
"r_ring_dip": null,
"r_ring_tip": null,
"r_pinky_mcp": null,
"r_pinky_pip": null,
"r_pinky_dip": null,
"r_pinky_tip": null,
"l_hand_velocity": null,
"r_hand_velocity": null,
"m_nose_point": null,
"m_top_nose": null,
"m_eyebrows": null,
"m_forehead": null,
"m_top_chin": null,
"m_bot_up_lip": null,
"m_top_low_lip": null,
"m_bot_nose": null,
"m_chin": null,
"m_nose": null,
"l_eye_exterior": null,
"l_temple": null,
"l_mid_chin": null,
"l_up_lip": null,
"l_ext_nostril": null,
"l_mid_cheek": null,
"l_mid_eyebrow": null,
"l_ext_eyebrow": null,
"l_ext_lips": null,
"l_jaw_angle": null,
"l_mid_ext_face": null,
"l_int_eyebrow": null,
"l_mid_jaw": null,
"l_mid_bot_eyelid": null,
"l_ext_mouth": null,
"l_top_eyelid": null,
"l_eye_int": null,
"l_pupil": null,
"r_eye_exterior": null,
"r_temple": null,
"r_mid_chin": null,
"r_up_lip": null,
"r_ext_nostril": null,
"r_mid_cheek": null,
"r_mid_eyebrow": null,
"r_ext_eyebrow": null,
"r_ext_lips": null,
"r_jaw_angle": null,
"r_mid_ext_face": null,
"r_int_eyebrow": null,
"r_mid_jaw": null,
"r_mid_bot_eyelid": null,
"r_ext_mouth": null,
"r_top_eyelid": null,
"r_eye_int": null,
"r_pupil": null,
"l_shoulder": null,
"l_elbow": null,
"l_hip": null,
"l_knee": null,
"l_ankle": null,
"l_body_wrist": null,
"r_shoulder": null,
"r_elbow": null,
"r_hip": null,
"r_knee": null,
"r_ankle": null,
"r_body_wrist": null,
"m_face_position": null,
"m_body_position": null,
"m_face_scale": null,
"m_body_scale": null,
"l_hand_scale": [
0.08536506513019075,
0.08536506513019075,
0.08536506513019075
],
"r_hand_scale": null
}
],
"framerate": 30,
"mirrorable": true,
"invalid": false
}