{
"label": "y",
"gestures": [
{
"l_hand_position": [
0.1397554874420166,
-0.053199172019958496,
-0.5053344555199146
],
"l_wrist": [
0.10554023435543461,
0.992598247123576,
0.060083098616868905
],
"l_thumb_cmc": [
-0.2909058408435326,
0.6957574842903484,
-0.06332958081854898
],
"l_thumb_mcp": [
-0.5773208792901117,
0.2993949948139736,
-0.13780434425646224
],
"l_thumb_ip": [
-0.7695579706836992,
-0.023809510570423426,
-0.21911604845020438
],
"l_thumb_tip": [
-0.9308200059869524,
-0.24122235306034276,
-0.2653094546688235
],
"l_index_mcp": [
-0.22591240271498025,
-0.04663479086518024,
-0.004563987110014093
],
"l_index_pip": [
-0.23390574900562602,
-0.3374419401326399,
-0.15868680199009866
],
"l_index_dip": [
-0.2564262267457085,
0.023685642571882846,
-0.22255390991850688
],
"l_index_tip": [
-0.23956272329127873,
0.14729852003145766,
-0.23837712359657545
],
"l_middle_mcp": [
0.0,
0.0,
0.0
],
"l_middle_pip": [
-0.009659018401102015,
-0.24487293431814441,
-0.1596043357265782
],
"l_middle_dip": [
-0.07499351313268209,
0.1363054869252059,
-0.1802366866833511
],
"l_middle_tip": [
-0.0696010591257556,
0.19804915244164073,
-0.1654321110583215
],
"l_ring_mcp": [
0.21184448921135257,
0.07545440950665556,
-0.02468909609512107
],
"l_ring_pip": [
0.23113365704912708,
-0.15491019175749465,
-0.1772690368653351
],
"l_ring_dip": [
0.14098997993234352,
0.17388750764230385,
-0.13925450619059584
],
"l_ring_tip": [
0.11030092800124085,
0.29822647312584416,
-0.07134359275597021
],
"l_pinky_mcp": [
0.40081334528301316,
0.1612976179803406,
-0.061862949308051134
],
"l_pinky_pip": [
0.48705299848915456,
-0.19415016381549213,
-0.12559623406086803
],
"l_pinky_dip": [
0.5369748230717044,
-0.41816225016261815,
-0.10944490865699048
],
"l_pinky_tip": [
0.608847802560936,
-0.6760037275366385,
-0.07961506508365074
],
"r_hand_position": null,
"r_wrist": null,
"r_thumb_cmc": null,
"r_thumb_mcp": null,
"r_thumb_ip": null,
"r_thumb_tip": null,
"r_index_mcp": null,
"r_index_pip": null,
"r_index_dip": null,
"r_index_tip": null,
"r_middle_mcp": null,
"r_middle_pip": null,
"r_middle_dip": null,
"r_middle_tip": null,
"r_ring_mcp": null,
"r_ring_pip": null,
"r_ring_dip": null,
"r_ring_tip": null,
"r_pinky_mcp": null,
"r_pinky_pip": null,
"r_pinky_dip": null,
"r_pinky_tip": null,
"l_hand_velocity": null,
"r_hand_velocity": null,
"m_nose_point": null,
"m_top_nose": null,
"m_eyebrows": null,
"m_forehead": null,
"m_top_chin": null,
"m_bot_up_lip": null,
"m_top_low_lip": null,
"m_bot_nose": null,
"m_chin": null,
"m_nose": null,
"l_eye_exterior": null,
"l_temple": null,
"l_mid_chin": null,
"l_up_lip": null,
"l_ext_nostril": null,
"l_mid_cheek": null,
"l_mid_eyebrow": null,
"l_ext_eyebrow": null,
"l_ext_lips": null,
"l_jaw_angle": null,
"l_mid_ext_face": null,
"l_int_eyebrow": null,
"l_mid_jaw": null,
"l_mid_bot_eyelid": null,
"l_ext_mouth": null,
"l_top_eyelid": null,
"l_eye_int": null,
"l_pupil": null,
"r_eye_exterior": null,
"r_temple": null,
"r_mid_chin": null,
"r_up_lip": null,
"r_ext_nostril": null,
"r_mid_cheek": null,
"r_mid_eyebrow": null,
"r_ext_eyebrow": null,
"r_ext_lips": null,
"r_jaw_angle": null,
"r_mid_ext_face": null,
"r_int_eyebrow": null,
"r_mid_jaw": null,
"r_mid_bot_eyelid": null,
"r_ext_mouth": null,
"r_top_eyelid": null,
"r_eye_int": null,
"r_pupil": null,
"l_shoulder": null,
"l_elbow": null,
"l_hip": null,
"l_knee": null,
"l_ankle": null,
"l_body_wrist": null,
"r_shoulder": null,
"r_elbow": null,
"r_hip": null,
"r_knee": null,
"r_ankle": null,
"r_body_wrist": null,
"m_face_position": null,
"m_body_position": null,
"m_face_scale": null,
"m_body_scale": null,
"l_hand_scale": [
0.08878045250288659,
0.08878045250288659,
0.08878045250288659
],
"r_hand_scale": null
}
],
"framerate": 30,
"mirrorable": true,
"invalid": false
}