{
"label": "y",
"gestures": [
{
"l_hand_position": [
0.12179219722747803,
-0.0407598614692688,
-0.4976032392587513
],
"l_wrist": [
0.06833781175777863,
0.9973567014101524,
-0.024689140050203142
],
"l_thumb_cmc": [
-0.28590344081805547,
0.696053709141856,
-0.11877468909706826
],
"l_thumb_mcp": [
-0.522658345100792,
0.3072423544316418,
-0.16218344479296443
],
"l_thumb_ip": [
-0.6746862482813221,
-0.012141788742112105,
-0.21818217908955387
],
"l_thumb_tip": [
-0.7866755632589413,
-0.2287978963754422,
-0.2393581546867915
],
"l_index_mcp": [
-0.19822226009622837,
-0.03202356492278714,
-0.0022357765432699213
],
"l_index_pip": [
-0.2176073755719423,
-0.3072285412476348,
-0.12524899558854963
],
"l_index_dip": [
-0.26264817814323776,
0.019409365287637228,
-0.1748441200368044
],
"l_index_tip": [
-0.25585209161181666,
0.142634631096157,
-0.1801336102625782
],
"l_middle_mcp": [
0.0,
0.0,
0.0
],
"l_middle_pip": [
-0.0305516934269351,
-0.21307450250014934,
-0.12724432920333184
],
"l_middle_dip": [
-0.12171993571140644,
0.14740324917500194,
-0.15474998533700024
],
"l_middle_tip": [
-0.1075113876822095,
0.18615107207237402,
-0.14391563364612406
],
"l_ring_mcp": [
0.19593663858254448,
0.06711181493725037,
-0.026842420060476206
],
"l_ring_pip": [
0.1899306661763211,
-0.1466426031756857,
-0.1556528879466103
],
"l_ring_dip": [
0.08201163608608418,
0.18043763220745349,
-0.1365454942093473
],
"l_ring_tip": [
0.06266826712203573,
0.31266541047277174,
-0.08090432473251566
],
"l_pinky_mcp": [
0.38092402664224384,
0.14807733255454125,
-0.06336350433770793
],
"l_pinky_pip": [
0.4327424981662845,
-0.20393539300150434,
-0.11054418014643619
],
"l_pinky_dip": [
0.44023231349449926,
-0.42578310910393674,
-0.0987027945827642
],
"l_pinky_tip": [
0.4821507225609341,
-0.6658000735298265,
-0.06970706040932347
],
"r_hand_position": null,
"r_wrist": null,
"r_thumb_cmc": null,
"r_thumb_mcp": null,
"r_thumb_ip": null,
"r_thumb_tip": null,
"r_index_mcp": null,
"r_index_pip": null,
"r_index_dip": null,
"r_index_tip": null,
"r_middle_mcp": null,
"r_middle_pip": null,
"r_middle_dip": null,
"r_middle_tip": null,
"r_ring_mcp": null,
"r_ring_pip": null,
"r_ring_dip": null,
"r_ring_tip": null,
"r_pinky_mcp": null,
"r_pinky_pip": null,
"r_pinky_dip": null,
"r_pinky_tip": null,
"l_hand_velocity": null,
"r_hand_velocity": null,
"m_nose_point": null,
"m_top_nose": null,
"m_eyebrows": null,
"m_forehead": null,
"m_top_chin": null,
"m_bot_up_lip": null,
"m_top_low_lip": null,
"m_bot_nose": null,
"m_chin": null,
"m_nose": null,
"l_eye_exterior": null,
"l_temple": null,
"l_mid_chin": null,
"l_up_lip": null,
"l_ext_nostril": null,
"l_mid_cheek": null,
"l_mid_eyebrow": null,
"l_ext_eyebrow": null,
"l_ext_lips": null,
"l_jaw_angle": null,
"l_mid_ext_face": null,
"l_int_eyebrow": null,
"l_mid_jaw": null,
"l_mid_bot_eyelid": null,
"l_ext_mouth": null,
"l_top_eyelid": null,
"l_eye_int": null,
"l_pupil": null,
"r_eye_exterior": null,
"r_temple": null,
"r_mid_chin": null,
"r_up_lip": null,
"r_ext_nostril": null,
"r_mid_cheek": null,
"r_mid_eyebrow": null,
"r_ext_eyebrow": null,
"r_ext_lips": null,
"r_jaw_angle": null,
"r_mid_ext_face": null,
"r_int_eyebrow": null,
"r_mid_jaw": null,
"r_mid_bot_eyelid": null,
"r_ext_mouth": null,
"r_top_eyelid": null,
"r_eye_int": null,
"r_pupil": null,
"l_shoulder": null,
"l_elbow": null,
"l_hip": null,
"l_knee": null,
"l_ankle": null,
"l_body_wrist": null,
"r_shoulder": null,
"r_elbow": null,
"r_hip": null,
"r_knee": null,
"r_ankle": null,
"r_body_wrist": null,
"m_face_position": null,
"m_body_position": null,
"m_face_scale": null,
"m_body_scale": null,
"l_hand_scale": [
0.09708873108265154,
0.09708873108265154,
0.09708873108265154
],
"r_hand_scale": null
}
],
"framerate": 30,
"mirrorable": true,
"invalid": false
}