{
"label": "y",
"gestures": [
{
"l_hand_position": [
0.13464593887329102,
-0.09967538714408875,
-0.4931120788678527
],
"l_wrist": [
-0.0158853869176618,
0.9986165186189154,
-0.05012687127592693
],
"l_thumb_cmc": [
-0.2580551263287158,
0.7882756745440306,
-0.07052390294606657
],
"l_thumb_mcp": [
-0.3559031067447087,
0.46651287715045986,
-0.06312964050605098
],
"l_thumb_ip": [
-0.38060474460405885,
0.1939043872555496,
-0.06482931742251727
],
"l_thumb_tip": [
-0.3877233272300054,
0.026686009996426993,
-0.048612889321630194
],
"l_index_mcp": [
-0.04971340163739098,
0.019341447505252702,
0.023384720947409943
],
"l_index_pip": [
-0.35989006820569464,
0.02203065127571751,
-0.034606226781102783
],
"l_index_dip": [
-0.42469510790591664,
0.21395066639419025,
-0.09324157360766769
],
"l_index_tip": [
-0.39616829455435215,
0.32566409470219104,
-0.12107853977528099
],
"l_middle_mcp": [
0.0,
0.0,
0.0
],
"l_middle_pip": [
-0.37313266180505933,
0.044993415277681616,
-0.06107185829061927
],
"l_middle_dip": [
-0.39865710926966297,
0.2757288337537367,
-0.09438375326957288
],
"l_middle_tip": [
-0.3556094630426757,
0.40977718373180677,
-0.09807954810508347
],
"l_ring_mcp": [
0.01351411643167291,
0.04638290951617904,
-0.03703826527517603
],
"l_ring_pip": [
-0.35097492396406016,
0.07917471329919201,
-0.09983386387474523
],
"l_ring_dip": [
-0.3666382346993868,
0.30582514449940235,
-0.09927378026083708
],
"l_ring_tip": [
-0.32138761009333655,
0.4447058201559802,
-0.0787370602954488
],
"l_pinky_mcp": [
0.0005742751277573237,
0.14580103794008853,
-0.08183942078178297
],
"l_pinky_pip": [
-0.2683395957805692,
0.04042328696679412,
-0.11910955872127553
],
"l_pinky_dip": [
-0.3978460107130873,
-0.01878647392068662,
-0.11420612637452246
],
"l_pinky_tip": [
-0.4812815938895633,
-0.08566805604850547,
-0.09352086314239767
],
"r_hand_position": null,
"r_wrist": null,
"r_thumb_cmc": null,
"r_thumb_mcp": null,
"r_thumb_ip": null,
"r_thumb_tip": null,
"r_index_mcp": null,
"r_index_pip": null,
"r_index_dip": null,
"r_index_tip": null,
"r_middle_mcp": null,
"r_middle_pip": null,
"r_middle_dip": null,
"r_middle_tip": null,
"r_ring_mcp": null,
"r_ring_pip": null,
"r_ring_dip": null,
"r_ring_tip": null,
"r_pinky_mcp": null,
"r_pinky_pip": null,
"r_pinky_dip": null,
"r_pinky_tip": null,
"l_hand_velocity": null,
"r_hand_velocity": null,
"m_nose_point": null,
"m_top_nose": null,
"m_eyebrows": null,
"m_forehead": null,
"m_top_chin": null,
"m_bot_up_lip": null,
"m_top_low_lip": null,
"m_bot_nose": null,
"m_chin": null,
"m_nose": null,
"l_eye_exterior": null,
"l_temple": null,
"l_mid_chin": null,
"l_up_lip": null,
"l_ext_nostril": null,
"l_mid_cheek": null,
"l_mid_eyebrow": null,
"l_ext_eyebrow": null,
"l_ext_lips": null,
"l_jaw_angle": null,
"l_mid_ext_face": null,
"l_int_eyebrow": null,
"l_mid_jaw": null,
"l_mid_bot_eyelid": null,
"l_ext_mouth": null,
"l_top_eyelid": null,
"l_eye_int": null,
"l_pupil": null,
"r_eye_exterior": null,
"r_temple": null,
"r_mid_chin": null,
"r_up_lip": null,
"r_ext_nostril": null,
"r_mid_cheek": null,
"r_mid_eyebrow": null,
"r_ext_eyebrow": null,
"r_ext_lips": null,
"r_jaw_angle": null,
"r_mid_ext_face": null,
"r_int_eyebrow": null,
"r_mid_jaw": null,
"r_mid_bot_eyelid": null,
"r_ext_mouth": null,
"r_top_eyelid": null,
"r_eye_int": null,
"r_pupil": null,
"l_shoulder": null,
"l_elbow": null,
"l_hip": null,
"l_knee": null,
"l_ankle": null,
"l_body_wrist": null,
"r_shoulder": null,
"r_elbow": null,
"r_hip": null,
"r_knee": null,
"r_ankle": null,
"r_body_wrist": null,
"m_face_position": null,
"m_body_position": null,
"m_face_scale": null,
"m_body_scale": null,
"l_hand_scale": [
0.13741941078103878,
0.13741941078103878,
0.13741941078103878
],
"r_hand_scale": null
}
],
"framerate": 30,
"mirrorable": true,
"invalid": false
}