{
"label": "y",
"gestures": [
{
"l_hand_position": [
0.15477973222732544,
-0.0932798981666565,
-0.5056877597235143
],
"l_wrist": [
0.026062043339042693,
0.9981181477470951,
0.05550615312649602
],
"l_thumb_cmc": [
-0.2804634890425356,
0.7381181006973393,
-0.022756201981447274
],
"l_thumb_mcp": [
-0.4901814122343984,
0.36321075295296174,
-0.0825765567776127
],
"l_thumb_ip": [
-0.6289303955907616,
0.09301170570537466,
-0.16253429989803214
],
"l_thumb_tip": [
-0.750283548175657,
-0.062190458572425805,
-0.22543607227467918
],
"l_index_mcp": [
-0.19651733507292218,
-0.0530193277266488,
0.02259795147486287
],
"l_index_pip": [
-0.23468520132402027,
-0.31051427043875784,
-0.11493826275025781
],
"l_index_dip": [
-0.28800352443660904,
-0.004797887049091001,
-0.1769971473560352
],
"l_index_tip": [
-0.28218474847248953,
0.1858137074484315,
-0.1874258657379693
],
"l_middle_mcp": [
0.0,
0.0,
0.0
],
"l_middle_pip": [
-0.027545967910118246,
-0.25651826323157756,
-0.15104917235641208
],
"l_middle_dip": [
-0.12554315990965323,
0.0940183428948087,
-0.19406144372521864
],
"l_middle_tip": [
-0.13706902484547878,
0.27531192651746894,
-0.183383956383132
],
"l_ring_mcp": [
0.19602637766877173,
0.08613742949264032,
-0.04479003325549374
],
"l_ring_pip": [
0.189942926800756,
-0.15014920042572372,
-0.1921211912618005
],
"l_ring_dip": [
0.06386052813085698,
0.17898305896710864,
-0.19443780562152826
],
"l_ring_tip": [
0.009913383982857522,
0.38865270080287606,
-0.14384565219729248
],
"l_pinky_mcp": [
0.39200331057527715,
0.19947035078639339,
-0.09630545854572482
],
"l_pinky_pip": [
0.4740211188165035,
-0.16865928345744052,
-0.1557845263238133
],
"l_pinky_dip": [
0.5135234119457072,
-0.3713589589229111,
-0.152460347685359
],
"l_pinky_tip": [
0.561063096607075,
-0.570755142565905,
-0.12700449349605727
],
"r_hand_position": null,
"r_wrist": null,
"r_thumb_cmc": null,
"r_thumb_mcp": null,
"r_thumb_ip": null,
"r_thumb_tip": null,
"r_index_mcp": null,
"r_index_pip": null,
"r_index_dip": null,
"r_index_tip": null,
"r_middle_mcp": null,
"r_middle_pip": null,
"r_middle_dip": null,
"r_middle_tip": null,
"r_ring_mcp": null,
"r_ring_pip": null,
"r_ring_dip": null,
"r_ring_tip": null,
"r_pinky_mcp": null,
"r_pinky_pip": null,
"r_pinky_dip": null,
"r_pinky_tip": null,
"l_hand_velocity": null,
"r_hand_velocity": null,
"m_nose_point": null,
"m_top_nose": null,
"m_eyebrows": null,
"m_forehead": null,
"m_top_chin": null,
"m_bot_up_lip": null,
"m_top_low_lip": null,
"m_bot_nose": null,
"m_chin": null,
"m_nose": null,
"l_eye_exterior": null,
"l_temple": null,
"l_mid_chin": null,
"l_up_lip": null,
"l_ext_nostril": null,
"l_mid_cheek": null,
"l_mid_eyebrow": null,
"l_ext_eyebrow": null,
"l_ext_lips": null,
"l_jaw_angle": null,
"l_mid_ext_face": null,
"l_int_eyebrow": null,
"l_mid_jaw": null,
"l_mid_bot_eyelid": null,
"l_ext_mouth": null,
"l_top_eyelid": null,
"l_eye_int": null,
"l_pupil": null,
"r_eye_exterior": null,
"r_temple": null,
"r_mid_chin": null,
"r_up_lip": null,
"r_ext_nostril": null,
"r_mid_cheek": null,
"r_mid_eyebrow": null,
"r_ext_eyebrow": null,
"r_ext_lips": null,
"r_jaw_angle": null,
"r_mid_ext_face": null,
"r_int_eyebrow": null,
"r_mid_jaw": null,
"r_mid_bot_eyelid": null,
"r_ext_mouth": null,
"r_top_eyelid": null,
"r_eye_int": null,
"r_pupil": null,
"l_shoulder": null,
"l_elbow": null,
"l_hip": null,
"l_knee": null,
"l_ankle": null,
"l_body_wrist": null,
"r_shoulder": null,
"r_elbow": null,
"r_hip": null,
"r_knee": null,
"r_ankle": null,
"r_body_wrist": null,
"m_face_position": null,
"m_body_position": null,
"m_face_scale": null,
"m_body_scale": null,
"l_hand_scale": [
0.10246575316952555,
0.10246575316952555,
0.10246575316952555
],
"r_hand_scale": null
}
],
"framerate": 30,
"mirrorable": true,
"invalid": false
}