{
"label": "y",
"gestures": [
{
"l_hand_position": [
0.09912151098251343,
-0.06943616271018982,
-0.5243818685412407
],
"l_wrist": [
0.1678793073599469,
0.9535074145663034,
0.2502801400979072
],
"l_thumb_cmc": [
0.21287350702696264,
0.5113989289834315,
0.29042732413554223
],
"l_thumb_mcp": [
0.14473609429452672,
-0.024624195146711655,
0.25886396044907356
],
"l_thumb_ip": [
0.10839038945050411,
-0.43580735194759807,
0.2232229821215403
],
"l_thumb_tip": [
0.1951757558592884,
-0.699161820390794,
0.19487177174418546
],
"l_index_mcp": [
0.06618989529192747,
-0.22321070688790845,
0.06315412676514054
],
"l_index_pip": [
-0.44814805349215836,
-0.31350411327317884,
-0.01516469361074526
],
"l_index_dip": [
-0.3788836137017844,
-0.09285644457511956,
-0.027482030146741474
],
"l_index_tip": [
-0.22726298712934342,
-0.006845679825048349,
-0.03558970723877341
],
"l_middle_mcp": [
0.0,
0.0,
0.0
],
"l_middle_pip": [
-0.53424447719343,
-0.07173386498355397,
-0.044204148804604
],
"l_middle_dip": [
-0.42927861024199154,
0.13751443285867335,
0.009977948514047087
],
"l_middle_tip": [
-0.3000529046112692,
0.18590195069253165,
0.022519661789404427
],
"l_ring_mcp": [
-0.12158003238642646,
0.24993354633903228,
-0.056821769677342135
],
"l_ring_pip": [
-0.5960180417013204,
0.20377316123638692,
-0.07744246047201893
],
"l_ring_dip": [
-0.49150616719124457,
0.3544114631934537,
-0.0062249009927656355
],
"l_ring_tip": [
-0.3432133908729429,
0.4201932547678759,
0.010310756483822948
],
"l_pinky_mcp": [
-0.2546579434225654,
0.5246632175768287,
-0.11001056732749638
],
"l_pinky_pip": [
-0.6857084702551044,
0.35835391642245656,
-0.1607503029056823
],
"l_pinky_dip": [
-0.8971214921640986,
0.28290948922779247,
-0.16602192302121505
],
"l_pinky_tip": [
-1.06356295284318,
0.19014451617556202,
-0.18291509189725608
],
"r_hand_position": null,
"r_wrist": null,
"r_thumb_cmc": null,
"r_thumb_mcp": null,
"r_thumb_ip": null,
"r_thumb_tip": null,
"r_index_mcp": null,
"r_index_pip": null,
"r_index_dip": null,
"r_index_tip": null,
"r_middle_mcp": null,
"r_middle_pip": null,
"r_middle_dip": null,
"r_middle_tip": null,
"r_ring_mcp": null,
"r_ring_pip": null,
"r_ring_dip": null,
"r_ring_tip": null,
"r_pinky_mcp": null,
"r_pinky_pip": null,
"r_pinky_dip": null,
"r_pinky_tip": null,
"l_hand_velocity": null,
"r_hand_velocity": null,
"m_nose_point": null,
"m_top_nose": null,
"m_eyebrows": null,
"m_forehead": null,
"m_top_chin": null,
"m_bot_up_lip": null,
"m_top_low_lip": null,
"m_bot_nose": null,
"m_chin": null,
"m_nose": null,
"l_eye_exterior": null,
"l_temple": null,
"l_mid_chin": null,
"l_up_lip": null,
"l_ext_nostril": null,
"l_mid_cheek": null,
"l_mid_eyebrow": null,
"l_ext_eyebrow": null,
"l_ext_lips": null,
"l_jaw_angle": null,
"l_mid_ext_face": null,
"l_int_eyebrow": null,
"l_mid_jaw": null,
"l_mid_bot_eyelid": null,
"l_ext_mouth": null,
"l_top_eyelid": null,
"l_eye_int": null,
"l_pupil": null,
"r_eye_exterior": null,
"r_temple": null,
"r_mid_chin": null,
"r_up_lip": null,
"r_ext_nostril": null,
"r_mid_cheek": null,
"r_mid_eyebrow": null,
"r_ext_eyebrow": null,
"r_ext_lips": null,
"r_jaw_angle": null,
"r_mid_ext_face": null,
"r_int_eyebrow": null,
"r_mid_jaw": null,
"r_mid_bot_eyelid": null,
"r_ext_mouth": null,
"r_top_eyelid": null,
"r_eye_int": null,
"r_pupil": null,
"l_shoulder": null,
"l_elbow": null,
"l_hip": null,
"l_knee": null,
"l_ankle": null,
"l_body_wrist": null,
"r_shoulder": null,
"r_elbow": null,
"r_hip": null,
"r_knee": null,
"r_ankle": null,
"r_body_wrist": null,
"m_face_position": null,
"m_body_position": null,
"m_face_scale": null,
"m_body_scale": null,
"l_hand_scale": [
0.09741714265240968,
0.09741714265240968,
0.09741714265240968
],
"r_hand_scale": null
}
],
"framerate": 30,
"mirrorable": true,
"invalid": false
}