{
"label": "y",
"gestures": [
{
"l_hand_position": [
0.1294689178466797,
-0.08571740984916687,
-0.5148822451010346
],
"l_wrist": [
0.2372551341116281,
0.9633135743483793,
0.12544703589094017
],
"l_thumb_cmc": [
-0.09242956785450847,
0.792062405544509,
-0.06358080456657451
],
"l_thumb_mcp": [
-0.40106673837685897,
0.44995724331110476,
-0.15169542373258307
],
"l_thumb_ip": [
-0.6363910123195136,
0.1904537565733209,
-0.21705793573771898
],
"l_thumb_tip": [
-0.851404325468321,
0.08109914171073487,
-0.2388147178934559
],
"l_index_mcp": [
-0.233633578010155,
0.0076495826366437345,
-0.05159922183185904
],
"l_index_pip": [
-0.13359562724157784,
-0.23136482987250215,
-0.1519489339157753
],
"l_index_dip": [
-0.12515420603446772,
0.11871901034250497,
-0.1448749227083066
],
"l_index_tip": [
-0.19065925275055487,
0.18979079274481178,
-0.12993691445432964
],
"l_middle_mcp": [
0.0,
0.0,
0.0
],
"l_middle_pip": [
0.06741279484556736,
-0.18258687052187594,
-0.12720754274153062
],
"l_middle_dip": [
0.036972731525957474,
0.22868282841999613,
-0.10316408177619696
],
"l_middle_tip": [
-0.03784897928413854,
0.22288170650717584,
-0.0652696791698749
],
"l_ring_mcp": [
0.20992665471771507,
0.03523154081152142,
0.02690662971926192
],
"l_ring_pip": [
0.27323505281065563,
-0.11958169233837473,
-0.11836516219166195
],
"l_ring_dip": [
0.22124652971302433,
0.2588641373844092,
-0.06435069297996776
],
"l_ring_tip": [
0.13680468368165952,
0.3831418444428753,
0.005685184888622859
],
"l_pinky_mcp": [
0.3852264499180434,
0.0813724666995253,
0.04061484823593362
],
"l_pinky_pip": [
0.45021147574553116,
-0.19384846298281078,
-0.05591219218002189
],
"l_pinky_dip": [
0.5170248648711959,
-0.35253823832206815,
-0.06424486747304868
],
"l_pinky_tip": [
0.5713562453635511,
-0.5589513606011592,
-0.05312196295018749
],
"r_hand_position": null,
"r_wrist": null,
"r_thumb_cmc": null,
"r_thumb_mcp": null,
"r_thumb_ip": null,
"r_thumb_tip": null,
"r_index_mcp": null,
"r_index_pip": null,
"r_index_dip": null,
"r_index_tip": null,
"r_middle_mcp": null,
"r_middle_pip": null,
"r_middle_dip": null,
"r_middle_tip": null,
"r_ring_mcp": null,
"r_ring_pip": null,
"r_ring_dip": null,
"r_ring_tip": null,
"r_pinky_mcp": null,
"r_pinky_pip": null,
"r_pinky_dip": null,
"r_pinky_tip": null,
"l_hand_velocity": null,
"r_hand_velocity": null,
"m_nose_point": null,
"m_top_nose": null,
"m_eyebrows": null,
"m_forehead": null,
"m_top_chin": null,
"m_bot_up_lip": null,
"m_top_low_lip": null,
"m_bot_nose": null,
"m_chin": null,
"m_nose": null,
"l_eye_exterior": null,
"l_temple": null,
"l_mid_chin": null,
"l_up_lip": null,
"l_ext_nostril": null,
"l_mid_cheek": null,
"l_mid_eyebrow": null,
"l_ext_eyebrow": null,
"l_ext_lips": null,
"l_jaw_angle": null,
"l_mid_ext_face": null,
"l_int_eyebrow": null,
"l_mid_jaw": null,
"l_mid_bot_eyelid": null,
"l_ext_mouth": null,
"l_top_eyelid": null,
"l_eye_int": null,
"l_pupil": null,
"r_eye_exterior": null,
"r_temple": null,
"r_mid_chin": null,
"r_up_lip": null,
"r_ext_nostril": null,
"r_mid_cheek": null,
"r_mid_eyebrow": null,
"r_ext_eyebrow": null,
"r_ext_lips": null,
"r_jaw_angle": null,
"r_mid_ext_face": null,
"r_int_eyebrow": null,
"r_mid_jaw": null,
"r_mid_bot_eyelid": null,
"r_ext_mouth": null,
"r_top_eyelid": null,
"r_eye_int": null,
"r_pupil": null,
"l_shoulder": null,
"l_elbow": null,
"l_hip": null,
"l_knee": null,
"l_ankle": null,
"l_body_wrist": null,
"r_shoulder": null,
"r_elbow": null,
"r_hip": null,
"r_knee": null,
"r_ankle": null,
"r_body_wrist": null,
"m_face_position": null,
"m_body_position": null,
"m_face_scale": null,
"m_body_scale": null,
"l_hand_scale": [
0.11863140249746759,
0.11863140249746759,
0.11863140249746759
],
"r_hand_scale": null
}
],
"framerate": 30,
"mirrorable": true,
"invalid": false
}