{
"label": "j",
"gestures": [
{
"l_hand_position": null,
"l_wrist": null,
"l_thumb_cmc": null,
"l_thumb_mcp": null,
"l_thumb_ip": null,
"l_thumb_tip": null,
"l_index_mcp": null,
"l_index_pip": null,
"l_index_dip": null,
"l_index_tip": null,
"l_middle_mcp": null,
"l_middle_pip": null,
"l_middle_dip": null,
"l_middle_tip": null,
"l_ring_mcp": null,
"l_ring_pip": null,
"l_ring_dip": null,
"l_ring_tip": null,
"l_pinky_mcp": null,
"l_pinky_pip": null,
"l_pinky_dip": null,
"l_pinky_tip": null,
"r_hand_position": [
-0.13793683052062988,
0.027097702026367188,
0.49589057732373476
],
"r_wrist": [
-0.8168628997498099,
0.5735081480283382,
0.06183370567447831
],
"r_thumb_cmc": [
-0.3685673522733367,
0.8694437619683774,
0.14949307745461288
],
"r_thumb_mcp": [
0.1715489753213376,
0.7424859693188621,
0.1567498461033666
],
"r_thumb_ip": [
0.5213891429168055,
0.43402819851371977,
0.18585518137625742
],
"r_thumb_tip": [
0.6476375589223119,
0.07561452811581792,
0.18389713704997063
],
"r_index_mcp": [
0.21064540363431963,
0.252303121069033,
-0.018350762728042425
],
"r_index_pip": [
0.4503680751936724,
-0.006704550936296683,
0.15838697260606988
],
"r_index_dip": [
0.2331436740113762,
0.18817762479442654,
0.23890207647303385
],
"r_index_tip": [
0.028182251628293638,
0.3776125770918879,
0.2420883860559965
],
"r_middle_mcp": [
-0.0,
0.0,
-0.0
],
"r_middle_pip": [
0.1993429082557553,
-0.24066432197175394,
0.24575249914732306
],
"r_middle_dip": [
-0.05561297654649945,
0.06096872536827096,
0.3236022138789586
],
"r_middle_tip": [
-0.25736023218858584,
0.3073475201284254,
0.294460978184095
],
"r_ring_mcp": [
-0.21282285811175788,
-0.21078889322097127,
0.05532865627447231
],
"r_ring_pip": [
-0.09188714405202757,
-0.39357310317713023,
0.3066624554407486
],
"r_ring_dip": [
-0.30219175991804964,
-0.03645532310867578,
0.31350200429479935
],
"r_ring_tip": [
-0.46930601020193574,
0.2499776929553603,
0.2209759952784534
],
"r_pinky_mcp": [
-0.43380130560482694,
-0.4187913980311515,
0.11629167849218006
],
"r_pinky_pip": [
-0.21629799653847667,
-0.787399106750734,
0.2498189155621621
],
"r_pinky_dip": [
-0.05488297327440936,
-1.0308982448687738,
0.27117078261273997
],
"r_pinky_tip": [
0.1007987441930094,
-1.2492154089344139,
0.24166575037015672
],
"l_hand_velocity": null,
"r_hand_velocity": null,
"m_nose_point": null,
"m_top_nose": null,
"m_eyebrows": null,
"m_forehead": null,
"m_top_chin": null,
"m_bot_up_lip": null,
"m_top_low_lip": null,
"m_bot_nose": null,
"m_chin": null,
"m_nose": null,
"l_eye_exterior": null,
"l_temple": null,
"l_mid_chin": null,
"l_up_lip": null,
"l_ext_nostril": null,
"l_mid_cheek": null,
"l_mid_eyebrow": null,
"l_ext_eyebrow": null,
"l_ext_lips": null,
"l_jaw_angle": null,
"l_mid_ext_face": null,
"l_int_eyebrow": null,
"l_mid_jaw": null,
"l_mid_bot_eyelid": null,
"l_ext_mouth": null,
"l_top_eyelid": null,
"l_eye_int": null,
"l_pupil": null,
"r_eye_exterior": null,
"r_temple": null,
"r_mid_chin": null,
"r_up_lip": null,
"r_ext_nostril": null,
"r_mid_cheek": null,
"r_mid_eyebrow": null,
"r_ext_eyebrow": null,
"r_ext_lips": null,
"r_jaw_angle": null,
"r_mid_ext_face": null,
"r_int_eyebrow": null,
"r_mid_jaw": null,
"r_mid_bot_eyelid": null,
"r_ext_mouth": null,
"r_top_eyelid": null,
"r_eye_int": null,
"r_pupil": null,
"l_shoulder": null,
"l_elbow": null,
"l_hip": null,
"l_knee": null,
"l_ankle": null,
"l_body_wrist": null,
"r_shoulder": null,
"r_elbow": null,
"r_hip": null,
"r_knee": null,
"r_ankle": null,
"r_body_wrist": null,
"m_face_position": null,
"m_body_position": null,
"m_face_scale": null,
"m_body_scale": null,
"l_hand_scale": null,
"r_hand_scale": [
-0.06646296352652573,
0.06646296352652573,
-0.06646296352652573
]
}
],
"framerate": 30,
"mirrorable": true,
"invalid": false
}