{
"label": "j",
"gestures": [
{
"l_hand_position": null,
"l_wrist": null,
"l_thumb_cmc": null,
"l_thumb_mcp": null,
"l_thumb_ip": null,
"l_thumb_tip": null,
"l_index_mcp": null,
"l_index_pip": null,
"l_index_dip": null,
"l_index_tip": null,
"l_middle_mcp": null,
"l_middle_pip": null,
"l_middle_dip": null,
"l_middle_tip": null,
"l_ring_mcp": null,
"l_ring_pip": null,
"l_ring_dip": null,
"l_ring_tip": null,
"l_pinky_mcp": null,
"l_pinky_pip": null,
"l_pinky_dip": null,
"l_pinky_tip": null,
"r_hand_position": [
-0.1715095043182373,
0.03058558702468872,
0.4980265242047608
],
"r_wrist": [
-0.45917846181408806,
0.8880618576492915,
0.022389220498659962
],
"r_thumb_cmc": [
-0.028714965342987276,
0.9015153631919042,
0.11369840267783755
],
"r_thumb_mcp": [
0.3741275336194788,
0.6265663584461427,
0.13812224453924718
],
"r_thumb_ip": [
0.6005646767368122,
0.3334803406246658,
0.1823638791282362
],
"r_thumb_tip": [
0.7770187134744501,
0.08414695106572831,
0.2059308189599409
],
"r_index_mcp": [
0.21164220853680024,
0.1164081842030167,
-0.020469126800076894
],
"r_index_pip": [
0.3441069737844428,
-0.09078039879306639,
0.14148409964700956
],
"r_index_dip": [
0.27177730937434746,
0.19993580613631798,
0.23624969716358826
],
"r_index_tip": [
0.20450166817919985,
0.4700985325759102,
0.26003834211901555
],
"r_middle_mcp": [
-0.0,
0.0,
-0.0
],
"r_middle_pip": [
0.15014269046209386,
-0.2064320007917317,
0.22030714857419262
],
"r_middle_dip": [
0.09748619173565522,
0.16743928201858788,
0.32566884804843466
],
"r_middle_tip": [
0.035897425358022685,
0.4948913054546953,
0.3298159783518774
],
"r_ring_mcp": [
-0.216986964859765,
-0.0771213517043207,
0.04984656376567524
],
"r_ring_pip": [
-0.09893985727574052,
-0.2058755511454572,
0.2649037480043653
],
"r_ring_dip": [
-0.12365893269226076,
0.18738830609310728,
0.2999846063256485
],
"r_ring_tip": [
-0.15755503246951486,
0.5102629733867136,
0.241147493590696
],
"r_pinky_mcp": [
-0.4382767797181825,
-0.13590014878679302,
0.1051096110504229
],
"r_pinky_pip": [
-0.2900644218686205,
-0.4650076606298301,
0.2148047920875142
],
"r_pinky_dip": [
-0.1787623223905918,
-0.6593725471300863,
0.23246528599280022
],
"r_pinky_tip": [
-0.07502131209152771,
-0.8170587475599623,
0.20613828323229696
],
"l_hand_velocity": null,
"r_hand_velocity": null,
"m_nose_point": null,
"m_top_nose": null,
"m_eyebrows": null,
"m_forehead": null,
"m_top_chin": null,
"m_bot_up_lip": null,
"m_top_low_lip": null,
"m_bot_nose": null,
"m_chin": null,
"m_nose": null,
"l_eye_exterior": null,
"l_temple": null,
"l_mid_chin": null,
"l_up_lip": null,
"l_ext_nostril": null,
"l_mid_cheek": null,
"l_mid_eyebrow": null,
"l_ext_eyebrow": null,
"l_ext_lips": null,
"l_jaw_angle": null,
"l_mid_ext_face": null,
"l_int_eyebrow": null,
"l_mid_jaw": null,
"l_mid_bot_eyelid": null,
"l_ext_mouth": null,
"l_top_eyelid": null,
"l_eye_int": null,
"l_pupil": null,
"r_eye_exterior": null,
"r_temple": null,
"r_mid_chin": null,
"r_up_lip": null,
"r_ext_nostril": null,
"r_mid_cheek": null,
"r_mid_eyebrow": null,
"r_ext_eyebrow": null,
"r_ext_lips": null,
"r_jaw_angle": null,
"r_mid_ext_face": null,
"r_int_eyebrow": null,
"r_mid_jaw": null,
"r_mid_bot_eyelid": null,
"r_ext_mouth": null,
"r_top_eyelid": null,
"r_eye_int": null,
"r_pupil": null,
"l_shoulder": null,
"l_elbow": null,
"l_hip": null,
"l_knee": null,
"l_ankle": null,
"l_body_wrist": null,
"r_shoulder": null,
"r_elbow": null,
"r_hip": null,
"r_knee": null,
"r_ankle": null,
"r_body_wrist": null,
"m_face_position": null,
"m_body_position": null,
"m_face_scale": null,
"m_body_scale": null,
"l_hand_scale": null,
"r_hand_scale": [
-0.08815644502350259,
0.08815644502350259,
-0.08815644502350259
]
}
],
"framerate": 30,
"mirrorable": true,
"invalid": false
}