{
"label": "j",
"gestures": [
{
"l_hand_position": null,
"l_wrist": null,
"l_thumb_cmc": null,
"l_thumb_mcp": null,
"l_thumb_ip": null,
"l_thumb_tip": null,
"l_index_mcp": null,
"l_index_pip": null,
"l_index_dip": null,
"l_index_tip": null,
"l_middle_mcp": null,
"l_middle_pip": null,
"l_middle_dip": null,
"l_middle_tip": null,
"l_ring_mcp": null,
"l_ring_pip": null,
"l_ring_dip": null,
"l_ring_tip": null,
"l_pinky_mcp": null,
"l_pinky_pip": null,
"l_pinky_dip": null,
"l_pinky_tip": null,
"r_hand_position": [
-0.1827583909034729,
-0.03299960494041443,
0.49615768855437636
],
"r_wrist": [
-0.39405260721926155,
0.9179287117578896,
0.04614567015662023
],
"r_thumb_cmc": [
0.055358308550033916,
0.9170325454988916,
0.14581273604700354
],
"r_thumb_mcp": [
0.4519619832989031,
0.43459017257785615,
0.14516391919126037
],
"r_thumb_ip": [
0.5838644861288601,
-0.08656844378003241,
0.15551512711308918
],
"r_thumb_tip": [
0.5559895639050925,
-0.4368491987067679,
0.12841393229897363
],
"r_index_mcp": [
0.2735189611717841,
0.05019103680585963,
-0.0013406201209369606
],
"r_index_pip": [
0.3405388836927402,
-0.33238212442404125,
0.15846553710031186
],
"r_index_dip": [
0.2537846929924123,
-0.006057711701197805,
0.21188875821359676
],
"r_index_tip": [
0.20537525188834652,
0.2093646948951557,
0.20498237948091153
],
"r_middle_mcp": [
-0.0,
0.0,
-0.0
],
"r_middle_pip": [
0.04432086149432434,
-0.3216506766300901,
0.22903250106381842
],
"r_middle_dip": [
-0.01585684595493737,
0.10969268272826546,
0.2829169019855321
],
"r_middle_tip": [
-0.01667857028826776,
0.3452140513609871,
0.24933211853714599
],
"r_ring_mcp": [
-0.2348320650325499,
-0.026508125521246474,
0.03749374856547142
],
"r_ring_pip": [
-0.23467673909149356,
-0.24476791474592893,
0.2764452189146439
],
"r_ring_dip": [
-0.24331057089343705,
0.20364662447981613,
0.2630185618335727
],
"r_ring_tip": [
-0.22366076566818807,
0.4998034468258803,
0.1678443585522917
],
"r_pinky_mcp": [
-0.4870971406384984,
-0.07612438476642291,
0.08068682425268592
],
"r_pinky_pip": [
-0.41262586767331816,
-0.5150701257835782,
0.2100555363205647
],
"r_pinky_dip": [
-0.3411465874897764,
-0.8152450226463237,
0.22968164226088436
],
"r_pinky_tip": [
-0.26439696212652064,
-1.1088350301323506,
0.20421672145968622
],
"l_hand_velocity": null,
"r_hand_velocity": null,
"m_nose_point": null,
"m_top_nose": null,
"m_eyebrows": null,
"m_forehead": null,
"m_top_chin": null,
"m_bot_up_lip": null,
"m_top_low_lip": null,
"m_bot_nose": null,
"m_chin": null,
"m_nose": null,
"l_eye_exterior": null,
"l_temple": null,
"l_mid_chin": null,
"l_up_lip": null,
"l_ext_nostril": null,
"l_mid_cheek": null,
"l_mid_eyebrow": null,
"l_ext_eyebrow": null,
"l_ext_lips": null,
"l_jaw_angle": null,
"l_mid_ext_face": null,
"l_int_eyebrow": null,
"l_mid_jaw": null,
"l_mid_bot_eyelid": null,
"l_ext_mouth": null,
"l_top_eyelid": null,
"l_eye_int": null,
"l_pupil": null,
"r_eye_exterior": null,
"r_temple": null,
"r_mid_chin": null,
"r_up_lip": null,
"r_ext_nostril": null,
"r_mid_cheek": null,
"r_mid_eyebrow": null,
"r_ext_eyebrow": null,
"r_ext_lips": null,
"r_jaw_angle": null,
"r_mid_ext_face": null,
"r_int_eyebrow": null,
"r_mid_jaw": null,
"r_mid_bot_eyelid": null,
"r_ext_mouth": null,
"r_top_eyelid": null,
"r_eye_int": null,
"r_pupil": null,
"l_shoulder": null,
"l_elbow": null,
"l_hip": null,
"l_knee": null,
"l_ankle": null,
"l_body_wrist": null,
"r_shoulder": null,
"r_elbow": null,
"r_hip": null,
"r_knee": null,
"r_ankle": null,
"r_body_wrist": null,
"m_face_position": null,
"m_body_position": null,
"m_face_scale": null,
"m_body_scale": null,
"l_hand_scale": null,
"r_hand_scale": [
-0.08327139580353221,
0.08327139580353221,
-0.08327139580353221
]
}
],
"framerate": 30,
"mirrorable": true,
"invalid": false
}