{
"label": "j",
"gestures": [
{
"l_hand_position": null,
"l_wrist": null,
"l_thumb_cmc": null,
"l_thumb_mcp": null,
"l_thumb_ip": null,
"l_thumb_tip": null,
"l_index_mcp": null,
"l_index_pip": null,
"l_index_dip": null,
"l_index_tip": null,
"l_middle_mcp": null,
"l_middle_pip": null,
"l_middle_dip": null,
"l_middle_tip": null,
"l_ring_mcp": null,
"l_ring_pip": null,
"l_ring_dip": null,
"l_ring_tip": null,
"l_pinky_mcp": null,
"l_pinky_pip": null,
"l_pinky_dip": null,
"l_pinky_tip": null,
"r_hand_position": [
-0.22322040796279907,
0.0932379961013794,
0.49532553320750594
],
"r_wrist": [
-0.23659738277045364,
0.9703834963298225,
0.048760111944915564
],
"r_thumb_cmc": [
0.05294227337473729,
0.7902621408458457,
0.10131161316304726
],
"r_thumb_mcp": [
0.28014449620250825,
0.3296667871232555,
0.10236720965498199
],
"r_thumb_ip": [
0.34274863965858693,
-0.050578562542148646,
0.12755653776566409
],
"r_thumb_tip": [
0.4184240667167636,
-0.33468703040919795,
0.13771070836846117
],
"r_index_mcp": [
0.15709227166999767,
0.028725117124914705,
-0.018938877510311043
],
"r_index_pip": [
0.2299594709978211,
-0.19592750598574787,
0.11384337603739508
],
"r_index_dip": [
0.24461049926735923,
0.10905833522931808,
0.1855004130817894
],
"r_index_tip": [
0.24798136726691095,
0.35296879809544246,
0.19571072142829676
],
"r_middle_mcp": [
-0.0,
0.0,
-0.0
],
"r_middle_pip": [
0.08655894148092697,
-0.2016092401517204,
0.1748791500289899
],
"r_middle_dip": [
0.12241187151894761,
0.15457002683890558,
0.24840251691385443
],
"r_middle_tip": [
0.1371654806110468,
0.41863109346775046,
0.24117426027865746
],
"r_ring_mcp": [
-0.16914458576798913,
-0.007091754199720848,
0.04388537454443281
],
"r_ring_pip": [
-0.08629782665986246,
-0.2595207772520971,
0.20874319722867768
],
"r_ring_dip": [
-0.0224384669568094,
0.06693118906229044,
0.22679703343570132
],
"r_ring_tip": [
0.004920770973156002,
0.33715207866043784,
0.17097113154039123
],
"r_pinky_mcp": [
-0.3409351350560985,
-0.008287908760978225,
0.09173406140934123
],
"r_pinky_pip": [
-0.24471929710946944,
-0.3923069892927193,
0.1731403565161148
],
"r_pinky_dip": [
-0.1539278087194779,
-0.6287682193350465,
0.1870840919569131
],
"r_pinky_tip": [
-0.08863231750057009,
-0.8290768589970837,
0.16341271231076193
],
"l_hand_velocity": null,
"r_hand_velocity": null,
"m_nose_point": null,
"m_top_nose": null,
"m_eyebrows": null,
"m_forehead": null,
"m_top_chin": null,
"m_bot_up_lip": null,
"m_top_low_lip": null,
"m_bot_nose": null,
"m_chin": null,
"m_nose": null,
"l_eye_exterior": null,
"l_temple": null,
"l_mid_chin": null,
"l_up_lip": null,
"l_ext_nostril": null,
"l_mid_cheek": null,
"l_mid_eyebrow": null,
"l_ext_eyebrow": null,
"l_ext_lips": null,
"l_jaw_angle": null,
"l_mid_ext_face": null,
"l_int_eyebrow": null,
"l_mid_jaw": null,
"l_mid_bot_eyelid": null,
"l_ext_mouth": null,
"l_top_eyelid": null,
"l_eye_int": null,
"l_pupil": null,
"r_eye_exterior": null,
"r_temple": null,
"r_mid_chin": null,
"r_up_lip": null,
"r_ext_nostril": null,
"r_mid_cheek": null,
"r_mid_eyebrow": null,
"r_ext_eyebrow": null,
"r_ext_lips": null,
"r_jaw_angle": null,
"r_mid_ext_face": null,
"r_int_eyebrow": null,
"r_mid_jaw": null,
"r_mid_bot_eyelid": null,
"r_ext_mouth": null,
"r_top_eyelid": null,
"r_eye_int": null,
"r_pupil": null,
"l_shoulder": null,
"l_elbow": null,
"l_hip": null,
"l_knee": null,
"l_ankle": null,
"l_body_wrist": null,
"r_shoulder": null,
"r_elbow": null,
"r_hip": null,
"r_knee": null,
"r_ankle": null,
"r_body_wrist": null,
"m_face_position": null,
"m_body_position": null,
"m_face_scale": null,
"m_body_scale": null,
"l_hand_scale": null,
"r_hand_scale": [
-0.09587334301288165,
0.09587334301288165,
-0.09587334301288165
]
}
],
"framerate": 30,
"mirrorable": true,
"invalid": false
}