{
"label": "j",
"gestures": [
{
"l_hand_position": null,
"l_wrist": null,
"l_thumb_cmc": null,
"l_thumb_mcp": null,
"l_thumb_ip": null,
"l_thumb_tip": null,
"l_index_mcp": null,
"l_index_pip": null,
"l_index_dip": null,
"l_index_tip": null,
"l_middle_mcp": null,
"l_middle_pip": null,
"l_middle_dip": null,
"l_middle_tip": null,
"l_ring_mcp": null,
"l_ring_pip": null,
"l_ring_dip": null,
"l_ring_tip": null,
"l_pinky_mcp": null,
"l_pinky_pip": null,
"l_pinky_dip": null,
"l_pinky_tip": null,
"r_hand_position": [
-0.17683809995651245,
-0.006579935550689697,
0.49192357622087
],
"r_wrist": [
-0.36079867810885957,
0.9280630417210257,
0.09232174427737704
],
"r_thumb_cmc": [
0.04531198130948664,
0.80310591574615,
0.164787038484376
],
"r_thumb_mcp": [
0.4177891947629153,
0.4662005085082251,
0.1854510520640489
],
"r_thumb_ip": [
0.6162766031012429,
0.1179572267782068,
0.22826485024016382
],
"r_thumb_tip": [
0.6213824279581475,
-0.20797856034915072,
0.24626761591747137
],
"r_index_mcp": [
0.2222777996318147,
0.06894430596742507,
-0.012673467301179025
],
"r_index_pip": [
0.30336053309465094,
-0.23418423708668995,
0.12827698308441868
],
"r_index_dip": [
0.2621208116156578,
0.004106325915741076,
0.20997556749462098
],
"r_index_tip": [
0.22005737219537863,
0.24810057357117135,
0.2276792222978033
],
"r_middle_mcp": [
-0.0,
0.0,
-0.0
],
"r_middle_pip": [
0.0842515607125644,
-0.2819942844273803,
0.1967066037320113
],
"r_middle_dip": [
0.05182269152200061,
0.059835375433079575,
0.28228154669123035
],
"r_middle_tip": [
0.015720135698339778,
0.3518508801577351,
0.2738534907444672
],
"r_ring_mcp": [
-0.21377217946720353,
-0.04468175873240675,
0.04280360496466974
],
"r_ring_pip": [
-0.1447631479378081,
-0.2605210682524323,
0.23199327681399304
],
"r_ring_dip": [
-0.14894237527597895,
0.09835968925698957,
0.24693480019704486
],
"r_ring_tip": [
-0.15722111531284136,
0.4007173168019523,
0.1784631877765588
],
"r_pinky_mcp": [
-0.43306579003133183,
-0.06523927853590028,
0.08979113815440087
],
"r_pinky_pip": [
-0.37831273385633596,
-0.3933478005803473,
0.16917978033466177
],
"r_pinky_dip": [
-0.3006856640810124,
-0.5473275278818831,
0.1677602199482668
],
"r_pinky_tip": [
-0.2081785282695539,
-0.6554154691030188,
0.13051532449115172
],
"l_hand_velocity": null,
"r_hand_velocity": null,
"m_nose_point": null,
"m_top_nose": null,
"m_eyebrows": null,
"m_forehead": null,
"m_top_chin": null,
"m_bot_up_lip": null,
"m_top_low_lip": null,
"m_bot_nose": null,
"m_chin": null,
"m_nose": null,
"l_eye_exterior": null,
"l_temple": null,
"l_mid_chin": null,
"l_up_lip": null,
"l_ext_nostril": null,
"l_mid_cheek": null,
"l_mid_eyebrow": null,
"l_ext_eyebrow": null,
"l_ext_lips": null,
"l_jaw_angle": null,
"l_mid_ext_face": null,
"l_int_eyebrow": null,
"l_mid_jaw": null,
"l_mid_bot_eyelid": null,
"l_ext_mouth": null,
"l_top_eyelid": null,
"l_eye_int": null,
"l_pupil": null,
"r_eye_exterior": null,
"r_temple": null,
"r_mid_chin": null,
"r_up_lip": null,
"r_ext_nostril": null,
"r_mid_cheek": null,
"r_mid_eyebrow": null,
"r_ext_eyebrow": null,
"r_ext_lips": null,
"r_jaw_angle": null,
"r_mid_ext_face": null,
"r_int_eyebrow": null,
"r_mid_jaw": null,
"r_mid_bot_eyelid": null,
"r_ext_mouth": null,
"r_top_eyelid": null,
"r_eye_int": null,
"r_pupil": null,
"l_shoulder": null,
"l_elbow": null,
"l_hip": null,
"l_knee": null,
"l_ankle": null,
"l_body_wrist": null,
"r_shoulder": null,
"r_elbow": null,
"r_hip": null,
"r_knee": null,
"r_ankle": null,
"r_body_wrist": null,
"m_face_position": null,
"m_body_position": null,
"m_face_scale": null,
"m_body_scale": null,
"l_hand_scale": null,
"r_hand_scale": [
-0.08748384844081407,
0.08748384844081407,
-0.08748384844081407
]
},
{
"l_hand_position": null,
"l_wrist": null,
"l_thumb_cmc": null,
"l_thumb_mcp": null,
"l_thumb_ip": null,
"l_thumb_tip": null,
"l_index_mcp": null,
"l_index_pip": null,
"l_index_dip": null,
"l_index_tip": null,
"l_middle_mcp": null,
"l_middle_pip": null,
"l_middle_dip": null,
"l_middle_tip": null,
"l_ring_mcp": null,
"l_ring_pip": null,
"l_ring_dip": null,
"l_ring_tip": null,
"l_pinky_mcp": null,
"l_pinky_pip": null,
"l_pinky_dip": null,
"l_pinky_tip": null,
"r_hand_position": [
-0.17748171091079712,
-0.006542235612869263,
0.4920746888965368
],
"r_wrist": [
-0.3670904310155973,
0.9257635471204981,
0.09058957047947837
],
"r_thumb_cmc": [
0.04970252645468224,
0.7987561988015406,
0.1693887932102018
],
"r_thumb_mcp": [
0.42207087879665534,
0.46839524946240835,
0.1967791608237001
],
"r_thumb_ip": [
0.6270963552440827,
0.11841871850083992,
0.2461421620978593
],
"r_thumb_tip": [
0.6296348262473197,
-0.21614917083963103,
0.2708838873378174
],
"r_index_mcp": [
0.22222930623103948,
0.06562383566298742,
-0.010796826224994362
],
"r_index_pip": [
0.30631155953390865,
-0.2427380535768368,
0.13764182625963908
],
"r_index_dip": [
0.2653976202885008,
-0.006028698311230133,
0.22615118133790485
],
"r_index_tip": [
0.22465059607148608,
0.23970735356129752,
0.24731007762242124
],
"r_middle_mcp": [
-0.0,
0.0,
-0.0
],
"r_middle_pip": [
0.07867079995377878,
-0.27872970269922087,
0.20334990717356424
],
"r_middle_dip": [
0.04626203301229189,
0.06696051846179334,
0.29487743299514874
],
"r_middle_tip": [
0.012859270044577778,
0.36119356151250626,
0.29011317989454366
],
"r_ring_mcp": [
-0.21181585231679464,
-0.043909212397778015,
0.041984776861715235
],
"r_ring_pip": [
-0.1478226742883342,
-0.2553033487856935,
0.23443688379868924
],
"r_ring_dip": [
-0.14244256008743192,
0.10024201255173606,
0.25441901848794246
],
"r_ring_tip": [
-0.1413933799089604,
0.39923179326874,
0.18967049673054737
],
"r_pinky_mcp": [
-0.4259133308788497,
-0.06361915210769364,
0.08861948919075022
],
"r_pinky_pip": [
-0.3700111033695631,
-0.39009915671522655,
0.1669965538233576
],
"r_pinky_dip": [
-0.2989202895623259,
-0.5452061390998059,
0.1658205267393801
],
"r_pinky_tip": [
-0.2152440826142418,
-0.6536821721950528,
0.1291962877560407
],
"l_hand_velocity": null,
"r_hand_velocity": [
-0.0018884539604187012,
-0.0013052821159362793,
0.001413598656654358
],
"m_nose_point": null,
"m_top_nose": null,
"m_eyebrows": null,
"m_forehead": null,
"m_top_chin": null,
"m_bot_up_lip": null,
"m_top_low_lip": null,
"m_bot_nose": null,
"m_chin": null,
"m_nose": null,
"l_eye_exterior": null,
"l_temple": null,
"l_mid_chin": null,
"l_up_lip": null,
"l_ext_nostril": null,
"l_mid_cheek": null,
"l_mid_eyebrow": null,
"l_ext_eyebrow": null,
"l_ext_lips": null,
"l_jaw_angle": null,
"l_mid_ext_face": null,
"l_int_eyebrow": null,
"l_mid_jaw": null,
"l_mid_bot_eyelid": null,
"l_ext_mouth": null,
"l_top_eyelid": null,
"l_eye_int": null,
"l_pupil": null,
"r_eye_exterior": null,
"r_temple": null,
"r_mid_chin": null,
"r_up_lip": null,
"r_ext_nostril": null,
"r_mid_cheek": null,
"r_mid_eyebrow": null,
"r_ext_eyebrow": null,
"r_ext_lips": null,
"r_jaw_angle": null,
"r_mid_ext_face": null,
"r_int_eyebrow": null,
"r_mid_jaw": null,
"r_mid_bot_eyelid": null,
"r_ext_mouth": null,
"r_top_eyelid": null,
"r_eye_int": null,
"r_pupil": null,
"l_shoulder": null,
"l_elbow": null,
"l_hip": null,
"l_knee": null,
"l_ankle": null,
"l_body_wrist": null,
"r_shoulder": null,
"r_elbow": null,
"r_hip": null,
"r_knee": null,
"r_ankle": null,
"r_body_wrist": null,
"m_face_position": null,
"m_body_position": null,
"m_face_scale": null,
"m_body_scale": null,
"l_hand_scale": null,
"r_hand_scale": [
-0.08748845511723893,
0.08748845511723893,
-0.08748845511723893
]
},
{
"l_hand_position": null,
"l_wrist": null,
"l_thumb_cmc": null,
"l_thumb_mcp": null,
"l_thumb_ip": null,
"l_thumb_tip": null,
"l_index_mcp": null,
"l_index_pip": null,
"l_index_dip": null,
"l_index_tip": null,
"l_middle_mcp": null,
"l_middle_pip": null,
"l_middle_dip": null,
"l_middle_tip": null,
"l_ring_mcp": null,
"l_ring_pip": null,
"l_ring_dip": null,
"l_ring_tip": null,
"l_pinky_mcp": null,
"l_pinky_pip": null,
"l_pinky_dip": null,
"l_pinky_tip": null,
"r_hand_position": [
-0.17559325695037842,
-0.005236953496932983,
0.49066109023988247
],