{
"label": "j",
"gestures": [
{
"l_hand_position": null,
"l_wrist": null,
"l_thumb_cmc": null,
"l_thumb_mcp": null,
"l_thumb_ip": null,
"l_thumb_tip": null,
"l_index_mcp": null,
"l_index_pip": null,
"l_index_dip": null,
"l_index_tip": null,
"l_middle_mcp": null,
"l_middle_pip": null,
"l_middle_dip": null,
"l_middle_tip": null,
"l_ring_mcp": null,
"l_ring_pip": null,
"l_ring_dip": null,
"l_ring_tip": null,
"l_pinky_mcp": null,
"l_pinky_pip": null,
"l_pinky_dip": null,
"l_pinky_tip": null,
"r_hand_position": [
-0.17504668235778809,
0.028895139694213867,
0.4966246453113854
],
"r_wrist": [
-0.39988982518730976,
0.9158636445898373,
0.03580380189704898
],
"r_thumb_cmc": [
0.01461133468196336,
0.8556216022808943,
0.13163415610624443
],
"r_thumb_mcp": [
0.3901097391917242,
0.5154004168170074,
0.15837691460502518
],
"r_thumb_ip": [
0.6190693283702142,
0.21653755235061276,
0.20603140303601206
],
"r_thumb_tip": [
0.8102943491644437,
-0.01609004322389449,
0.2345249123039363
],
"r_index_mcp": [
0.21572265055046344,
0.0777147001464344,
-0.017806531884647068
],
"r_index_pip": [
0.324661555436521,
-0.12166502842136052,
0.15276829093117705
],
"r_index_dip": [
0.26748124269943463,
0.1833807216970591,
0.2551314689403001
],
"r_index_tip": [
0.21905179940972352,
0.44834708514048605,
0.28236714345715985
],
"r_middle_mcp": [
-0.0,
0.0,
-0.0
],
"r_middle_pip": [
0.13105315234084633,
-0.2269447776679579,
0.2302370566066272
],
"r_middle_dip": [
0.10224710073199983,
0.13926286124444517,
0.34073282537599947
],
"r_middle_tip": [
0.06633894918298473,
0.4633819917433959,
0.34378475589595353
],
"r_ring_mcp": [
-0.21517832902220235,
-0.04264357728896134,
0.04879053884622182
],
"r_ring_pip": [
-0.10615976732713098,
-0.17707076446875014,
0.2708048746529613
],
"r_ring_dip": [
-0.12007947860384738,
0.20590589713485566,
0.3094834710535701
],
"r_ring_tip": [
-0.1391389506526459,
0.5214985880848431,
0.248603048171794
],
"r_pinky_mcp": [
-0.4296498619136313,
-0.06831898986418537,
0.10275952101215699
],
"r_pinky_pip": [
-0.28677589199389303,
-0.36461387053522976,
0.2070732832783141
],
"r_pinky_dip": [
-0.1832909497376943,
-0.5256211440497567,
0.21903974321733746
],
"r_pinky_tip": [
-0.08755294825653798,
-0.6530660326013461,
0.18689934688098417
],
"l_hand_velocity": null,
"r_hand_velocity": null,
"m_nose_point": null,
"m_top_nose": null,
"m_eyebrows": null,
"m_forehead": null,
"m_top_chin": null,
"m_bot_up_lip": null,
"m_top_low_lip": null,
"m_bot_nose": null,
"m_chin": null,
"m_nose": null,
"l_eye_exterior": null,
"l_temple": null,
"l_mid_chin": null,
"l_up_lip": null,
"l_ext_nostril": null,
"l_mid_cheek": null,
"l_mid_eyebrow": null,
"l_ext_eyebrow": null,
"l_ext_lips": null,
"l_jaw_angle": null,
"l_mid_ext_face": null,
"l_int_eyebrow": null,
"l_mid_jaw": null,
"l_mid_bot_eyelid": null,
"l_ext_mouth": null,
"l_top_eyelid": null,
"l_eye_int": null,
"l_pupil": null,
"r_eye_exterior": null,
"r_temple": null,
"r_mid_chin": null,
"r_up_lip": null,
"r_ext_nostril": null,
"r_mid_cheek": null,
"r_mid_eyebrow": null,
"r_ext_eyebrow": null,
"r_ext_lips": null,
"r_jaw_angle": null,
"r_mid_ext_face": null,
"r_int_eyebrow": null,
"r_mid_jaw": null,
"r_mid_bot_eyelid": null,
"r_ext_mouth": null,
"r_top_eyelid": null,
"r_eye_int": null,
"r_pupil": null,
"l_shoulder": null,
"l_elbow": null,
"l_hip": null,
"l_knee": null,
"l_ankle": null,
"l_body_wrist": null,
"r_shoulder": null,
"r_elbow": null,
"r_hip": null,
"r_knee": null,
"r_ankle": null,
"r_body_wrist": null,
"m_face_position": null,
"m_body_position": null,
"m_face_scale": null,
"m_body_scale": null,
"l_hand_scale": null,
"r_hand_scale": [
-0.09428177370745977,
0.09428177370745977,
-0.09428177370745977
]
}
],
"framerate": 30,
"mirrorable": true,
"invalid": false
}