{
"label": "j",
"gestures": [
{
"l_hand_position": null,
"l_wrist": null,
"l_thumb_cmc": null,
"l_thumb_mcp": null,
"l_thumb_ip": null,
"l_thumb_tip": null,
"l_index_mcp": null,
"l_index_pip": null,
"l_index_dip": null,
"l_index_tip": null,
"l_middle_mcp": null,
"l_middle_pip": null,
"l_middle_dip": null,
"l_middle_tip": null,
"l_ring_mcp": null,
"l_ring_pip": null,
"l_ring_dip": null,
"l_ring_tip": null,
"l_pinky_mcp": null,
"l_pinky_pip": null,
"l_pinky_dip": null,
"l_pinky_tip": null,
"r_hand_position": [
-0.17646926641464233,
0.027129709720611572,
0.4980560359545052
],
"r_wrist": [
-0.34118700349737996,
0.9397188765351125,
0.02280047648766568
],
"r_thumb_cmc": [
0.08776841133548625,
0.8439280536859051,
0.07627021091549611
],
"r_thumb_mcp": [
0.44956540032402853,
0.5252383329775046,
0.09756395395110976
],
"r_thumb_ip": [
0.6712081969816744,
0.2653491070800948,
0.14803758495772368
],
"r_thumb_tip": [
0.8642612355733875,
0.0999226059334286,
0.18522105515690446
],
"r_index_mcp": [
0.21842740126136487,
0.07410228190229262,
-0.0419234206392063
],
"r_index_pip": [
0.3367700288214887,
-0.19033952447685157,
0.11183825620103748
],
"r_index_dip": [
0.33064120559657734,
0.08375685607912606,
0.20890975989628713
],
"r_index_tip": [
0.30843890038525673,
0.3555640149127514,
0.2361336957615184
],
"r_middle_mcp": [
-0.0,
0.0,
-0.0
],
"r_middle_pip": [
0.13696256290058784,
-0.29374524242325156,
0.21150081812397778
],
"r_middle_dip": [
0.15765293327665716,
0.058687955972120974,
0.3241012562806181
],
"r_middle_tip": [
0.14458165199177553,
0.3860201003065256,
0.3366071784374661
],
"r_ring_mcp": [
-0.2243024878495697,
-0.04774023364678321,
0.06515684494060384
],
"r_ring_pip": [
-0.10313450633471369,
-0.25128944121035635,
0.26281011881691424
],
"r_ring_dip": [
-0.07067578880825573,
0.13196122506137245,
0.2972048669776642
],
"r_ring_tip": [
-0.06957696238152665,
0.4518539230473816,
0.24317130506025367
],
"r_pinky_mcp": [
-0.4544716742993539,
-0.07715900452575719,
0.13386731341822253
],
"r_pinky_pip": [
-0.3444121848796497,
-0.47040535648592485,
0.23018573852764787
],
"r_pinky_dip": [
-0.24007330326932902,
-0.717146411208542,
0.24473974959584582
],
"r_pinky_tip": [
-0.14132711265153977,
-0.9287320102658201,
0.2205205264597955
],
"l_hand_velocity": null,
"r_hand_velocity": null,
"m_nose_point": null,
"m_top_nose": null,
"m_eyebrows": null,
"m_forehead": null,
"m_top_chin": null,
"m_bot_up_lip": null,
"m_top_low_lip": null,
"m_bot_nose": null,
"m_chin": null,
"m_nose": null,
"l_eye_exterior": null,
"l_temple": null,
"l_mid_chin": null,
"l_up_lip": null,
"l_ext_nostril": null,
"l_mid_cheek": null,
"l_mid_eyebrow": null,
"l_ext_eyebrow": null,
"l_ext_lips": null,
"l_jaw_angle": null,
"l_mid_ext_face": null,
"l_int_eyebrow": null,
"l_mid_jaw": null,
"l_mid_bot_eyelid": null,
"l_ext_mouth": null,
"l_top_eyelid": null,
"l_eye_int": null,
"l_pupil": null,
"r_eye_exterior": null,
"r_temple": null,
"r_mid_chin": null,
"r_up_lip": null,
"r_ext_nostril": null,
"r_mid_cheek": null,
"r_mid_eyebrow": null,
"r_ext_eyebrow": null,
"r_ext_lips": null,
"r_jaw_angle": null,
"r_mid_ext_face": null,
"r_int_eyebrow": null,
"r_mid_jaw": null,
"r_mid_bot_eyelid": null,
"r_ext_mouth": null,
"r_top_eyelid": null,
"r_eye_int": null,
"r_pupil": null,
"l_shoulder": null,
"l_elbow": null,
"l_hip": null,
"l_knee": null,
"l_ankle": null,
"l_body_wrist": null,
"r_shoulder": null,
"r_elbow": null,
"r_hip": null,
"r_knee": null,
"r_ankle": null,
"r_body_wrist": null,
"m_face_position": null,
"m_body_position": null,
"m_face_scale": null,
"m_body_scale": null,
"l_hand_scale": null,
"r_hand_scale": [
-0.08527143078077351,
0.08527143078077351,
-0.08527143078077351
]
}
],
"framerate": 30,
"mirrorable": true,
"invalid": false
}