{
"label": "j",
"gestures": [
{
"l_hand_position": null,
"l_wrist": null,
"l_thumb_cmc": null,
"l_thumb_mcp": null,
"l_thumb_ip": null,
"l_thumb_tip": null,
"l_index_mcp": null,
"l_index_pip": null,
"l_index_dip": null,
"l_index_tip": null,
"l_middle_mcp": null,
"l_middle_pip": null,
"l_middle_dip": null,
"l_middle_tip": null,
"l_ring_mcp": null,
"l_ring_pip": null,
"l_ring_dip": null,
"l_ring_tip": null,
"l_pinky_mcp": null,
"l_pinky_pip": null,
"l_pinky_dip": null,
"l_pinky_tip": null,
"r_hand_position": [
-0.13814353942871094,
0.040859103202819824,
0.4956751144491136
],
"r_wrist": [
-0.26248106480511707,
0.9637914245650131,
0.04700830302951472
],
"r_thumb_cmc": [
0.1247830639099099,
0.7769776643693301,
0.0836042292061759
],
"r_thumb_mcp": [
0.3833985875336832,
0.31996017866418974,
0.08327536699048446
],
"r_thumb_ip": [
0.4580572366010775,
-0.08472771335122628,
0.10878790032304823
],
"r_thumb_tip": [
0.456499229806854,
-0.39901493338879845,
0.11521531604690757
],
"r_index_mcp": [
0.21249333995577446,
0.006076550407408134,
-0.033234085657590395
],
"r_index_pip": [
0.2654124497297996,
-0.2941419654513066,
0.09538537766157015
],
"r_index_dip": [
0.2701020177894187,
-0.002569253615754868,
0.1568817642628325
],
"r_index_tip": [
0.2544325507047292,
0.2564531008881733,
0.16129417676090907
],
"r_middle_mcp": [
-0.0,
0.0,
-0.0
],
"r_middle_pip": [
0.05777516754096877,
-0.2651222264267592,
0.18095330326570777
],
"r_middle_dip": [
0.08129750712444311,
0.0904188109342839,
0.24971175064170842
],
"r_middle_tip": [
0.07572431275824566,
0.38108716622732586,
0.23672939990089184
],
"r_ring_mcp": [
-0.20401596909955455,
0.022236417135851196,
0.05750303448135062
],
"r_ring_pip": [
-0.16120025806262295,
-0.163914623329898,
0.23721342256777192
],
"r_ring_dip": [
-0.11032437216759197,
0.19086976041964693,
0.24985147729053547
],
"r_ring_tip": [
-0.09092864517422315,
0.4735343011835282,
0.1881878316958496
],
"r_pinky_mcp": [
-0.4037096840074004,
0.04716711712291886,
0.11693955443272501
],
"r_pinky_pip": [
-0.3982343104420045,
-0.33647440286308616,
0.20880698676348178
],
"r_pinky_dip": [
-0.38254864786049353,
-0.5976478432548393,
0.22269490870906974
],
"r_pinky_tip": [
-0.36743047548760616,
-0.8398200789557942,
0.20054643312095904
],
"l_hand_velocity": null,
"r_hand_velocity": null,
"m_nose_point": null,
"m_top_nose": null,
"m_eyebrows": null,
"m_forehead": null,
"m_top_chin": null,
"m_bot_up_lip": null,
"m_top_low_lip": null,
"m_bot_nose": null,
"m_chin": null,
"m_nose": null,
"l_eye_exterior": null,
"l_temple": null,
"l_mid_chin": null,
"l_up_lip": null,
"l_ext_nostril": null,
"l_mid_cheek": null,
"l_mid_eyebrow": null,
"l_ext_eyebrow": null,
"l_ext_lips": null,
"l_jaw_angle": null,
"l_mid_ext_face": null,
"l_int_eyebrow": null,
"l_mid_jaw": null,
"l_mid_bot_eyelid": null,
"l_ext_mouth": null,
"l_top_eyelid": null,
"l_eye_int": null,
"l_pupil": null,
"r_eye_exterior": null,
"r_temple": null,
"r_mid_chin": null,
"r_up_lip": null,
"r_ext_nostril": null,
"r_mid_cheek": null,
"r_mid_eyebrow": null,
"r_ext_eyebrow": null,
"r_ext_lips": null,
"r_jaw_angle": null,
"r_mid_ext_face": null,
"r_int_eyebrow": null,
"r_mid_jaw": null,
"r_mid_bot_eyelid": null,
"r_ext_mouth": null,
"r_top_eyelid": null,
"r_eye_int": null,
"r_pupil": null,
"l_shoulder": null,
"l_elbow": null,
"l_hip": null,
"l_knee": null,
"l_ankle": null,
"l_body_wrist": null,
"r_shoulder": null,
"r_elbow": null,
"r_hip": null,
"r_knee": null,
"r_ankle": null,
"r_body_wrist": null,
"m_face_position": null,
"m_body_position": null,
"m_face_scale": null,
"m_body_scale": null,
"l_hand_scale": null,
"r_hand_scale": [
-0.09200805235015512,
0.09200805235015512,
-0.09200805235015512
]
}
],
"framerate": 30,
"mirrorable": true,
"invalid": false
}