{
"label": "j",
"gestures": [
{
"l_hand_position": null,
"l_wrist": null,
"l_thumb_cmc": null,
"l_thumb_mcp": null,
"l_thumb_ip": null,
"l_thumb_tip": null,
"l_index_mcp": null,
"l_index_pip": null,
"l_index_dip": null,
"l_index_tip": null,
"l_middle_mcp": null,
"l_middle_pip": null,
"l_middle_dip": null,
"l_middle_tip": null,
"l_ring_mcp": null,
"l_ring_pip": null,
"l_ring_dip": null,
"l_ring_tip": null,
"l_pinky_mcp": null,
"l_pinky_pip": null,
"l_pinky_dip": null,
"l_pinky_tip": null,
"r_hand_position": [
-0.17697709798812866,
0.029275953769683838,
0.4982002804754302
],
"r_wrist": [
-0.39266811809197255,
0.9194673359738236,
0.019788054763129243
],
"r_thumb_cmc": [
0.02589275457270697,
0.8662409378896156,
0.09738293007643442
],
"r_thumb_mcp": [
0.4064224153699281,
0.5610738966496704,
0.12169770055818364
],
"r_thumb_ip": [
0.6209536764003241,
0.2620511098795167,
0.16883089203703314
],
"r_thumb_tip": [
0.7685691115569333,
-0.00532388477839974,
0.1964732594362415
],
"r_index_mcp": [
0.21486478193528274,
0.08688907582027047,
-0.027374247091396204
],
"r_index_pip": [
0.3340070984259742,
-0.12603551868992408,
0.13202728609355407
],
"r_index_dip": [
0.28466369618137205,
0.17393344526423088,
0.2243088633764259
],
"r_index_tip": [
0.23231205331921503,
0.44153384501307275,
0.24604718589174837
],
"r_middle_mcp": [
-0.0,
0.0,
-0.0
],
"r_middle_pip": [
0.13991234722370252,
-0.2214703305446425,
0.21589698209119487
],
"r_middle_dip": [
0.10395040651072861,
0.15316538027329182,
0.31692482157634105
],
"r_middle_tip": [
0.05464107712870823,
0.4824009674431052,
0.3182509807981605
],
"r_ring_mcp": [
-0.21636071165209342,
-0.057469779970351506,
0.05455168321629092
],
"r_ring_pip": [
-0.09545577977015332,
-0.2002376951773483,
0.2608891937828908
],
"r_ring_dip": [
-0.10711590649404543,
0.1819156685713651,
0.29124668098964335
],
"r_ring_tip": [
-0.1304276417261842,
0.4999216265310597,
0.2308697527830868
],
"r_pinky_mcp": [
-0.4359419640655203,
-0.10242892214698163,
0.11367025494515288
],
"r_pinky_pip": [
-0.2971959571378857,
-0.44859184192267676,
0.2144281427573143
],
"r_pinky_dip": [
-0.18893664400527935,
-0.6546776197642981,
0.22623895589691503
],
"r_pinky_tip": [
-0.08450856217104877,
-0.816357611822564,
0.19679490398277652
],
"l_hand_velocity": null,
"r_hand_velocity": null,
"m_nose_point": null,
"m_top_nose": null,
"m_eyebrows": null,
"m_forehead": null,
"m_top_chin": null,
"m_bot_up_lip": null,
"m_top_low_lip": null,
"m_bot_nose": null,
"m_chin": null,
"m_nose": null,
"l_eye_exterior": null,
"l_temple": null,
"l_mid_chin": null,
"l_up_lip": null,
"l_ext_nostril": null,
"l_mid_cheek": null,
"l_mid_eyebrow": null,
"l_ext_eyebrow": null,
"l_ext_lips": null,
"l_jaw_angle": null,
"l_mid_ext_face": null,
"l_int_eyebrow": null,
"l_mid_jaw": null,
"l_mid_bot_eyelid": null,
"l_ext_mouth": null,
"l_top_eyelid": null,
"l_eye_int": null,
"l_pupil": null,
"r_eye_exterior": null,
"r_temple": null,
"r_mid_chin": null,
"r_up_lip": null,
"r_ext_nostril": null,
"r_mid_cheek": null,
"r_mid_eyebrow": null,
"r_ext_eyebrow": null,
"r_ext_lips": null,
"r_jaw_angle": null,
"r_mid_ext_face": null,
"r_int_eyebrow": null,
"r_mid_jaw": null,
"r_mid_bot_eyelid": null,
"r_ext_mouth": null,
"r_top_eyelid": null,
"r_eye_int": null,
"r_pupil": null,
"l_shoulder": null,
"l_elbow": null,
"l_hip": null,
"l_knee": null,
"l_ankle": null,
"l_body_wrist": null,
"r_shoulder": null,
"r_elbow": null,
"r_hip": null,
"r_knee": null,
"r_ankle": null,
"r_body_wrist": null,
"m_face_position": null,
"m_body_position": null,
"m_face_scale": null,
"m_body_scale": null,
"l_hand_scale": null,
"r_hand_scale": [
-0.09096510517374808,
0.09096510517374808,
-0.09096510517374808
]
}
],
"framerate": 30,
"mirrorable": true,
"invalid": false
}