{
"label": "j",
"gestures": [
{
"l_hand_position": null,
"l_wrist": null,
"l_thumb_cmc": null,
"l_thumb_mcp": null,
"l_thumb_ip": null,
"l_thumb_tip": null,
"l_index_mcp": null,
"l_index_pip": null,
"l_index_dip": null,
"l_index_tip": null,
"l_middle_mcp": null,
"l_middle_pip": null,
"l_middle_dip": null,
"l_middle_tip": null,
"l_ring_mcp": null,
"l_ring_pip": null,
"l_ring_dip": null,
"l_ring_tip": null,
"l_pinky_mcp": null,
"l_pinky_pip": null,
"l_pinky_dip": null,
"l_pinky_tip": null,
"r_hand_position": [
-0.19824206829071045,
0.027868211269378662,
0.49881233857013285
],
"r_wrist": [
0.11206706753432855,
0.9936295172159954,
0.011889276317933052
],
"r_thumb_cmc": [
0.40978195817866153,
0.6121182984756907,
0.07624745574983748
],
"r_thumb_mcp": [
0.5981756078761651,
0.12591610295804756,
0.10672169231666652
],
"r_thumb_ip": [
0.7238250620215662,
-0.20650906612356743,
0.1584426979103655
],
"r_thumb_tip": [
0.856754565629022,
-0.41567447936730284,
0.19242270272411402
],
"r_index_mcp": [
0.1973600888538578,
-0.09613673970048912,
-0.029957611482909718
],
"r_index_pip": [
0.19240352289349938,
-0.3907866603238423,
0.1192285450511975
],
"r_index_dip": [
0.29291401895713065,
-0.12698806697667364,
0.20611818765358178
],
"r_index_tip": [
0.35981543056143417,
0.10149596326383731,
0.22888234203082955
],
"r_middle_mcp": [
-0.0,
0.0,
-0.0
],
"r_middle_pip": [
-0.001550380903956138,
-0.30081923163093854,
0.20245519652593935
],
"r_middle_dip": [
0.14219003194643826,
-0.021630169902827845,
0.3010439159715235
],
"r_middle_tip": [
0.23843712965663566,
0.21750072389051464,
0.31130055583901317
],
"r_ring_mcp": [
-0.18519684659465593,
0.11163756609113946,
0.05404738086672249
],
"r_ring_pip": [
-0.18981160098980973,
-0.10006071260784713,
0.23925961140521487
],
"r_ring_dip": [
-0.00802153598133828,
0.16153310666428425,
0.2709169249833839
],
"r_ring_tip": [
0.12896138749621458,
0.3691445598253703,
0.22492492617255655
],
"r_pinky_mcp": [
-0.3625570814404578,
0.23231315491249804,
0.11214343033703443
],
"r_pinky_pip": [
-0.4415901192255062,
-0.133681727662819,
0.19896106060977292
],
"r_pinky_dip": [
-0.4799499668703309,
-0.3794901758381873,
0.21334678642192134
],
"r_pinky_tip": [
-0.5059210839982795,
-0.6094076671453418,
0.19434403194482447
],
"l_hand_velocity": null,
"r_hand_velocity": null,
"m_nose_point": null,
"m_top_nose": null,
"m_eyebrows": null,
"m_forehead": null,
"m_top_chin": null,
"m_bot_up_lip": null,
"m_top_low_lip": null,
"m_bot_nose": null,
"m_chin": null,
"m_nose": null,
"l_eye_exterior": null,
"l_temple": null,
"l_mid_chin": null,
"l_up_lip": null,
"l_ext_nostril": null,
"l_mid_cheek": null,
"l_mid_eyebrow": null,
"l_ext_eyebrow": null,
"l_ext_lips": null,
"l_jaw_angle": null,
"l_mid_ext_face": null,
"l_int_eyebrow": null,
"l_mid_jaw": null,
"l_mid_bot_eyelid": null,
"l_ext_mouth": null,
"l_top_eyelid": null,
"l_eye_int": null,
"l_pupil": null,
"r_eye_exterior": null,
"r_temple": null,
"r_mid_chin": null,
"r_up_lip": null,
"r_ext_nostril": null,
"r_mid_cheek": null,
"r_mid_eyebrow": null,
"r_ext_eyebrow": null,
"r_ext_lips": null,
"r_jaw_angle": null,
"r_mid_ext_face": null,
"r_int_eyebrow": null,
"r_mid_jaw": null,
"r_mid_bot_eyelid": null,
"r_ext_mouth": null,
"r_top_eyelid": null,
"r_eye_int": null,
"r_pupil": null,
"l_shoulder": null,
"l_elbow": null,
"l_hip": null,
"l_knee": null,
"l_ankle": null,
"l_body_wrist": null,
"r_shoulder": null,
"r_elbow": null,
"r_hip": null,
"r_knee": null,
"r_ankle": null,
"r_body_wrist": null,
"m_face_position": null,
"m_body_position": null,
"m_face_scale": null,
"m_body_scale": null,
"l_hand_scale": null,
"r_hand_scale": [
-0.09991897563750106,
0.09991897563750106,
-0.09991897563750106
]
}
],
"framerate": 30,
"mirrorable": true,
"invalid": false
}