{
"label": "j",
"gestures": [
{
"l_hand_position": null,
"l_wrist": null,
"l_thumb_cmc": null,
"l_thumb_mcp": null,
"l_thumb_ip": null,
"l_thumb_tip": null,
"l_index_mcp": null,
"l_index_pip": null,
"l_index_dip": null,
"l_index_tip": null,
"l_middle_mcp": null,
"l_middle_pip": null,
"l_middle_dip": null,
"l_middle_tip": null,
"l_ring_mcp": null,
"l_ring_pip": null,
"l_ring_dip": null,
"l_ring_tip": null,
"l_pinky_mcp": null,
"l_pinky_pip": null,
"l_pinky_dip": null,
"l_pinky_tip": null,
"r_hand_position": [
-0.1777006983757019,
0.027749300003051758,
0.4984752183081582
],
"r_wrist": [
-0.3810042312261823,
0.9244279112649104,
0.0163955073767376
],
"r_thumb_cmc": [
0.027279444410966587,
0.8648177243998586,
0.11777036903663594
],
"r_thumb_mcp": [
0.4019104407853338,
0.5147915412006369,
0.1459885916301174
],
"r_thumb_ip": [
0.6238522890936676,
0.19200443303819478,
0.19246167101790762
],
"r_thumb_tip": [
0.8135274733196416,
-0.04907506176966755,
0.21968354501677712
],
"r_index_mcp": [
0.21923581867036726,
0.08637636351849746,
-0.015749704090986694
],
"r_index_pip": [
0.3249292481292246,
-0.1307564029918399,
0.15061134553783087
],
"r_index_dip": [
0.27509357608717566,
0.17643082557403683,
0.24677355774133028
],
"r_index_tip": [
0.23344711995164175,
0.4541061192580317,
0.27032384116278624
],
"r_middle_mcp": [
-0.0,
0.0,
-0.0
],
"r_middle_pip": [
0.13136002125349383,
-0.22811579942408272,
0.2231773581616348
],
"r_middle_dip": [
0.10064277219945585,
0.14843178104859323,
0.32834204093130115
],
"r_middle_tip": [
0.06305119542670956,
0.47703400144512165,
0.3318319092513995
],
"r_ring_mcp": [
-0.22154264005248414,
-0.05055527215652588,
0.04555673238997138
],
"r_ring_pip": [
-0.11862252252190514,
-0.1944817028891014,
0.2618222431941096
],
"r_ring_dip": [
-0.1266880671709899,
0.19842957137110753,
0.2941100531391389
],
"r_ring_tip": [
-0.1394422262792272,
0.5261885203957288,
0.23196889073787796
],
"r_pinky_mcp": [
-0.44435018716282904,
-0.08698574883360667,
0.09708003851060303
],
"r_pinky_pip": [
-0.30480992097486187,
-0.4331973465640112,
0.20286575584311337
],
"r_pinky_dip": [
-0.1957542993515692,
-0.6411669059176065,
0.21527473277266204
],
"r_pinky_tip": [
-0.09013007453417543,
-0.8051184685981083,
0.18534138247422935
],
"l_hand_velocity": null,
"r_hand_velocity": null,
"m_nose_point": null,
"m_top_nose": null,
"m_eyebrows": null,
"m_forehead": null,
"m_top_chin": null,
"m_bot_up_lip": null,
"m_top_low_lip": null,
"m_bot_nose": null,
"m_chin": null,
"m_nose": null,
"l_eye_exterior": null,
"l_temple": null,
"l_mid_chin": null,
"l_up_lip": null,
"l_ext_nostril": null,
"l_mid_cheek": null,
"l_mid_eyebrow": null,
"l_ext_eyebrow": null,
"l_ext_lips": null,
"l_jaw_angle": null,
"l_mid_ext_face": null,
"l_int_eyebrow": null,
"l_mid_jaw": null,
"l_mid_bot_eyelid": null,
"l_ext_mouth": null,
"l_top_eyelid": null,
"l_eye_int": null,
"l_pupil": null,
"r_eye_exterior": null,
"r_temple": null,
"r_mid_chin": null,
"r_up_lip": null,
"r_ext_nostril": null,
"r_mid_cheek": null,
"r_mid_eyebrow": null,
"r_ext_eyebrow": null,
"r_ext_lips": null,
"r_jaw_angle": null,
"r_mid_ext_face": null,
"r_int_eyebrow": null,
"r_mid_jaw": null,
"r_mid_bot_eyelid": null,
"r_ext_mouth": null,
"r_top_eyelid": null,
"r_eye_int": null,
"r_pupil": null,
"l_shoulder": null,
"l_elbow": null,
"l_hip": null,
"l_knee": null,
"l_ankle": null,
"l_body_wrist": null,
"r_shoulder": null,
"r_elbow": null,
"r_hip": null,
"r_knee": null,
"r_ankle": null,
"r_body_wrist": null,
"m_face_position": null,
"m_body_position": null,
"m_face_scale": null,
"m_body_scale": null,
"l_hand_scale": null,
"r_hand_scale": [
-0.09301835107601517,
0.09301835107601517,
-0.09301835107601517
]
}
],
"framerate": 30,
"mirrorable": true,
"invalid": false
}