{
"label": "j",
"gestures": [
{
"l_hand_position": null,
"l_wrist": null,
"l_thumb_cmc": null,
"l_thumb_mcp": null,
"l_thumb_ip": null,
"l_thumb_tip": null,
"l_index_mcp": null,
"l_index_pip": null,
"l_index_dip": null,
"l_index_tip": null,
"l_middle_mcp": null,
"l_middle_pip": null,
"l_middle_dip": null,
"l_middle_tip": null,
"l_ring_mcp": null,
"l_ring_pip": null,
"l_ring_dip": null,
"l_ring_tip": null,
"l_pinky_mcp": null,
"l_pinky_pip": null,
"l_pinky_dip": null,
"l_pinky_tip": null,
"r_hand_position": [
-0.11958390474319458,
0.04337036609649658,
0.5027479929849505
],
"r_wrist": [
-0.3060409277636353,
0.9515219061904859,
-0.03074105680026869
],
"r_thumb_cmc": [
0.09923443900987139,
0.8492139609922515,
0.06517355201749965
],
"r_thumb_mcp": [
0.46050578617875615,
0.5615707251858193,
0.11457956799930764
],
"r_thumb_ip": [
0.7134882211276168,
0.3055794683836511,
0.18052775869105148
],
"r_thumb_tip": [
0.9266057670665984,
0.1533318822784255,
0.225410309931393
],
"r_index_mcp": [
0.24099249325505118,
0.05279642123047723,
-0.02083493125165524
],
"r_index_pip": [
0.29740790300456643,
-0.2488786473413132,
0.15419858776719148
],
"r_index_dip": [
0.24358453459897986,
0.07585938749746288,
0.2485636133737865
],
"r_index_tip": [
0.19500859951867616,
0.3648603274912475,
0.27178016325847826
],
"r_middle_mcp": [
-0.0,
0.0,
-0.0
],
"r_middle_pip": [
0.07813134141018864,
-0.2729012090530926,
0.24181393638049858
],
"r_middle_dip": [
0.0471655498365658,
0.13722014805906332,
0.3417671967348956
],
"r_middle_tip": [
0.013819107993371221,
0.477679810560423,
0.3416574584267762
],
"r_ring_mcp": [
-0.2263491601263324,
-0.013176265735705349,
0.04633533348139595
],
"r_ring_pip": [
-0.17419224690944604,
-0.17133746713240497,
0.27445001752350795
],
"r_ring_dip": [
-0.1627031086757061,
0.22862911622483825,
0.2961271677577836
],
"r_ring_tip": [
-0.1466433886639144,
0.5432243805873717,
0.22992706450665845
],
"r_pinky_mcp": [
-0.44512491826064066,
-0.0013477014551273095,
0.09602613558526248
],
"r_pinky_pip": [
-0.3971978270773379,
-0.3688434154632789,
0.20259684931634694
],
"r_pinky_dip": [
-0.3682479194714785,
-0.5937585172129407,
0.20553452673670347
],
"r_pinky_tip": [
-0.32377443830109226,
-0.8074818953003553,
0.17229205079157345
],
"l_hand_velocity": null,
"r_hand_velocity": null,
"m_nose_point": null,
"m_top_nose": null,
"m_eyebrows": null,
"m_forehead": null,
"m_top_chin": null,
"m_bot_up_lip": null,
"m_top_low_lip": null,
"m_bot_nose": null,
"m_chin": null,
"m_nose": null,
"l_eye_exterior": null,
"l_temple": null,
"l_mid_chin": null,
"l_up_lip": null,
"l_ext_nostril": null,
"l_mid_cheek": null,
"l_mid_eyebrow": null,
"l_ext_eyebrow": null,
"l_ext_lips": null,
"l_jaw_angle": null,
"l_mid_ext_face": null,
"l_int_eyebrow": null,
"l_mid_jaw": null,
"l_mid_bot_eyelid": null,
"l_ext_mouth": null,
"l_top_eyelid": null,
"l_eye_int": null,
"l_pupil": null,
"r_eye_exterior": null,
"r_temple": null,
"r_mid_chin": null,
"r_up_lip": null,
"r_ext_nostril": null,
"r_mid_cheek": null,
"r_mid_eyebrow": null,
"r_ext_eyebrow": null,
"r_ext_lips": null,
"r_jaw_angle": null,
"r_mid_ext_face": null,
"r_int_eyebrow": null,
"r_mid_jaw": null,
"r_mid_bot_eyelid": null,
"r_ext_mouth": null,
"r_top_eyelid": null,
"r_eye_int": null,
"r_pupil": null,
"l_shoulder": null,
"l_elbow": null,
"l_hip": null,
"l_knee": null,
"l_ankle": null,
"l_body_wrist": null,
"r_shoulder": null,
"r_elbow": null,
"r_hip": null,
"r_knee": null,
"r_ankle": null,
"r_body_wrist": null,
"m_face_position": null,
"m_body_position": null,
"m_face_scale": null,
"m_body_scale": null,
"l_hand_scale": null,
"r_hand_scale": [
-0.08938254583963864,
0.08938254583963864,
-0.08938254583963864
]
}
],
"framerate": 30,
"mirrorable": true,
"invalid": false
}