{
"label": "j",
"gestures": [
{
"l_hand_position": null,
"l_wrist": null,
"l_thumb_cmc": null,
"l_thumb_mcp": null,
"l_thumb_ip": null,
"l_thumb_tip": null,
"l_index_mcp": null,
"l_index_pip": null,
"l_index_dip": null,
"l_index_tip": null,
"l_middle_mcp": null,
"l_middle_pip": null,
"l_middle_dip": null,
"l_middle_tip": null,
"l_ring_mcp": null,
"l_ring_pip": null,
"l_ring_dip": null,
"l_ring_tip": null,
"l_pinky_mcp": null,
"l_pinky_pip": null,
"l_pinky_dip": null,
"l_pinky_tip": null,
"r_hand_position": [
-0.1603916883468628,
0.015076875686645508,
0.49503594916313887
],
"r_wrist": [
-0.3476687572472934,
0.9361684255885097,
0.05210675738571571
],
"r_thumb_cmc": [
0.06623483499594388,
0.8011962587610332,
0.09565579584484904
],
"r_thumb_mcp": [
0.3539731724003502,
0.3664443653805065,
0.09850995213810754
],
"r_thumb_ip": [
0.4479944810102532,
-0.05374424766531178,
0.12566140740465775
],
"r_thumb_tip": [
0.3945161236337227,
-0.35660079407771833,
0.12843204286602847
],
"r_index_mcp": [
0.2141855760369922,
0.03133438850261499,
-0.029457203063819017
],
"r_index_pip": [
0.2878171660547274,
-0.2927017270656921,
0.10754871166072992
],
"r_index_dip": [
0.26820760085105433,
0.011408257449239978,
0.1718433100280749
],
"r_index_tip": [
0.2352684862526181,
0.2665559529395658,
0.17925392653624458
],
"r_middle_mcp": [
-0.0,
0.0,
-0.0
],
"r_middle_pip": [
0.05776638570431172,
-0.2641738887641898,
0.1908526376802024
],
"r_middle_dip": [
0.048433323755983665,
0.12011546873879524,
0.2553586970301547
],
"r_middle_tip": [
0.02512256573247494,
0.39240339068027696,
0.24019454374431354
],
"r_ring_mcp": [
-0.21277667031855577,
-0.0029948630879907748,
0.05613867677775004
],
"r_ring_pip": [
-0.1690136312819895,
-0.22101864364656715,
0.245267222134591
],
"r_ring_dip": [
-0.14324980073539495,
0.16971620726858103,
0.24304115344555222
],
"r_ring_tip": [
-0.1411157965588467,
0.4667675866466307,
0.171070556600926
],
"r_pinky_mcp": [
-0.42822976100277366,
0.0014207925784054836,
0.1159952983188746
],
"r_pinky_pip": [
-0.40932464865831886,
-0.3795749662768404,
0.21508283845708992
],
"r_pinky_dip": [
-0.3788392322071773,
-0.6281489153921791,
0.2258790301470849
],
"r_pinky_tip": [
-0.3507937501707348,
-0.8655357652161231,
0.20060901260887554
],
"l_hand_velocity": null,
"r_hand_velocity": null,
"m_nose_point": null,
"m_top_nose": null,
"m_eyebrows": null,
"m_forehead": null,
"m_top_chin": null,
"m_bot_up_lip": null,
"m_top_low_lip": null,
"m_bot_nose": null,
"m_chin": null,
"m_nose": null,
"l_eye_exterior": null,
"l_temple": null,
"l_mid_chin": null,
"l_up_lip": null,
"l_ext_nostril": null,
"l_mid_cheek": null,
"l_mid_eyebrow": null,
"l_ext_eyebrow": null,
"l_ext_lips": null,
"l_jaw_angle": null,
"l_mid_ext_face": null,
"l_int_eyebrow": null,
"l_mid_jaw": null,
"l_mid_bot_eyelid": null,
"l_ext_mouth": null,
"l_top_eyelid": null,
"l_eye_int": null,
"l_pupil": null,
"r_eye_exterior": null,
"r_temple": null,
"r_mid_chin": null,
"r_up_lip": null,
"r_ext_nostril": null,
"r_mid_cheek": null,
"r_mid_eyebrow": null,
"r_ext_eyebrow": null,
"r_ext_lips": null,
"r_jaw_angle": null,
"r_mid_ext_face": null,
"r_int_eyebrow": null,
"r_mid_jaw": null,
"r_mid_bot_eyelid": null,
"r_ext_mouth": null,
"r_top_eyelid": null,
"r_eye_int": null,
"r_pupil": null,
"l_shoulder": null,
"l_elbow": null,
"l_hip": null,
"l_knee": null,
"l_ankle": null,
"l_body_wrist": null,
"r_shoulder": null,
"r_elbow": null,
"r_hip": null,
"r_knee": null,
"r_ankle": null,
"r_body_wrist": null,
"m_face_position": null,
"m_body_position": null,
"m_face_scale": null,
"m_body_scale": null,
"l_hand_scale": null,
"r_hand_scale": [
-0.09527227995294382,
0.09527227995294382,
-0.09527227995294382
]
}
],
"framerate": 30,
"mirrorable": true,
"invalid": false
}