{
"label": "j",
"gestures": [
{
"l_hand_position": [
0.17705410718917847,
-0.009571433067321777,
-0.5098730400204659
],
"l_wrist": [
-0.17294256662818183,
0.9824601395000856,
0.06973480437722027
],
"l_thumb_cmc": [
-0.35595871768711934,
0.688260699922065,
-0.0023353145416936676
],
"l_thumb_mcp": [
-0.4185802309662848,
0.2966038463437683,
-0.041367816299622995
],
"l_thumb_ip": [
-0.43354851563492924,
-0.024553283203471107,
-0.07148967094422462
],
"l_thumb_tip": [
-0.4344339065346609,
-0.30768828362771256,
-0.07875012366731826
],
"l_index_mcp": [
-0.14910269040502233,
-0.10920094755313615,
0.00896948371733983
],
"l_index_pip": [
-0.5057674473402871,
-0.041730413975511665,
-0.05519055018308502
],
"l_index_dip": [
-0.5162902529265414,
0.17428096780281185,
-0.10075280324820295
],
"l_index_tip": [
-0.4359226094454793,
0.2705422831125803,
-0.13534777912748214
],
"l_middle_mcp": [
0.0,
0.0,
0.0
],
"l_middle_pip": [
-0.4593658911714694,
0.12320279626822185,
-0.04605593059024023
],
"l_middle_dip": [
-0.4505612407263492,
0.3575678303921951,
-0.054114137670282704
],
"l_middle_tip": [
-0.3768022424916435,
0.4523745448657425,
-0.06428117388956654
],
"l_ring_mcp": [
0.0691097487312646,
0.17830753868490098,
-0.02060676404703308
],
"l_ring_pip": [
-0.38237056395614694,
0.29670909966042686,
-0.071138190649908
],
"l_ring_dip": [
-0.37367790303995135,
0.5056373542408972,
-0.049154088279413546
],
"l_ring_tip": [
-0.3187714578718569,
0.6133081290764515,
-0.036556897701794405
],
"l_pinky_mcp": [
0.08134355223312012,
0.41215093737151454,
-0.053087536289589045
],
"l_pinky_pip": [
-0.23834445152019937,
0.40487456508427627,
-0.11958852894081337
],
"l_pinky_dip": [
-0.3859744375185354,
0.3897879756877076,
-0.13034437852681424
],
"l_pinky_tip": [
-0.5066519962134856,
0.3561620670949036,
-0.12607821162601654
],
"r_hand_position": null,
"r_wrist": null,
"r_thumb_cmc": null,
"r_thumb_mcp": null,
"r_thumb_ip": null,
"r_thumb_tip": null,
"r_index_mcp": null,
"r_index_pip": null,
"r_index_dip": null,
"r_index_tip": null,
"r_middle_mcp": null,
"r_middle_pip": null,
"r_middle_dip": null,
"r_middle_tip": null,
"r_ring_mcp": null,
"r_ring_pip": null,
"r_ring_dip": null,
"r_ring_tip": null,
"r_pinky_mcp": null,
"r_pinky_pip": null,
"r_pinky_dip": null,
"r_pinky_tip": null,
"l_hand_velocity": null,
"r_hand_velocity": null,
"m_nose_point": null,
"m_top_nose": null,
"m_eyebrows": null,
"m_forehead": null,
"m_top_chin": null,
"m_bot_up_lip": null,
"m_top_low_lip": null,
"m_bot_nose": null,
"m_chin": null,
"m_nose": null,
"l_eye_exterior": null,
"l_temple": null,
"l_mid_chin": null,
"l_up_lip": null,
"l_ext_nostril": null,
"l_mid_cheek": null,
"l_mid_eyebrow": null,
"l_ext_eyebrow": null,
"l_ext_lips": null,
"l_jaw_angle": null,
"l_mid_ext_face": null,
"l_int_eyebrow": null,
"l_mid_jaw": null,
"l_mid_bot_eyelid": null,
"l_ext_mouth": null,
"l_top_eyelid": null,
"l_eye_int": null,
"l_pupil": null,
"r_eye_exterior": null,
"r_temple": null,
"r_mid_chin": null,
"r_up_lip": null,
"r_ext_nostril": null,
"r_mid_cheek": null,
"r_mid_eyebrow": null,
"r_ext_eyebrow": null,
"r_ext_lips": null,
"r_jaw_angle": null,
"r_mid_ext_face": null,
"r_int_eyebrow": null,
"r_mid_jaw": null,
"r_mid_bot_eyelid": null,
"r_ext_mouth": null,
"r_top_eyelid": null,
"r_eye_int": null,
"r_pupil": null,
"l_shoulder": null,
"l_elbow": null,
"l_hip": null,
"l_knee": null,
"l_ankle": null,
"l_body_wrist": null,
"r_shoulder": null,
"r_elbow": null,
"r_hip": null,
"r_knee": null,
"r_ankle": null,
"r_body_wrist": null,
"m_face_position": null,
"m_body_position": null,
"m_face_scale": null,
"m_body_scale": null,
"l_hand_scale": [
0.14157426736669473,
0.14157426736669473,
0.14157426736669473
],
"r_hand_scale": null
}
],
"framerate": 30,
"mirrorable": true,
"invalid": false
}