{
"label": "j",
"gestures": [
{
"l_hand_position": null,
"l_wrist": null,
"l_thumb_cmc": null,
"l_thumb_mcp": null,
"l_thumb_ip": null,
"l_thumb_tip": null,
"l_index_mcp": null,
"l_index_pip": null,
"l_index_dip": null,
"l_index_tip": null,
"l_middle_mcp": null,
"l_middle_pip": null,
"l_middle_dip": null,
"l_middle_tip": null,
"l_ring_mcp": null,
"l_ring_pip": null,
"l_ring_dip": null,
"l_ring_tip": null,
"l_pinky_mcp": null,
"l_pinky_pip": null,
"l_pinky_dip": null,
"l_pinky_tip": null,
"r_hand_position": [
-0.22596919536590576,
0.09790533781051636,
0.494302723556757
],
"r_wrist": [
-0.27306992962463594,
0.9598789226298089,
0.0637594496983298
],
"r_thumb_cmc": [
0.11299728270822615,
0.808597554622148,
0.1314014642893949
],
"r_thumb_mcp": [
0.3794797563007829,
0.3534967913075049,
0.1350024785195676
],
"r_thumb_ip": [
0.46828434659472057,
-0.07464115961500192,
0.16060509292467298
],
"r_thumb_tip": [
0.5789764199016845,
-0.3814974815434965,
0.16907667285707764
],
"r_index_mcp": [
0.19062734374888085,
0.04537180378838512,
-0.014265317465985203
],
"r_index_pip": [
0.2589185052446651,
-0.2730806018903825,
0.11659618124509166
],
"r_index_dip": [
0.2631280470650834,
0.016295215761816008,
0.18886803533154473
],
"r_index_tip": [
0.2575151022989892,
0.2648969751125798,
0.20244287596356805
],
"r_middle_mcp": [
-0.0,
0.0,
-0.0
],
"r_middle_pip": [
0.0670865294996385,
-0.2900735170253815,
0.18344547169669354
],
"r_middle_dip": [
0.10805268858451177,
0.06671099914868057,
0.27237887957327556
],
"r_middle_tip": [
0.12185526327789117,
0.3500102954914176,
0.2744824206716116
],
"r_ring_mcp": [
-0.18596756571727843,
-0.029013888465307933,
0.04112068807337386
],
"r_ring_pip": [
-0.12442527827299052,
-0.3571673837077208,
0.20873193586225816
],
"r_ring_dip": [
-0.05083800490046381,
-0.014689039766955061,
0.23041813619133536
],
"r_ring_tip": [
-0.01696556745402334,
0.2761235316613774,
0.17799903095166128
],
"r_pinky_mcp": [
-0.374322383878746,
-0.04870088368471028,
0.08813420733532681
],
"r_pinky_pip": [
-0.30797357474884013,
-0.4493724246751639,
0.17195160824177447
],
"r_pinky_dip": [
-0.22871465914861297,
-0.7002440415469043,
0.19138870151970064
],
"r_pinky_tip": [
-0.16606779219955356,
-0.9256149464337906,
0.17357607508271478
],
"l_hand_velocity": null,
"r_hand_velocity": null,
"m_nose_point": null,
"m_top_nose": null,
"m_eyebrows": null,
"m_forehead": null,
"m_top_chin": null,
"m_bot_up_lip": null,
"m_top_low_lip": null,
"m_bot_nose": null,
"m_chin": null,
"m_nose": null,
"l_eye_exterior": null,
"l_temple": null,
"l_mid_chin": null,
"l_up_lip": null,
"l_ext_nostril": null,
"l_mid_cheek": null,
"l_mid_eyebrow": null,
"l_ext_eyebrow": null,
"l_ext_lips": null,
"l_jaw_angle": null,
"l_mid_ext_face": null,
"l_int_eyebrow": null,
"l_mid_jaw": null,
"l_mid_bot_eyelid": null,
"l_ext_mouth": null,
"l_top_eyelid": null,
"l_eye_int": null,
"l_pupil": null,
"r_eye_exterior": null,
"r_temple": null,
"r_mid_chin": null,
"r_up_lip": null,
"r_ext_nostril": null,
"r_mid_cheek": null,
"r_mid_eyebrow": null,
"r_ext_eyebrow": null,
"r_ext_lips": null,
"r_jaw_angle": null,
"r_mid_ext_face": null,
"r_int_eyebrow": null,
"r_mid_jaw": null,
"r_mid_bot_eyelid": null,
"r_ext_mouth": null,
"r_top_eyelid": null,
"r_eye_int": null,
"r_pupil": null,
"l_shoulder": null,
"l_elbow": null,
"l_hip": null,
"l_knee": null,
"l_ankle": null,
"l_body_wrist": null,
"r_shoulder": null,
"r_elbow": null,
"r_hip": null,
"r_knee": null,
"r_ankle": null,
"r_body_wrist": null,
"m_face_position": null,
"m_body_position": null,
"m_face_scale": null,
"m_body_scale": null,
"l_hand_scale": null,
"r_hand_scale": [
-0.08936006083914008,
0.08936006083914008,
-0.08936006083914008
]
}
],
"framerate": 30,
"mirrorable": true,
"invalid": false
}