{
"label": "j",
"gestures": [
{
"l_hand_position": null,
"l_wrist": null,
"l_thumb_cmc": null,
"l_thumb_mcp": null,
"l_thumb_ip": null,
"l_thumb_tip": null,
"l_index_mcp": null,
"l_index_pip": null,
"l_index_dip": null,
"l_index_tip": null,
"l_middle_mcp": null,
"l_middle_pip": null,
"l_middle_dip": null,
"l_middle_tip": null,
"l_ring_mcp": null,
"l_ring_pip": null,
"l_ring_dip": null,
"l_ring_tip": null,
"l_pinky_mcp": null,
"l_pinky_pip": null,
"l_pinky_dip": null,
"l_pinky_tip": null,
"r_hand_position": [
-0.19176918268203735,
0.025515079498291016,
0.5017918309895322
],
"r_wrist": [
0.02320511447030243,
0.9995749407486424,
-0.017648243248783606
],
"r_thumb_cmc": [
0.3365895365809402,
0.66170304871103,
0.05192242459583137
],
"r_thumb_mcp": [
0.5642769149130912,
0.17983860961643305,
0.08501334403458846
],
"r_thumb_ip": [
0.71877373812386,
-0.16184864220023415,
0.13461063582849023
],
"r_thumb_tip": [
0.863335829499971,
-0.37152432822978654,
0.16450766668950728
],
"r_index_mcp": [
0.211797678987617,
-0.0792365322904998,
-0.024107767215718105
],
"r_index_pip": [
0.18146504030094857,
-0.40195766470071287,
0.12397845073628354
],
"r_index_dip": [
0.24367572040412114,
-0.12310788531780319,
0.2030460555211765
],
"r_index_tip": [
0.2937674368508315,
0.1276119827116366,
0.22364480748005416
],
"r_middle_mcp": [
-0.0,
0.0,
-0.0
],
"r_middle_pip": [
-0.013724843772761806,
-0.29451166099979303,
0.198753573933802
],
"r_middle_dip": [
0.10224025119228641,
0.02750077038651742,
0.28037266937811106
],
"r_middle_tip": [
0.18026077700349682,
0.2898458012761459,
0.28309701416956107
],
"r_ring_mcp": [
-0.1943461364586747,
0.10102424471299702,
0.04633638107005448
],
"r_ring_pip": [
-0.20555911363636165,
-0.1295707454421578,
0.23067469814867303
],
"r_ring_dip": [
-0.05830313634669215,
0.16451669311374986,
0.24266995472396413
],
"r_ring_tip": [
0.05036063531079273,
0.3983316637287903,
0.18773621247732014
],
"r_pinky_mcp": [
-0.3747683822124393,
0.22054869809303912,
0.09600287048037073
],
"r_pinky_pip": [
-0.4608764373552442,
-0.1299846926019352,
0.18376615462627582
],
"r_pinky_dip": [
-0.5000276184429013,
-0.36625163958467843,
0.19054945682502553
],
"r_pinky_tip": [
-0.5256688559854257,
-0.5989363289478443,
0.1687218542817235
],
"l_hand_velocity": null,
"r_hand_velocity": null,
"m_nose_point": null,
"m_top_nose": null,
"m_eyebrows": null,
"m_forehead": null,
"m_top_chin": null,
"m_bot_up_lip": null,
"m_top_low_lip": null,
"m_bot_nose": null,
"m_chin": null,
"m_nose": null,
"l_eye_exterior": null,
"l_temple": null,
"l_mid_chin": null,
"l_up_lip": null,
"l_ext_nostril": null,
"l_mid_cheek": null,
"l_mid_eyebrow": null,
"l_ext_eyebrow": null,
"l_ext_lips": null,
"l_jaw_angle": null,
"l_mid_ext_face": null,
"l_int_eyebrow": null,
"l_mid_jaw": null,
"l_mid_bot_eyelid": null,
"l_ext_mouth": null,
"l_top_eyelid": null,
"l_eye_int": null,
"l_pupil": null,
"r_eye_exterior": null,
"r_temple": null,
"r_mid_chin": null,
"r_up_lip": null,
"r_ext_nostril": null,
"r_mid_cheek": null,
"r_mid_eyebrow": null,
"r_ext_eyebrow": null,
"r_ext_lips": null,
"r_jaw_angle": null,
"r_mid_ext_face": null,
"r_int_eyebrow": null,
"r_mid_jaw": null,
"r_mid_bot_eyelid": null,
"r_ext_mouth": null,
"r_top_eyelid": null,
"r_eye_int": null,
"r_pupil": null,
"l_shoulder": null,
"l_elbow": null,
"l_hip": null,
"l_knee": null,
"l_ankle": null,
"l_body_wrist": null,
"r_shoulder": null,
"r_elbow": null,
"r_hip": null,
"r_knee": null,
"r_ankle": null,
"r_body_wrist": null,
"m_face_position": null,
"m_body_position": null,
"m_face_scale": null,
"m_body_scale": null,
"l_hand_scale": null,
"r_hand_scale": [
-0.10151361973167254,
0.10151361973167254,
-0.10151361973167254
]
}
],
"framerate": 30,
"mirrorable": true,
"invalid": false
}