{
"label": "j",
"gestures": [
{
"l_hand_position": null,
"l_wrist": null,
"l_thumb_cmc": null,
"l_thumb_mcp": null,
"l_thumb_ip": null,
"l_thumb_tip": null,
"l_index_mcp": null,
"l_index_pip": null,
"l_index_dip": null,
"l_index_tip": null,
"l_middle_mcp": null,
"l_middle_pip": null,
"l_middle_dip": null,
"l_middle_tip": null,
"l_ring_mcp": null,
"l_ring_pip": null,
"l_ring_dip": null,
"l_ring_tip": null,
"l_pinky_mcp": null,
"l_pinky_pip": null,
"l_pinky_dip": null,
"l_pinky_tip": null,
"r_hand_position": [
-0.18317699432373047,
0.030931591987609863,
0.5009285074193031
],
"r_wrist": [
0.03589517463980123,
0.9993139816059212,
-0.009116062993339757
],
"r_thumb_cmc": [
0.34869974546081867,
0.6637867665561533,
0.06606443225395836
],
"r_thumb_mcp": [
0.5705007583709522,
0.18657143097664128,
0.10271233637607798
],
"r_thumb_ip": [
0.7243340432611117,
-0.14761933011665931,
0.15622621680340232
],
"r_thumb_tip": [
0.8756214506844835,
-0.3459396138774881,
0.1898331238183859
],
"r_index_mcp": [
0.21705698187061903,
-0.08675535538697514,
-0.021876463263894887
],
"r_index_pip": [
0.1784970948305377,
-0.3701462312904895,
0.1276901917757021
],
"r_index_dip": [
0.243050806436093,
-0.07122837126899857,
0.20759301926365123
],
"r_index_tip": [
0.2986234069596849,
0.17430509010768933,
0.2262591408381254
],
"r_middle_mcp": [
-0.0,
0.0,
-0.0
],
"r_middle_pip": [
-0.016727626721881342,
-0.26697994720635876,
0.1998604067255581
],
"r_middle_dip": [
0.09744464546366992,
0.07565511889002627,
0.28424627110337053
],
"r_middle_tip": [
0.18293320875174213,
0.3435465241823332,
0.2852497640646881
],
"r_ring_mcp": [
-0.2006519071110739,
0.09922658407229308,
0.045022933718989695
],
"r_ring_pip": [
-0.21755281038622476,
-0.0990193546808829,
0.23103101466839962
],
"r_ring_dip": [
-0.0713144241518723,
0.20450613963379888,
0.2497859331590024
],
"r_ring_tip": [
0.048619878823651964,
0.4364578803604651,
0.1955236268081811
],
"r_pinky_mcp": [
-0.38768872612774646,
0.21132480616245938,
0.09331459872502286
],
"r_pinky_pip": [
-0.4639333365351458,
-0.13130264981503206,
0.17495391448411649
],
"r_pinky_dip": [
-0.5107068834364595,
-0.3477373581176595,
0.1784111402755223
],
"r_pinky_tip": [
-0.5392869776382335,
-0.5609837193007514,
0.15218067028214557
],
"l_hand_velocity": null,
"r_hand_velocity": null,
"m_nose_point": null,
"m_top_nose": null,
"m_eyebrows": null,
"m_forehead": null,
"m_top_chin": null,
"m_bot_up_lip": null,
"m_top_low_lip": null,
"m_bot_nose": null,
"m_chin": null,
"m_nose": null,
"l_eye_exterior": null,
"l_temple": null,
"l_mid_chin": null,
"l_up_lip": null,
"l_ext_nostril": null,
"l_mid_cheek": null,
"l_mid_eyebrow": null,
"l_ext_eyebrow": null,
"l_ext_lips": null,
"l_jaw_angle": null,
"l_mid_ext_face": null,
"l_int_eyebrow": null,
"l_mid_jaw": null,
"l_mid_bot_eyelid": null,
"l_ext_mouth": null,
"l_top_eyelid": null,
"l_eye_int": null,
"l_pupil": null,
"r_eye_exterior": null,
"r_temple": null,
"r_mid_chin": null,
"r_up_lip": null,
"r_ext_nostril": null,
"r_mid_cheek": null,
"r_mid_eyebrow": null,
"r_ext_eyebrow": null,
"r_ext_lips": null,
"r_jaw_angle": null,
"r_mid_ext_face": null,
"r_int_eyebrow": null,
"r_mid_jaw": null,
"r_mid_bot_eyelid": null,
"r_ext_mouth": null,
"r_top_eyelid": null,
"r_eye_int": null,
"r_pupil": null,
"l_shoulder": null,
"l_elbow": null,
"l_hip": null,
"l_knee": null,
"l_ankle": null,
"l_body_wrist": null,
"r_shoulder": null,
"r_elbow": null,
"r_hip": null,
"r_knee": null,
"r_ankle": null,
"r_body_wrist": null,
"m_face_position": null,
"m_body_position": null,
"m_face_scale": null,
"m_body_scale": null,
"l_hand_scale": null,
"r_hand_scale": [
-0.10181974722264901,
0.10181974722264901,
-0.10181974722264901
]
}
],
"framerate": 30,
"mirrorable": true,
"invalid": false
}