{
"label": "j",
"gestures": [
{
"l_hand_position": null,
"l_wrist": null,
"l_thumb_cmc": null,
"l_thumb_mcp": null,
"l_thumb_ip": null,
"l_thumb_tip": null,
"l_index_mcp": null,
"l_index_pip": null,
"l_index_dip": null,
"l_index_tip": null,
"l_middle_mcp": null,
"l_middle_pip": null,
"l_middle_dip": null,
"l_middle_tip": null,
"l_ring_mcp": null,
"l_ring_pip": null,
"l_ring_dip": null,
"l_ring_tip": null,
"l_pinky_mcp": null,
"l_pinky_pip": null,
"l_pinky_dip": null,
"l_pinky_tip": null,
"r_hand_position": [
-0.17263638973236084,
0.03135037422180176,
0.4930668887682259
],
"r_wrist": [
-0.43881996585070476,
0.8952664817015099,
0.07703871956741307
],
"r_thumb_cmc": [
-0.009385815014143246,
0.870003194972078,
0.14733913376103944
],
"r_thumb_mcp": [
0.3769406093709235,
0.5837384861558697,
0.16158459014173007
],
"r_thumb_ip": [
0.5904712123366331,
0.28782371308824434,
0.20431159424778483
],
"r_thumb_tip": [
0.7573780507538902,
0.03502991204791693,
0.22680552082373953
],
"r_index_mcp": [
0.20441234858279092,
0.10416387039510754,
-0.02450435145428018
],
"r_index_pip": [
0.3440147570393439,
-0.11037074721648422,
0.13228670619669838
],
"r_index_dip": [
0.2823599130694268,
0.18389826305759427,
0.22912055772716713
],
"r_index_tip": [
0.22179186859416172,
0.45535905407736293,
0.2531129107620703
],
"r_middle_mcp": [
-0.0,
0.0,
-0.0
],
"r_middle_pip": [
0.15505403490976893,
-0.19982606796093502,
0.21397198590908587
],
"r_middle_dip": [
0.09630593254986271,
0.1664492037732567,
0.319441725204903
],
"r_middle_tip": [
0.03468022884671261,
0.4915698092081346,
0.3208791806227324
],
"r_ring_mcp": [
-0.20513158334890436,
-0.07569051836977161,
0.055339230543194354
],
"r_ring_pip": [
-0.07066580918882999,
-0.20501833367578706,
0.25915692908970434
],
"r_ring_dip": [
-0.12290238648388604,
0.18181605854133218,
0.2938768946638265
],
"r_ring_tip": [
-0.17196797293165747,
0.5064406171623804,
0.2337202184502055
],
"r_pinky_mcp": [
-0.42092254382542904,
-0.13330612399850475,
0.11568650981651538
],
"r_pinky_pip": [
-0.245700795197717,
-0.38762945790470593,
0.21197138655749875
],
"r_pinky_dip": [
-0.09198986167439195,
-0.48908725716322093,
0.2243278944773277
],
"r_pinky_tip": [
0.05898519816678338,
-0.544160043377136,
0.19273822064921362
],
"l_hand_velocity": null,
"r_hand_velocity": null,
"m_nose_point": null,
"m_top_nose": null,
"m_eyebrows": null,
"m_forehead": null,
"m_top_chin": null,
"m_bot_up_lip": null,
"m_top_low_lip": null,
"m_bot_nose": null,
"m_chin": null,
"m_nose": null,
"l_eye_exterior": null,
"l_temple": null,
"l_mid_chin": null,
"l_up_lip": null,
"l_ext_nostril": null,
"l_mid_cheek": null,
"l_mid_eyebrow": null,
"l_ext_eyebrow": null,
"l_ext_lips": null,
"l_jaw_angle": null,
"l_mid_ext_face": null,
"l_int_eyebrow": null,
"l_mid_jaw": null,
"l_mid_bot_eyelid": null,
"l_ext_mouth": null,
"l_top_eyelid": null,
"l_eye_int": null,
"l_pupil": null,
"r_eye_exterior": null,
"r_temple": null,
"r_mid_chin": null,
"r_up_lip": null,
"r_ext_nostril": null,
"r_mid_cheek": null,
"r_mid_eyebrow": null,
"r_ext_eyebrow": null,
"r_ext_lips": null,
"r_jaw_angle": null,
"r_mid_ext_face": null,
"r_int_eyebrow": null,
"r_mid_jaw": null,
"r_mid_bot_eyelid": null,
"r_ext_mouth": null,
"r_top_eyelid": null,
"r_eye_int": null,
"r_pupil": null,
"l_shoulder": null,
"l_elbow": null,
"l_hip": null,
"l_knee": null,
"l_ankle": null,
"l_body_wrist": null,
"r_shoulder": null,
"r_elbow": null,
"r_hip": null,
"r_knee": null,
"r_ankle": null,
"r_body_wrist": null,
"m_face_position": null,
"m_body_position": null,
"m_face_scale": null,
"m_body_scale": null,
"l_hand_scale": null,
"r_hand_scale": [
-0.08999932605575044,
0.08999932605575044,
-0.08999932605575044
]
}
],
"framerate": 30,
"mirrorable": true,
"invalid": false
}