{
"label": "j",
"gestures": [
{
"l_hand_position": null,
"l_wrist": null,
"l_thumb_cmc": null,
"l_thumb_mcp": null,
"l_thumb_ip": null,
"l_thumb_tip": null,
"l_index_mcp": null,
"l_index_pip": null,
"l_index_dip": null,
"l_index_tip": null,
"l_middle_mcp": null,
"l_middle_pip": null,
"l_middle_dip": null,
"l_middle_tip": null,
"l_ring_mcp": null,
"l_ring_pip": null,
"l_ring_dip": null,
"l_ring_tip": null,
"l_pinky_mcp": null,
"l_pinky_pip": null,
"l_pinky_dip": null,
"l_pinky_tip": null,
"r_hand_position": [
-0.2039068341255188,
-0.0008172094821929932,
0.49569707177579403
],
"r_wrist": [
-0.01130406922972047,
0.9990503746511981,
0.04207810509220343
],
"r_thumb_cmc": [
0.3178398862278738,
0.6607739901778528,
0.08401248946124
],
"r_thumb_mcp": [
0.4401219975354651,
0.14326851361690604,
0.08806924313439789
],
"r_thumb_ip": [
0.38508146741028426,
-0.26189363176224517,
0.1161602895638649
],
"r_thumb_tip": [
0.24938134724439834,
-0.5145009662810185,
0.12685339829432807
],
"r_index_mcp": [
0.20451885068243525,
-0.07839965044605487,
-0.033136683044009824
],
"r_index_pip": [
0.17168663475829948,
-0.37762614379327114,
0.09974607125954157
],
"r_index_dip": [
0.2387574455213076,
-0.1324878294951149,
0.17082533331172134
],
"r_index_tip": [
0.2921893532657703,
0.11816059929119695,
0.18198044287046464
],
"r_middle_mcp": [
-0.0,
0.0,
-0.0
],
"r_middle_pip": [
-0.032409078297903404,
-0.2527935500443673,
0.18229216809743465
],
"r_middle_dip": [
0.08309233997444333,
0.05455823482806335,
0.2635021812886888
],
"r_middle_tip": [
0.16619167395923762,
0.3224585558133814,
0.261971221564576
],
"r_ring_mcp": [
-0.1969262696122848,
0.10517913324564067,
0.057914354635200276
],
"r_ring_pip": [
-0.2223879642949127,
-0.06857627149104978,
0.24515900491211115
],
"r_ring_dip": [
-0.06392059193410175,
0.22161891457340632,
0.2755225537451856
],
"r_ring_tip": [
0.051238702665244426,
0.4673045101815243,
0.22631517396124476
],
"r_pinky_mcp": [
-0.3879647481774628,
0.2191208872097259,
0.11733772392101963
],
"r_pinky_pip": [
-0.4918158937077171,
-0.14452685264588086,
0.21393967334375114
],
"r_pinky_dip": [
-0.5468255336205146,
-0.39614395186579904,
0.23375166474830245
],
"r_pinky_tip": [
-0.5950294186276432,
-0.6240976913145769,
0.21673144914217138
],
"l_hand_velocity": null,
"r_hand_velocity": null,
"m_nose_point": null,
"m_top_nose": null,
"m_eyebrows": null,
"m_forehead": null,
"m_top_chin": null,
"m_bot_up_lip": null,
"m_top_low_lip": null,
"m_bot_nose": null,
"m_chin": null,
"m_nose": null,
"l_eye_exterior": null,
"l_temple": null,
"l_mid_chin": null,
"l_up_lip": null,
"l_ext_nostril": null,
"l_mid_cheek": null,
"l_mid_eyebrow": null,
"l_ext_eyebrow": null,
"l_ext_lips": null,
"l_jaw_angle": null,
"l_mid_ext_face": null,
"l_int_eyebrow": null,
"l_mid_jaw": null,
"l_mid_bot_eyelid": null,
"l_ext_mouth": null,
"l_top_eyelid": null,
"l_eye_int": null,
"l_pupil": null,
"r_eye_exterior": null,
"r_temple": null,
"r_mid_chin": null,
"r_up_lip": null,
"r_ext_nostril": null,
"r_mid_cheek": null,
"r_mid_eyebrow": null,
"r_ext_eyebrow": null,
"r_ext_lips": null,
"r_jaw_angle": null,
"r_mid_ext_face": null,
"r_int_eyebrow": null,
"r_mid_jaw": null,
"r_mid_bot_eyelid": null,
"r_ext_mouth": null,
"r_top_eyelid": null,
"r_eye_int": null,
"r_pupil": null,
"l_shoulder": null,
"l_elbow": null,
"l_hip": null,
"l_knee": null,
"l_ankle": null,
"l_body_wrist": null,
"r_shoulder": null,
"r_elbow": null,
"r_hip": null,
"r_knee": null,
"r_ankle": null,
"r_body_wrist": null,
"m_face_position": null,
"m_body_position": null,
"m_face_scale": null,
"m_body_scale": null,
"l_hand_scale": null,
"r_hand_scale": [
-0.10226689716118165,
0.10226689716118165,
-0.10226689716118165
]
}
],
"framerate": 30,
"mirrorable": true,
"invalid": false
}