{
"label": "j",
"gestures": [
{
"l_hand_position": null,
"l_wrist": null,
"l_thumb_cmc": null,
"l_thumb_mcp": null,
"l_thumb_ip": null,
"l_thumb_tip": null,
"l_index_mcp": null,
"l_index_pip": null,
"l_index_dip": null,
"l_index_tip": null,
"l_middle_mcp": null,
"l_middle_pip": null,
"l_middle_dip": null,
"l_middle_tip": null,
"l_ring_mcp": null,
"l_ring_pip": null,
"l_ring_dip": null,
"l_ring_tip": null,
"l_pinky_mcp": null,
"l_pinky_pip": null,
"l_pinky_dip": null,
"l_pinky_tip": null,
"r_hand_position": [
-0.17506462335586548,
0.02356398105621338,
0.4978377362713218
],
"r_wrist": [
-0.305298328785165,
0.9519498198297569,
0.02417583436158336
],
"r_thumb_cmc": [
0.09805283511808745,
0.8582688223435724,
0.09101865285834028
],
"r_thumb_mcp": [
0.42961350753778804,
0.49668633244096,
0.10745010377271666
],
"r_thumb_ip": [
0.5765441670443789,
0.15461552513816174,
0.14760351420385356
],
"r_thumb_tip": [
0.6560714984523364,
-0.14448520239500987,
0.17114052873848887
],
"r_index_mcp": [
0.2086967758439232,
0.06303215680381838,
-0.029841417127954472
],
"r_index_pip": [
0.3074539292636295,
-0.16736921699529037,
0.11349482230916826
],
"r_index_dip": [
0.3042115329952498,
0.12811729817460715,
0.19587845970081202
],
"r_index_tip": [
0.2871146560009861,
0.4015720438792956,
0.2149704540505927
],
"r_middle_mcp": [
-0.0,
0.0,
-0.0
],
"r_middle_pip": [
0.11920970398724583,
-0.23338789662584075,
0.1997292009071587
],
"r_middle_dip": [
0.13553362995986534,
0.14455383511503517,
0.2954417560583398
],
"r_middle_tip": [
0.12305580165701316,
0.4701834411177921,
0.29818712732845376
],
"r_ring_mcp": [
-0.21606579769596007,
-0.02879509090459546,
0.05507481656675275
],
"r_ring_pip": [
-0.10565107692826707,
-0.19780549614670442,
0.2482731487686945
],
"r_ring_dip": [
-0.06986544363740534,
0.1859686841221468,
0.27807757377676884
],
"r_ring_tip": [
-0.0664338076361403,
0.49844213066685,
0.22275970555154662
],
"r_pinky_mcp": [
-0.4390861555754547,
-0.042430346728651015,
0.114486633829546
],
"r_pinky_pip": [
-0.33692601864925126,
-0.4181328526865656,
0.21565082586312506
],
"r_pinky_dip": [
-0.23249233958007373,
-0.6551106403719821,
0.23499003127241438
],
"r_pinky_tip": [
-0.13368187919335747,
-0.8561432070340509,
0.21362853444825336
],
"l_hand_velocity": null,
"r_hand_velocity": null,
"m_nose_point": null,
"m_top_nose": null,
"m_eyebrows": null,
"m_forehead": null,
"m_top_chin": null,
"m_bot_up_lip": null,
"m_top_low_lip": null,
"m_bot_nose": null,
"m_chin": null,
"m_nose": null,
"l_eye_exterior": null,
"l_temple": null,
"l_mid_chin": null,
"l_up_lip": null,
"l_ext_nostril": null,
"l_mid_cheek": null,
"l_mid_eyebrow": null,
"l_ext_eyebrow": null,
"l_ext_lips": null,
"l_jaw_angle": null,
"l_mid_ext_face": null,
"l_int_eyebrow": null,
"l_mid_jaw": null,
"l_mid_bot_eyelid": null,
"l_ext_mouth": null,
"l_top_eyelid": null,
"l_eye_int": null,
"l_pupil": null,
"r_eye_exterior": null,
"r_temple": null,
"r_mid_chin": null,
"r_up_lip": null,
"r_ext_nostril": null,
"r_mid_cheek": null,
"r_mid_eyebrow": null,
"r_ext_eyebrow": null,
"r_ext_lips": null,
"r_jaw_angle": null,
"r_mid_ext_face": null,
"r_int_eyebrow": null,
"r_mid_jaw": null,
"r_mid_bot_eyelid": null,
"r_ext_mouth": null,
"r_top_eyelid": null,
"r_eye_int": null,
"r_pupil": null,
"l_shoulder": null,
"l_elbow": null,
"l_hip": null,
"l_knee": null,
"l_ankle": null,
"l_body_wrist": null,
"r_shoulder": null,
"r_elbow": null,
"r_hip": null,
"r_knee": null,
"r_ankle": null,
"r_body_wrist": null,
"m_face_position": null,
"m_body_position": null,
"m_face_scale": null,
"m_body_scale": null,
"l_hand_scale": null,
"r_hand_scale": [
-0.08945118901891229,
0.08945118901891229,
-0.08945118901891229
]
}
],
"framerate": 30,
"mirrorable": true,
"invalid": false
}