{
"label": "j",
"gestures": [
{
"l_hand_position": null,
"l_wrist": null,
"l_thumb_cmc": null,
"l_thumb_mcp": null,
"l_thumb_ip": null,
"l_thumb_tip": null,
"l_index_mcp": null,
"l_index_pip": null,
"l_index_dip": null,
"l_index_tip": null,
"l_middle_mcp": null,
"l_middle_pip": null,
"l_middle_dip": null,
"l_middle_tip": null,
"l_ring_mcp": null,
"l_ring_pip": null,
"l_ring_dip": null,
"l_ring_tip": null,
"l_pinky_mcp": null,
"l_pinky_pip": null,
"l_pinky_dip": null,
"l_pinky_tip": null,
"r_hand_position": [
-0.21922194957733154,
0.09730851650238037,
0.4945187936536968
],
"r_wrist": [
-0.16371661523842349,
0.9846631699338587,
0.0602935458459604
],
"r_thumb_cmc": [
0.07025988925521845,
0.7817410028234778,
0.09226733708014029
],
"r_thumb_mcp": [
0.24299312581295682,
0.2793539805348737,
0.0805072759733926
],
"r_thumb_ip": [
0.28402783303144874,
-0.11571669425592361,
0.09723935695677097
],
"r_thumb_tip": [
0.35666562423716197,
-0.39368012336068997,
0.09886513964932499
],
"r_index_mcp": [
0.12767110952069405,
0.011264712245216935,
-0.02742724505331126
],
"r_index_pip": [
0.2169286455416936,
-0.22926134848924196,
0.10305391153924424
],
"r_index_dip": [
0.25725988190469035,
0.08915001577840757,
0.16771002010218106
],
"r_index_tip": [
0.2626942434342331,
0.35045436339376856,
0.16957938285650645
],
"r_middle_mcp": [
-0.0,
0.0,
-0.0
],
"r_middle_pip": [
0.13263146412710258,
-0.23441773085501028,
0.17359804411871205
],
"r_middle_dip": [
0.17898907896513333,
0.12912787768556844,
0.23231070390591968
],
"r_middle_tip": [
0.18515248018834857,
0.40532443451115546,
0.211062487184253
],
"r_ring_mcp": [
-0.15273381582439285,
0.01537408346818398,
0.05180639789401441
],
"r_ring_pip": [
-0.009923331657758324,
-0.24201888751727574,
0.21893742300081662
],
"r_ring_dip": [
0.040103083653106435,
0.09779162747112113,
0.22215957807566536
],
"r_ring_tip": [
0.0379710359158555,
0.38039743973316725,
0.15092428271725292
],
"r_pinky_mcp": [
-0.31087904678509237,
0.028426647552110412,
0.10631469645734894
],
"r_pinky_pip": [
-0.17618765215662371,
-0.365798288745128,
0.1925212277896569
],
"r_pinky_dip": [
-0.05153432115209389,
-0.612826701711461,
0.20472923143146288
],
"r_pinky_tip": [
0.03882136368806167,
-0.8133290077522868,
0.176723394097096
],
"l_hand_velocity": null,
"r_hand_velocity": null,
"m_nose_point": null,
"m_top_nose": null,
"m_eyebrows": null,
"m_forehead": null,
"m_top_chin": null,
"m_bot_up_lip": null,
"m_top_low_lip": null,
"m_bot_nose": null,
"m_chin": null,
"m_nose": null,
"l_eye_exterior": null,
"l_temple": null,
"l_mid_chin": null,
"l_up_lip": null,
"l_ext_nostril": null,
"l_mid_cheek": null,
"l_mid_eyebrow": null,
"l_ext_eyebrow": null,
"l_ext_lips": null,
"l_jaw_angle": null,
"l_mid_ext_face": null,
"l_int_eyebrow": null,
"l_mid_jaw": null,
"l_mid_bot_eyelid": null,
"l_ext_mouth": null,
"l_top_eyelid": null,
"l_eye_int": null,
"l_pupil": null,
"r_eye_exterior": null,
"r_temple": null,
"r_mid_chin": null,
"r_up_lip": null,
"r_ext_nostril": null,
"r_mid_cheek": null,
"r_mid_eyebrow": null,
"r_ext_eyebrow": null,
"r_ext_lips": null,
"r_jaw_angle": null,
"r_mid_ext_face": null,
"r_int_eyebrow": null,
"r_mid_jaw": null,
"r_mid_bot_eyelid": null,
"r_ext_mouth": null,
"r_top_eyelid": null,
"r_eye_int": null,
"r_pupil": null,
"l_shoulder": null,
"l_elbow": null,
"l_hip": null,
"l_knee": null,
"l_ankle": null,
"l_body_wrist": null,
"r_shoulder": null,
"r_elbow": null,
"r_hip": null,
"r_knee": null,
"r_ankle": null,
"r_body_wrist": null,
"m_face_position": null,
"m_body_position": null,
"m_face_scale": null,
"m_body_scale": null,
"l_hand_scale": null,
"r_hand_scale": [
-0.09091461763398459,
0.09091461763398459,
-0.09091461763398459
]
}
],
"framerate": 30,
"mirrorable": true,
"invalid": false
}