{
"label": "j",
"gestures": [
{
"l_hand_position": null,
"l_wrist": null,
"l_thumb_cmc": null,
"l_thumb_mcp": null,
"l_thumb_ip": null,
"l_thumb_tip": null,
"l_index_mcp": null,
"l_index_pip": null,
"l_index_dip": null,
"l_index_tip": null,
"l_middle_mcp": null,
"l_middle_pip": null,
"l_middle_dip": null,
"l_middle_tip": null,
"l_ring_mcp": null,
"l_ring_pip": null,
"l_ring_dip": null,
"l_ring_tip": null,
"l_pinky_mcp": null,
"l_pinky_pip": null,
"l_pinky_dip": null,
"l_pinky_tip": null,
"r_hand_position": [
-0.23295634984970093,
-0.013300001621246338,
0.4974091271869838
],
"r_wrist": [
0.11754888913147486,
0.9927288590205705,
0.025916618831793418
],
"r_thumb_cmc": [
0.3809873374510292,
0.6297072851073909,
0.057476831398160455
],
"r_thumb_mcp": [
0.459797996071173,
0.10139216161219448,
0.057701819820236346
],
"r_thumb_ip": [
0.3863658587756403,
-0.2609217748799793,
0.08526201427642348
],
"r_thumb_tip": [
0.23144214838459512,
-0.45495363071052236,
0.10070905508772705
],
"r_index_mcp": [
0.18857255533950715,
-0.08955816277000955,
-0.03632112913120004
],
"r_index_pip": [
0.17465707709088465,
-0.34824435186332386,
0.10206795590815138
],
"r_index_dip": [
0.29055282505264696,
-0.12472303295993528,
0.17708842101546488
],
"r_index_tip": [
0.38659776354124364,
0.1151863220721273,
0.18559414494304843
],
"r_middle_mcp": [
-0.0,
0.0,
-0.0
],
"r_middle_pip": [
0.002624875791649595,
-0.23792952025939204,
0.17878882619468384
],
"r_middle_dip": [
0.16284006870067835,
0.03993262947761995,
0.2580470025146141
],
"r_middle_tip": [
0.280678689750105,
0.29844891405114776,
0.2522683672238346
],
"r_ring_mcp": [
-0.18805688021804975,
0.12334382556861542,
0.05823048928407873
],
"r_ring_pip": [
-0.16151302497771403,
-0.04658126160716165,
0.23666697784384338
],
"r_ring_dip": [
0.020224599416696003,
0.2194445046628263,
0.2683459363763855
],
"r_ring_tip": [
0.14401285943970044,
0.4573764095470575,
0.21717369442761017
],
"r_pinky_mcp": [
-0.372455149776696,
0.24861085106997252,
0.11720712861180883
],
"r_pinky_pip": [
-0.47273339351092153,
-0.1382805194045865,
0.2046726713062106
],
"r_pinky_dip": [
-0.5195543099144136,
-0.41677221009912335,
0.22313991399577238
],
"r_pinky_tip": [
-0.5573857868306734,
-0.6558430714221342,
0.20407604934939438
],
"l_hand_velocity": null,
"r_hand_velocity": null,
"m_nose_point": null,
"m_top_nose": null,
"m_eyebrows": null,
"m_forehead": null,
"m_top_chin": null,
"m_bot_up_lip": null,
"m_top_low_lip": null,
"m_bot_nose": null,
"m_chin": null,
"m_nose": null,
"l_eye_exterior": null,
"l_temple": null,
"l_mid_chin": null,
"l_up_lip": null,
"l_ext_nostril": null,
"l_mid_cheek": null,
"l_mid_eyebrow": null,
"l_ext_eyebrow": null,
"l_ext_lips": null,
"l_jaw_angle": null,
"l_mid_ext_face": null,
"l_int_eyebrow": null,
"l_mid_jaw": null,
"l_mid_bot_eyelid": null,
"l_ext_mouth": null,
"l_top_eyelid": null,
"l_eye_int": null,
"l_pupil": null,
"r_eye_exterior": null,
"r_temple": null,
"r_mid_chin": null,
"r_up_lip": null,
"r_ext_nostril": null,
"r_mid_cheek": null,
"r_mid_eyebrow": null,
"r_ext_eyebrow": null,
"r_ext_lips": null,
"r_jaw_angle": null,
"r_mid_ext_face": null,
"r_int_eyebrow": null,
"r_mid_jaw": null,
"r_mid_bot_eyelid": null,
"r_ext_mouth": null,
"r_top_eyelid": null,
"r_eye_int": null,
"r_pupil": null,
"l_shoulder": null,
"l_elbow": null,
"l_hip": null,
"l_knee": null,
"l_ankle": null,
"l_body_wrist": null,
"r_shoulder": null,
"r_elbow": null,
"r_hip": null,
"r_knee": null,
"r_ankle": null,
"r_body_wrist": null,
"m_face_position": null,
"m_body_position": null,
"m_face_scale": null,
"m_body_scale": null,
"l_hand_scale": null,
"r_hand_scale": [
-0.09998158837874603,
0.09998158837874603,
-0.09998158837874603
]
}
],
"framerate": 30,
"mirrorable": true,
"invalid": false
}