{
"label": "j",
"gestures": [
{
"l_hand_position": null,
"l_wrist": null,
"l_thumb_cmc": null,
"l_thumb_mcp": null,
"l_thumb_ip": null,
"l_thumb_tip": null,
"l_index_mcp": null,
"l_index_pip": null,
"l_index_dip": null,
"l_index_tip": null,
"l_middle_mcp": null,
"l_middle_pip": null,
"l_middle_dip": null,
"l_middle_tip": null,
"l_ring_mcp": null,
"l_ring_pip": null,
"l_ring_dip": null,
"l_ring_tip": null,
"l_pinky_mcp": null,
"l_pinky_pip": null,
"l_pinky_dip": null,
"l_pinky_tip": null,
"r_hand_position": [
-0.1715746521949768,
0.02949535846710205,
0.4965608105994761
],
"r_wrist": [
-0.41254663776458944,
0.9101377582534877,
0.03813833596853043
],
"r_thumb_cmc": [
0.0016476724131283377,
0.8864127295274277,
0.12371626364441046
],
"r_thumb_mcp": [
0.3688175573224622,
0.5675474710353865,
0.14701468946115995
],
"r_thumb_ip": [
0.5371709480591365,
0.23016060335541585,
0.19265796844777358
],
"r_thumb_tip": [
0.6207587641173663,
-0.08268433904710015,
0.2197837276861111
],
"r_index_mcp": [
0.20818502865163838,
0.100410862028454,
-0.021687062670847895
],
"r_index_pip": [
0.3144027297582093,
-0.09576856317975226,
0.13212641315610352
],
"r_index_dip": [
0.282305172299895,
0.1870580746371737,
0.22096824007787458
],
"r_index_tip": [
0.24521172403899852,
0.4492818676348258,
0.2424384178709364
],
"r_middle_mcp": [
-0.0,
0.0,
-0.0
],
"r_middle_pip": [
0.13028508615433207,
-0.1791561206173733,
0.20975644230940954
],
"r_middle_dip": [
0.09518298846734484,
0.19575048842677012,
0.3083318068529719
],
"r_middle_tip": [
0.04955310342828329,
0.5054507756581411,
0.30972448824608817
],
"r_ring_mcp": [
-0.21368454014367244,
-0.06273448273330999,
0.051521725856996936
],
"r_ring_pip": [
-0.10735183903714787,
-0.18734689647613764,
0.26202887853113593
],
"r_ring_dip": [
-0.12482126431745602,
0.20205566083801937,
0.29448733936574145
],
"r_ring_tip": [
-0.14776442522773967,
0.5155813503666975,
0.23425813410986898
],
"r_pinky_mcp": [
-0.43386724120426334,
-0.11131537351830736,
0.10808893988095968
],
"r_pinky_pip": [
-0.28521784471251294,
-0.4336127871813775,
0.21322767434823894
],
"r_pinky_dip": [
-0.16382543096838617,
-0.6104556894088795,
0.2263729922308664
],
"r_pinky_tip": [
-0.04494451147611967,
-0.7474497698133783,
0.19646760161793195
],
"l_hand_velocity": null,
"r_hand_velocity": null,
"m_nose_point": null,
"m_top_nose": null,
"m_eyebrows": null,
"m_forehead": null,
"m_top_chin": null,
"m_bot_up_lip": null,
"m_top_low_lip": null,
"m_bot_nose": null,
"m_chin": null,
"m_nose": null,
"l_eye_exterior": null,
"l_temple": null,
"l_mid_chin": null,
"l_up_lip": null,
"l_ext_nostril": null,
"l_mid_cheek": null,
"l_mid_eyebrow": null,
"l_ext_eyebrow": null,
"l_ext_lips": null,
"l_jaw_angle": null,
"l_mid_ext_face": null,
"l_int_eyebrow": null,
"l_mid_jaw": null,
"l_mid_bot_eyelid": null,
"l_ext_mouth": null,
"l_top_eyelid": null,
"l_eye_int": null,
"l_pupil": null,
"r_eye_exterior": null,
"r_temple": null,
"r_mid_chin": null,
"r_up_lip": null,
"r_ext_nostril": null,
"r_mid_cheek": null,
"r_mid_eyebrow": null,
"r_ext_eyebrow": null,
"r_ext_lips": null,
"r_jaw_angle": null,
"r_mid_ext_face": null,
"r_int_eyebrow": null,
"r_mid_jaw": null,
"r_mid_bot_eyelid": null,
"r_ext_mouth": null,
"r_top_eyelid": null,
"r_eye_int": null,
"r_pupil": null,
"l_shoulder": null,
"l_elbow": null,
"l_hip": null,
"l_knee": null,
"l_ankle": null,
"l_body_wrist": null,
"r_shoulder": null,
"r_elbow": null,
"r_hip": null,
"r_knee": null,
"r_ankle": null,
"r_body_wrist": null,
"m_face_position": null,
"m_body_position": null,
"m_face_scale": null,
"m_body_scale": null,
"l_hand_scale": null,
"r_hand_scale": [
-0.09018441908784618,
0.09018441908784618,
-0.09018441908784618
]
}
],
"framerate": 30,
"mirrorable": true,
"invalid": false
}