{
"label": "j",
"gestures": [
{
"l_hand_position": null,
"l_wrist": null,
"l_thumb_cmc": null,
"l_thumb_mcp": null,
"l_thumb_ip": null,
"l_thumb_tip": null,
"l_index_mcp": null,
"l_index_pip": null,
"l_index_dip": null,
"l_index_tip": null,
"l_middle_mcp": null,
"l_middle_pip": null,
"l_middle_dip": null,
"l_middle_tip": null,
"l_ring_mcp": null,
"l_ring_pip": null,
"l_ring_dip": null,
"l_ring_tip": null,
"l_pinky_mcp": null,
"l_pinky_pip": null,
"l_pinky_dip": null,
"l_pinky_tip": null,
"r_hand_position": [
-0.1450366973876953,
0.016925692558288574,
0.4999969951861658
],
"r_wrist": [
-0.28096031278575745,
0.9597193871794132,
2.26119681164139e-05
],
"r_thumb_cmc": [
-0.02144667692203837,
0.802901505750583,
0.05517154489301785
],
"r_thumb_mcp": [
0.16832148469075423,
0.4390950320914184,
0.07407838782418054
],
"r_thumb_ip": [
0.2387637367627317,
0.13509321542792688,
0.10292899896507876
],
"r_thumb_tip": [
0.3260775792607534,
-0.09315477212098995,
0.12413233672539768
],
"r_index_mcp": [
0.13801751612767454,
0.046034269410472395,
-0.028972861433729485
],
"r_index_pip": [
0.25739216401348547,
-0.25513553351208296,
0.05332589033197051
],
"r_index_dip": [
0.3696388289436614,
-0.3963819649957289,
0.12886971514101322
],
"r_index_tip": [
0.4871402095139395,
-0.4897201828319114,
0.17679035311774213
],
"r_middle_mcp": [
-0.0,
0.0,
-0.0
],
"r_middle_pip": [
0.09984365869069059,
-0.3510519195423485,
0.12376992989967374
],
"r_middle_dip": [
0.24843874952536912,
-0.39783847433345043,
0.21054103651599315
],
"r_middle_tip": [
0.37406589528077944,
-0.3596772527636876,
0.24414257155293762
],
"r_ring_mcp": [
-0.1433051752787461,
0.018194294955513446,
0.04528682397798642
],
"r_ring_pip": [
-0.09518237752900945,
-0.28557646585022023,
0.1651299579230451
],
"r_ring_dip": [
0.06382557045782616,
-0.23557882130154817,
0.20943933274012033
],
"r_ring_tip": [
0.20192657356535462,
-0.13708313887476906,
0.20585425797938367
],
"r_pinky_mcp": [
-0.2898257274842981,
0.0882669479112728,
0.09702670218115879
],
"r_pinky_pip": [
-0.2681312973085311,
-0.23563771346841808,
0.17689726440055842
],
"r_pinky_dip": [
-0.18923294237978322,
-0.4258734021683926,
0.20445276261267734
],
"r_pinky_tip": [
-0.10800597763456964,
-0.5577318355877097,
0.20556940096822335
],
"l_hand_velocity": null,
"r_hand_velocity": null,
"m_nose_point": null,
"m_top_nose": null,
"m_eyebrows": null,
"m_forehead": null,
"m_top_chin": null,
"m_bot_up_lip": null,
"m_top_low_lip": null,
"m_bot_nose": null,
"m_chin": null,
"m_nose": null,
"l_eye_exterior": null,
"l_temple": null,
"l_mid_chin": null,
"l_up_lip": null,
"l_ext_nostril": null,
"l_mid_cheek": null,
"l_mid_eyebrow": null,
"l_ext_eyebrow": null,
"l_ext_lips": null,
"l_jaw_angle": null,
"l_mid_ext_face": null,
"l_int_eyebrow": null,
"l_mid_jaw": null,
"l_mid_bot_eyelid": null,
"l_ext_mouth": null,
"l_top_eyelid": null,
"l_eye_int": null,
"l_pupil": null,
"r_eye_exterior": null,
"r_temple": null,
"r_mid_chin": null,
"r_up_lip": null,
"r_ext_nostril": null,
"r_mid_cheek": null,
"r_mid_eyebrow": null,
"r_ext_eyebrow": null,
"r_ext_lips": null,
"r_jaw_angle": null,
"r_mid_ext_face": null,
"r_int_eyebrow": null,
"r_mid_jaw": null,
"r_mid_bot_eyelid": null,
"r_ext_mouth": null,
"r_top_eyelid": null,
"r_eye_int": null,
"r_pupil": null,
"l_shoulder": null,
"l_elbow": null,
"l_hip": null,
"l_knee": null,
"l_ankle": null,
"l_body_wrist": null,
"r_shoulder": null,
"r_elbow": null,
"r_hip": null,
"r_knee": null,
"r_ankle": null,
"r_body_wrist": null,
"m_face_position": null,
"m_body_position": null,
"m_face_scale": null,
"m_body_scale": null,
"l_hand_scale": null,
"r_hand_scale": [
-0.13207879004298623,
0.13207879004298623,
-0.13207879004298623
]
}
],
"framerate": 30,
"mirrorable": true,
"invalid": false
}