{
"label": "j",
"gestures": [
{
"l_hand_position": null,
"l_wrist": null,
"l_thumb_cmc": null,
"l_thumb_mcp": null,
"l_thumb_ip": null,
"l_thumb_tip": null,
"l_index_mcp": null,
"l_index_pip": null,
"l_index_dip": null,
"l_index_tip": null,
"l_middle_mcp": null,
"l_middle_pip": null,
"l_middle_dip": null,
"l_middle_tip": null,
"l_ring_mcp": null,
"l_ring_pip": null,
"l_ring_dip": null,
"l_ring_tip": null,
"l_pinky_mcp": null,
"l_pinky_pip": null,
"l_pinky_dip": null,
"l_pinky_tip": null,
"r_hand_position": [
-0.17590850591659546,
0.02627718448638916,
0.49780358048155904
],
"r_wrist": [
-0.3390129558813989,
0.9404333288209865,
0.025600191156215268
],
"r_thumb_cmc": [
0.08923049727619294,
0.8364661881566214,
0.07934093925226059
],
"r_thumb_mcp": [
0.447228473211428,
0.5072899330539125,
0.09863274840137871
],
"r_thumb_ip": [
0.6631253349388675,
0.23783615679093376,
0.14628912833353835
],
"r_thumb_tip": [
0.850748541430447,
0.06248434045233334,
0.1800778021722873
],
"r_index_mcp": [
0.2185642532245209,
0.07499607369333061,
-0.039751486650178
],
"r_index_pip": [
0.3323958799956705,
-0.1873842526699659,
0.11182704559284984
],
"r_index_dip": [
0.32163879022384706,
0.09098583537856914,
0.20617915487240787
],
"r_index_tip": [
0.29565950845539835,
0.36115022140756714,
0.2321309769220756
],
"r_middle_mcp": [
-0.0,
0.0,
-0.0
],
"r_middle_pip": [
0.1313794507292927,
-0.2849760498030256,
0.20729344421179532
],
"r_middle_dip": [
0.1490891242235868,
0.0683574641783289,
0.3165059446991625
],
"r_middle_tip": [
0.13541665890143773,
0.39218712752243495,
0.3283899900126727
],
"r_ring_mcp": [
-0.22383304606445895,
-0.04806861760365376,
0.06339620390827223
],
"r_ring_pip": [
-0.1062913833594782,
-0.2480604628965433,
0.25868252791283514
],
"r_ring_dip": [
-0.06963489463747802,
0.1297491466033422,
0.29318346127145906
],
"r_ring_tip": [
-0.06442097782052679,
0.44542034298567207,
0.24096178370187835
],
"r_pinky_mcp": [
-0.4518186094126555,
-0.07861928047686613,
0.13016203549346353
],
"r_pinky_pip": [
-0.344692971577137,
-0.4701729025187443,
0.22554435636081338
],
"r_pinky_dip": [
-0.24181709967368722,
-0.7144399734971726,
0.2411877348582351
],
"r_pinky_tip": [
-0.1438606201093859,
-0.9229136375075392,
0.21885508203661416
],
"l_hand_velocity": null,
"r_hand_velocity": null,
"m_nose_point": null,
"m_top_nose": null,
"m_eyebrows": null,
"m_forehead": null,
"m_top_chin": null,
"m_bot_up_lip": null,
"m_top_low_lip": null,
"m_bot_nose": null,
"m_chin": null,
"m_nose": null,
"l_eye_exterior": null,
"l_temple": null,
"l_mid_chin": null,
"l_up_lip": null,
"l_ext_nostril": null,
"l_mid_cheek": null,
"l_mid_eyebrow": null,
"l_ext_eyebrow": null,
"l_ext_lips": null,
"l_jaw_angle": null,
"l_mid_ext_face": null,
"l_int_eyebrow": null,
"l_mid_jaw": null,
"l_mid_bot_eyelid": null,
"l_ext_mouth": null,
"l_top_eyelid": null,
"l_eye_int": null,
"l_pupil": null,
"r_eye_exterior": null,
"r_temple": null,
"r_mid_chin": null,
"r_up_lip": null,
"r_ext_nostril": null,
"r_mid_cheek": null,
"r_mid_eyebrow": null,
"r_ext_eyebrow": null,
"r_ext_lips": null,
"r_jaw_angle": null,
"r_mid_ext_face": null,
"r_int_eyebrow": null,
"r_mid_jaw": null,
"r_mid_bot_eyelid": null,
"r_ext_mouth": null,
"r_top_eyelid": null,
"r_eye_int": null,
"r_pupil": null,
"l_shoulder": null,
"l_elbow": null,
"l_hip": null,
"l_knee": null,
"l_ankle": null,
"l_body_wrist": null,
"r_shoulder": null,
"r_elbow": null,
"r_hip": null,
"r_knee": null,
"r_ankle": null,
"r_body_wrist": null,
"m_face_position": null,
"m_body_position": null,
"m_face_scale": null,
"m_body_scale": null,
"l_hand_scale": null,
"r_hand_scale": [
-0.08580736505606334,
0.08580736505606334,
-0.08580736505606334
]
}
],
"framerate": 30,
"mirrorable": true,
"invalid": false
}