{
"label": "j",
"gestures": [
{
"l_hand_position": null,
"l_wrist": null,
"l_thumb_cmc": null,
"l_thumb_mcp": null,
"l_thumb_ip": null,
"l_thumb_tip": null,
"l_index_mcp": null,
"l_index_pip": null,
"l_index_dip": null,
"l_index_tip": null,
"l_middle_mcp": null,
"l_middle_pip": null,
"l_middle_dip": null,
"l_middle_tip": null,
"l_ring_mcp": null,
"l_ring_pip": null,
"l_ring_dip": null,
"l_ring_tip": null,
"l_pinky_mcp": null,
"l_pinky_pip": null,
"l_pinky_dip": null,
"l_pinky_tip": null,
"r_hand_position": [
-0.175420880317688,
0.02856731414794922,
0.4999134636746021
],
"r_wrist": [
-0.4211299761195196,
0.9069998125792399,
0.0009397844415616357
],
"r_thumb_cmc": [
0.01000964295796255,
0.8554294148278452,
0.08938923370089902
],
"r_thumb_mcp": [
0.41218908619856615,
0.5685914505227794,
0.1263460804183869
],
"r_thumb_ip": [
0.6801739115345459,
0.3307968022557701,
0.18439823233559988
],
"r_thumb_tip": [
0.9005157001585686,
0.19363715253996297,
0.22397696462712258
],
"r_index_mcp": [
0.2154520983563306,
0.09088657766927385,
-0.02407816580182197
],
"r_index_pip": [
0.34546393808050546,
-0.12783627907611714,
0.14657767981717515
],
"r_index_dip": [
0.28307249645349125,
0.17927316332198331,
0.24522985970350458
],
"r_index_tip": [
0.22594742087788267,
0.44299071642329074,
0.27037961975442926
],
"r_middle_mcp": [
-0.0,
0.0,
-0.0
],
"r_middle_pip": [
0.14720992721893053,
-0.21413502309889393,
0.22695501723005884
],
"r_middle_dip": [
0.10182049528145126,
0.16098503802846761,
0.3308020395152625
],
"r_middle_tip": [
0.050905410194873144,
0.4764161772784034,
0.33455603858896177
],
"r_ring_mcp": [
-0.21444332964789234,
-0.061159505416581286,
0.05141986421543111
],
"r_ring_pip": [
-0.0929537795302359,
-0.20568497268377264,
0.26566036882893973
],
"r_ring_dip": [
-0.1147945250578168,
0.18180346999922328,
0.2953964105124838
],
"r_ring_tip": [
-0.13972994594542762,
0.49597106839248994,
0.23394032935309636
],
"r_pinky_mcp": [
-0.42956906165737524,
-0.11020991637522141,
0.10772683195626857
],
"r_pinky_pip": [
-0.2797527186131257,
-0.4569606150524879,
0.20702467984974632
],
"r_pinky_dip": [
-0.16722276320705232,
-0.660923779509166,
0.2161430838774616
],
"r_pinky_tip": [
-0.058880100930890224,
-0.8255646366165518,
0.18578010921143545
],
"l_hand_velocity": null,
"r_hand_velocity": null,
"m_nose_point": null,
"m_top_nose": null,
"m_eyebrows": null,
"m_forehead": null,
"m_top_chin": null,
"m_bot_up_lip": null,
"m_top_low_lip": null,
"m_bot_nose": null,
"m_chin": null,
"m_nose": null,
"l_eye_exterior": null,
"l_temple": null,
"l_mid_chin": null,
"l_up_lip": null,
"l_ext_nostril": null,
"l_mid_cheek": null,
"l_mid_eyebrow": null,
"l_ext_eyebrow": null,
"l_ext_lips": null,
"l_jaw_angle": null,
"l_mid_ext_face": null,
"l_int_eyebrow": null,
"l_mid_jaw": null,
"l_mid_bot_eyelid": null,
"l_ext_mouth": null,
"l_top_eyelid": null,
"l_eye_int": null,
"l_pupil": null,
"r_eye_exterior": null,
"r_temple": null,
"r_mid_chin": null,
"r_up_lip": null,
"r_ext_nostril": null,
"r_mid_cheek": null,
"r_mid_eyebrow": null,
"r_ext_eyebrow": null,
"r_ext_lips": null,
"r_jaw_angle": null,
"r_mid_ext_face": null,
"r_int_eyebrow": null,
"r_mid_jaw": null,
"r_mid_bot_eyelid": null,
"r_ext_mouth": null,
"r_top_eyelid": null,
"r_eye_int": null,
"r_pupil": null,
"l_shoulder": null,
"l_elbow": null,
"l_hip": null,
"l_knee": null,
"l_ankle": null,
"l_body_wrist": null,
"r_shoulder": null,
"r_elbow": null,
"r_hip": null,
"r_knee": null,
"r_ankle": null,
"r_body_wrist": null,
"m_face_position": null,
"m_body_position": null,
"m_face_scale": null,
"m_body_scale": null,
"l_hand_scale": null,
"r_hand_scale": [
-0.09241133636374683,
0.09241133636374683,
-0.09241133636374683
]
}
],
"framerate": 30,
"mirrorable": true,
"invalid": false
}