{
"label": "j",
"gestures": [
{
"l_hand_position": [
0.12828832864761353,
0.02127981185913086,
-0.49695260473527014
],
"l_wrist": [
0.32455467860860726,
0.945412370768685,
-0.029320808153907023
],
"l_thumb_cmc": [
-0.09988604749467642,
0.8384605398682677,
-0.11109164941061861
],
"l_thumb_mcp": [
-0.4372815058309865,
0.49045092385948047,
-0.14294113796480165
],
"l_thumb_ip": [
-0.6131909559050254,
0.18322696849967254,
-0.19589752738306732
],
"l_thumb_tip": [
-0.7314439115709304,
-0.052731892242210844,
-0.22387882100084308
],
"l_index_mcp": [
-0.2201528833197246,
0.04862098482168203,
0.018612561715297477
],
"l_index_pip": [
-0.31513726578013124,
-0.24334977798880708,
-0.13861935229013705
],
"l_index_dip": [
-0.2620595962782497,
0.0675917129836788,
-0.22442115872700044
],
"l_index_tip": [
-0.213442625454607,
0.3433023431652775,
-0.23955083123844043
],
"l_middle_mcp": [
0.0,
0.0,
0.0
],
"l_middle_pip": [
-0.10906606101054277,
-0.28734778392580457,
-0.19955933293368186
],
"l_middle_dip": [
-0.06682618621475622,
0.12087581667043829,
-0.2731773830272653
],
"l_middle_tip": [
-0.02563281805064286,
0.4260101993366478,
-0.2604868056726221
],
"l_ring_mcp": [
0.21443522982689536,
-0.012812108313136472,
-0.04835675981681865
],
"l_ring_pip": [
0.13314488839168737,
-0.2449384610699307,
-0.22717866786219107
],
"l_ring_dip": [
0.12747769658849495,
0.14778107209953747,
-0.2281768631603199
],
"l_ring_tip": [
0.1296360806770527,
0.4499135576606461,
-0.1582530800345304
],
"l_pinky_mcp": [
0.4363003700245247,
-0.0011520174372774996,
-0.10510957379695085
],
"l_pinky_pip": [
0.36756352074306436,
-0.3558982690125834,
-0.17908334654713262
],
"l_pinky_dip": [
0.31551572845240755,
-0.5647012861620574,
-0.17580266473445885
],
"l_pinky_tip": [
0.26159339907740026,
-0.7598068217165848,
-0.14185096118481705
],
"r_hand_position": null,
"r_wrist": null,
"r_thumb_cmc": null,
"r_thumb_mcp": null,
"r_thumb_ip": null,
"r_thumb_tip": null,
"r_index_mcp": null,
"r_index_pip": null,
"r_index_dip": null,
"r_index_tip": null,
"r_middle_mcp": null,
"r_middle_pip": null,
"r_middle_dip": null,
"r_middle_tip": null,
"r_ring_mcp": null,
"r_ring_pip": null,
"r_ring_dip": null,
"r_ring_tip": null,
"r_pinky_mcp": null,
"r_pinky_pip": null,
"r_pinky_dip": null,
"r_pinky_tip": null,
"l_hand_velocity": null,
"r_hand_velocity": null,
"m_nose_point": null,
"m_top_nose": null,
"m_eyebrows": null,
"m_forehead": null,
"m_top_chin": null,
"m_bot_up_lip": null,
"m_top_low_lip": null,
"m_bot_nose": null,
"m_chin": null,
"m_nose": null,
"l_eye_exterior": null,
"l_temple": null,
"l_mid_chin": null,
"l_up_lip": null,
"l_ext_nostril": null,
"l_mid_cheek": null,
"l_mid_eyebrow": null,
"l_ext_eyebrow": null,
"l_ext_lips": null,
"l_jaw_angle": null,
"l_mid_ext_face": null,
"l_int_eyebrow": null,
"l_mid_jaw": null,
"l_mid_bot_eyelid": null,
"l_ext_mouth": null,
"l_top_eyelid": null,
"l_eye_int": null,
"l_pupil": null,
"r_eye_exterior": null,
"r_temple": null,
"r_mid_chin": null,
"r_up_lip": null,
"r_ext_nostril": null,
"r_mid_cheek": null,
"r_mid_eyebrow": null,
"r_ext_eyebrow": null,
"r_ext_lips": null,
"r_jaw_angle": null,
"r_mid_ext_face": null,
"r_int_eyebrow": null,
"r_mid_jaw": null,
"r_mid_bot_eyelid": null,
"r_ext_mouth": null,
"r_top_eyelid": null,
"r_eye_int": null,
"r_pupil": null,
"l_shoulder": null,
"l_elbow": null,
"l_hip": null,
"l_knee": null,
"l_ankle": null,
"l_body_wrist": null,
"r_shoulder": null,
"r_elbow": null,
"r_hip": null,
"r_knee": null,
"r_ankle": null,
"r_body_wrist": null,
"m_face_position": null,
"m_body_position": null,
"m_face_scale": null,
"m_body_scale": null,
"l_hand_scale": [
0.10394437399901547,
0.10394437399901547,
0.10394437399901547
],
"r_hand_scale": null
}
],
"framerate": 30,
"mirrorable": true,
"invalid": false
}