{
"label": "j",
"gestures": [
{
"l_hand_position": null,
"l_wrist": null,
"l_thumb_cmc": null,
"l_thumb_mcp": null,
"l_thumb_ip": null,
"l_thumb_tip": null,
"l_index_mcp": null,
"l_index_pip": null,
"l_index_dip": null,
"l_index_tip": null,
"l_middle_mcp": null,
"l_middle_pip": null,
"l_middle_dip": null,
"l_middle_tip": null,
"l_ring_mcp": null,
"l_ring_pip": null,
"l_ring_dip": null,
"l_ring_tip": null,
"l_pinky_mcp": null,
"l_pinky_pip": null,
"l_pinky_dip": null,
"l_pinky_tip": null,
"r_hand_position": [
-0.12067151069641113,
0.045631587505340576,
0.49946225353050977
],
"r_wrist": [
-0.34745254707610335,
0.9376764206498631,
0.00629743500079295
],
"r_thumb_cmc": [
0.08587856288807377,
0.8817854142719488,
0.10485572163706672
],
"r_thumb_mcp": [
0.4707417779665101,
0.5888920390024667,
0.14273274321779886
],
"r_thumb_ip": [
0.7331348159977551,
0.3221246674133337,
0.19936592993352034
],
"r_thumb_tip": [
0.9528903109045463,
0.1710148146269302,
0.23468211104105297
],
"r_index_mcp": [
0.24691473431269584,
0.06636010516095536,
-0.019994950552428753
],
"r_index_pip": [
0.3196193672847251,
-0.24852354024323645,
0.14742506841299036
],
"r_index_dip": [
0.25886147878562626,
0.07244021950816332,
0.23825249947360644
],
"r_index_tip": [
0.20785898201538677,
0.357533746424027,
0.25882202688187406
],
"r_middle_mcp": [
-0.0,
0.0,
-0.0
],
"r_middle_pip": [
0.08621064945482891,
-0.3024317944725834,
0.2407172698669473
],
"r_middle_dip": [
0.048880910111621115,
0.11434870703963569,
0.34562158930553105
],
"r_middle_tip": [
0.018714054761848092,
0.46561955197256855,
0.3446904954894589
],
"r_ring_mcp": [
-0.22894438602177414,
-0.032741921563834354,
0.04859948435133176
],
"r_ring_pip": [
-0.18030556422667413,
-0.21397746770959375,
0.2817342340339402
],
"r_ring_dip": [
-0.1756472827009934,
0.20002773892331457,
0.31471881076374
],
"r_ring_tip": [
-0.1595529444478964,
0.5252562994784415,
0.2510602664505325
],
"r_pinky_mcp": [
-0.44931870610653135,
-0.04557469532201486,
0.10074872299787302
],
"r_pinky_pip": [
-0.4037258716022988,
-0.42086460815462357,
0.20743832386034033
],
"r_pinky_dip": [
-0.3731243735401551,
-0.6495396970865501,
0.21632800567633773
],
"r_pinky_tip": [
-0.32240512707685376,
-0.8634903048532445,
0.18599028882291055
],
"l_hand_velocity": null,
"r_hand_velocity": null,
"m_nose_point": null,
"m_top_nose": null,
"m_eyebrows": null,
"m_forehead": null,
"m_top_chin": null,
"m_bot_up_lip": null,
"m_top_low_lip": null,
"m_bot_nose": null,
"m_chin": null,
"m_nose": null,
"l_eye_exterior": null,
"l_temple": null,
"l_mid_chin": null,
"l_up_lip": null,
"l_ext_nostril": null,
"l_mid_cheek": null,
"l_mid_eyebrow": null,
"l_ext_eyebrow": null,
"l_ext_lips": null,
"l_jaw_angle": null,
"l_mid_ext_face": null,
"l_int_eyebrow": null,
"l_mid_jaw": null,
"l_mid_bot_eyelid": null,
"l_ext_mouth": null,
"l_top_eyelid": null,
"l_eye_int": null,
"l_pupil": null,
"r_eye_exterior": null,
"r_temple": null,
"r_mid_chin": null,
"r_up_lip": null,
"r_ext_nostril": null,
"r_mid_cheek": null,
"r_mid_eyebrow": null,
"r_ext_eyebrow": null,
"r_ext_lips": null,
"r_jaw_angle": null,
"r_mid_ext_face": null,
"r_int_eyebrow": null,
"r_mid_jaw": null,
"r_mid_bot_eyelid": null,
"r_ext_mouth": null,
"r_top_eyelid": null,
"r_eye_int": null,
"r_pupil": null,
"l_shoulder": null,
"l_elbow": null,
"l_hip": null,
"l_knee": null,
"l_ankle": null,
"l_body_wrist": null,
"r_shoulder": null,
"r_elbow": null,
"r_hip": null,
"r_knee": null,
"r_ankle": null,
"r_body_wrist": null,
"m_face_position": null,
"m_body_position": null,
"m_face_scale": null,
"m_body_scale": null,
"l_hand_scale": null,
"r_hand_scale": [
-0.08543498519169591,
0.08543498519169591,
-0.08543498519169591
]
}
],
"framerate": 30,
"mirrorable": true,
"invalid": false
}