{
"label": "j",
"gestures": [
{
"l_hand_position": null,
"l_wrist": null,
"l_thumb_cmc": null,
"l_thumb_mcp": null,
"l_thumb_ip": null,
"l_thumb_tip": null,
"l_index_mcp": null,
"l_index_pip": null,
"l_index_dip": null,
"l_index_tip": null,
"l_middle_mcp": null,
"l_middle_pip": null,
"l_middle_dip": null,
"l_middle_tip": null,
"l_ring_mcp": null,
"l_ring_pip": null,
"l_ring_dip": null,
"l_ring_tip": null,
"l_pinky_mcp": null,
"l_pinky_pip": null,
"l_pinky_dip": null,
"l_pinky_tip": null,
"r_hand_position": [
-0.17014199495315552,
0.03119027614593506,
0.49556054174900055
],
"r_wrist": [
-0.4334690014422816,
0.8998384569349491,
0.04894258074071043
],
"r_thumb_cmc": [
-0.01302824338774268,
0.8810727402134476,
0.12511203663518156
],
"r_thumb_mcp": [
0.37998802291182326,
0.6114450037352163,
0.14916400926992907
],
"r_thumb_ip": [
0.6256349343485758,
0.36072425250422596,
0.19854714309331772
],
"r_thumb_tip": [
0.8332333038318273,
0.18518792479766857,
0.23119939162929368
],
"r_index_mcp": [
0.20581707193311183,
0.09992612741617443,
-0.027512753783736285
],
"r_index_pip": [
0.3374983927468158,
-0.09273063148420096,
0.13239210375035126
],
"r_index_dip": [
0.29229509276178733,
0.19367257815987965,
0.23285650428936466
],
"r_index_tip": [
0.23773653105824558,
0.4504231957197642,
0.26096719558818815
],
"r_middle_mcp": [
-0.0,
0.0,
-0.0
],
"r_middle_pip": [
0.15574887815935795,
-0.19881803781135296,
0.2162071153360596
],
"r_middle_dip": [
0.11399253020237553,
0.17341598569464264,
0.3264687704668332
],
"r_middle_tip": [
0.056293864849952295,
0.48696640654550033,
0.33286149978800506
],
"r_ring_mcp": [
-0.20913129725325375,
-0.06873009455540952,
0.055978282795715734
],
"r_ring_pip": [
-0.0770386550576289,
-0.18822815488416672,
0.26392264402602655
],
"r_ring_dip": [
-0.1062365596078166,
0.19732913325634868,
0.29799540097467564
],
"r_ring_tip": [
-0.1422153533935048,
0.5070015688099269,
0.2383856270808735
],
"r_pinky_mcp": [
-0.4253562456873664,
-0.12093965635421149,
0.11614962153753773
],
"r_pinky_pip": [
-0.25817644407548884,
-0.41599047096228653,
0.20978069100751295
],
"r_pinky_dip": [
-0.13838533368868575,
-0.5719118281356288,
0.2136202997241809
],
"r_pinky_tip": [
-0.028212967247473027,
-0.6931425633591549,
0.17765957516852915
],
"l_hand_velocity": null,
"r_hand_velocity": null,
"m_nose_point": null,
"m_top_nose": null,
"m_eyebrows": null,
"m_forehead": null,
"m_top_chin": null,
"m_bot_up_lip": null,
"m_top_low_lip": null,
"m_bot_nose": null,
"m_chin": null,
"m_nose": null,
"l_eye_exterior": null,
"l_temple": null,
"l_mid_chin": null,
"l_up_lip": null,
"l_ext_nostril": null,
"l_mid_cheek": null,
"l_mid_eyebrow": null,
"l_ext_eyebrow": null,
"l_ext_lips": null,
"l_jaw_angle": null,
"l_mid_ext_face": null,
"l_int_eyebrow": null,
"l_mid_jaw": null,
"l_mid_bot_eyelid": null,
"l_ext_mouth": null,
"l_top_eyelid": null,
"l_eye_int": null,
"l_pupil": null,
"r_eye_exterior": null,
"r_temple": null,
"r_mid_chin": null,
"r_up_lip": null,
"r_ext_nostril": null,
"r_mid_cheek": null,
"r_mid_eyebrow": null,
"r_ext_eyebrow": null,
"r_ext_lips": null,
"r_jaw_angle": null,
"r_mid_ext_face": null,
"r_int_eyebrow": null,
"r_mid_jaw": null,
"r_mid_bot_eyelid": null,
"r_ext_mouth": null,
"r_top_eyelid": null,
"r_eye_int": null,
"r_pupil": null,
"l_shoulder": null,
"l_elbow": null,
"l_hip": null,
"l_knee": null,
"l_ankle": null,
"l_body_wrist": null,
"r_shoulder": null,
"r_elbow": null,
"r_hip": null,
"r_knee": null,
"r_ankle": null,
"r_body_wrist": null,
"m_face_position": null,
"m_body_position": null,
"m_face_scale": null,
"m_body_scale": null,
"l_hand_scale": null,
"r_hand_scale": [
-0.0907137563701299,
0.0907137563701299,
-0.0907137563701299
]
}
],
"framerate": 30,
"mirrorable": true,
"invalid": false
}