{
"label": "j",
"gestures": [
{
"l_hand_position": null,
"l_wrist": null,
"l_thumb_cmc": null,
"l_thumb_mcp": null,
"l_thumb_ip": null,
"l_thumb_tip": null,
"l_index_mcp": null,
"l_index_pip": null,
"l_index_dip": null,
"l_index_tip": null,
"l_middle_mcp": null,
"l_middle_pip": null,
"l_middle_dip": null,
"l_middle_tip": null,
"l_ring_mcp": null,
"l_ring_pip": null,
"l_ring_dip": null,
"l_ring_tip": null,
"l_pinky_mcp": null,
"l_pinky_pip": null,
"l_pinky_dip": null,
"l_pinky_tip": null,
"r_hand_position": [
-0.1767789125442505,
0.025996088981628418,
0.49486216716468334
],
"r_wrist": [
-0.3385114877431339,
0.9391057591519916,
0.05907914855083648
],
"r_thumb_cmc": [
0.09183534038419612,
0.8448902031141715,
0.11184094950810329
],
"r_thumb_mcp": [
0.4446500532039593,
0.49570715247366365,
0.11672647299591304
],
"r_thumb_ip": [
0.6370411094335413,
0.1872187304196481,
0.14869870220116024
],
"r_thumb_tip": [
0.7912815510433032,
-0.05899137989798117,
0.16466462579180344
],
"r_index_mcp": [
0.21820950831807168,
0.07200614962511057,
-0.033119267156596376
],
"r_index_pip": [
0.31944851670784663,
-0.18791230319288954,
0.09837012848279547
],
"r_index_dip": [
0.30663866620917496,
0.09036389696112361,
0.17966704564182784
],
"r_index_tip": [
0.2825123397897892,
0.3587183055753973,
0.1982023410969791
],
"r_middle_mcp": [
-0.0,
0.0,
-0.0
],
"r_middle_pip": [
0.11654901054534861,
-0.2691315939155146,
0.18739273400154657
],
"r_middle_dip": [
0.13837599244474919,
0.08053805422400649,
0.29308075772434417
],
"r_middle_tip": [
0.132682801706294,
0.4045763504401515,
0.30441443161124254
],
"r_ring_mcp": [
-0.22043209379595904,
-0.046851114971895334,
0.05713054319123062
],
"r_ring_pip": [
-0.11199623986091889,
-0.2329801411331898,
0.23963975905234366
],
"r_ring_dip": [
-0.07242284156792755,
0.13790447261471944,
0.2788340096549727
],
"r_ring_tip": [
-0.06543434199407087,
0.44915484948707785,
0.23162830174767185
],
"r_pinky_mcp": [
-0.44685207822414186,
-0.07682757695688283,
0.11699063204313266
],
"r_pinky_pip": [
-0.34721610018675,
-0.45932302384497964,
0.20632845507907024
],
"r_pinky_dip": [
-0.24698249817873905,
-0.7022033680373189,
0.22395236541216998
],
"r_pinky_tip": [
-0.15325559568570266,
-0.9055764500756172,
0.20322779884575617
],
"l_hand_velocity": null,
"r_hand_velocity": null,
"m_nose_point": null,
"m_top_nose": null,
"m_eyebrows": null,
"m_forehead": null,
"m_top_chin": null,
"m_bot_up_lip": null,
"m_top_low_lip": null,
"m_bot_nose": null,
"m_chin": null,
"m_nose": null,
"l_eye_exterior": null,
"l_temple": null,
"l_mid_chin": null,
"l_up_lip": null,
"l_ext_nostril": null,
"l_mid_cheek": null,
"l_mid_eyebrow": null,
"l_ext_eyebrow": null,
"l_ext_lips": null,
"l_jaw_angle": null,
"l_mid_ext_face": null,
"l_int_eyebrow": null,
"l_mid_jaw": null,
"l_mid_bot_eyelid": null,
"l_ext_mouth": null,
"l_top_eyelid": null,
"l_eye_int": null,
"l_pupil": null,
"r_eye_exterior": null,
"r_temple": null,
"r_mid_chin": null,
"r_up_lip": null,
"r_ext_nostril": null,
"r_mid_cheek": null,
"r_mid_eyebrow": null,
"r_ext_eyebrow": null,
"r_ext_lips": null,
"r_jaw_angle": null,
"r_mid_ext_face": null,
"r_int_eyebrow": null,
"r_mid_jaw": null,
"r_mid_bot_eyelid": null,
"r_ext_mouth": null,
"r_top_eyelid": null,
"r_eye_int": null,
"r_pupil": null,
"l_shoulder": null,
"l_elbow": null,
"l_hip": null,
"l_knee": null,
"l_ankle": null,
"l_body_wrist": null,
"r_shoulder": null,
"r_elbow": null,
"r_hip": null,
"r_knee": null,
"r_ankle": null,
"r_body_wrist": null,
"m_face_position": null,
"m_body_position": null,
"m_face_scale": null,
"m_body_scale": null,
"l_hand_scale": null,
"r_hand_scale": [
-0.08696982182675346,
0.08696982182675346,
-0.08696982182675346
]
}
],
"framerate": 30,
"mirrorable": true,
"invalid": false
}