{
"label": "i",
"gestures": [
{
"l_hand_position": [
0.09031659364700317,
0.05910181999206543,
-0.4929793323390186
],
"l_wrist": [
0.38733939895265723,
0.9193526692668007,
-0.06898448761136725
],
"l_thumb_cmc": [
0.08337381543568437,
0.7869628207680611,
-0.14255927894850048
],
"l_thumb_mcp": [
-0.14793770256120437,
0.39101494257537944,
-0.1621302465818283
],
"l_thumb_ip": [
-0.14543521723617378,
-0.03171649783813631,
-0.196733764316463
],
"l_thumb_tip": [
0.007299549986234783,
-0.27162302510957426,
-0.2025388618967036
],
"l_index_mcp": [
-0.1716290292294614,
0.11773569736302338,
-0.002235030558775425
],
"l_index_pip": [
-0.3061067223768633,
-0.19613265338094274,
-0.11883140859333764
],
"l_index_dip": [
-0.2229103590950484,
0.013751663448875075,
-0.17731834641691974
],
"l_index_tip": [
-0.13077872349776623,
0.13344167710715404,
-0.18924109602086037
],
"l_middle_mcp": [
0.0,
0.0,
0.0
],
"l_middle_pip": [
-0.11287772503184418,
-0.3339473840621673,
-0.11251821787584841
],
"l_middle_dip": [
-0.08245668648202233,
-0.08523325632194043,
-0.13168604280265825
],
"l_middle_tip": [
-0.03412000819945751,
0.05576682836884215,
-0.10991793803924588
],
"l_ring_mcp": [
0.1849197855988141,
-0.06009068728639441,
-0.028961414057277906
],
"l_ring_pip": [
0.09772635647488975,
-0.3690261024130582,
-0.15587500325317874
],
"l_ring_dip": [
0.05918937090089896,
-0.07403444415595987,
-0.14852027399261264
],
"l_ring_tip": [
0.0597187991091432,
0.16999682080426592,
-0.09657307990129195
],
"l_pinky_mcp": [
0.38550689799735166,
-0.08814335451526525,
-0.06749704745880458
],
"l_pinky_pip": [
0.383696066116941,
-0.41476541996159294,
-0.12846735703410325
],
"l_pinky_dip": [
0.29366867338716063,
-0.5499505791217814,
-0.14216499420840917
],
"l_pinky_tip": [
0.19730688297998003,
-0.6321513362597742,
-0.1322530121341105
],
"r_hand_position": null,
"r_wrist": null,
"r_thumb_cmc": null,
"r_thumb_mcp": null,
"r_thumb_ip": null,
"r_thumb_tip": null,
"r_index_mcp": null,
"r_index_pip": null,
"r_index_dip": null,
"r_index_tip": null,
"r_middle_mcp": null,
"r_middle_pip": null,
"r_middle_dip": null,
"r_middle_tip": null,
"r_ring_mcp": null,
"r_ring_pip": null,
"r_ring_dip": null,
"r_ring_tip": null,
"r_pinky_mcp": null,
"r_pinky_pip": null,
"r_pinky_dip": null,
"r_pinky_tip": null,
"l_hand_velocity": null,
"r_hand_velocity": null,
"m_nose_point": null,
"m_top_nose": null,
"m_eyebrows": null,
"m_forehead": null,
"m_top_chin": null,
"m_bot_up_lip": null,
"m_top_low_lip": null,
"m_bot_nose": null,
"m_chin": null,
"m_nose": null,
"l_eye_exterior": null,
"l_temple": null,
"l_mid_chin": null,
"l_up_lip": null,
"l_ext_nostril": null,
"l_mid_cheek": null,
"l_mid_eyebrow": null,
"l_ext_eyebrow": null,
"l_ext_lips": null,
"l_jaw_angle": null,
"l_mid_ext_face": null,
"l_int_eyebrow": null,
"l_mid_jaw": null,
"l_mid_bot_eyelid": null,
"l_ext_mouth": null,
"l_top_eyelid": null,
"l_eye_int": null,
"l_pupil": null,
"r_eye_exterior": null,
"r_temple": null,
"r_mid_chin": null,
"r_up_lip": null,
"r_ext_nostril": null,
"r_mid_cheek": null,
"r_mid_eyebrow": null,
"r_ext_eyebrow": null,
"r_ext_lips": null,
"r_jaw_angle": null,
"r_mid_ext_face": null,
"r_int_eyebrow": null,
"r_mid_jaw": null,
"r_mid_bot_eyelid": null,
"r_ext_mouth": null,
"r_top_eyelid": null,
"r_eye_int": null,
"r_pupil": null,
"l_shoulder": null,
"l_elbow": null,
"l_hip": null,
"l_knee": null,
"l_ankle": null,
"l_body_wrist": null,
"r_shoulder": null,
"r_elbow": null,
"r_hip": null,
"r_knee": null,
"r_ankle": null,
"r_body_wrist": null,
"m_face_position": null,
"m_body_position": null,
"m_face_scale": null,
"m_body_scale": null,
"l_hand_scale": [
0.10177508118739166,
0.10177508118739166,
0.10177508118739166
],
"r_hand_scale": null
}
],
"framerate": 30,
"mirrorable": true,
"invalid": false
}