{
"label": "i",
"gestures": [
{
"l_hand_position": null,
"l_wrist": null,
"l_thumb_cmc": null,
"l_thumb_mcp": null,
"l_thumb_ip": null,
"l_thumb_tip": null,
"l_index_mcp": null,
"l_index_pip": null,
"l_index_dip": null,
"l_index_tip": null,
"l_middle_mcp": null,
"l_middle_pip": null,
"l_middle_dip": null,
"l_middle_tip": null,
"l_ring_mcp": null,
"l_ring_pip": null,
"l_ring_dip": null,
"l_ring_tip": null,
"l_pinky_mcp": null,
"l_pinky_pip": null,
"l_pinky_dip": null,
"l_pinky_tip": null,
"r_hand_position": [
-0.14163661003112793,
0.020854532718658447,
0.4996522914443631
],
"r_wrist": [
-0.29645450127070533,
0.9550434560409448,
0.002593405040744303
],
"r_thumb_cmc": [
-0.02931246008260312,
0.7856088741623554,
0.0570132376436066
],
"r_thumb_mcp": [
0.16509770886953798,
0.42938999547147716,
0.07649204379620353
],
"r_thumb_ip": [
0.24438357207417538,
0.13148838793275927,
0.10721678012172411
],
"r_thumb_tip": [
0.33597717411864697,
-0.09088672064166357,
0.13085278664693753
],
"r_index_mcp": [
0.13623427408054245,
0.04106358539016331,
-0.030484790387967524
],
"r_index_pip": [
0.24976698522298163,
-0.2570189660044935,
0.058242690987548015
],
"r_index_dip": [
0.3558596584559921,
-0.39184170017691305,
0.14046965249892845
],
"r_index_tip": [
0.47179087599349356,
-0.4814464758343019,
0.19211539697746438
],
"r_middle_mcp": [
-0.0,
0.0,
-0.0
],
"r_middle_pip": [
0.09776925585982107,
-0.3370061533682061,
0.13323594115618806
],
"r_middle_dip": [
0.24770502550837567,
-0.37508749948161724,
0.22889016562375528
],
"r_middle_tip": [
0.379402365805487,
-0.32965636509699753,
0.26711204053805876
],
"r_ring_mcp": [
-0.14200358223415202,
0.019406784273820265,
0.04737719582746028
],
"r_ring_pip": [
-0.09069510687775775,
-0.277270895905193,
0.17463122453165092
],
"r_ring_dip": [
0.06920368933490187,
-0.23128537088579243,
0.22984180193366366
],
"r_ring_tip": [
0.20829483127358528,
-0.1323957746894455,
0.23237769728690932
],
"r_pinky_mcp": [
-0.2893945788325979,
0.09005891361523057,
0.10087588166398076
],
"r_pinky_pip": [
-0.267395896081815,
-0.22933233314834875,
0.1859044963437398
],
"r_pinky_dip": [
-0.18252077942050968,
-0.4117239622245089,
0.2210026723420735
],
"r_pinky_tip": [
-0.09562460435847156,
-0.5334729470809697,
0.22699604856298825
],
"l_hand_velocity": null,
"r_hand_velocity": null,
"m_nose_point": null,
"m_top_nose": null,
"m_eyebrows": null,
"m_forehead": null,
"m_top_chin": null,
"m_bot_up_lip": null,
"m_top_low_lip": null,
"m_bot_nose": null,
"m_chin": null,
"m_nose": null,
"l_eye_exterior": null,
"l_temple": null,
"l_mid_chin": null,
"l_up_lip": null,
"l_ext_nostril": null,
"l_mid_cheek": null,
"l_mid_eyebrow": null,
"l_ext_eyebrow": null,
"l_ext_lips": null,
"l_jaw_angle": null,
"l_mid_ext_face": null,
"l_int_eyebrow": null,
"l_mid_jaw": null,
"l_mid_bot_eyelid": null,
"l_ext_mouth": null,
"l_top_eyelid": null,
"l_eye_int": null,
"l_pupil": null,
"r_eye_exterior": null,
"r_temple": null,
"r_mid_chin": null,
"r_up_lip": null,
"r_ext_nostril": null,
"r_mid_cheek": null,
"r_mid_eyebrow": null,
"r_ext_eyebrow": null,
"r_ext_lips": null,
"r_jaw_angle": null,
"r_mid_ext_face": null,
"r_int_eyebrow": null,
"r_mid_jaw": null,
"r_mid_bot_eyelid": null,
"r_ext_mouth": null,
"r_top_eyelid": null,
"r_eye_int": null,
"r_pupil": null,
"l_shoulder": null,
"l_elbow": null,
"l_hip": null,
"l_knee": null,
"l_ankle": null,
"l_body_wrist": null,
"r_shoulder": null,
"r_elbow": null,
"r_hip": null,
"r_knee": null,
"r_ankle": null,
"r_body_wrist": null,
"m_face_position": null,
"m_body_position": null,
"m_face_scale": null,
"m_body_scale": null,
"l_hand_scale": null,
"r_hand_scale": [
-0.13406971072715335,
0.13406971072715335,
-0.13406971072715335
]
}
],
"framerate": 30,
"mirrorable": true,
"invalid": false
}