{
"label": "i",
"gestures": [
{
"l_hand_position": [
0.09036517143249512,
0.012232482433319092,
-0.5094095589593053
],
"l_wrist": [
0.18852861449705582,
0.9794594355166488,
0.07152744713204955
],
"l_thumb_cmc": [
-0.10586907607894556,
0.8175141988971781,
-0.038786949823124396
],
"l_thumb_mcp": [
-0.37697340406259155,
0.4991761078790337,
-0.11512087766563207
],
"l_thumb_ip": [
-0.4665405699456967,
0.18825176566917048,
-0.20218972075863453
],
"l_thumb_tip": [
-0.2976931431540865,
0.07868533044858121,
-0.25827737890801
],
"l_index_mcp": [
-0.19073842093502105,
0.007849185344447805,
0.010902373958708063
],
"l_index_pip": [
-0.28646921137741294,
-0.20000560694537256,
-0.16244673484786817
],
"l_index_dip": [
-0.26064660139184,
0.11767751683757018,
-0.2324618770500761
],
"l_index_tip": [
-0.19805792333380937,
0.2560090436939572,
-0.24181951469261515
],
"l_middle_mcp": [
0.0,
0.0,
0.0
],
"l_middle_pip": [
-0.10653786310015465,
-0.18080539310375715,
-0.1948131834233322
],
"l_middle_dip": [
-0.08988207576097801,
0.18947062548424667,
-0.2214310824467022
],
"l_middle_tip": [
-0.049824633080076744,
0.3373849278904649,
-0.18498221811004076
],
"l_ring_mcp": [
0.18800255641329988,
0.029333288739182704,
-0.041180116218981475
],
"l_ring_pip": [
0.08204014014033735,
-0.14345526915708642,
-0.24379483787619305
],
"l_ring_dip": [
0.07525711730327773,
0.20078246016208187,
-0.23334036799625354
],
"l_ring_tip": [
0.1035441802755419,
0.4080298615291849,
-0.15097246104597914
],
"l_pinky_mcp": [
0.37458733871456507,
0.06435670445149798,
-0.08993101847648464
],
"l_pinky_pip": [
0.36031217943055954,
-0.3587566605661891,
-0.19255393160346357
],
"l_pinky_dip": [
0.32677812885287455,
-0.6152068046430372,
-0.20052185949448698
],
"l_pinky_tip": [
0.28911309502833094,
-0.8424115628818644,
-0.16881938367051633
],
"r_hand_position": null,
"r_wrist": null,
"r_thumb_cmc": null,
"r_thumb_mcp": null,
"r_thumb_ip": null,
"r_thumb_tip": null,
"r_index_mcp": null,
"r_index_pip": null,
"r_index_dip": null,
"r_index_tip": null,
"r_middle_mcp": null,
"r_middle_pip": null,
"r_middle_dip": null,
"r_middle_tip": null,
"r_ring_mcp": null,
"r_ring_pip": null,
"r_ring_dip": null,
"r_ring_tip": null,
"r_pinky_mcp": null,
"r_pinky_pip": null,
"r_pinky_dip": null,
"r_pinky_tip": null,
"l_hand_velocity": null,
"r_hand_velocity": null,
"m_nose_point": [
0.0,
0.0,
0.0
],
"m_top_nose": [
-0.029242206772994547,
-0.3476279150808761,
0.19301391202737667
],
"m_eyebrows": [
-0.04664456913791396,
-0.6032456325478874,
0.2607947350446372
],
"m_forehead": [
-0.06716578079147328,
-0.8994318962742,
0.37384784667344545
],
"m_top_chin": [
0.017942838349186835,
0.6536628355564698,
0.13880197752307208
],
"m_bot_up_lip": [
0.0004652884971892389,
0.3993112512636428,
0.10330502691332731
],
"m_top_low_lip": [
0.007295295715159126,
0.4782062800393127,
0.12022203257778048
],
"m_bot_nose": [
-0.020074154991914096,
0.0710978302159067,
0.07674031963320538
],
"m_chin": [
0.03399363406262067,
0.9846917944469773,
0.17095760524764197
],
"m_nose": [
-0.02311254312203748,
-0.2842875048744547,
0.14104966337644878
],
"l_eye_exterior": [
-0.39300846051318106,
-0.3334018096851112,
0.35547700280068445
],
"l_temple": [
-0.6059819146427567,
-0.49246689031391705,
0.6180533673996796
],
"l_mid_chin": [
-0.1714369631468471,
0.7785563333806924,
0.16097860405839975
],
"l_up_lip": [
-0.13038022558868148,
0.35657070575337557,
0.0981297847854664
],
"l_ext_nostril": [
-0.16465163145977638,
0.026677545014361762,
0.11198860721736154
],
"l_mid_cheek": [
-0.4073332589030065,
0.05327493022286062,
0.26296578727134595
],
"l_mid_eyebrow": [
-0.37790391213211394,
-0.5974843725159807,
0.29509442068453046
],
"l_ext_eyebrow": [
-0.4469454625160447,
-0.5551051488374039,
0.3242551068560856
],
"l_ext_lips": [
-0.26171197218116804,
0.4545464804983013,
0.1999346499372622
],
"l_jaw_angle": [
-0.5246754619328198,
0.5203896244930366,
0.5817831647152869
],
"l_mid_ext_face": [
-0.6083983108958085,
0.16339160067682784,
0.7118918715630568
],
"l_int_eyebrow": [
-0.1704929759593825,
-0.6632976825980076,
0.258171940475667
],
"l_mid_jaw": [
-0.4020274934070464,
0.7594782995853191,
0.3938315770347327
],
"l_mid_bot_eyelid": [
-0.29509363434244995,
-0.3231145341484861,
0.3183379062432011
],
"l_ext_mouth": [
-0.19035211583293876,
0.5414083693777224,
0.1672110666333229
],
"l_top_eyelid": [
-0.31680330552372304,
-0.41849716930901204,
0.3204384519548126
],
"l_eye_int": [
-0.19146817538562033,
-0.380898152098482,
0.3402954776511583
],
"l_pupil": [
-0.3064454381279875,
-0.379044983955046,
0.3367398741947188
],
"r_eye_exterior": [
0.3564906966238395,
-0.38201436232749036,
0.43056387576164046
],
"r_temple": [
0.44639820609707087,
-0.5698063366916006,
0.6980429090132974
],
"r_mid_chin": [
0.2082919406555894,
0.7368090462167567,
0.1831105362282874
],
"r_up_lip": [
0.12401565754422765,
0.3283746447174228,
0.11636303292003863
],
"r_ext_nostril": [
0.15361903547258574,
0.004907527964201267,
0.17306033105735705
],
"r_mid_cheek": [
0.36003385044877634,
-0.01415363008256929,
0.31502890343012696
],
"r_mid_eyebrow": [
0.3367493856378487,
-0.6151814577761405,
0.37346999753215815
],
"r_ext_eyebrow": [
0.270417296962615,
-0.6476821907927278,
0.3339742620111088
],
"r_ext_lips": [
0.22440210284178638,
0.48050017643866794,
0.21486892936039884
],
"r_jaw_angle": [
0.47733386410708284,
0.43158340829245934,
0.6577066303117737
],
"r_mid_ext_face": [
0.5064916921370638,
0.07320790149655375,
0.7949798458230316
],
"r_int_eyebrow": [
0.07139421055074194,
-0.679803972847388,
0.27146729142036385
],
"r_mid_jaw": [
0.40164161133408605,
0.6782797311253782,
0.4500051525118709
],
"r_mid_bot_eyelid": [
0.23212878488060248,
-0.3385918557620812,
0.3551382541662043
],
"r_ext_mouth": [
0.2521309165883014,
0.3998033601470042,
0.2366316974666492
],
"r_top_eyelid": [
0.23721230279451783,
-0.43979345998768193,
0.3575557239880846
],
"r_eye_int": [
0.1263009653929547,
-0.3809151785234115,
0.3643341999022855
],
"r_pupil": [
0.2234758954608854,
-0.3946023146981771,
0.3729413402222749
],
"l_shoulder": [
0.4573844508085033,
-0.0383848817976394,
-0.19830800540569463
],
"l_elbow": [
1.0517466680256105,
0.4735077399930412,
-1.6607420153676027
],
"l_hip": [
0.33924922157604837,
1.762718265866893,
0.42643457056285183
],
"l_knee": [
0.4149717153079435,
3.218328646707526,
0.28841825323596876
],
"l_ankle": [
0.45198767290166625,
4.4563245208341655,
1.6228966120704733
],
"l_body_wrist": [
0.7865406049243133,
-0.39149013468082106,
-3.260777188009314
],
"r_shoulder": [
-0.4573844508085033,
0.0383848817976394,
0.19830800540569463
],
"r_elbow": [
-0.5596336873271301,
1.015730067615984,
1.6268779647328375
],
"r_hip": [
-0.29862591254614923,
1.808876527324139,
1.0403589783812583
],
"r_knee": [
-0.1777170955346906,
3.1722612615695382,
0.7491595934028313
],
"r_ankle": [
-0.12766649769271649,
4.432060012151707,
1.7598872825178313
],
"r_body_wrist": [
-0.5576925013891114,
1.7096249720812107,
1.8839613589298927
],
"m_face_position": [
-0.2277504801750183,
0.020790457725524902,
-0.5518504418432713
],
"m_body_position": [
-0.2004673257470131,
0.3626336455345154,
-0.8267509341239929
],
"m_face_scale": [
0.1977903431723426,
0.1977903431723426,
0.1977903431723426
],
"m_body_scale": [
0.44862707203664454,
0.44862707203664454,
0.44862707203664454
],
"l_hand_scale": [
0.13154629635220202,
0.13154629635220202,
0.13154629635220202
],
"r_hand_scale": null
}
],
"framerate": 30,
"mirrorable": true,
"invalid": false
}