{
"label": "i",
"gestures": [
{
"l_hand_position": null,
"l_wrist": null,
"l_thumb_cmc": null,
"l_thumb_mcp": null,
"l_thumb_ip": null,
"l_thumb_tip": null,
"l_index_mcp": null,
"l_index_pip": null,
"l_index_dip": null,
"l_index_tip": null,
"l_middle_mcp": null,
"l_middle_pip": null,
"l_middle_dip": null,
"l_middle_tip": null,
"l_ring_mcp": null,
"l_ring_pip": null,
"l_ring_dip": null,
"l_ring_tip": null,
"l_pinky_mcp": null,
"l_pinky_pip": null,
"l_pinky_dip": null,
"l_pinky_tip": null,
"r_hand_position": [
-0.14348125457763672,
0.01965099573135376,
0.4996000183164142
],
"r_wrist": [
-0.2891979570411613,
0.9572645668538312,
0.0030150770082543396
],
"r_thumb_cmc": [
-0.023184523118303456,
0.7929312687580073,
0.059431342369837686
],
"r_thumb_mcp": [
0.17392997702227572,
0.42542416006689526,
0.07899010001257202
],
"r_thumb_ip": [
0.25512141226758156,
0.12586166398011422,
0.11016644520352238
],
"r_thumb_tip": [
0.3470974855704568,
-0.09416103746876947,
0.1340515662646319
],
"r_index_mcp": [
0.1361538651210025,
0.04324458791671616,
-0.030467775177885993
],
"r_index_pip": [
0.2522588980374947,
-0.2607788205124628,
0.05831217234581558
],
"r_index_dip": [
0.3646558270549276,
-0.4023009669112989,
0.1393197651307951
],
"r_index_tip": [
0.4871989334925177,
-0.49355703094503045,
0.1906941815769915
],
"r_middle_mcp": [
-0.0,
0.0,
-0.0
],
"r_middle_pip": [
0.1069891090090629,
-0.33802020178605174,
0.13674577411583372
],
"r_middle_dip": [
0.26144715984965544,
-0.36619918545711694,
0.23106691816993946
],
"r_middle_tip": [
0.3940389447923298,
-0.30311514088623115,
0.2666852628233046
],
"r_ring_mcp": [
-0.1428588250732213,
0.01990550430631573,
0.04793848575653658
],
"r_ring_pip": [
-0.0846497262559758,
-0.278109140340715,
0.1791678834255316
],
"r_ring_dip": [
0.07523411674323056,
-0.2254536606006926,
0.23184592663855544
],
"r_ring_tip": [
0.21657159929831124,
-0.11955883088960122,
0.23103878052221397
],
"r_pinky_mcp": [
-0.29274655810680655,
0.08926048140103171,
0.1023116748172271
],
"r_pinky_pip": [
-0.2653677844253481,
-0.234551387706,
0.19029612653057532
],
"r_pinky_dip": [
-0.1789055668172815,
-0.41328127675464804,
0.22494560379688922
],
"r_pinky_tip": [
-0.08770499179742779,
-0.5305998791163552,
0.2297663101627233
],
"l_hand_velocity": null,
"r_hand_velocity": null,
"m_nose_point": null,
"m_top_nose": null,
"m_eyebrows": null,
"m_forehead": null,
"m_top_chin": null,
"m_bot_up_lip": null,
"m_top_low_lip": null,
"m_bot_nose": null,
"m_chin": null,
"m_nose": null,
"l_eye_exterior": null,
"l_temple": null,
"l_mid_chin": null,
"l_up_lip": null,
"l_ext_nostril": null,
"l_mid_cheek": null,
"l_mid_eyebrow": null,
"l_ext_eyebrow": null,
"l_ext_lips": null,
"l_jaw_angle": null,
"l_mid_ext_face": null,
"l_int_eyebrow": null,
"l_mid_jaw": null,
"l_mid_bot_eyelid": null,
"l_ext_mouth": null,
"l_top_eyelid": null,
"l_eye_int": null,
"l_pupil": null,
"r_eye_exterior": null,
"r_temple": null,
"r_mid_chin": null,
"r_up_lip": null,
"r_ext_nostril": null,
"r_mid_cheek": null,
"r_mid_eyebrow": null,
"r_ext_eyebrow": null,
"r_ext_lips": null,
"r_jaw_angle": null,
"r_mid_ext_face": null,
"r_int_eyebrow": null,
"r_mid_jaw": null,
"r_mid_bot_eyelid": null,
"r_ext_mouth": null,
"r_top_eyelid": null,
"r_eye_int": null,
"r_pupil": null,
"l_shoulder": null,
"l_elbow": null,
"l_hip": null,
"l_knee": null,
"l_ankle": null,
"l_body_wrist": null,
"r_shoulder": null,
"r_elbow": null,
"r_hip": null,
"r_knee": null,
"r_ankle": null,
"r_body_wrist": null,
"m_face_position": null,
"m_body_position": null,
"m_face_scale": null,
"m_body_scale": null,
"l_hand_scale": null,
"r_hand_scale": [
-0.13266001889971138,
0.13266001889971138,
-0.13266001889971138
]
}
],
"framerate": 30,
"mirrorable": true,
"invalid": false
}