{
"label": "i",
"gestures": [
{
"l_hand_position": [
0.12672299146652222,
-0.042995601892471313,
-0.5061760111711919
],
"l_wrist": [
0.14281095834062618,
0.9896142378958905,
0.01639177633960881
],
"l_thumb_cmc": [
-0.12278221885678108,
0.8357494431863925,
-0.12550097535601445
],
"l_thumb_mcp": [
-0.35929762450876435,
0.4582378539068959,
-0.20988946310755632
],
"l_thumb_ip": [
-0.39814277479151877,
0.084692519279616,
-0.306794093435891
],
"l_thumb_tip": [
-0.19816874682340396,
-0.021870412640763594,
-0.3745742359509568
],
"l_index_mcp": [
-0.19006361280019418,
0.008107902980660373,
-0.006337687468092725
],
"l_index_pip": [
-0.2197221533926107,
-0.2354878850986065,
-0.18695211182628016
],
"l_index_dip": [
-0.2029305625077085,
0.07608027047759924,
-0.2744203527239667
],
"l_index_tip": [
-0.1659073862274384,
0.28512041893041656,
-0.28809215924929577
],
"l_middle_mcp": [
0.0,
0.0,
0.0
],
"l_middle_pip": [
-0.02464704405913933,
-0.22005616877422116,
-0.21944311788623666
],
"l_middle_dip": [
-0.021860681733151543,
0.1752091054346506,
-0.28617168947464067
],
"l_middle_tip": [
-0.02606728189207893,
0.41486316391340594,
-0.2602034571462226
],
"l_ring_mcp": [
0.18365497945042228,
0.020710773260458965,
-0.028698732173982007
],
"l_ring_pip": [
0.15134172068052576,
-0.18526231969395135,
-0.2381835999161975
],
"l_ring_dip": [
0.12796934640549532,
0.18959043752842436,
-0.2569523648686893
],
"l_ring_tip": [
0.10241993866974562,
0.4468844954549409,
-0.1833880680220283
],
"l_pinky_mcp": [
0.3653422586233895,
0.0620076375830306,
-0.06819238712536388
],
"l_pinky_pip": [
0.3511860823268832,
-0.34061064269240227,
-0.15587685393253978
],
"l_pinky_dip": [
0.34358078468003883,
-0.5693266863367903,
-0.16709684752671417
],
"l_pinky_tip": [
0.31974243442261013,
-0.788115226390134,
-0.1357576882096656
],
"r_hand_position": null,
"r_wrist": null,
"r_thumb_cmc": null,
"r_thumb_mcp": null,
"r_thumb_ip": null,
"r_thumb_tip": null,
"r_index_mcp": null,
"r_index_pip": null,
"r_index_dip": null,
"r_index_tip": null,
"r_middle_mcp": null,
"r_middle_pip": null,
"r_middle_dip": null,
"r_middle_tip": null,
"r_ring_mcp": null,
"r_ring_pip": null,
"r_ring_dip": null,
"r_ring_tip": null,
"r_pinky_mcp": null,
"r_pinky_pip": null,
"r_pinky_dip": null,
"r_pinky_tip": null,
"l_hand_velocity": null,
"r_hand_velocity": null,
"m_nose_point": [
0.0,
0.0,
0.0
],
"m_top_nose": [
0.0142327970271732,
-0.33055142496965684,
0.17225536550024034
],
"m_eyebrows": [
0.030690412515992336,
-0.5436677906147002,
0.23217772985081156
],
"m_forehead": [
0.051140123806678726,
-0.9023882001887755,
0.3294102956251514
],
"m_top_chin": [
-0.07385278198579644,
0.6357004045615179,
0.15207082008674322
],
"m_bot_up_lip": [
-0.06931797507020473,
0.3552437902953716,
0.12523448899011047
],
"m_top_low_lip": [
-0.06634148190907549,
0.3818396059141126,
0.15304145470465721
],
"m_bot_nose": [
-0.03707370536911448,
0.07236478299241872,
0.07926174188739998
],
"m_chin": [
-0.07680105020761702,
0.9795792002157885,
0.18581224177002756
],
"m_nose": [
0.013100333234209866,
-0.2697472304960044,
0.12582269424943113
],
"l_eye_exterior": [
-0.4085307425998171,
-0.30704871607708356,
0.3287933006182519
],
"l_temple": [
-0.5954036091931038,
-0.6041691859587518,
0.5699704011073333
],
"l_mid_chin": [
-0.29322245721082985,
0.7570297627491661,
0.17837443640232334
],
"l_up_lip": [
-0.20673530107660337,
0.2816348816886895,
0.11853957671385357
],
"l_ext_nostril": [
-0.19325467392328732,
0.008023805553641392,
0.11026611043060364
],
"l_mid_cheek": [
-0.46110043482376084,
-0.012070865711004457,
0.24291903882814161
],
"l_mid_eyebrow": [
-0.34103451405095564,
-0.5507698290714454,
0.251702132387264
],
"l_ext_eyebrow": [
-0.42159591845348454,
-0.5289613592989526,
0.2770714388003733
],
"l_ext_lips": [
-0.3859918906259159,
0.38927960088100116,
0.22227851905588708
],
"l_jaw_angle": [
-0.6814040089178492,
0.505647064255624,
0.5764146313568357
],
"l_mid_ext_face": [
-0.7240026223630409,
0.1117873480038251,
0.6884630291008675
],
"l_int_eyebrow": [
-0.11634914192279087,
-0.5652348628799478,
0.2241918457565415
],
"l_mid_jaw": [
-0.5482228996796191,
0.7549554772971664,
0.4013312321624219
],
"l_mid_bot_eyelid": [
-0.30424949534178763,
-0.28421275947888064,
0.29796008445510497
],
"l_ext_mouth": [
-0.2854442581466112,
0.4100437478990735,
0.19952849455429372
],
"l_top_eyelid": [
-0.30602519064636413,
-0.36425522113762926,
0.30224070056927754
],
"l_eye_int": [
-0.1961890772626405,
-0.31668802802536544,
0.3225179054874787
],
"l_pupil": [
-0.31995692165424494,
-0.32428672637906847,
0.3154978493380016
],
"r_eye_exterior": [
0.37437410946697147,
-0.2601163365120777,
0.4204687313624424
],
"r_temple": [
0.5688568158373726,
-0.5008530335553291,
0.6628562314486692
],
"r_mid_chin": [
0.12471560814312689,
0.7722977218048438,
0.2119054979533726
],
"r_up_lip": [
0.07886741286963539,
0.2975500336509711,
0.14231939756538495
],
"r_ext_nostril": [
0.17228948610943748,
0.04007520483612246,
0.17705204228859545
],
"r_mid_cheek": [
0.3940548149550903,
0.06357073370027516,
0.3213812211066884
],
"r_mid_eyebrow": [
0.37377247260276053,
-0.45414472039448406,
0.3489273072972194
],
"r_ext_eyebrow": [
0.3058340533380634,
-0.4821970914338642,
0.3107697039092755
],
"r_ext_lips": [
0.19343838361598054,
0.5056606815509045,
0.2603128596879392
],
"r_jaw_angle": [
0.4913387531364407,
0.5727927093478093,
0.6661896215397409
],
"r_mid_ext_face": [
0.5531959359160558,
0.20168080865567062,
0.7911714787539998
],
"r_int_eyebrow": [
0.12394165059682095,
-0.5286570746462302,
0.24632502032185272
],
"r_mid_jaw": [
0.3681997801996082,
0.7877053200339433,
0.46905061413769245
],
"r_mid_bot_eyelid": [
0.2447513232791281,
-0.24630567563859984,
0.3504857603194745
],
"r_ext_mouth": [
0.2413747292239392,
0.42723521180991786,
0.2815728669011912
],
"r_top_eyelid": [
0.2573525207445111,
-0.2902632951527849,
0.35245444209915405
],
"r_eye_int": [
0.16041173840422915,
-0.28026027762692024,
0.3572761406675871
],
"r_pupil": [
0.2261520786234675,
-0.2843192219692554,
0.3666055508288435
],
"l_shoulder": [
0.4401880107899652,
-0.03239232454121748,
-0.23491541555970713
],
"l_elbow": [
0.9999744060634345,
0.5974662998560304,
-1.8670367643458534
],
"l_hip": [
0.3643069382480215,
1.6324773752866755,
0.792369757996806
],
"l_knee": [
0.39631882485456826,
2.993599594691787,
0.9187408412575438
],
"l_ankle": [
0.4238022953184068,
4.1356012304898835,
2.4450983834997455
],
"l_body_wrist": [
0.8379760710966513,
-0.15192807942972628,
-3.8432348045080666
],
"r_shoulder": [
-0.4401880107899652,
0.03239232454121748,
0.23491541555970713
],
"r_elbow": [
-0.5981283173428896,
0.9706497903631763,
1.2315126502996985
],
"r_hip": [
-0.288449674780156,
1.6929287094805658,
1.4708158864078822
],
"r_knee": [
-0.17546132015365304,
2.997000709827743,
1.5832620535711568
],
"r_ankle": [
-0.12956256124311014,
4.126898839546936,
2.737893436221291
],
"r_body_wrist": [
-0.6649506504561246,
1.5577905608279858,
1.2039141369895736
],
"m_face_position": [
0.07289564609527588,
-0.1300637423992157,
-0.5314982980489731
],
"m_body_position": [
-0.180123932659626,
0.3455813229084015,
-1.029102772474289
],
"m_face_scale": [
0.12037102064395262,
0.12037102064395262,
0.12037102064395262
],
"m_body_scale": [
0.4700213044762015,
0.4700213044762015,
0.4700213044762015
],
"l_hand_scale": [
0.3767054215113694,
0.3767054215113694,
0.3767054215113694
],
"r_hand_scale": null
}
],
"framerate": 30,
"mirrorable": true,
"invalid": false
}