{
"label": "i",
"gestures": [
{
"l_hand_position": [
0.1426495909690857,
-0.047505855560302734,
-0.5045175743289292
],
"l_wrist": [
0.14091536274580044,
0.9899406669030651,
0.012662407106631822
],
"l_thumb_cmc": [
-0.1165123340907851,
0.8554365029779307,
-0.12805653463398947
],
"l_thumb_mcp": [
-0.3510498152558169,
0.47938742392681444,
-0.2091413700260742
],
"l_thumb_ip": [
-0.3718854594448056,
0.10338597016016592,
-0.3006730517814112
],
"l_thumb_tip": [
-0.18012083113217728,
-0.02885549143396637,
-0.3621010418840734
],
"l_index_mcp": [
-0.19069782194055068,
0.01184541088469791,
-0.010746947014729384
],
"l_index_pip": [
-0.17772536287657995,
-0.23838760942516177,
-0.18605436584356844
],
"l_index_dip": [
-0.16781679711336797,
0.05763561794409079,
-0.2680359456544439
],
"l_index_tip": [
-0.15841590017195611,
0.2758055421345156,
-0.27685604389645846
],
"l_middle_mcp": [
0.0,
0.0,
0.0
],
"l_middle_pip": [
0.006733881011217691,
-0.21719318809318264,
-0.21082093417002096
],
"l_middle_dip": [
0.0035366369139492077,
0.1684593206880294,
-0.2753986684151799
],
"l_middle_tip": [
-0.020302408109211162,
0.40819213551657857,
-0.2505363899775733
],
"l_ring_mcp": [
0.18459944604102024,
0.01889069441383019,
-0.02293108751313352
],
"l_ring_pip": [
0.17421429322060816,
-0.19046587844987967,
-0.22701603748297633
],
"l_ring_dip": [
0.1511725121700641,
0.17955651328779973,
-0.24227987849004318
],
"l_ring_tip": [
0.1161413581907205,
0.4373182555407047,
-0.1696970650157481
],
"l_pinky_mcp": [
0.3693999209143728,
0.061245781613007755,
-0.056054222201063784
],
"l_pinky_pip": [
0.37002857466934713,
-0.32965127362567165,
-0.1437862261209685
],
"l_pinky_dip": [
0.3687914870170146,
-0.5487233209676725,
-0.15364003325118392
],
"l_pinky_tip": [
0.34764786598846775,
-0.7668807957416311,
-0.12230324360816494
],
"r_hand_position": null,
"r_wrist": null,
"r_thumb_cmc": null,
"r_thumb_mcp": null,
"r_thumb_ip": null,
"r_thumb_tip": null,
"r_index_mcp": null,
"r_index_pip": null,
"r_index_dip": null,
"r_index_tip": null,
"r_middle_mcp": null,
"r_middle_pip": null,
"r_middle_dip": null,
"r_middle_tip": null,
"r_ring_mcp": null,
"r_ring_pip": null,
"r_ring_dip": null,
"r_ring_tip": null,
"r_pinky_mcp": null,
"r_pinky_pip": null,
"r_pinky_dip": null,
"r_pinky_tip": null,
"l_hand_velocity": null,
"r_hand_velocity": null,
"m_nose_point": [
0.0,
0.0,
0.0
],
"m_top_nose": [
-0.01917916000598272,
-0.4014262135047062,
0.1744977949523464
],
"m_eyebrows": [
-0.02058372913615216,
-0.6759612302944105,
0.22764378669669716
],
"m_forehead": [
-0.02721791458582248,
-1.0647750641686473,
0.3178505010960439
],
"m_top_chin": [
-0.03358400589148725,
0.6306899476204122,
0.18755023115303743
],
"m_bot_up_lip": [
-0.06505276424829702,
0.3814587956692423,
0.15920629413677231
],
"m_top_low_lip": [
-0.06405466043323274,
0.3872057777277444,
0.1751894202952089
],
"m_bot_nose": [
-0.03744211972097117,
0.06946283660955704,
0.09301418541743278
],
"m_chin": [
-0.02638717884168387,
0.9690486670798225,
0.24545549010685466
],
"m_nose": [
-0.013197659161168393,
-0.3216715123270731,
0.1252590400750138
],
"l_eye_exterior": [
-0.4854065769350566,
-0.39661374556866746,
0.32578406838843227
],
"l_temple": [
-0.7438996947929378,
-0.6857904162591221,
0.564900464988487
],
"l_mid_chin": [
-0.2746611787398245,
0.7720386424863923,
0.21828371779172573
],
"l_up_lip": [
-0.21942869789927502,
0.3224760491178601,
0.13656756075097048
],
"l_ext_nostril": [
-0.2167075677734958,
0.012669101636269425,
0.11443446875459654
],
"l_mid_cheek": [
-0.5316027080982428,
-0.010188086189751356,
0.25148006104533877
],
"l_mid_eyebrow": [
-0.4240120005227062,
-0.6630405678342117,
0.2337727997309225
],
"l_ext_eyebrow": [
-0.5193904348136186,
-0.6347294192531939,
0.2589144691225887
],
"l_ext_lips": [
-0.4042417107343052,
0.4222704060217518,
0.24750521641201845
],
"l_jaw_angle": [
-0.7519125047781965,
0.47736426133243126,
0.6393191960857443
],
"l_mid_ext_face": [
-0.8294568282410211,
0.06355077570906294,
0.7392973589960989
],
"l_int_eyebrow": [
-0.1620306064875081,
-0.6889083460667311,
0.21082069633998327
],
"l_mid_jaw": [
-0.5758657126063608,
0.742329792462006,
0.4571986662199765
],
"l_mid_bot_eyelid": [
-0.3618060196327678,
-0.3659724162919811,
0.2970269464150142
],
"l_ext_mouth": [
-0.2823687582005986,
0.4451975425096336,
0.22376950916222524
],
"l_top_eyelid": [
-0.37742059583031257,
-0.46824041223804913,
0.2954691301000323
],
"l_eye_int": [
-0.2385447769301976,
-0.4140686074700832,
0.3269895660115587
],
"l_pupil": [
-0.3780559840387811,
-0.37629251468357194,
0.3144807004647542
],
"r_eye_exterior": [
0.4392999800590525,
-0.4102908710120469,
0.47932725924559894
],
"r_temple": [
0.5436145466717891,
-0.7494332698430712,
0.7532146945032784
],
"r_mid_chin": [
0.18754482602916633,
0.7356599967844791,
0.2770206166556232
],
"r_up_lip": [
0.0918693006944224,
0.3069344738874213,
0.17813546716371761
],
"r_ext_nostril": [
0.18399245144170773,
-0.011720597781433882,
0.21046761457181656
],
"r_mid_cheek": [
0.42658102410378396,
-0.06042292590940816,
0.38566479280952276
],
"r_mid_eyebrow": [
0.41759503746296067,
-0.6303122248463626,
0.3900948879752405
],
"r_ext_eyebrow": [
0.34141763803228575,
-0.6501641638000633,
0.3396767867358636
],
"r_ext_lips": [
0.24111227435865293,
0.46355461496967143,
0.31751004188185855
],
"r_jaw_angle": [
0.5277064404531984,
0.38710047319679725,
0.8142361901891392
],
"r_mid_ext_face": [
0.5659009534170238,
-0.02321710548614207,
0.936655823310136
],
"r_int_eyebrow": [
0.11653345322539134,
-0.6681114642809807,
0.24979568137030203
],
"r_mid_jaw": [
0.4224197146199788,
0.6660618413090673,
0.5896802553754508
],
"r_mid_bot_eyelid": [
0.3094961210641573,
-0.3582317701910545,
0.39330168437825935
],
"r_ext_mouth": [
0.2872961963008598,
0.37933083019604463,
0.3427096891757536
],
"r_top_eyelid": [
0.3140801748243735,
-0.4411346698699747,
0.3933514433127196
],
"r_eye_int": [
0.19114298519529763,
-0.38917502332821013,
0.3920315438582483
],
"r_pupil": [
0.29997547228794536,
-0.40787064731165534,
0.40988380159486204
],
"l_shoulder": [
0.3951022937680132,
-0.011934025594314822,
-0.3061890861744894
],
"l_elbow": [
0.8346717986829626,
0.6514522240602781,
-1.567430946508081
],
"l_hip": [
0.32258924875999473,
1.4567304986312,
0.43885445815743346
],
"l_knee": [
0.2892065043995974,
2.671776735071001,
0.4861337163818254
],
"l_ankle": [
0.28965306955902514,
3.7211153182723846,
1.7171169610944028
],
"l_body_wrist": [
0.718842504265638,
0.16373397228699196,
-3.0531744751775025
],
"r_shoulder": [
-0.3951022937680132,
0.011934025594314822,
0.3061890861744894
],
"r_elbow": [
-0.4893263717441387,
0.8384435611145543,
1.2062933879984585
],
"r_hip": [
-0.2161772254988388,
1.4868577715582647,
1.1305319240887175
],
"r_knee": [
-0.2298522270542119,
2.687997900406861,
1.695040138723647
],
"r_ankle": [
-0.17182142721968305,
3.6905168106016375,
2.9289662592579573
],
"r_body_wrist": [
-0.556204286955678,
1.2822576050537942,
1.4111219480266033
],
"m_face_position": [
0.09050089120864868,
-0.12970834970474243,
-0.5340186432003975
],
"m_body_position": [
-0.14355507493019104,
0.3375253677368164,
-0.9071426242589951
],
"m_face_scale": [
0.11716648236815523,
0.11716648236815523,
0.11716648236815523
],
"m_body_scale": [
0.5218816473958571,
0.5218816473958571,
0.5218816473958571
],
"l_hand_scale": [
0.35668708230999485,
0.35668708230999485,
0.35668708230999485
],
"r_hand_scale": null
}
],
"framerate": 30,
"mirrorable": true,
"invalid": false
}