{
"label": "i",
"gestures": [
{
"l_hand_position": null,
"l_wrist": null,
"l_thumb_cmc": null,
"l_thumb_mcp": null,
"l_thumb_ip": null,
"l_thumb_tip": null,
"l_index_mcp": null,
"l_index_pip": null,
"l_index_dip": null,
"l_index_tip": null,
"l_middle_mcp": null,
"l_middle_pip": null,
"l_middle_dip": null,
"l_middle_tip": null,
"l_ring_mcp": null,
"l_ring_pip": null,
"l_ring_dip": null,
"l_ring_tip": null,
"l_pinky_mcp": null,
"l_pinky_pip": null,
"l_pinky_dip": null,
"l_pinky_tip": null,
"r_hand_position": [
-0.11313459277153015,
0.05544823408126831,
-0.5005095598753542
],
"r_wrist": [
-0.17792124595545938,
0.9840409746016554,
0.002718555256199957
],
"r_thumb_cmc": [
0.05153112897189207,
0.8005124097151659,
-0.10589465542576486
],
"r_thumb_mcp": [
0.2024490715645656,
0.3309359889788758,
-0.1368224021387365
],
"r_thumb_ip": [
0.10406437714236658,
-0.06386812125140925,
-0.16291540283044853
],
"r_thumb_tip": [
-0.10036316812960505,
-0.22083838031798445,
-0.15499664730125182
],
"r_index_mcp": [
0.17767027879225306,
0.05909370158128632,
0.0057379393600790465
],
"r_index_pip": [
0.2458811816396775,
-0.2780646190156404,
-0.10603791187206277
],
"r_index_dip": [
0.2018575969891763,
-0.0392762020004956,
-0.15141863565148062
],
"r_index_tip": [
0.19702019696630957,
0.11228156372118873,
-0.15707766288348504
],
"r_middle_mcp": [
0.0,
0.0,
0.0
],
"r_middle_pip": [
0.03223735237490264,
-0.392253724026751,
-0.1583836602960401
],
"r_middle_dip": [
0.031379960754595086,
-0.11741891562606252,
-0.20568602040013212
],
"r_middle_tip": [
0.04599235683892401,
0.06747390548728623,
-0.18442182156128628
],
"r_ring_mcp": [
-0.17896153506479565,
0.0030087432151694057,
-0.03325306339164054
],
"r_ring_pip": [
-0.173772812821699,
-0.30891322280428346,
-0.1692644506001374
],
"r_ring_dip": [
-0.08122843282742319,
-0.048158976398087396,
-0.18621085720641467
],
"r_ring_tip": [
-0.007586110721025768,
0.15196204869308516,
-0.15034564367589956
],
"r_pinky_mcp": [
-0.34138722862585974,
0.05724246090972633,
-0.07647335282725087
],
"r_pinky_pip": [
-0.37636661196453947,
-0.25534938704345594,
-0.12151744085600621
],
"r_pinky_dip": [
-0.31585171737285284,
-0.40528047840184855,
-0.1307838129165929
],
"r_pinky_tip": [
-0.2539472789884325,
-0.5435280781610883,
-0.1258033552490468
],
"l_hand_velocity": null,
"r_hand_velocity": null,
"m_nose_point": [
0.0,
0.0,
0.0
],
"m_top_nose": [
-0.004821941300953572,
-0.28327642328216246,
0.259526070729147
],
"m_eyebrows": [
-0.013723333451309416,
-0.5248464292676744,
0.3760358202115137
],
"m_forehead": [
-0.020897910060218735,
-0.7801198765762033,
0.5576632723497383
],
"m_top_chin": [
0.05263144236342575,
0.6023119645156025,
0.0007111156480785394
],
"m_bot_up_lip": [
0.039873659409016285,
0.37812745515077617,
0.04787374537287789
],
"m_top_low_lip": [
0.04720737304426652,
0.40745716902940937,
0.033630450686099586
],
"m_bot_nose": [
-0.00695285760591748,
0.09218571018446287,
0.06726928288692921
],
"m_chin": [
0.07918363401405533,
0.9965511495551587,
-0.02481448014003401
],
"m_nose": [
-0.00549827366290247,
-0.23556817091762908,
0.19364870948573237
],
"l_eye_exterior": [
-0.3436671367220647,
-0.18459336287897704,
0.4762513148603649
],
"l_temple": [
-0.5216310567101738,
-0.3090568450564505,
0.8281019250885844
],
"l_mid_chin": [
-0.13658248195592457,
0.7922978822183538,
0.028656873814488476
],
"l_up_lip": [
-0.09423817551155365,
0.3250246363989333,
0.06778815452548319
],
"l_ext_nostril": [
-0.14914179064152683,
0.07120443199106272,
0.13469844316733381
],
"l_mid_cheek": [
-0.37456609366521976,
0.15382828666444304,
0.33099038904590344
],
"l_mid_eyebrow": [
-0.3458896909214103,
-0.4627812009382411,
0.4464279018257503
],
"l_ext_eyebrow": [
-0.4103982984249433,
-0.41029995531877755,
0.48489972495778594
],
"l_ext_lips": [
-0.22742200912121419,
0.5117317055392953,
0.15936624679959221
],
"l_jaw_angle": [
-0.4321227375910731,
0.6879992069460454,
0.590586504792109
],
"l_mid_ext_face": [
-0.5009602298223742,
0.360338304780692,
0.8025513244481939
],
"l_int_eyebrow": [
-0.14918157489811204,
-0.5509925085912514,
0.38877428377447043
],
"l_mid_jaw": [
-0.33423782089724646,
0.8646898072163678,
0.32772150051685156
],
"l_mid_bot_eyelid": [
-0.25550880024214817,
-0.17523087566493956,
0.4231710563523371
],
"l_ext_mouth": [
-0.13303050776686579,
0.5264883121265233,
0.10401644173296568
],
"l_top_eyelid": [
-0.2696433866828779,
-0.27861026640165776,
0.43737201042053747
],
"l_eye_int": [
-0.14980828869285914,
-0.25620658928180595,
0.44069519719584876
],
"l_pupil": [
-0.2613763075672911,
-0.22820338980111285,
0.4474793628486331
],
"r_eye_exterior": [
0.42912908403656436,
-0.2993901647344776,
0.45090798907924823
],
"r_temple": [
0.564263687261258,
-0.42574339909974945,
0.7593388607080861
],
"r_mid_chin": [
0.27275505196478556,
0.7542574277110906,
0.0026940702796749098
],
"r_up_lip": [
0.16763029460068504,
0.29622239918064364,
0.04655287452818936
],
"r_ext_nostril": [
0.19155717233080843,
0.052360551807351045,
0.1519350491634361
],
"r_mid_cheek": [
0.4417389053176063,
0.06521779540322359,
0.27322113490280603
],
"r_mid_eyebrow": [
0.41502444754180323,
-0.5305800558641963,
0.43032071192411575
],
"r_ext_eyebrow": [
0.33829626208305874,
-0.569516550172865,
0.40143819376390355
],
"r_ext_lips": [
0.29060745483269906,
0.510737322631724,
0.08119237577263777
],
"r_jaw_angle": [
0.6149953196192093,
0.5743561485315165,
0.5228241932703767
],
"r_mid_ext_face": [
0.643559074805047,
0.23876320433271814,
0.7274008473838487
],
"r_int_eyebrow": [
0.12199372917035667,
-0.6006533186272935,
0.3720360147058336
],
"r_mid_jaw": [
0.5208733677785787,
0.7784281516430931,
0.27517550682302405
],
"r_mid_bot_eyelid": [
0.2870760432931113,
-0.2517161089500428,
0.38288990166633774
],
"r_ext_mouth": [
0.3242340919295965,
0.45014925245831183,
0.11565430065833919
],
"r_top_eyelid": [
0.2994073747780566,
-0.37206840227566956,
0.39702612250243985
],
"r_eye_int": [
0.1799964931869073,
-0.30284893647973843,
0.4135253996631454
],
"r_pupil": [
0.30347475624624765,
-0.31264033374089417,
0.407731468068141
],
"l_shoulder": [
0.48125951218500773,
-0.02988232168723283,
-0.1322736889257616
],
"l_elbow": [
0.8436487371341947,
0.8499642026337437,
-1.4023862731768564
],
"l_hip": [
0.3085233173529377,
1.8679992013302302,
0.2507965208350003
],
"l_knee": [
0.2359523200695276,
3.4571173039086345,
0.07329303188146333
],
"l_ankle": [
0.19112638996376968,
4.897437296745192,
1.4938271902740625
],
"l_body_wrist": [
0.4101101948059167,
1.3640860592677189,
-2.357106120162532
],
"r_shoulder": [
-0.48125951218500773,
0.02988232168723283,
0.1322736889257616
],
"r_elbow": [
-0.8307352516677732,
0.9894655401405849,
-1.158008517539804
],
"r_hip": [
-0.46366136834342037,
1.833014127324419,
0.640810279928633
],
"r_knee": [
-0.4842235655235678,
3.4156032235235387,
0.6050434364535345
],
"r_ankle": [
-0.4846262517823098,
4.833608395048636,
1.5562667521544364
],
"r_body_wrist": [
-0.6159437815265427,
0.12318917359676838,
-3.678211720805619
],
"m_face_position": [
0.07719570398330688,
-0.1526976227760315,
-0.5353202000260353
],
"m_body_position": [
0.1029624342918396,
0.18013855814933777,
-0.6637371778488159
],
"m_face_scale": [
0.13333951266992608,
0.13333951266992608,
0.13333951266992608
],
"m_body_scale": [
0.3713761035915321,
0.3713761035915321,
0.3713761035915321
],
"l_hand_scale": null,
"r_hand_scale": [
0.18738732241683692,
0.18738732241683692,
0.18738732241683692
]
}
],
"framerate": 30,
"mirrorable": true,
"invalid": false
}