{
"label": "i",
"gestures": [
{
"l_hand_position": [
0.10980528593063354,
-0.08399695158004761,
-0.5025147097185254
],
"l_wrist": [
0.24711222423387705,
0.9689234352555529,
0.011087165858071868
],
"l_thumb_cmc": [
-0.057997297908997034,
0.8212060100560246,
-0.11335017376727996
],
"l_thumb_mcp": [
-0.35099987721321496,
0.4553491175742168,
-0.18639389614629365
],
"l_thumb_ip": [
-0.47146182926775776,
0.08710871507917542,
-0.27442077516336255
],
"l_thumb_tip": [
-0.3356499938690982,
-0.09726639753700624,
-0.33282304634108173
],
"l_index_mcp": [
-0.18714555692657328,
0.03723769456792985,
-0.0018112367835088627
],
"l_index_pip": [
-0.19767111611597515,
-0.2560193360947452,
-0.1763510519500599
],
"l_index_dip": [
-0.15052611607258062,
0.03554853709949429,
-0.2672658093109819
],
"l_index_tip": [
-0.11160110407703051,
0.2929854932109331,
-0.2815935499822055
],
"l_middle_mcp": [
0.0,
0.0,
0.0
],
"l_middle_pip": [
-0.01529678502344695,
-0.2504430924040111,
-0.2106722653968204
],
"l_middle_dip": [
0.033788669491156914,
0.11830529278753697,
-0.28328550036973565
],
"l_middle_tip": [
0.0504073924089024,
0.39331976451297374,
-0.26461651197355407
],
"l_ring_mcp": [
0.18506552221637557,
-0.018403036782628855,
-0.03049325496458893
],
"l_ring_pip": [
0.1649491445717388,
-0.23386511324717554,
-0.22133418475378389
],
"l_ring_dip": [
0.18264797144805905,
0.11091713461969013,
-0.23905366280246862
],
"l_ring_tip": [
0.17777869772485644,
0.3712679267936263,
-0.17062576495328732
],
"l_pinky_mcp": [
0.35769289424734285,
-0.013641405447120634,
-0.07186347173472639
],
"l_pinky_pip": [
0.31920686341772603,
-0.40226472864204216,
-0.14344160981883008
],
"l_pinky_dip": [
0.30515184308162574,
-0.6210513645653561,
-0.14447735565060774
],
"l_pinky_tip": [
0.28038463084485854,
-0.8161041026011746,
-0.11000447848254061
],
"r_hand_position": null,
"r_wrist": null,
"r_thumb_cmc": null,
"r_thumb_mcp": null,
"r_thumb_ip": null,
"r_thumb_tip": null,
"r_index_mcp": null,
"r_index_pip": null,
"r_index_dip": null,
"r_index_tip": null,
"r_middle_mcp": null,
"r_middle_pip": null,
"r_middle_dip": null,
"r_middle_tip": null,
"r_ring_mcp": null,
"r_ring_pip": null,
"r_ring_dip": null,
"r_ring_tip": null,
"r_pinky_mcp": null,
"r_pinky_pip": null,
"r_pinky_dip": null,
"r_pinky_tip": null,
"l_hand_velocity": null,
"r_hand_velocity": null,
"m_nose_point": [
0.0,
0.0,
0.0
],
"m_top_nose": [
-0.0052795722026991905,
-0.33682527900481435,
0.19402428271065386
],
"m_eyebrows": [
-0.007603396717271897,
-0.605992777503368,
0.2640212982311661
],
"m_forehead": [
-0.009752944620752301,
-0.8881856117309539,
0.37647388133877263
],
"m_top_chin": [
-0.006995474078579032,
0.6725543063065216,
0.12679774903079927
],
"m_bot_up_lip": [
-0.024155992870806248,
0.39912166730316834,
0.08532565151411313
],
"m_top_low_lip": [
-0.022711733412215815,
0.48203396958034406,
0.10418657751873399
],
"m_bot_nose": [
-0.019631210216147662,
0.07102590102063384,
0.0721206867819811
],
"m_chin": [
-0.005795447335533446,
0.9889277204429555,
0.14828478185464908
],
"m_nose": [
-0.0035748523941977295,
-0.2746955307837333,
0.14255039269800182
],
"l_eye_exterior": [
-0.3599728403114363,
-0.3267570546306619,
0.3624191647150558
],
"l_temple": [
-0.5386596860511063,
-0.5278087169604672,
0.6322375157862846
],
"l_mid_chin": [
-0.19083513919621395,
0.7691357313870385,
0.14961214098079906
],
"l_up_lip": [
-0.14219907805064147,
0.33297592049314495,
0.08853959245617302
],
"l_ext_nostril": [
-0.15309518451082005,
0.023024831298810437,
0.11330527220953442
],
"l_mid_cheek": [
-0.3843067916935692,
0.03703296165706211,
0.2652378434531277
],
"l_mid_eyebrow": [
-0.32574296384945073,
-0.6282824560553876,
0.3099404312863645
],
"l_ext_eyebrow": [
-0.39375727502840385,
-0.5910733086537784,
0.3415007468357304
],
"l_ext_lips": [
-0.2564110778533037,
0.45014789535086935,
0.18922393283533107
],
"l_jaw_angle": [
-0.5309405822098031,
0.49183218793731126,
0.5716265855035395
],
"l_mid_ext_face": [
-0.5910626038697637,
0.1290578306475649,
0.7068599855941651
],
"l_int_eyebrow": [
-0.12530215604185824,
-0.6706015355155656,
0.2670819001736226
],
"l_mid_jaw": [
-0.4142126172470056,
0.7345217781839407,
0.380535895157727
],
"l_mid_bot_eyelid": [
-0.2710226307499618,
-0.303659539893892,
0.32216023627975177
],
"l_ext_mouth": [
-0.20072335955890958,
0.5246853746283404,
0.15386625283073008
],
"l_top_eyelid": [
-0.2825595924009293,
-0.4072864856228401,
0.3277033796971433
],
"l_eye_int": [
-0.17036166020979115,
-0.365368460554855,
0.33980616929870777
],
"l_pupil": [
-0.2931857610272603,
-0.3642581630841871,
0.34095586821563345
],
"r_eye_exterior": [
0.3632296856187269,
-0.3472689208361946,
0.39499979703665417
],
"r_temple": [
0.47241916440171733,
-0.5270106991763419,
0.6434178785812221
],
"r_mid_chin": [
0.17463170991490326,
0.7597815229249982,
0.15399831543288556
],
"r_up_lip": [
0.10300429548931782,
0.3272367925945295,
0.09219592393889003
],
"r_ext_nostril": [
0.15391120269609104,
0.028623228788468784,
0.15445105279503457
],
"r_mid_cheek": [
0.361975521305569,
0.03215458021323111,
0.2755213141013967
],
"r_mid_eyebrow": [
0.346218215602653,
-0.5899411925150552,
0.3502732150607443
],
"r_ext_eyebrow": [
0.2823121550685138,
-0.6284853696683026,
0.3170655900731977
],
"r_ext_lips": [
0.20041387538921163,
0.521338390948646,
0.17802603413823578
],
"r_jaw_angle": [
0.4778983774171232,
0.47936527374382104,
0.5820231808319254
],
"r_mid_ext_face": [
0.5188036071873129,
0.12323824641049519,
0.7175887019603564
],
"r_int_eyebrow": [
0.09840273839643937,
-0.6683291212375984,
0.26896557567476415
],
"r_mid_jaw": [
0.3821281976882401,
0.7178536794563882,
0.3893067269826368
],
"r_mid_bot_eyelid": [
0.2420543942728674,
-0.2996961788416333,
0.3280370945204668
],
"r_ext_mouth": [
0.2302404037209343,
0.4445634072620963,
0.19675575409388069
],
"r_top_eyelid": [
0.25077013396093734,
-0.421393618187393,
0.33341489334400126
],
"r_eye_int": [
0.1504658986434721,
-0.3548423168848904,
0.3432270807622742
],
"r_pupil": [
0.23827431003227378,
-0.3692044551323405,
0.3466012014103625
],
"l_shoulder": [
0.45611722986678144,
-0.025686583169009774,
-0.20321730256982357
],
"l_elbow": [
1.05053606621488,
0.6903739004477725,
-1.5469214932656812
],
"l_hip": [
0.39354282606121527,
1.7379275922970387,
0.396252777481486
],
"l_knee": [
0.4427730346848617,
3.2109333942905867,
0.2556053174557926
],
"l_ankle": [
0.4630251639469179,
4.429681892190476,
1.5742451838315004
],
"l_body_wrist": [
0.7663780873303021,
-0.3836482133265045,
-2.960227449805122
],
"r_shoulder": [
-0.45611722986678144,
0.025686583169009774,
0.20321730256982357
],
"r_elbow": [
-0.5955123265038696,
1.0896055671056764,
1.3865003224837606
],
"r_hip": [
-0.2694389648991981,
1.7770709245921354,
0.9738744473759382
],
"r_knee": [
-0.1570232398022404,
3.167281993861875,
0.6769076207546293
],
"r_ankle": [
-0.12443646384891159,
4.396651164164563,
1.670507651254713
],
"r_body_wrist": [
-0.6045047088779167,
1.7355354355247752,
1.5069040690959628
],
"m_face_position": [
-0.2118234932422638,
-0.0028738677501678467,
-0.5542301572859287
],
"m_body_position": [
-0.19575593620538712,
0.3701910376548767,
-0.8164921402931213
],
"m_face_scale": [
0.2185454936996819,
0.2185454936996819,
0.2185454936996819
],
"m_body_scale": [
0.4638990593321927,
0.4638990593321927,
0.4638990593321927
],
"l_hand_scale": [
0.22675177091772353,
0.22675177091772353,
0.22675177091772353
],
"r_hand_scale": null
}
],
"framerate": 30,
"mirrorable": true,
"invalid": false
}