{
"label": "i",
"gestures": [
{
"l_hand_position": null,
"l_wrist": null,
"l_thumb_cmc": null,
"l_thumb_mcp": null,
"l_thumb_ip": null,
"l_thumb_tip": null,
"l_index_mcp": null,
"l_index_pip": null,
"l_index_dip": null,
"l_index_tip": null,
"l_middle_mcp": null,
"l_middle_pip": null,
"l_middle_dip": null,
"l_middle_tip": null,
"l_ring_mcp": null,
"l_ring_pip": null,
"l_ring_dip": null,
"l_ring_tip": null,
"l_pinky_mcp": null,
"l_pinky_pip": null,
"l_pinky_dip": null,
"l_pinky_tip": null,
"r_hand_position": [
-0.14389455318450928,
0.018035888671875,
0.4995366003422532
],
"r_wrist": [
-0.2878387642070445,
0.9576724744586472,
0.003503924087811204
],
"r_thumb_cmc": [
-0.029765839951524015,
0.7914882062116813,
0.0571170997856247
],
"r_thumb_mcp": [
0.16415516840956312,
0.4321743776965823,
0.07577866608786969
],
"r_thumb_ip": [
0.24441819109826649,
0.13119333846536388,
0.10518443743937368
],
"r_thumb_tip": [
0.3321887029010569,
-0.0939988837825928,
0.12753108533145777
],
"r_index_mcp": [
0.137098550830902,
0.048558675762352656,
-0.029904499752100265
],
"r_index_pip": [
0.2524507582466881,
-0.25003810355330347,
0.05352435052019765
],
"r_index_dip": [
0.36010527660805314,
-0.3943716888444253,
0.12968977859680894
],
"r_index_tip": [
0.4764625690165999,
-0.4906622114815883,
0.1778999845188324
],
"r_middle_mcp": [
-0.0,
0.0,
-0.0
],
"r_middle_pip": [
0.10083030675805159,
-0.34527621656800184,
0.1258350325755966
],
"r_middle_dip": [
0.24447723420770667,
-0.3911944033482521,
0.21410066423195365
],
"r_middle_tip": [
0.37098408220009965,
-0.3454395992181703,
0.2473973863548646
],
"r_ring_mcp": [
-0.14424366849468429,
0.01693590748339642,
0.046417092560178536
],
"r_ring_pip": [
-0.08915779951925554,
-0.27030814387703483,
0.1695130319513686
],
"r_ring_dip": [
0.06933148393784387,
-0.22941402992831048,
0.21851336200349136
],
"r_ring_tip": [
0.21288376212809101,
-0.13684299783050052,
0.21699505830324456
],
"r_pinky_mcp": [
-0.2929196265942153,
0.08631246249714883,
0.09874059754730596
],
"r_pinky_pip": [
-0.2702155228160428,
-0.2291025887937824,
0.18073757494976733
],
"r_pinky_dip": [
-0.19251073439590863,
-0.4156459127393991,
0.2112139463282784
],
"r_pinky_tip": [
-0.10820123051213572,
-0.544651050469403,
0.21396862006425282
],
"l_hand_velocity": null,
"r_hand_velocity": null,
"m_nose_point": null,
"m_top_nose": null,
"m_eyebrows": null,
"m_forehead": null,
"m_top_chin": null,
"m_bot_up_lip": null,
"m_top_low_lip": null,
"m_bot_nose": null,
"m_chin": null,
"m_nose": null,
"l_eye_exterior": null,
"l_temple": null,
"l_mid_chin": null,
"l_up_lip": null,
"l_ext_nostril": null,
"l_mid_cheek": null,
"l_mid_eyebrow": null,
"l_ext_eyebrow": null,
"l_ext_lips": null,
"l_jaw_angle": null,
"l_mid_ext_face": null,
"l_int_eyebrow": null,
"l_mid_jaw": null,
"l_mid_bot_eyelid": null,
"l_ext_mouth": null,
"l_top_eyelid": null,
"l_eye_int": null,
"l_pupil": null,
"r_eye_exterior": null,
"r_temple": null,
"r_mid_chin": null,
"r_up_lip": null,
"r_ext_nostril": null,
"r_mid_cheek": null,
"r_mid_eyebrow": null,
"r_ext_eyebrow": null,
"r_ext_lips": null,
"r_jaw_angle": null,
"r_mid_ext_face": null,
"r_int_eyebrow": null,
"r_mid_jaw": null,
"r_mid_bot_eyelid": null,
"r_ext_mouth": null,
"r_top_eyelid": null,
"r_eye_int": null,
"r_pupil": null,
"l_shoulder": null,
"l_elbow": null,
"l_hip": null,
"l_knee": null,
"l_ankle": null,
"l_body_wrist": null,
"r_shoulder": null,
"r_elbow": null,
"r_hip": null,
"r_knee": null,
"r_ankle": null,
"r_body_wrist": null,
"m_face_position": null,
"m_body_position": null,
"m_face_scale": null,
"m_body_scale": null,
"l_hand_scale": null,
"r_hand_scale": [
-0.13224588846365826,
0.13224588846365826,
-0.13224588846365826
]
}
],
"framerate": 30,
"mirrorable": true,
"invalid": false
}