{
"label": "r",
"gestures": [
{
"l_hand_position": null,
"l_wrist": null,
"l_thumb_cmc": null,
"l_thumb_mcp": null,
"l_thumb_ip": null,
"l_thumb_tip": null,
"l_index_mcp": null,
"l_index_pip": null,
"l_index_dip": null,
"l_index_tip": null,
"l_middle_mcp": null,
"l_middle_pip": null,
"l_middle_dip": null,
"l_middle_tip": null,
"l_ring_mcp": null,
"l_ring_pip": null,
"l_ring_dip": null,
"l_ring_tip": null,
"l_pinky_mcp": null,
"l_pinky_pip": null,
"l_pinky_dip": null,
"l_pinky_tip": null,
"r_hand_position": [
-0.13373404741287231,
0.081057608127594,
0.5046059833839536
],
"r_wrist": [
0.018631638597013226,
0.9991498170722894,
-0.036776420266262544
],
"r_thumb_cmc": [
0.24628932247988986,
0.7792131984409567,
0.014860732064795648
],
"r_thumb_mcp": [
0.3507116854254338,
0.39008559651927516,
0.057482456919164975
],
"r_thumb_ip": [
0.28157950200793375,
0.08290674657336085,
0.12290313256287373
],
"r_thumb_tip": [
0.12487814128054826,
-0.09063304676806096,
0.17906180323140225
],
"r_index_mcp": [
0.166816222713105,
-0.034298395751896374,
-0.05499948768736186
],
"r_index_pip": [
0.13797930038494613,
-0.42907783266663363,
0.07950416736977747
],
"r_index_dip": [
0.17575179477689862,
-0.6173411415869672,
0.17737347457552155
],
"r_index_tip": [
0.2553319729264249,
-0.6612727845542081,
0.22414630858082865
],
"r_middle_mcp": [
-0.0,
0.0,
-0.0
],
"r_middle_pip": [
-0.04594709608239683,
-0.4739636630000818,
0.16397753760663503
],
"r_middle_dip": [
0.059849677393624096,
-0.630116782407831,
0.2632632018120953
],
"r_middle_tip": [
0.18755230845893028,
-0.6292282697830386,
0.28770485396866946
],
"r_ring_mcp": [
-0.14941479575781028,
0.12231397094183287,
0.07151903492879508
],
"r_ring_pip": [
-0.03172661095040827,
-0.10947170357170767,
0.23692507252118913
],
"r_ring_dip": [
0.12283698935353447,
0.12958245156232287,
0.24709341421028896
],
"r_ring_tip": [
0.20709911030044048,
0.3449584828967162,
0.1963435700939834
],
"r_pinky_mcp": [
-0.26767977612024624,
0.3058282346116021,
0.14999493007630613
],
"r_pinky_pip": [
-0.09903560643776378,
0.1785320254967901,
0.25469928096840017
],
"r_pinky_dip": [
0.03622152350593291,
0.35171917403105,
0.2337120071830605
],
"r_pinky_tip": [
0.0916034148676602,
0.5080869261082055,
0.18241451662702282
],
"l_hand_velocity": null,
"r_hand_velocity": null,
"m_nose_point": null,
"m_top_nose": null,
"m_eyebrows": null,
"m_forehead": null,
"m_top_chin": null,
"m_bot_up_lip": null,
"m_top_low_lip": null,
"m_bot_nose": null,
"m_chin": null,
"m_nose": null,
"l_eye_exterior": null,
"l_temple": null,
"l_mid_chin": null,
"l_up_lip": null,
"l_ext_nostril": null,
"l_mid_cheek": null,
"l_mid_eyebrow": null,
"l_ext_eyebrow": null,
"l_ext_lips": null,
"l_jaw_angle": null,
"l_mid_ext_face": null,
"l_int_eyebrow": null,
"l_mid_jaw": null,
"l_mid_bot_eyelid": null,
"l_ext_mouth": null,
"l_top_eyelid": null,
"l_eye_int": null,
"l_pupil": null,
"r_eye_exterior": null,
"r_temple": null,
"r_mid_chin": null,
"r_up_lip": null,
"r_ext_nostril": null,
"r_mid_cheek": null,
"r_mid_eyebrow": null,
"r_ext_eyebrow": null,
"r_ext_lips": null,
"r_jaw_angle": null,
"r_mid_ext_face": null,
"r_int_eyebrow": null,
"r_mid_jaw": null,
"r_mid_bot_eyelid": null,
"r_ext_mouth": null,
"r_top_eyelid": null,
"r_eye_int": null,
"r_pupil": null,
"l_shoulder": null,
"l_elbow": null,
"l_hip": null,
"l_knee": null,
"l_ankle": null,
"l_body_wrist": null,
"r_shoulder": null,
"r_elbow": null,
"r_hip": null,
"r_knee": null,
"r_ankle": null,
"r_body_wrist": null,
"m_face_position": null,
"m_body_position": null,
"m_face_scale": null,
"m_body_scale": null,
"l_hand_scale": null,
"r_hand_scale": [
-0.1252451216679687,
0.1252451216679687,
-0.1252451216679687
]
}
],
"framerate": 30,
"mirrorable": true,
"invalid": false
}