{
"label": "r",
"gestures": [
{
"l_hand_position": null,
"l_wrist": null,
"l_thumb_cmc": null,
"l_thumb_mcp": null,
"l_thumb_ip": null,
"l_thumb_tip": null,
"l_index_mcp": null,
"l_index_pip": null,
"l_index_dip": null,
"l_index_tip": null,
"l_middle_mcp": null,
"l_middle_pip": null,
"l_middle_dip": null,
"l_middle_tip": null,
"l_ring_mcp": null,
"l_ring_pip": null,
"l_ring_dip": null,
"l_ring_tip": null,
"l_pinky_mcp": null,
"l_pinky_pip": null,
"l_pinky_dip": null,
"l_pinky_tip": null,
"r_hand_position": [
-0.05166733264923096,
-0.04267498850822449,
-0.54189508035779
],
"r_wrist": [
-0.5531677541644655,
0.7723130791273659,
0.312310652334256
],
"r_thumb_cmc": [
-0.14698523354585652,
0.7432889973344098,
0.2926513720996008
],
"r_thumb_mcp": [
0.17136058358291412,
0.5799251210180939,
0.21614024895960157
],
"r_thumb_ip": [
0.3780861857223139,
0.4530530669603386,
0.12320351322433036
],
"r_thumb_tip": [
0.5706838643944326,
0.3060120708495726,
0.02895215697068745
],
"r_index_mcp": [
0.15831858608088195,
0.0669086352045742,
0.10440407255069853
],
"r_index_pip": [
0.43703899139711594,
-0.16668896918085752,
-0.08553416499038455
],
"r_index_dip": [
0.6609414629831493,
-0.2959246006412893,
-0.20330761795034516
],
"r_index_tip": [
0.8512482111001032,
-0.38360312506253985,
-0.27905228699613094
],
"r_middle_mcp": [
0.0,
0.0,
0.0
],
"r_middle_pip": [
0.3401049920089603,
-0.2363975071964037,
-0.22589962117796256
],
"r_middle_dip": [
0.61400049141004,
-0.32640384100060793,
-0.3590896738126861
],
"r_middle_tip": [
0.8420138414864506,
-0.3846794980784217,
-0.4370292440563375
],
"r_ring_mcp": [
-0.1680443771828999,
0.06018913505217721,
-0.10181441793640458
],
"r_ring_pip": [
0.155467141775651,
0.16018807605583468,
-0.3332300064975354
],
"r_ring_dip": [
0.34726059540803966,
0.29989262921438864,
-0.41607151719571306
],
"r_ring_tip": [
0.49512536678049607,
0.3859260468900034,
-0.4425171913060428
],
"r_pinky_mcp": [
-0.31245609060162005,
0.23860890389404835,
-0.20005267261516674
],
"r_pinky_pip": [
-0.04881401613387297,
0.448265039872973,
-0.3718819616614982
],
"r_pinky_dip": [
0.1145578580005176,
0.5916610303962108,
-0.4216902620951811
],
"r_pinky_tip": [
0.24313300298495003,
0.6628798230581894,
-0.4398705244677652
],
"l_hand_velocity": null,
"r_hand_velocity": [
-0.0007636845111846924,
0.000538170337677002,
-0.0004833526909351349
],
"m_nose_point": null,
"m_top_nose": null,
"m_eyebrows": null,
"m_forehead": null,
"m_top_chin": null,
"m_bot_up_lip": null,
"m_top_low_lip": null,
"m_bot_nose": null,
"m_chin": null,
"m_nose": null,
"l_eye_exterior": null,
"l_temple": null,
"l_mid_chin": null,
"l_up_lip": null,
"l_ext_nostril": null,
"l_mid_cheek": null,
"l_mid_eyebrow": null,
"l_ext_eyebrow": null,
"l_ext_lips": null,
"l_jaw_angle": null,
"l_mid_ext_face": null,
"l_int_eyebrow": null,
"l_mid_jaw": null,
"l_mid_bot_eyelid": null,
"l_ext_mouth": null,
"l_top_eyelid": null,
"l_eye_int": null,
"l_pupil": null,
"r_eye_exterior": null,
"r_temple": null,
"r_mid_chin": null,
"r_up_lip": null,
"r_ext_nostril": null,
"r_mid_cheek": null,
"r_mid_eyebrow": null,
"r_ext_eyebrow": null,
"r_ext_lips": null,
"r_jaw_angle": null,
"r_mid_ext_face": null,
"r_int_eyebrow": null,
"r_mid_jaw": null,
"r_mid_bot_eyelid": null,
"r_ext_mouth": null,
"r_top_eyelid": null,
"r_eye_int": null,
"r_pupil": null,
"l_shoulder": null,
"l_elbow": null,
"l_hip": null,
"l_knee": null,
"l_ankle": null,
"l_body_wrist": null,
"r_shoulder": null,
"r_elbow": null,
"r_hip": null,
"r_knee": null,
"r_ankle": null,
"r_body_wrist": null,
"m_face_position": null,
"m_body_position": null,
"m_face_scale": null,
"m_body_scale": null,
"l_hand_scale": null,
"r_hand_scale": [
0.13414703809727344,
0.13414703809727344,
0.13414703809727344
]
}
],
"framerate": 30,
"mirrorable": true,
"invalid": false
}