{
"label": "r",
"gestures": [
{
"l_hand_position": null,
"l_wrist": null,
"l_thumb_cmc": null,
"l_thumb_mcp": null,
"l_thumb_ip": null,
"l_thumb_tip": null,
"l_index_mcp": null,
"l_index_pip": null,
"l_index_dip": null,
"l_index_tip": null,
"l_middle_mcp": null,
"l_middle_pip": null,
"l_middle_dip": null,
"l_middle_tip": null,
"l_ring_mcp": null,
"l_ring_pip": null,
"l_ring_dip": null,
"l_ring_tip": null,
"l_pinky_mcp": null,
"l_pinky_pip": null,
"l_pinky_dip": null,
"l_pinky_tip": null,
"r_hand_position": [
-0.12373131513595581,
0.08075070381164551,
0.5062356777489185
],
"r_wrist": [
-0.029836766031316127,
0.9983378332120555,
-0.049308601382018084
],
"r_thumb_cmc": [
0.20298577925364666,
0.7910009178259552,
0.029406533424740144
],
"r_thumb_mcp": [
0.29753909691185565,
0.3961291867726714,
0.08070841735557995
],
"r_thumb_ip": [
0.18291126221621185,
0.07861643321466615,
0.14953866785325753
],
"r_thumb_tip": [
-0.0016929463808246852,
-0.09474325568478816,
0.20749883991031023
],
"r_index_mcp": [
0.1729661448493461,
-0.04261021614632465,
-0.045180551183857665
],
"r_index_pip": [
0.1282647251696921,
-0.4302779701865502,
0.09117802937695177
],
"r_index_dip": [
0.12396024875096384,
-0.6463074959776449,
0.19268323198378595
],
"r_index_tip": [
0.1670705250615577,
-0.705819368628077,
0.2453612239868454
],
"r_middle_mcp": [
-0.0,
0.0,
-0.0
],
"r_middle_pip": [
-0.04619782969054445,
-0.4876279427677053,
0.17134178883683557
],
"r_middle_dip": [
0.02874992461868202,
-0.6427043291955167,
0.2765363932712091
],
"r_middle_tip": [
0.12448953015009138,
-0.6218948038393468,
0.3081385401758062
],
"r_ring_mcp": [
-0.1572234402245393,
0.13040871544986232,
0.06239936956209605
],
"r_ring_pip": [
-0.11635612934444228,
-0.11307109697407812,
0.23150346575174088
],
"r_ring_dip": [
0.021213673886670125,
0.15238072751213014,
0.23068974862298425
],
"r_ring_tip": [
0.11159165413181513,
0.37738093674961315,
0.17341070823289648
],
"r_pinky_mcp": [
-0.2931083093489011,
0.320293955282183,
0.13435702861186466
],
"r_pinky_pip": [
-0.1958779495294771,
0.1568449781020999,
0.24132253708639007
],
"r_pinky_dip": [
-0.06948526863167688,
0.34734480648692484,
0.20889129655646774
],
"r_pinky_tip": [
0.0045028980296211146,
0.5105472884116707,
0.1495497731007793
],
"l_hand_velocity": null,
"r_hand_velocity": null,
"m_nose_point": null,
"m_top_nose": null,
"m_eyebrows": null,
"m_forehead": null,
"m_top_chin": null,
"m_bot_up_lip": null,
"m_top_low_lip": null,
"m_bot_nose": null,
"m_chin": null,
"m_nose": null,
"l_eye_exterior": null,
"l_temple": null,
"l_mid_chin": null,
"l_up_lip": null,
"l_ext_nostril": null,
"l_mid_cheek": null,
"l_mid_eyebrow": null,
"l_ext_eyebrow": null,
"l_ext_lips": null,
"l_jaw_angle": null,
"l_mid_ext_face": null,
"l_int_eyebrow": null,
"l_mid_jaw": null,
"l_mid_bot_eyelid": null,
"l_ext_mouth": null,
"l_top_eyelid": null,
"l_eye_int": null,
"l_pupil": null,
"r_eye_exterior": null,
"r_temple": null,
"r_mid_chin": null,
"r_up_lip": null,
"r_ext_nostril": null,
"r_mid_cheek": null,
"r_mid_eyebrow": null,
"r_ext_eyebrow": null,
"r_ext_lips": null,
"r_jaw_angle": null,
"r_mid_ext_face": null,
"r_int_eyebrow": null,
"r_mid_jaw": null,
"r_mid_bot_eyelid": null,
"r_ext_mouth": null,
"r_top_eyelid": null,
"r_eye_int": null,
"r_pupil": null,
"l_shoulder": null,
"l_elbow": null,
"l_hip": null,
"l_knee": null,
"l_ankle": null,
"l_body_wrist": null,
"r_shoulder": null,
"r_elbow": null,
"r_hip": null,
"r_knee": null,
"r_ankle": null,
"r_body_wrist": null,
"m_face_position": null,
"m_body_position": null,
"m_face_scale": null,
"m_body_scale": null,
"l_hand_scale": null,
"r_hand_scale": [
-0.12646583876384118,
0.12646583876384118,
-0.12646583876384118
]
}
],
"framerate": 30,
"mirrorable": true,
"invalid": false
}