{
"label": "r",
"gestures": [
{
"l_hand_position": null,
"l_wrist": null,
"l_thumb_cmc": null,
"l_thumb_mcp": null,
"l_thumb_ip": null,
"l_thumb_tip": null,
"l_index_mcp": null,
"l_index_pip": null,
"l_index_dip": null,
"l_index_tip": null,
"l_middle_mcp": null,
"l_middle_pip": null,
"l_middle_dip": null,
"l_middle_tip": null,
"l_ring_mcp": null,
"l_ring_pip": null,
"l_ring_dip": null,
"l_ring_tip": null,
"l_pinky_mcp": null,
"l_pinky_pip": null,
"l_pinky_dip": null,
"l_pinky_tip": null,
"r_hand_position": [
-0.3596158027648926,
0.05764758586883545,
-0.4978489538189024
],
"r_wrist": [
0.007030289138002625,
0.9998664333449424,
-0.014754338504313317
],
"r_thumb_cmc": [
0.09176276796553316,
0.6832021838998082,
-0.16642062081003386
],
"r_thumb_mcp": [
0.05835926045630497,
0.3215445746207713,
-0.17902785493081103
],
"r_thumb_ip": [
-0.1375429044180034,
0.10613971283039979,
-0.17648589538768314
],
"r_thumb_tip": [
-0.30383116331205023,
-0.03518119130466859,
-0.16148707807209428
],
"r_index_mcp": [
0.12682681674650703,
-0.04632138397687119,
-0.01804182531872426
],
"r_index_pip": [
0.08813206526124663,
-0.4118281371234893,
-0.06297968364332317
],
"r_index_dip": [
0.054600068962939674,
-0.6480647421589628,
-0.11456110936642046
],
"r_index_tip": [
0.01852303378596705,
-0.8581207086789183,
-0.15194322060907564
],
"r_middle_mcp": [
0.0,
0.0,
0.0
],
"r_middle_pip": [
-0.04061257699098479,
-0.41178029881538364,
-0.026857504576840417
],
"r_middle_dip": [
-0.057839887713815596,
-0.6651608041903242,
-0.08015786554813412
],
"r_middle_tip": [
-0.0747422454847917,
-0.8828228572618707,
-0.11633289003730293
],
"r_ring_mcp": [
-0.12891616507488388,
0.13916613589817092,
-0.011696039289653378
],
"r_ring_pip": [
-0.2509679929203326,
-0.02046212076196062,
-0.12664158545034793
],
"r_ring_dip": [
-0.21032367705185465,
0.1630337717730573,
-0.21375293403343665
],
"r_ring_tip": [
-0.15951591841096882,
0.26969479949948066,
-0.23489327525326323
],
"r_pinky_mcp": [
-0.23715831021536463,
0.33124552930552054,
-0.036178439229511035
],
"r_pinky_pip": [
-0.32262415643927184,
0.21940120045212397,
-0.14284538126065247
],
"r_pinky_dip": [
-0.28895733379824823,
0.3170739416222444,
-0.1895990093948173
],
"r_pinky_tip": [
-0.25370515167097407,
0.398882354976118,
-0.20262843191741828
],
"l_hand_velocity": null,
"r_hand_velocity": null,
"m_nose_point": [
0.0,
0.0,
0.0
],
"m_top_nose": [
-0.03075080751175848,
-0.28533474270741305,
0.22367921734437163
],
"m_eyebrows": [
-0.07543703908835425,
-0.543602105920611,
0.31594529790451714
],
"m_forehead": [
-0.12691319289087044,
-0.837480414150623,
0.4679698807052882
],
"m_top_chin": [
0.1761119887878974,
0.6326354732839251,
0.06500900464076856
],
"m_bot_up_lip": [
0.0930674298469183,
0.364919111692518,
0.07224618302808589
],
"m_top_low_lip": [
0.09472334762081969,
0.36811273468023853,
0.0842907065333802
],
"m_bot_nose": [
0.014971550089462734,
0.08869662640531087,
0.07289580755366745
],
"m_chin": [
0.2639945498143151,
0.9631191720312041,
0.05204169611249144
],
"m_nose": [
-0.02809926682146702,
-0.23317757152689303,
0.16601997413105354
],
"l_eye_exterior": [
-0.29432054565597715,
-0.08322705841122564,
0.48473587155364917
],
"l_temple": [
-0.475297146129491,
-0.27123824814238395,
0.836064012213721
],
"l_mid_chin": [
0.03715571472625558,
0.8104978086038773,
0.13390202482166036
],
"l_up_lip": [
-0.04650157146837702,
0.32055784691455474,
0.11570166172565784
],
"l_ext_nostril": [
-0.13074238500142368,
0.08775728397071295,
0.15105899134962603
],
"l_mid_cheek": [
-0.30476657984970085,
0.20251059602985425,
0.37736491326686644
],
"l_mid_eyebrow": [
-0.3373056466866879,
-0.4001356223704121,
0.43164221317217866
],
"l_ext_eyebrow": [
-0.3850774144679807,
-0.34092455231087965,
0.48305889275217334
],
"l_ext_lips": [
-0.12488591813041582,
0.5085252367728539,
0.2525937021245515
],
"l_jaw_angle": [
-0.21813231519976944,
0.6943259458237488,
0.6815762679137407
],
"l_mid_ext_face": [
-0.3409546941588687,
0.3802683768145942,
0.8601401665197986
],
"l_int_eyebrow": [
-0.18083860732568874,
-0.5158518251828929,
0.34103610511206783
],
"l_mid_jaw": [
-0.08326709055308616,
0.8575603010246765,
0.43231799104926244
],
"l_mid_bot_eyelid": [
-0.22328044864303337,
-0.09344326101403244,
0.4220584448222721
],
"l_ext_mouth": [
-0.04739358178230456,
0.49452670321378944,
0.19948947919461435
],
"l_top_eyelid": [
-0.23415647513697666,
-0.1648078538592339,
0.4353866313352625
],
"l_eye_int": [
-0.1399450679655969,
-0.17782253866127906,
0.4222635653962097
],
"l_pupil": [
-0.21728716604013745,
-0.137600361868507,
0.4437715547780399
],
"r_eye_exterior": [
0.42883419390384997,
-0.42155611503041857,
0.344876225114287
],
"r_temple": [
0.5734156903464583,
-0.6372902694495549,
0.584164791402385
],
"r_mid_chin": [
0.42576631893820904,
0.6985441561599114,
0.05962409285255897
],
"r_up_lip": [
0.2159373764098754,
0.24700373139276982,
0.05355480805092491
],
"r_ext_nostril": [
0.23851385603690142,
-0.0005340758690569298,
0.11958061437725168
],
"r_mid_cheek": [
0.5096275335731429,
-0.06151668594751151,
0.20694470397520343
],
"r_mid_eyebrow": [
0.3674399592137942,
-0.6593788279122573,
0.318627554433067
],
"r_ext_eyebrow": [
0.28040113444788406,
-0.6751592627504901,
0.30132774895481024
],
"r_ext_lips": [
0.4354098264292229,
0.43073006904572714,
0.11331411240615766
],
"r_jaw_angle": [
0.7735603867923553,
0.37980353300263725,
0.44354627095618
],
"r_mid_ext_face": [
0.7573049823651067,
0.01804107343741559,
0.5967214614049082
],
"r_int_eyebrow": [
0.04892257411818932,
-0.6550678372002533,
0.29526304135763154
],
"r_mid_jaw": [
0.685683712845623,
0.6226594635322815,
0.2579929806868339
],
"r_mid_bot_eyelid": [
0.2903865635270243,
-0.3473155660173192,
0.2982387246553996
],
"r_ext_mouth": [
0.46384866000694214,
0.3439566338320335,
0.1302338884935997
],
"r_top_eyelid": [
0.2848560053873986,
-0.41856477210068743,
0.3085734341722729
],
"r_eye_int": [
0.1790501125172728,
-0.3571274439873347,
0.3392145617100681
],
"r_pupil": [
0.3074270689011141,
-0.4013704962052157,
0.32087314050537924
],
"l_shoulder": [
0.4866299623251504,
-0.06359055494440467,
-0.09564267399694223
],
"l_elbow": [
0.7413775371452286,
0.8844714939896289,
-0.8379358701859685
],
"l_hip": [
0.3852666784964986,
1.8440366474169816,
-0.07431713356135952
],
"l_knee": [
0.3778739209244555,
3.5753038063136424,
-0.5834535475524585
],
"l_ankle": [
0.4305332324878432,
5.139613809198004,
0.4956983440882272
],
"l_body_wrist": [
0.3579656202367245,
1.040956097741542,
-2.171962412441204
],
"r_shoulder": [
-0.4866299623251504,
0.06359055494440467,
0.09564267399694223
],
"r_elbow": [
-0.8741866901042353,
0.8950931228679376,
-1.0885668464846643
],
"r_hip": [
-0.3853663033546053,
1.8839045439728042,
0.10478813378152392
],
"r_knee": [
-0.3075197758546191,
3.5728281726714854,
-0.31367892942264264
],
"r_ankle": [
-0.24078699036952672,
5.127142668472816,
0.13510458723367197
],
"r_body_wrist": [
-1.0006184495418227,
0.2369507921426627,
-3.5848806214962745
],
"m_face_position": [
-0.029926002025604248,
-0.16413089632987976,
-0.5330067984759808
],
"m_body_position": [
0.05158908665180206,
0.17352929711341858,
-0.5038401167839766
],
"m_face_scale": [
0.1265581747676528,
0.1265581747676528,
0.1265581747676528
],
"m_body_scale": [
0.3718377865915248,
0.3718377865915248,
0.3718377865915248
],
"l_hand_scale": null,
"r_hand_scale": [
0.1457773845871199,
0.1457773845871199,
0.1457773845871199
]
}
],
"framerate": 30,
"mirrorable": true,
"invalid": false
}