{
"label": "m",
"gestures": [
{
"l_hand_position": null,
"l_wrist": null,
"l_thumb_cmc": null,
"l_thumb_mcp": null,
"l_thumb_ip": null,
"l_thumb_tip": null,
"l_index_mcp": null,
"l_index_pip": null,
"l_index_dip": null,
"l_index_tip": null,
"l_middle_mcp": null,
"l_middle_pip": null,
"l_middle_dip": null,
"l_middle_tip": null,
"l_ring_mcp": null,
"l_ring_pip": null,
"l_ring_dip": null,
"l_ring_tip": null,
"l_pinky_mcp": null,
"l_pinky_pip": null,
"l_pinky_dip": null,
"l_pinky_tip": null,
"r_hand_position": [
-0.24743187427520752,
0.08445018529891968,
-0.627179890871048
],
"r_wrist": [
-0.13247684703222876,
0.6212065360043069,
0.7723679981886413
],
"r_thumb_cmc": [
0.17210039414344339,
0.04973395139356624,
0.5629540006975813
],
"r_thumb_mcp": [
0.5282393940387258,
-0.22515313976789075,
0.3123157853720938
],
"r_thumb_ip": [
0.8862829405714931,
-0.09994788546152289,
0.09165085463708456
],
"r_thumb_tip": [
1.1480291486044474,
0.12520634024002034,
-0.14061990151419437
],
"r_index_mcp": [
0.24281458370267142,
-0.455090903208551,
0.042663165898940716
],
"r_index_pip": [
0.8691101667803226,
-0.0997951307944092,
-0.265378022639159
],
"r_index_dip": [
1.2669801490283739,
0.1508770878285711,
-0.45653383754926646
],
"r_index_tip": [
1.5841230904746255,
0.36063675609485846,
-0.5816657008396218
],
"r_middle_mcp": [
0.0,
0.0,
0.0
],
"r_middle_pip": [
0.7464481690880324,
0.35715561478293356,
-0.33757252075564154
],
"r_middle_dip": [
1.2443760780743898,
0.57924316384991,
-0.4670819635880333
],
"r_middle_tip": [
1.6207480127934946,
0.7430511876341737,
-0.5645441469190593
],
"r_ring_mcp": [
-0.0910919155367127,
0.4719804293053697,
-0.034561829368124034
],
"r_ring_pip": [
0.6437628258775824,
0.7821429892335636,
-0.3068625885472889
],
"r_ring_dip": [
1.1406529442700655,
0.9266318913625557,
-0.36478140286844074
],
"r_ring_tip": [
1.4817336641844727,
1.0105405367771416,
-0.38930214671902896
],
"r_pinky_mcp": [
-0.06720644287281764,
0.8446482443359097,
-0.08172926706855564
],
"r_pinky_pip": [
0.5485148612639364,
1.0216699088033914,
-0.2270452886628434
],
"r_pinky_dip": [
0.9153486787355398,
1.0283216144026357,
-0.24190981998122435
],
"r_pinky_tip": [
1.1754171192754326,
1.0144669108865778,
-0.2586950059529352
],
"l_hand_velocity": null,
"r_hand_velocity": null,
"m_nose_point": [
0.0,
0.0,
0.0
],
"m_top_nose": [
0.016258765834464034,
-0.30380949950892067,
0.25266465491365464
],
"m_eyebrows": [
0.015295083401829153,
-0.5543227050224434,
0.3670356433396788
],
"m_forehead": [
0.013445930444135556,
-0.8551698121451496,
0.5422288105564855
],
"m_top_chin": [
0.02209905381388653,
0.5991711819054778,
0.0018791516469462094
],
"m_bot_up_lip": [
0.02735228693941889,
0.38806653577482586,
0.0500002934892748
],
"m_top_low_lip": [
0.030129275205441626,
0.4191331900035092,
0.04197622604803681
],
"m_bot_nose": [
-0.006391495709006893,
0.09422137295522919,
0.06643247560690622
],
"m_chin": [
0.03956312100974752,
0.9989348205600949,
-0.02374834159556053
],
"m_nose": [
0.011584673262650412,
-0.2520495108409117,
0.18888521930276148
],
"l_eye_exterior": [
-0.2952229493700232,
-0.1726641918775706,
0.4851338270589676
],
"l_temple": [
-0.46775795193597247,
-0.3188741371116415,
0.8403585485346807
],
"l_mid_chin": [
-0.14935308626978797,
0.7946718541540816,
0.03948675674210108
],
"l_up_lip": [
-0.09836264690668019,
0.3421072635853824,
0.07841910511851903
],
"l_ext_nostril": [
-0.13908917004162316,
0.06590144643308972,
0.13947762542558728
],
"l_mid_cheek": [
-0.3505136470086133,
0.14182425907144436,
0.34284775256934175
],
"l_mid_eyebrow": [
-0.29261821351949563,
-0.4516016064566677,
0.4517858321608412
],
"l_ext_eyebrow": [
-0.35288467823055025,
-0.40005134674320075,
0.49388638837296767
],
"l_ext_lips": [
-0.23228052010689837,
0.49489748386490146,
0.17833005973795837
],
"l_jaw_angle": [
-0.384776514638869,
0.705544497226819,
0.6037100039570825
],
"l_mid_ext_face": [
-0.4527792077674648,
0.38165339212711485,
0.8131896871404107
],
"l_int_eyebrow": [
-0.10899713860169398,
-0.5414186713665141,
0.38532872620432074
],
"l_mid_jaw": [
-0.3027676051687096,
0.87312235460306,
0.3435537837960291
],
"l_mid_bot_eyelid": [
-0.21246125028944327,
-0.1663611501116558,
0.42826790726769726
],
"l_ext_mouth": [
-0.15464449425497062,
0.5288537887502827,
0.12358069150208432
],
"l_top_eyelid": [
-0.22557617676758684,
-0.2716699920599441,
0.44379628794443177
],
"l_eye_int": [
-0.10922618775959561,
-0.2497978924421491,
0.4404053303845978
],
"l_pupil": [
-0.2124486805185828,
-0.21684903141387984,
0.4524631740494073
],
"r_eye_exterior": [
0.4555345480947834,
-0.29998735807320454,
0.41864694063838304
],
"r_temple": [
0.6158726830024712,
-0.459502405763067,
0.703701425477713
],
"r_mid_chin": [
0.2342772514854351,
0.7628635834446315,
-0.004020784550679835
],
"r_up_lip": [
0.15510817913560074,
0.32182663662264166,
0.04367515278593288
],
"r_ext_nostril": [
0.20128346516501647,
0.04801000702797325,
0.13865767337630408
],
"r_mid_cheek": [
0.4560280279878235,
0.05607235116728284,
0.24556459565650157
],
"r_mid_eyebrow": [
0.4305095309528243,
-0.5325020483557625,
0.39968413194425545
],
"r_ext_eyebrow": [
0.35126178114834483,
-0.5653773529471446,
0.37653864470623605
],
"r_ext_lips": [
0.27334456486679803,
0.5066078548361564,
0.07682904365301739
],
"r_jaw_angle": [
0.6130300525997328,
0.6035692050654303,
0.47407624036839396
],
"r_mid_ext_face": [
0.6758896144845924,
0.2563802624494073,
0.6688163541898648
],
"r_int_eyebrow": [
0.13535687919020584,
-0.594113013001817,
0.3582979868060567
],
"r_mid_jaw": [
0.48846595110796864,
0.8023612950911977,
0.2440675335829152
],
"r_mid_bot_eyelid": [
0.31469398997993686,
-0.24103978820835986,
0.35747459407296733
],
"r_ext_mouth": [
0.3162535726607711,
0.44504786759414716,
0.107566308782104
],
"r_top_eyelid": [
0.32058316040159446,
-0.3724306719185577,
0.37204687927945557
],
"r_eye_int": [
0.2022122315674834,
-0.29489892861006484,
0.39276170889985335
],
"r_pupil": [
0.32555101317388757,
-0.30224409748972514,
0.3824858630280478
],
"l_shoulder": [
0.47454593122648336,
-0.004499960942006427,
-0.1574354137667576
],
"l_elbow": [
0.8047969824082134,
0.8445531287754541,
-1.102949179998577
],
"l_hip": [
0.35896597596285784,
1.9957520289238428,
-0.19228059237308143
],
"l_knee": [
0.31209783319828843,
3.6155542961709726,
-1.1002364939955813
],
"l_ankle": [
0.2659114082775937,
5.2954526890363205,
-0.5296773199622883
],
"l_body_wrist": [
0.6004206950941684,
1.233574096240927,
-2.2807987872397817
],
"r_shoulder": [
-0.47454593122648336,
0.004499960942006427,
0.1574354137667576
],
"r_elbow": [
-1.0117616902221997,
0.7361778668086641,
-1.302276458658012
],
"r_hip": [
-0.37024925084162386,
1.9870978037477653,
0.19185583066262535
],
"r_knee": [
-0.43563110864286975,
3.61072962959248,
-0.7005395987850422
],
"r_ankle": [
-0.4369369828768784,
5.284767577697495,
-0.8973367153674457
],
"r_body_wrist": [
-0.772444329543783,
0.21863545655265496,
-3.2612018666256115
],
"m_face_position": [
0.055500805377960205,
-0.16351956129074097,
-0.533295527100563
],
"m_body_position": [
0.08122529089450836,
0.15174829959869385,
-0.49789077788591385
],
"m_face_scale": [
0.12803140381807232,
0.12803140381807232,
0.12803140381807232
],
"m_body_scale": [
0.3634590330260655,
0.3634590330260655,
0.3634590330260655
],
"l_hand_scale": null,
"r_hand_scale": [
0.16466377473425933,
0.16466377473425933,
0.16466377473425933
]
}
],
"framerate": 30,
"mirrorable": true,
"invalid": false
}