{
"label": "m",
"gestures": [
{
"l_hand_position": null,
"l_wrist": null,
"l_thumb_cmc": null,
"l_thumb_mcp": null,
"l_thumb_ip": null,
"l_thumb_tip": null,
"l_index_mcp": null,
"l_index_pip": null,
"l_index_dip": null,
"l_index_tip": null,
"l_middle_mcp": null,
"l_middle_pip": null,
"l_middle_dip": null,
"l_middle_tip": null,
"l_ring_mcp": null,
"l_ring_pip": null,
"l_ring_dip": null,
"l_ring_tip": null,
"l_pinky_mcp": null,
"l_pinky_pip": null,
"l_pinky_dip": null,
"l_pinky_tip": null,
"r_hand_position": [
-0.18264555931091309,
0.10746651887893677,
-0.5976243540644646
],
"r_wrist": [
-0.49653698737554147,
0.6437979607928591,
0.5822157725851966
],
"r_thumb_cmc": [
-0.3506625235945716,
0.0689948949793415,
0.5048560285309851
],
"r_thumb_mcp": [
0.04383617019478819,
-0.269850571033913,
0.3706564288897858
],
"r_thumb_ip": [
0.4602252224435123,
-0.2715770874558438,
0.2689495885990898
],
"r_thumb_tip": [
0.7476519937002726,
-0.18542046994522832,
0.16031271063154065
],
"r_index_mcp": [
0.003481292686468899,
-0.41006880065680934,
0.04000354012546447
],
"r_index_pip": [
0.658629223850759,
-0.4439578617235576,
-0.1823754719042952
],
"r_index_dip": [
1.0537643861707893,
-0.4104434657399296,
-0.27522434006705826
],
"r_index_tip": [
1.355767904167125,
-0.38917500155278434,
-0.31056798322121454
],
"r_middle_mcp": [
0.0,
0.0,
0.0
],
"r_middle_pip": [
0.705331190914727,
-0.060856415778166695,
-0.21238333685145286
],
"r_middle_dip": [
1.1508484982926002,
-0.0920648796989853,
-0.28431610018536563
],
"r_middle_tip": [
1.47361606894577,
-0.14254193517162225,
-0.32039609886104337
],
"r_ring_mcp": [
0.037691165174010346,
0.430726567867863,
-0.014935682287659378
],
"r_ring_pip": [
0.6914383679132194,
0.31072532300529054,
-0.1694878283987965
],
"r_ring_dip": [
1.1191281579773857,
0.23444436520933057,
-0.21806880839385906
],
"r_ring_tip": [
1.4161529670987854,
0.1472163619676672,
-0.23396212610270056
],
"r_pinky_mcp": [
0.10901474227813437,
0.82039282857138,
-0.02144544367315902
],
"r_pinky_pip": [
0.644266825351337,
0.628954611764536,
-0.11733113407333355
],
"r_pinky_dip": [
0.9735753942915049,
0.5074820777377941,
-0.12864822349581892
],
"r_pinky_tip": [
1.2191751102014805,
0.4144144179633987,
-0.12165106869277348
],
"l_hand_velocity": null,
"r_hand_velocity": null,
"m_nose_point": [
0.0,
0.0,
0.0
],
"m_top_nose": [
0.022160256674879388,
-0.2609792861185216,
0.24833353848998582
],
"m_eyebrows": [
0.025628504755239465,
-0.5012120227746152,
0.3632501729166189
],
"m_forehead": [
0.03163499987613718,
-0.7744888451227435,
0.540214986698056
],
"m_top_chin": [
0.017545462116176924,
0.6179060268880858,
-0.00611798631275764
],
"m_bot_up_lip": [
0.004372721405885454,
0.3996152409363312,
0.031181140222918107
],
"m_top_low_lip": [
0.0028428190800819475,
0.4203210780957855,
0.028033886644855947
],
"m_bot_nose": [
-0.004651765731132699,
0.09477361992638267,
0.058367481995629904
],
"m_chin": [
0.027670281765999668,
0.9986826949391922,
-0.04321146070179021
],
"m_nose": [
0.016437207209280137,
-0.21724547006459025,
0.18647766975010718
],
"l_eye_exterior": [
-0.2730814032938542,
-0.1360649178683904,
0.46942583721121867
],
"l_temple": [
-0.42642660314283565,
-0.26228538081122066,
0.8177333157999178
],
"l_mid_chin": [
-0.1491716386279136,
0.7876334173207071,
0.025411037788240047
],
"l_up_lip": [
-0.1063238103132925,
0.34224346358569463,
0.062352157386718406
],
"l_ext_nostril": [
-0.12796603044114346,
0.07019659292037927,
0.1310008437905534
],
"l_mid_cheek": [
-0.33135677370400596,
0.1572122084319819,
0.3270990301686304
],
"l_mid_eyebrow": [
-0.27088073826824505,
-0.4001323972173494,
0.44699540764197654
],
"l_ext_eyebrow": [
-0.32705007224888877,
-0.3520119955678712,
0.488022722060006
],
"l_ext_lips": [
-0.218142241062526,
0.4922581769849191,
0.15643960995811615
],
"l_jaw_angle": [
-0.36277038667856687,
0.7028290300268367,
0.555849226256117
],
"l_mid_ext_face": [
-0.418489464594971,
0.3985910514334127,
0.7660109756697738
],
"l_int_eyebrow": [
-0.09919805696036994,
-0.48447112379180096,
0.38223781334901596
],
"l_mid_jaw": [
-0.2942518008402146,
0.8611012988016545,
0.30530270847236113
],
"l_mid_bot_eyelid": [
-0.19633805198879017,
-0.13815554964271912,
0.4136908182275353
],
"l_ext_mouth": [
-0.1509915886040924,
0.5386301502715507,
0.1029890188125792
],
"l_top_eyelid": [
-0.20717676737292054,
-0.2249348137305713,
0.43022794938313447
],
"l_eye_int": [
-0.1006887874487176,
-0.20247130541516298,
0.42447222004190494
],
"l_pupil": [
-0.19052125419309998,
-0.17767751290413708,
0.4373504842634571
],
"r_eye_exterior": [
0.4442258019364653,
-0.2193917786640669,
0.39254986833004885
],
"r_temple": [
0.6058809329886495,
-0.3715730467810036,
0.6657387466020912
],
"r_mid_chin": [
0.21501685659315584,
0.7702560860124867,
-0.021647171624158607
],
"r_up_lip": [
0.12892860132334494,
0.32674175907880093,
0.02643162370217913
],
"r_ext_nostril": [
0.18811240625606815,
0.06523585381965105,
0.12436825946986989
],
"r_mid_cheek": [
0.43382237809440044,
0.09528351401281632,
0.22034111976707144
],
"r_mid_eyebrow": [
0.424973944159431,
-0.4518761938314931,
0.38379397235940627
],
"r_ext_eyebrow": [
0.35027633106217326,
-0.48839931086251337,
0.36388666025865074
],
"r_ext_lips": [
0.25362664420145875,
0.518816682779981,
0.053336858026182175
],
"r_jaw_angle": [
0.5773638353207955,
0.6383193956656367,
0.41285475807599353
],
"r_mid_ext_face": [
0.6446945021783239,
0.31157961718535876,
0.6064306866203596
],
"r_int_eyebrow": [
0.14639527963160504,
-0.5260742559679376,
0.3521611043775127
],
"r_mid_jaw": [
0.4582871711840978,
0.8234450593489481,
0.19579253807579358
],
"r_mid_bot_eyelid": [
0.3104618994188519,
-0.1823759327338127,
0.3359497129081728
],
"r_ext_mouth": [
0.29217657372106515,
0.4574240703610538,
0.0816979698061898
],
"r_top_eyelid": [
0.31361985373060103,
-0.293698773719279,
0.35136993091541513
],
"r_eye_int": [
0.20482337619453408,
-0.23264330318227516,
0.37209358658449865
],
"r_pupil": [
0.3172276239735847,
-0.23753758219923,
0.36045153218692605
],
"l_shoulder": [
0.49980357926196284,
-0.007784906406212042,
-0.011652355520551737
],
"l_elbow": [
0.8477162814541632,
0.8256977054404707,
-1.0055017803733368
],
"l_hip": [
0.35273124791377114,
1.9894166428807836,
0.044907159269819974
],
"l_knee": [
0.3330733688961084,
3.6367455950178096,
-0.5765581517462512
],
"l_ankle": [
0.31329501191227865,
5.293131674692909,
0.3865782823039626
],
"l_body_wrist": [
0.7312402790328463,
1.2312016582396257,
-2.9084248195801816
],
"r_shoulder": [
-0.49980357926196284,
0.007784906406212042,
0.011652355520551737
],
"r_elbow": [
-1.0746306377857848,
0.754098763259043,
-1.3105384860449536
],
"r_hip": [
-0.38967615999396027,
1.9797603993696509,
0.40940164417470315
],
"r_knee": [
-0.426562060787732,
3.6466162762132885,
-0.35378915413095324
],
"r_ankle": [
-0.39910617993275216,
5.284342676106713,
-0.048012843064453026
],
"r_body_wrist": [
-0.7574605241166144,
0.18707445366631392,
-3.663871102699941
],
"m_face_position": [
0.052757978439331055,
-0.1688098907470703,
-0.5328480787575245
],
"m_body_position": [
0.07191649079322815,
0.1528247594833374,
-0.5808731466531754
],
"m_face_scale": [
0.13542416515410133,
0.13542416515410133,
0.13542416515410133
],
"m_body_scale": [
0.3641248267244509,
0.3641248267244509,
0.3641248267244509
],
"l_hand_scale": null,
"r_hand_scale": [
0.16767854391463935,
0.16767854391463935,
0.16767854391463935
]
}
],
"framerate": 30,
"mirrorable": true,
"invalid": false
}