{
"label": "m",
"gestures": [
{
"l_hand_position": [
0.10081028938293457,
0.01662677526473999,
-0.5327521413564682
],
"l_wrist": [
0.8394997135056607,
0.4922453102941433,
0.23007560826244955
],
"l_thumb_cmc": [
0.705225984397434,
-0.13809985710986988,
0.2438071402251563
],
"l_thumb_mcp": [
0.46266420751584447,
-0.6174113641679921,
0.24747033793522022
],
"l_thumb_ip": [
0.0745399909709501,
-0.808919580150439,
0.26915381529263294
],
"l_thumb_tip": [
-0.20596150034321767,
-0.8011350133079623,
0.2640823435742286
],
"l_index_mcp": [
0.04227247571086714,
-0.38254580733435667,
0.016424731566148067
],
"l_index_pip": [
-0.47873369389963377,
-0.7119619040982915,
-0.036534644500261004
],
"l_index_dip": [
-0.7611662535376775,
-0.9221454181977545,
-0.05843996527756132
],
"l_index_tip": [
-0.9712656078944911,
-1.1037093859815772,
-0.08097582989787704
],
"l_middle_mcp": [
0.0,
0.0,
0.0
],
"l_middle_pip": [
-0.6641246270954744,
-0.018783533407935923,
-0.07862932752096642
],
"l_middle_dip": [
-1.033340117381427,
-0.01814291447135087,
-0.14613679850399794
],
"l_middle_tip": [
-1.2784534836744867,
-0.02054837577244964,
-0.20512471802637766
],
"l_ring_mcp": [
0.013514128625633396,
0.3605097720313929,
0.012169142887695272
],
"l_ring_pip": [
-0.5825721616474482,
0.3472426794662727,
-0.07311639333409443
],
"l_ring_dip": [
-0.928082867106411,
0.3102693366060071,
-0.15463722037140448
],
"l_ring_tip": [
-1.160593207261425,
0.2853748009892746,
-0.2137415137667823
],
"l_pinky_mcp": [
0.07297277745484694,
0.6964838387915783,
0.04275231185552496
],
"l_pinky_pip": [
-0.3717222782423805,
0.8246005081204042,
-0.03877974171461985
],
"l_pinky_dip": [
-0.6335377944572557,
0.9098166439573971,
-0.08480240277378182
],
"l_pinky_tip": [
-0.8456203459337654,
0.9451017675024268,
-0.10869068514911041
],
"r_hand_position": null,
"r_wrist": null,
"r_thumb_cmc": null,
"r_thumb_mcp": null,
"r_thumb_ip": null,
"r_thumb_tip": null,
"r_index_mcp": null,
"r_index_pip": null,
"r_index_dip": null,
"r_index_tip": null,
"r_middle_mcp": null,
"r_middle_pip": null,
"r_middle_dip": null,
"r_middle_tip": null,
"r_ring_mcp": null,
"r_ring_pip": null,
"r_ring_dip": null,
"r_ring_tip": null,
"r_pinky_mcp": null,
"r_pinky_pip": null,
"r_pinky_dip": null,
"r_pinky_tip": null,
"l_hand_velocity": null,
"r_hand_velocity": null,
"m_nose_point": [
0.0,
0.0,
0.0
],
"m_top_nose": [
0.004883951310258269,
-0.31458762989570177,
0.2347371135602426
],
"m_eyebrows": [
0.013654034723949604,
-0.5985438358735441,
0.3262769012521442
],
"m_forehead": [
0.02826894020758213,
-0.9234389212850315,
0.4703155432619149
],
"m_top_chin": [
-0.04035636077269911,
0.660193903435314,
0.10474488888616705
],
"m_bot_up_lip": [
-0.030967232518886847,
0.40904390697412574,
0.08869355973638252
],
"m_top_low_lip": [
-0.029638355225666827,
0.48544273896517515,
0.09897907051374044
],
"m_bot_nose": [
-0.027292656667091287,
0.08016884040346386,
0.07753656704967803
],
"m_chin": [
-0.06184219948690983,
0.9914890932937952,
0.11456404428121952
],
"m_nose": [
0.004884162444241939,
-0.25702617192770455,
0.17327958039776883
],
"l_eye_exterior": [
-0.3984738007826544,
-0.3079307865245651,
0.40914612221397006
],
"l_temple": [
-0.5840795744872602,
-0.5345558817105943,
0.719437201933732
],
"l_mid_chin": [
-0.2423778017076603,
0.7695883321263696,
0.11328222347460999
],
"l_up_lip": [
-0.15452473996852073,
0.3207810341726824,
0.08029929481362408
],
"l_ext_nostril": [
-0.16912359926939433,
0.02696708806427189,
0.11883875528572355
],
"l_mid_cheek": [
-0.4474349270598311,
0.04468376290200282,
0.28628041319997266
],
"l_mid_eyebrow": [
-0.3344624107475173,
-0.6166308397186325,
0.36330116858734024
],
"l_ext_eyebrow": [
-0.4137489222332235,
-0.5788477799389053,
0.39641860938973505
],
"l_ext_lips": [
-0.3040631286447032,
0.45786357348224344,
0.17394663842536376
],
"l_jaw_angle": [
-0.5904570875980012,
0.5138843867713995,
0.6036235083866646
],
"l_mid_ext_face": [
-0.648212788830975,
0.1563944369609119,
0.7729758977191135
],
"l_int_eyebrow": [
-0.11086265441349785,
-0.6523194503803516,
0.3234268959776985
],
"l_mid_jaw": [
-0.4767660823392578,
0.7443432528329116,
0.37828376390353435
],
"l_mid_bot_eyelid": [
-0.30641157194506646,
-0.2686392799985065,
0.3646089852656892
],
"l_ext_mouth": [
-0.22145167918415917,
0.5424438473405118,
0.1335947246621957
],
"l_top_eyelid": [
-0.3024346522286552,
-0.398119412391064,
0.3728227306324096
],
"l_eye_int": [
-0.18009813260658586,
-0.32731995921393925,
0.3919421268741492
],
"l_pupil": [
-0.2961994434229079,
-0.3298038449648269,
0.38831768874553835
],
"r_eye_exterior": [
0.4117146463005615,
-0.22188070343897695,
0.5005056707621558
],
"r_temple": [
0.5294826487839758,
-0.427283349555424,
0.8129207055741435
],
"r_mid_chin": [
0.13565527357995072,
0.795497638932454,
0.1416629987141674
],
"r_up_lip": [
0.10050779931837825,
0.34279829712379095,
0.10238256352637749
],
"r_ext_nostril": [
0.1552886227214394,
0.07578495993352839,
0.1872339202238043
],
"r_mid_cheek": [
0.39296425947878144,
0.1236119800174208,
0.3494196303980491
],
"r_mid_eyebrow": [
0.4304008483913058,
-0.4661372809003262,
0.45523027085028717
],
"r_ext_eyebrow": [
0.3639282695085256,
-0.5134325600463453,
0.4100607414353552
],
"r_ext_lips": [
0.18527218201040696,
0.5701629946546167,
0.1876800859189213
],
"r_jaw_angle": [
0.43231963403490026,
0.5981713955263499,
0.692049534973989
],
"r_mid_ext_face": [
0.5066164160845296,
0.26064521954179487,
0.8693866420843722
],
"r_int_eyebrow": [
0.15614329308733624,
-0.5956314537027978,
0.33960291623968275
],
"r_mid_jaw": [
0.32635824391832163,
0.7997608563307219,
0.44631123241111653
],
"r_mid_bot_eyelid": [
0.27486139849726626,
-0.19683546246106273,
0.40971017984721886
],
"r_ext_mouth": [
0.2237606404295761,
0.5070727821902326,
0.21941903294193357
],
"r_top_eyelid": [
0.29485705355473296,
-0.31806944042040647,
0.4188270772208364
],
"r_eye_int": [
0.1611509689120252,
-0.27755050648028134,
0.422156607359819
],
"r_pupil": [
0.2830221492340855,
-0.2623950979984532,
0.43289628053192547
],
"l_shoulder": [
0.48908897142669033,
-0.05845279977706687,
0.0858792654079217
],
"l_elbow": [
1.1501841627165972,
0.8416330866754155,
-1.1440540195329185
],
"l_hip": [
0.3558160009546732,
1.7780061560755394,
0.11799317723717896
],
"l_knee": [
0.3177474538092492,
3.301805211575225,
0.09276696113685681
],
"l_ankle": [
0.3023280258266783,
4.628156800407625,
1.320814704222106
],
"l_body_wrist": [
0.5741271379302706,
0.15608971184558298,
-2.8104033599899556
],
"r_shoulder": [
-0.48908897142669033,
0.05845279977706687,
-0.0858792654079217
],
"r_elbow": [
-0.7995265915772051,
1.0090784468788703,
-0.590771679283896
],
"r_hip": [
-0.3708484455302014,
1.8105835629842832,
0.33723534175238906
],
"r_knee": [
-0.36833728932476706,
3.3199377593474377,
0.24855209657999253
],
"r_ankle": [
-0.3065672187666494,
4.636588137093044,
0.9835424019991802
],
"r_body_wrist": [
-0.5501575400073033,
1.3421536129980869,
-2.13639611483332
],
"m_face_position": [
-0.013983488082885742,
-0.2677204757928848,
-0.5400352142751217
],
"m_body_position": [
-0.01508893072605133,
0.0648680329322815,
-0.5869774594902992
],
"m_face_scale": [
0.14115360241699715,
0.14115360241699715,
0.14115360241699715
],
"m_body_scale": [
0.39399281354365756,
0.39399281354365756,
0.39399281354365756
],
"l_hand_scale": [
0.1423546843502343,
0.1423546843502343,
0.1423546843502343
],
"r_hand_scale": null
}
],
"framerate": 30,
"mirrorable": true,
"invalid": false
}