{
"label": "m",
"gestures": [
{
"l_hand_position": null,
"l_wrist": null,
"l_thumb_cmc": null,
"l_thumb_mcp": null,
"l_thumb_ip": null,
"l_thumb_tip": null,
"l_index_mcp": null,
"l_index_pip": null,
"l_index_dip": null,
"l_index_tip": null,
"l_middle_mcp": null,
"l_middle_pip": null,
"l_middle_dip": null,
"l_middle_tip": null,
"l_ring_mcp": null,
"l_ring_pip": null,
"l_ring_dip": null,
"l_ring_tip": null,
"l_pinky_mcp": null,
"l_pinky_pip": null,
"l_pinky_dip": null,
"l_pinky_tip": null,
"r_hand_position": [
-0.10816290974617004,
0.08680057525634766,
-0.5860247537493706
],
"r_wrist": [
-0.7885803912236576,
0.4367967175462149,
0.43283899329704006
],
"r_thumb_cmc": [
-0.601660289288966,
-0.10623794533679258,
0.36693508755827803
],
"r_thumb_mcp": [
-0.24298074003610343,
-0.5715613575167203,
0.24617542918315147
],
"r_thumb_ip": [
0.022748029625831275,
-0.9462528337023126,
0.13457215900751554
],
"r_thumb_tip": [
0.14716784406337527,
-1.326640801700563,
0.005739565262161752
],
"r_index_mcp": [
0.005186508168581057,
-0.3947369373853123,
0.05296890911890781
],
"r_index_pip": [
0.6234673758490564,
-0.35156452016499967,
-0.11667649029861266
],
"r_index_dip": [
0.990315210619067,
-0.3064811263024875,
-0.19273066903615674
],
"r_index_tip": [
1.2677244201385136,
-0.2854279938036793,
-0.23075504054149187
],
"r_middle_mcp": [
0.0,
0.0,
0.0
],
"r_middle_pip": [
0.6568212958488777,
-0.00837146923891359,
-0.16119490595619326
],
"r_middle_dip": [
1.062138182070272,
-0.021459499942339397,
-0.2271337967859365
],
"r_middle_tip": [
1.3687164766766002,
-0.057726069840001594,
-0.2633685770533299
],
"r_ring_mcp": [
-0.03522111092485813,
0.39592694920518795,
-0.03995900293137858
],
"r_ring_pip": [
0.5739772194660672,
0.32037769326256277,
-0.16905196799398747
],
"r_ring_dip": [
0.9579743601574361,
0.27741700697592764,
-0.2317599377454859
],
"r_ring_tip": [
1.2373053427972867,
0.20537780605845987,
-0.26581337956230827
],
"r_pinky_mcp": [
-0.08076470467083778,
0.7760223626343133,
-0.07441356390371599
],
"r_pinky_pip": [
0.39966807885413924,
0.6714659687778742,
-0.17776802482892856
],
"r_pinky_dip": [
0.6967898581619999,
0.6023577117907606,
-0.2093549962048204
],
"r_pinky_tip": [
0.946395437185264,
0.5154400642009512,
-0.2196735802977014
],
"l_hand_velocity": null,
"r_hand_velocity": null,
"m_nose_point": [
0.0,
0.0,
0.0
],
"m_top_nose": [
0.02148709825926218,
-0.32590456295125547,
0.2163786921152821
],
"m_eyebrows": [
0.04600317654174258,
-0.6105886350457101,
0.295636944806149
],
"m_forehead": [
0.07477740188408383,
-0.9238646729395618,
0.4222239511526422
],
"m_top_chin": [
-0.07133182861984992,
0.6795060671606632,
0.12924040237341933
],
"m_bot_up_lip": [
-0.04166149385803223,
0.41115890513950265,
0.09457337839462006
],
"m_top_low_lip": [
-0.046980651828604905,
0.47865840140547783,
0.11588546093329821
],
"m_bot_nose": [
-0.029146338575852658,
0.07990923754663036,
0.07661414593380067
],
"m_chin": [
-0.10550856674357473,
0.9835974355374778,
0.1463011522436302
],
"m_nose": [
0.018685219412569877,
-0.2675043924480815,
0.15925333264019123
],
"l_eye_exterior": [
-0.3568061440996601,
-0.3099795449799725,
0.38738084917665694
],
"l_temple": [
-0.5375929648443384,
-0.5779564018980079,
0.6768410185809581
],
"l_mid_chin": [
-0.273721467968517,
0.7519070432779635,
0.1475289857841129
],
"l_up_lip": [
-0.1542049534957898,
0.31489621312654303,
0.09449577569860078
],
"l_ext_nostril": [
-0.16718678723068703,
0.004821922114325658,
0.11517661731777333
],
"l_mid_cheek": [
-0.43173994926216347,
-0.00462375102398139,
0.2833089712781101
],
"l_mid_eyebrow": [
-0.28115704255631563,
-0.6391365728701994,
0.3383913475375917
],
"l_ext_eyebrow": [
-0.3582152201097449,
-0.6114548199072924,
0.3716361696097828
],
"l_ext_lips": [
-0.3196875778373393,
0.4089414140336796,
0.20114415393528756
],
"l_jaw_angle": [
-0.5685508692542779,
0.4728700335996466,
0.5965544694259556
],
"l_mid_ext_face": [
-0.6165292474300723,
0.11335133229438,
0.7465132095224345
],
"l_int_eyebrow": [
-0.06486920899294774,
-0.6528518746963207,
0.29461648404455487
],
"l_mid_jaw": [
-0.4701108266300722,
0.7018701086573065,
0.39234700359173896
],
"l_mid_bot_eyelid": [
-0.2691467172780057,
-0.2770416473904573,
0.34407205813013797
],
"l_ext_mouth": [
-0.22730151737272006,
0.484256915520742,
0.16687365295021547
],
"l_top_eyelid": [
-0.25910635005562727,
-0.34671876548723646,
0.34913315069131845
],
"l_eye_int": [
-0.14773021939529904,
-0.3150593968939114,
0.3672412713886391
],
"l_pupil": [
-0.25461368848465643,
-0.31646567030189726,
0.3656043822506888
],
"r_eye_exterior": [
0.39316384909540364,
-0.1701714680594396,
0.4637423540922244
],
"r_temple": [
0.5257092086930732,
-0.36926569937245934,
0.7529327504428819
],
"r_mid_chin": [
0.09464405369109663,
0.8132578113521074,
0.1666497386034955
],
"r_up_lip": [
0.08409614426926891,
0.3554581828966341,
0.10947612464871885
],
"r_ext_nostril": [
0.1533290951366405,
0.07952772203510991,
0.17609289166007658
],
"r_mid_cheek": [
0.3745990511665649,
0.14639256453547525,
0.32861618218922406
],
"r_mid_eyebrow": [
0.42489581412374083,
-0.43110782687909455,
0.4166108928885828
],
"r_ext_eyebrow": [
0.3632443539663465,
-0.4838703372441398,
0.3737815841180799
],
"r_ext_lips": [
0.16543416644719525,
0.5738324181128145,
0.20623422178590936
],
"r_jaw_angle": [
0.3689388798051261,
0.6466476369016282,
0.6694151626939862
],
"r_mid_ext_face": [
0.4608421694565891,
0.31951092349859267,
0.8256758248292801
],
"r_int_eyebrow": [
0.17306122204290866,
-0.575160037848994,
0.3070150897847135
],
"r_mid_jaw": [
0.2593155507413283,
0.8300238811726024,
0.4463246340804879
],
"r_mid_bot_eyelid": [
0.2662591330510003,
-0.1674740991490785,
0.37783364951715614
],
"r_ext_mouth": [
0.20708770453152753,
0.5020187227450015,
0.22957274667866628
],
"r_top_eyelid": [
0.27947945918385747,
-0.24231351990541422,
0.3837234986409214
],
"r_eye_int": [
0.1752718422532636,
-0.24299997660659306,
0.38991284196155623
],
"r_pupil": [
0.27655715885343407,
-0.20493187067187907,
0.39914407083604186
],
"l_shoulder": [
0.46229390334039155,
0.07206736882427515,
0.17632538468709089
],
"l_elbow": [
0.6274335334485189,
0.9143397299588307,
0.2631319386216716
],
"l_hip": [
0.21318466883299525,
1.714836441743945,
1.001350481493452
],
"l_knee": [
0.15322091144408412,
3.1696464070191768,
0.9145361591719131
],
"l_ankle": [
0.07638617903544549,
4.4427880923646,
2.3432237232010116
],
"l_body_wrist": [
0.7450005597577906,
1.5478681866836517,
-0.38639110207504535
],
"r_shoulder": [
-0.46229390334039155,
-0.07206736882427515,
-0.17632538468709089
],
"r_elbow": [
-1.0215201261063347,
0.7721793842044369,
-1.3923250523138624
],
"r_hip": [
-0.471826221706961,
1.6609450681254332,
1.07354234667638
],
"r_knee": [
-0.4818055449310508,
3.080006757632736,
0.8220619604494536
],
"r_ankle": [
-0.5413995511887797,
4.3656062171536,
1.7361363436449018
],
"r_body_wrist": [
-0.3884401668360855,
0.20555189743640162,
-3.0659434479963767
],
"m_face_position": [
0.01329261064529419,
-0.2171875536441803,
-0.5454678907990456
],
"m_body_position": [
-0.027290180325508118,
0.09668827056884766,
-0.9474619776010513
],
"m_face_scale": [
0.16482396741205066,
0.16482396741205066,
0.16482396741205066
],
"m_body_scale": [
0.4330290390619089,
0.4330290390619089,
0.4330290390619089
],
"l_hand_scale": null,
"r_hand_scale": [
0.19874695907933296,
0.19874695907933296,
0.19874695907933296
]
}
],
"framerate": 30,
"mirrorable": true,
"invalid": false
}