{
"label": "m",
"gestures": [
{
"l_hand_position": null,
"l_wrist": null,
"l_thumb_cmc": null,
"l_thumb_mcp": null,
"l_thumb_ip": null,
"l_thumb_tip": null,
"l_index_mcp": null,
"l_index_pip": null,
"l_index_dip": null,
"l_index_tip": null,
"l_middle_mcp": null,
"l_middle_pip": null,
"l_middle_dip": null,
"l_middle_tip": null,
"l_ring_mcp": null,
"l_ring_pip": null,
"l_ring_dip": null,
"l_ring_tip": null,
"l_pinky_mcp": null,
"l_pinky_pip": null,
"l_pinky_dip": null,
"l_pinky_tip": null,
"r_hand_position": [
-0.26416078209877014,
-0.16519588232040405,
-0.5507640019059181
],
"r_wrist": [
-0.3028174567943806,
0.9053464454367061,
0.2977404937117302
],
"r_thumb_cmc": [
-0.195588059266212,
0.4678932862439285,
0.30519726660740903
],
"r_thumb_mcp": [
0.024837436280251785,
0.1167379606548886,
0.2351237207689679
],
"r_thumb_ip": [
0.2783227926915142,
-0.01667330568915625,
0.15910203885414584
],
"r_thumb_tip": [
0.48571289480880797,
-0.059838653181832964,
0.08446690404480482
],
"r_index_mcp": [
0.017094735428919695,
-0.2061691619546029,
0.07241304774749881
],
"r_index_pip": [
0.489060385869036,
-0.2715197875187256,
-0.06225199829152976
],
"r_index_dip": [
0.7578593209078123,
-0.2705872584180877,
-0.13006779555922726
],
"r_index_tip": [
0.9577573776058854,
-0.28383948452754665,
-0.1638762142259906
],
"r_middle_mcp": [
0.0,
0.0,
0.0
],
"r_middle_pip": [
0.5351194576843108,
-0.0846274965679934,
-0.12008475253678438
],
"r_middle_dip": [
0.8411760328974207,
-0.10797288628722454,
-0.15374796060366866
],
"r_middle_tip": [
1.0554367856911482,
-0.1273852230929686,
-0.17197838013739053
],
"r_ring_mcp": [
0.03458878908284545,
0.2637068192450024,
-0.06473526123445152
],
"r_ring_pip": [
0.5395050537733463,
0.16928698054468722,
-0.14405678083629422
],
"r_ring_dip": [
0.8313700567876201,
0.10452716067131543,
-0.15308138146116018
],
"r_ring_tip": [
1.0278758750122012,
0.03677380876841698,
-0.15563805812896817
],
"r_pinky_mcp": [
0.1050424551021834,
0.5419561982116304,
-0.1285305208998392
],
"r_pinky_pip": [
0.5060142368640074,
0.43630930344121727,
-0.1738664675249848
],
"r_pinky_dip": [
0.7279685732312264,
0.35546680877485703,
-0.17203392111615862
],
"r_pinky_tip": [
0.8889589288908568,
0.27813943317388173,
-0.1662884231708975
],
"l_hand_velocity": null,
"r_hand_velocity": null,
"m_nose_point": [
0.0,
0.0,
0.0
],
"m_top_nose": [
0.015065012722486884,
-0.31297970949306475,
0.231364150620681
],
"m_eyebrows": [
0.013528315559717122,
-0.5638651184945601,
0.327160725634684
],
"m_forehead": [
0.01058294067786141,
-0.8761643768141316,
0.4829880232298277
],
"m_top_chin": [
0.04051166018602803,
0.6005452402220733,
0.037825397122026906
],
"m_bot_up_lip": [
0.036241562365183354,
0.39134569873155367,
0.07036748456485975
],
"m_top_low_lip": [
0.03464595770477648,
0.39547363003251035,
0.06235090468218691
],
"m_bot_nose": [
-0.004385593623298547,
0.08917458737777124,
0.07181757437074424
],
"m_chin": [
0.06381490964499355,
0.9974563059646421,
0.03175806981495541
],
"m_nose": [
0.010384881611002766,
-0.25878713085974,
0.17171894311358207
],
"l_eye_exterior": [
-0.29202951306963526,
-0.18405021454654855,
0.47304764391275694
],
"l_temple": [
-0.45670101624782955,
-0.35120023909186027,
0.815761811525373
],
"l_mid_chin": [
-0.12677821168635134,
0.7923846957750791,
0.08557144592719639
],
"l_up_lip": [
-0.08559444942098332,
0.3241556677750919,
0.09701725678882742
],
"l_ext_nostril": [
-0.13437727888153908,
0.05696865243929428,
0.1433555338096064
],
"l_mid_cheek": [
-0.34119408166842213,
0.1302934122441692,
0.35329392664782705
],
"l_mid_eyebrow": [
-0.2943000028407666,
-0.4573406496276845,
0.422265003473116
],
"l_ext_eyebrow": [
-0.3525437474926941,
-0.4066495883145375,
0.4677986003074837
],
"l_ext_lips": [
-0.2099829648252369,
0.4845299385764433,
0.20674448020827565
],
"l_jaw_angle": [
-0.3643233916658607,
0.6716291959239176,
0.6481651394327704
],
"l_mid_ext_face": [
-0.43079656012154954,
0.3417627477479741,
0.8366951938008549
],
"l_int_eyebrow": [
-0.11442850991794057,
-0.5433256511196163,
0.3473938348855361
],
"l_mid_jaw": [
-0.2823120951523318,
0.8518038073483645,
0.3959605590600998
],
"l_mid_bot_eyelid": [
-0.21179982048070603,
-0.1812810983190401,
0.41474254211577577
],
"l_ext_mouth": [
-0.11810721356959374,
0.49365967303306785,
0.15144187791130664
],
"l_top_eyelid": [
-0.2257673911605991,
-0.2863103835746304,
0.42488045868132057
],
"l_eye_int": [
-0.11093441401478796,
-0.2590842194600279,
0.4217015265874996
],
"l_pupil": [
-0.2148787808690144,
-0.23036426324983234,
0.4366812075091524
],
"r_eye_exterior": [
0.45383449392186603,
-0.3019533391479507,
0.39286288568472216
],
"r_temple": [
0.620158653903848,
-0.4918133636287802,
0.66206623624845
],
"r_mid_chin": [
0.2521449626222323,
0.7628391069208357,
0.03579536416150144
],
"r_up_lip": [
0.1561016218684043,
0.3019825609774872,
0.057328417225552444
],
"r_ext_nostril": [
0.19856789776343076,
0.036965150525135305,
0.13842602424263561
],
"r_mid_cheek": [
0.454635543122018,
0.043132116153751475,
0.24153547624592472
],
"r_mid_eyebrow": [
0.4339024231465741,
-0.5316737944708514,
0.3602913155031605
],
"r_ext_eyebrow": [
0.35598264660672224,
-0.5645532230043606,
0.33663426593197165
],
"r_ext_lips": [
0.2841145718123147,
0.4966945687577894,
0.09939038533721471
],
"r_jaw_angle": [
0.6237585049996089,
0.5736405162323726,
0.502878667423366
],
"r_mid_ext_face": [
0.6792479762580783,
0.22075468779867552,
0.6753085373535963
],
"r_int_eyebrow": [
0.14157141501029216,
-0.5955362475686623,
0.3168476411601653
],
"r_mid_jaw": [
0.5078396817753058,
0.7871971252745005,
0.2847750761156835
],
"r_mid_bot_eyelid": [
0.3150117862422631,
-0.2500665020166267,
0.3339244413184112
],
"r_ext_mouth": [
0.32449264649189,
0.4326880937858342,
0.12552415165360767
],
"r_top_eyelid": [
0.32308953483557296,
-0.37335154547695354,
0.34296710457958646
],
"r_eye_int": [
0.20518501871847855,
-0.30305565149546726,
0.36747852304336276
],
"r_pupil": [
0.32390913757828776,
-0.3079535548127831,
0.35679055192064935
],
"l_shoulder": [
0.468902396135451,
-0.016833435951633016,
-0.1727633593459414
],
"l_elbow": [
0.8029651927990878,
0.7848026308197021,
-0.7540614004670497
],
"l_hip": [
0.34861805091265274,
1.9435030319522208,
-0.045897335822178975
],
"l_knee": [
0.35402865244155735,
3.591834066118599,
-0.7837208905842742
],
"l_ankle": [
0.38261570404514816,
5.203911669596982,
0.18905111678980377
],
"l_body_wrist": [
0.6567800532121011,
1.2406321270972123,
-2.004032376230996
],
"r_shoulder": [
-0.468902396135451,
0.016833435951633016,
0.1727633593459414
],
"r_elbow": [
-1.1812899025601287,
0.5519531292338585,
-0.9853742176050582
],
"r_hip": [
-0.33434244842855143,
1.9587167280820612,
0.4737706372707842
],
"r_knee": [
-0.3528052259793132,
3.6322415457414445,
-0.02055512485451938
],
"r_ankle": [
-0.24413535065191008,
5.204407761426015,
0.06718595645036693
],
"r_body_wrist": [
-0.9332513894136796,
-0.48041292679118264,
-2.852145846197829
],
"m_face_position": [
0.05967360734939575,
-0.15402752161026,
-0.5334732159972191
],
"m_body_position": [
0.09105166792869568,
0.16306117177009583,
-0.5783197954297066
],
"m_face_scale": [
0.12850299520625563,
0.12850299520625563,
0.12850299520625563
],
"m_body_scale": [
0.3724600728939548,
0.3724600728939548,
0.3724600728939548
],
"l_hand_scale": null,
"r_hand_scale": [
0.17049911882598845,
0.17049911882598845,
0.17049911882598845
]
}
],
"framerate": 30,
"mirrorable": true,
"invalid": false
}