{
"label": "m",
"gestures": [
{
"l_hand_position": [
-0.07082799077033997,
0.13338345289230347,
-0.5532741844654083
],
"l_wrist": [
0.8382060946535934,
0.49345452862642375,
0.23219209948584627
],
"l_thumb_cmc": [
0.6324592601458422,
-0.18068449803512543,
0.3311227158250108
],
"l_thumb_mcp": [
0.29270735409528714,
-0.5817777416439736,
0.34019112658865935
],
"l_thumb_ip": [
-0.12925986933278885,
-0.6299743027528772,
0.3551108644862234
],
"l_thumb_tip": [
-0.41377209866528547,
-0.4784284013391427,
0.34146583465386954
],
"l_index_mcp": [
0.006503675535296419,
-0.42168808624562437,
0.06042030825328202
],
"l_index_pip": [
-0.6046776417213204,
-0.33910530535523437,
0.0326536760793072
],
"l_index_dip": [
-0.9361558385533458,
-0.2618431467391965,
0.06218612045748788
],
"l_index_tip": [
-1.187087695977753,
-0.19928394495444168,
0.08981160910383056
],
"l_middle_mcp": [
0.0,
0.0,
0.0
],
"l_middle_pip": [
-0.659841201925225,
0.026237336450502594,
-0.05588049723440323
],
"l_middle_dip": [
-1.008291043363638,
0.0499158071521468,
-0.035320595454806786
],
"l_middle_tip": [
-1.246190740409938,
0.07221352948270651,
-0.014978343391983487
],
"l_ring_mcp": [
0.013440150089638328,
0.3937317635352034,
-0.026284178631247875
],
"l_ring_pip": [
-0.5810697021923478,
0.31336805180488936,
-0.0767042089802906
],
"l_ring_dip": [
-0.9008999940922348,
0.265019257667678,
-0.035734771256758745
],
"l_ring_tip": [
-1.1152200679919606,
0.23359222973850088,
0.00840243185594677
],
"l_pinky_mcp": [
0.051565041589367866,
0.7748814413024415,
-0.030395071144494742
],
"l_pinky_pip": [
-0.4435753509230677,
0.5864663110891914,
-0.05668774144317062
],
"l_pinky_dip": [
-0.6785456013077431,
0.5121843867747681,
0.0009856828799599934
],
"l_pinky_tip": [
-0.8475490720368236,
0.43471336236562547,
0.061391849178500546
],
"r_hand_position": null,
"r_wrist": null,
"r_thumb_cmc": null,
"r_thumb_mcp": null,
"r_thumb_ip": null,
"r_thumb_tip": null,
"r_index_mcp": null,
"r_index_pip": null,
"r_index_dip": null,
"r_index_tip": null,
"r_middle_mcp": null,
"r_middle_pip": null,
"r_middle_dip": null,
"r_middle_tip": null,
"r_ring_mcp": null,
"r_ring_pip": null,
"r_ring_dip": null,
"r_ring_tip": null,
"r_pinky_mcp": null,
"r_pinky_pip": null,
"r_pinky_dip": null,
"r_pinky_tip": null,
"l_hand_velocity": null,
"r_hand_velocity": null,
"m_nose_point": [
0.0,
0.0,
0.0
],
"m_top_nose": [
0.0012370824083363706,
-0.31564695075220955,
0.2137888584192991
],
"m_eyebrows": [
0.007559688424607065,
-0.565852542528187,
0.2942797793897096
],
"m_forehead": [
0.014451098656691353,
-0.8716066727745517,
0.42769862737383685
],
"m_top_chin": [
-0.035816473207898464,
0.6430251546502835,
0.09974194933792652
],
"m_bot_up_lip": [
-0.02546066476347769,
0.40027326811903,
0.0843231178484659
],
"m_top_low_lip": [
-0.024863654000577096,
0.4524687324416195,
0.09475448103421476
],
"m_bot_nose": [
-0.025637748470337497,
0.07843422921931921,
0.07214777848862675
],
"m_chin": [
-0.055958451367698996,
0.9921719698910568,
0.11163975046115446
],
"m_nose": [
0.0021336834198829144,
-0.2607143664949854,
0.1578595054846989
],
"l_eye_exterior": [
-0.38600509476179046,
-0.29140158760183243,
0.3688279543335585
],
"l_temple": [
-0.5560703784762989,
-0.4863497191211487,
0.6478773066341681
],
"l_mid_chin": [
-0.2307001803060575,
0.7629744141023027,
0.1086782299196649
],
"l_up_lip": [
-0.1391185289939319,
0.31128928958123625,
0.07795377909145934
],
"l_ext_nostril": [
-0.16147346933022083,
0.021059108196741755,
0.10753319432031364
],
"l_mid_cheek": [
-0.41128951033163574,
0.0429894482029163,
0.25877561949735806
],
"l_mid_eyebrow": [
-0.3350382008126176,
-0.57824464669885,
0.32241938547660126
],
"l_ext_eyebrow": [
-0.4077922322981387,
-0.543723922179176,
0.3510416505435516
],
"l_ext_lips": [
-0.2829832685175267,
0.43859394861978857,
0.16576066629055336
],
"l_jaw_angle": [
-0.5488341473786421,
0.5378756534813743,
0.5473697644299856
],
"l_mid_ext_face": [
-0.604731345475448,
0.19017137780552962,
0.6998071453964679
],
"l_int_eyebrow": [
-0.11818726822363182,
-0.6131372303126651,
0.2897737521983153
],
"l_mid_jaw": [
-0.44833138276268664,
0.756691030207721,
0.34567139102241945
],
"l_mid_bot_eyelid": [
-0.2930972350286394,
-0.25789271037041245,
0.3303620059427358
],
"l_ext_mouth": [
-0.19795721931476915,
0.5038613950394251,
0.13125221954673782
],
"l_top_eyelid": [
-0.29239974887315673,
-0.3842310030916054,
0.3360200577817611
],
"l_eye_int": [
-0.16575919546099002,
-0.3106353650162252,
0.35661679349343206
],
"l_pupil": [
-0.28962682832106545,
-0.3064370958716902,
0.35140178472684724
],
"r_eye_exterior": [
0.37039819528511403,
-0.2222070888365744,
0.4662310238803934
],
"r_temple": [
0.4813877869221962,
-0.38816815304727875,
0.7529409363919752
],
"r_mid_chin": [
0.13302190915964818,
0.785047789675658,
0.13872810198048063
],
"r_up_lip": [
0.09264749160619414,
0.32852465816991183,
0.10160973598072082
],
"r_ext_nostril": [
0.1464465565466055,
0.060169738918581794,
0.1766640823148111
],
"r_mid_cheek": [
0.3552611267554785,
0.10798818136332165,
0.32839063012987957
],
"r_mid_eyebrow": [
0.3862372563416604,
-0.44333047879601334,
0.4194646418300542
],
"r_ext_eyebrow": [
0.323174426966238,
-0.4861147201963056,
0.3773075266887573
],
"r_ext_lips": [
0.17741400719522218,
0.5376600152634073,
0.18501498316175616
],
"r_jaw_angle": [
0.4073621241807233,
0.6183524372761415,
0.6481736840068885
],
"r_mid_ext_face": [
0.46962348705252577,
0.2873105534070217,
0.8099083142516322
],
"r_int_eyebrow": [
0.12947122227959584,
-0.5531657717369198,
0.3092891230620338
],
"r_mid_jaw": [
0.31362058573337365,
0.8097750842148738,
0.4214807527676081
],
"r_mid_bot_eyelid": [
0.2506699149357173,
-0.2020988250111619,
0.38146897293713206
],
"r_ext_mouth": [
0.21379043877872353,
0.47207295027766666,
0.2136681512966596
],
"r_top_eyelid": [
0.2624298753366051,
-0.31203017042454506,
0.3885747383230961
],
"r_eye_int": [
0.1428841864813692,
-0.27515169568342424,
0.3912485082723538
],
"r_pupil": [
0.2491811433379892,
-0.2569757472361167,
0.40227620417900595
],
"l_shoulder": [
0.43543122320328925,
0.008530935214443392,
0.24561529472745436
],
"l_elbow": [
0.8605052363402232,
0.7225555772645155,
-0.7214208946713128
],
"l_hip": [
0.3175280624572807,
1.53293493604036,
0.572737638024009
],
"l_knee": [
0.28207259722825767,
2.8541373278325857,
0.8103630181349628
],
"l_ankle": [
0.23991259279066693,
3.952300602849158,
2.18640690265168
],
"l_body_wrist": [
0.28728464075547316,
0.5388006332852275,
-2.0679495533862764
],
"r_shoulder": [
-0.43543122320328925,
-0.008530935214443392,
-0.24561529472745436
],
"r_elbow": [
-0.7355700572212105,
0.7690793051740552,
-0.8997940584199535
],
"r_hip": [
-0.3246517943809615,
1.5274040152801451,
0.5003871391295612
],
"r_knee": [
-0.33519970078650396,
2.8432058479773183,
0.44677983615628336
],
"r_ankle": [
-0.35083680059986183,
3.9412373074811615,
1.4137255689767496
],
"r_body_wrist": [
-0.3745270043940197,
0.7964508933154463,
-2.2113885774125794
],
"m_face_position": [
-0.013416439294815063,
-0.2574400007724762,
-0.5468758344650269
],
"m_body_position": [
-0.03358614444732666,
0.1193244457244873,
-0.7615789547562599
],
"m_face_scale": [
0.17856111448117445,
0.17856111448117445,
0.17856111448117445
],
"m_body_scale": [
0.4919743676060952,
0.4919743676060952,
0.4919743676060952
],
"l_hand_scale": [
0.22943984118726396,
0.22943984118726396,
0.22943984118726396
],
"r_hand_scale": null
}
],
"framerate": 30,
"mirrorable": true,
"invalid": false
}