{
"label": "m",
"gestures": [
{
"l_hand_position": null,
"l_wrist": null,
"l_thumb_cmc": null,
"l_thumb_mcp": null,
"l_thumb_ip": null,
"l_thumb_tip": null,
"l_index_mcp": null,
"l_index_pip": null,
"l_index_dip": null,
"l_index_tip": null,
"l_middle_mcp": null,
"l_middle_pip": null,
"l_middle_dip": null,
"l_middle_tip": null,
"l_ring_mcp": null,
"l_ring_pip": null,
"l_ring_dip": null,
"l_ring_tip": null,
"l_pinky_mcp": null,
"l_pinky_pip": null,
"l_pinky_dip": null,
"l_pinky_tip": null,
"r_hand_position": [
-0.010873466730117798,
0.16643816232681274,
-0.5441896691918373
],
"r_wrist": [
-0.8068616358282403,
0.4840773855657133,
0.3385902913735713
],
"r_thumb_cmc": [
-0.5975692805438697,
-0.1452065461023561,
0.3694483706269209
],
"r_thumb_mcp": [
-0.22377843766860644,
-0.49503180317245626,
0.33557174182110094
],
"r_thumb_ip": [
0.1721457087038797,
-0.5180842163767404,
0.3073679582088904
],
"r_thumb_tip": [
0.4324403179464687,
-0.3851898583949623,
0.26783177267691144
],
"r_index_mcp": [
-0.04131540852138767,
-0.43137917439150886,
0.06304675851255978
],
"r_index_pip": [
0.6040395845313429,
-0.4793053222966039,
-0.07013352251069757
],
"r_index_dip": [
0.9823127142239737,
-0.4576294043256527,
-0.10451444809876644
],
"r_index_tip": [
1.256177721397304,
-0.4243647117874079,
-0.10769936304019159
],
"r_middle_mcp": [
0.0,
0.0,
0.0
],
"r_middle_pip": [
0.6709535114082525,
-0.09755167827974275,
-0.1387154051556856
],
"r_middle_dip": [
1.0876863015486045,
-0.13650548864201809,
-0.17938880698355708
],
"r_middle_tip": [
1.4029868294683945,
-0.1556933024221273,
-0.18921471771519535
],
"r_ring_mcp": [
0.0003525727671310593,
0.412163045181915,
-0.04148524401073593
],
"r_ring_pip": [
0.6120893871135347,
0.2723451079906721,
-0.16037248423202002
],
"r_ring_dip": [
1.002553222600245,
0.18544596830332824,
-0.20722841166020345
],
"r_ring_tip": [
1.2956690682193115,
0.1057585858255266,
-0.22117381776893763
],
"r_pinky_mcp": [
-0.038761996162540835,
0.7724567905527641,
-0.0660193077328503
],
"r_pinky_pip": [
0.42340632583944865,
0.6242501790264651,
-0.1499787806341438
],
"r_pinky_dip": [
0.7047219445710382,
0.5228909888819921,
-0.16148683339238243
],
"r_pinky_tip": [
0.9385174221203041,
0.43512777189489193,
-0.15102696531310972
],
"l_hand_velocity": null,
"r_hand_velocity": null,
"m_nose_point": [
0.0,
0.0,
0.0
],
"m_top_nose": [
0.010738317221135845,
-0.3081868429468543,
0.2386880947193904
],
"m_eyebrows": [
0.006207613248788353,
-0.5660007384260207,
0.33890356265571936
],
"m_forehead": [
1.9700752338605925e-05,
-0.874344718326052,
0.5004710083516477
],
"m_top_chin": [
0.049503769037129844,
0.6049144149500861,
0.031084415781809822
],
"m_bot_up_lip": [
0.032876803128878314,
0.4096776139468421,
0.06703513726572337
],
"m_top_low_lip": [
0.032800814512715125,
0.4186416907936737,
0.057274206030029175
],
"m_bot_nose": [
-0.0032637579707623814,
0.09062955860950159,
0.07199093187632948
],
"m_chin": [
0.0752179414943293,
0.9969026295589876,
0.022965375148942695
],
"m_nose": [
0.007178578899762502,
-0.25468640104541274,
0.17720079888299503
],
"l_eye_exterior": [
-0.3033113758085812,
-0.17977241401573624,
0.4757471944735057
],
"l_temple": [
-0.4680080236299652,
-0.34100876540850367,
0.8247231258906352
],
"l_mid_chin": [
-0.12121263128752793,
0.7975504821118683,
0.07647409898868136
],
"l_up_lip": [
-0.08765943566169081,
0.34449439137584126,
0.09211170308213065
],
"l_ext_nostril": [
-0.13679733358396082,
0.06288714679248947,
0.14226075970813706
],
"l_mid_cheek": [
-0.3507930033378127,
0.14374700850417,
0.3511691352611822
],
"l_mid_eyebrow": [
-0.30469840258632547,
-0.44936595219679343,
0.42921621619439915
],
"l_ext_eyebrow": [
-0.3632481004055985,
-0.3974303129096754,
0.4740507603443007
],
"l_ext_lips": [
-0.2088889533083661,
0.4944858347730516,
0.19940971058285867
],
"l_jaw_angle": [
-0.3731458521936205,
0.6828810804611829,
0.6442255658792213
],
"l_mid_ext_face": [
-0.44058316917803014,
0.35423875873494126,
0.8375319570026436
],
"l_int_eyebrow": [
-0.12580196845135935,
-0.541463920453819,
0.35688070438086744
],
"l_mid_jaw": [
-0.28523921899663335,
0.8592070354814927,
0.3883657387726403
],
"l_mid_bot_eyelid": [
-0.2221921208577757,
-0.1764270386424282,
0.41797676108565
],
"l_ext_mouth": [
-0.1246185161144474,
0.5300904885025289,
0.14373153667076718
],
"l_top_eyelid": [
-0.23652160379092027,
-0.2841953136554532,
0.4291789548012111
],
"l_eye_int": [
-0.1228712470082258,
-0.25607530408528445,
0.42744965676817936
],
"l_pupil": [
-0.22350644247807983,
-0.2252462065357915,
0.4407452313192918
],
"r_eye_exterior": [
0.45455639683971827,
-0.29442704010216775,
0.4095550852349385
],
"r_temple": [
0.6140658834769005,
-0.4925131796787657,
0.6871698052522761
],
"r_mid_chin": [
0.2622934713085399,
0.7607748062820735,
0.032218117855747665
],
"r_up_lip": [
0.15523817590395972,
0.31635984077418455,
0.05701330298622348
],
"r_ext_nostril": [
0.20094579759165296,
0.037690822682476234,
0.14316911976890423
],
"r_mid_cheek": [
0.4597775652749807,
0.041603298283817,
0.2530480604991013
],
"r_mid_eyebrow": [
0.43076398586659664,
-0.5266770986270995,
0.3795527156853692
],
"r_ext_eyebrow": [
0.35213265449683795,
-0.5586260901339359,
0.3540741240624033
],
"r_ext_lips": [
0.294385996868129,
0.49700002602388316,
0.09885435886150788
],
"r_jaw_angle": [
0.6276748817530904,
0.5684117352598406,
0.5147679645218165
],
"r_mid_ext_face": [
0.6797721141159381,
0.2167969291101889,
0.6936683563972078
],
"r_int_eyebrow": [
0.13675933927587924,
-0.5929250999554488,
0.3301218277052539
],
"r_mid_jaw": [
0.5132721438572738,
0.7806549761866203,
0.2886947643044525
],
"r_mid_bot_eyelid": [
0.31455253127988336,
-0.24335964111454403,
0.34700421445390733
],
"r_ext_mouth": [
0.3338658354891634,
0.4320234268196718,
0.12708089028230507
],
"r_top_eyelid": [
0.3194730287092161,
-0.36976764223308145,
0.35710349585020856
],
"r_eye_int": [
0.20160108213967753,
-0.2977602197716471,
0.3798560618306603
],
"r_pupil": [
0.3231143844331351,
-0.2996857337799799,
0.37060953424215265
],
"l_shoulder": [
0.497438069266413,
-0.016538644583927734,
0.047768613961782426
],
"l_elbow": [
0.8297879342906583,
0.7908549060661929,
-1.1092988742903216
],
"l_hip": [
0.3536194704276322,
1.9921544412326084,
0.10347973036063504
],
"l_knee": [
0.31932246162537836,
3.720199778008126,
-0.450170589277731
],
"l_ankle": [
0.3295926086125147,
5.329222859840422,
0.5729267368485712
],
"l_body_wrist": [
0.5351438331148602,
1.1482856129186423,
-2.602589208525609
],
"r_shoulder": [
-0.497438069266413,
0.016538644583927734,
-0.047768613961782426
],
"r_elbow": [
-1.126846108090456,
0.7262231420660589,
-1.6327719708967086
],
"r_hip": [
-0.4075633942316052,
2.0048886600503706,
0.4412820068283336
],
"r_knee": [
-0.419530822606477,
3.711093234090692,
-0.2533619258876501
],
"r_ankle": [
-0.3622545699497993,
5.3162449254771476,
0.0945669537600705
],
"r_body_wrist": [
-0.48747909189310773,
0.17313159210941018,
-3.592358494976763
],
"m_face_position": [
0.050302326679229736,
-0.15530186891555786,
-0.5335393138229847
],
"m_body_position": [
0.08127559721469879,
0.16576632857322693,
-0.5976132750511169
],
"m_face_scale": [
0.1270710395998792,
0.1270710395998792,
0.1270710395998792
],
"m_body_scale": [
0.36538227016852015,
0.36538227016852015,
0.36538227016852015
],
"l_hand_scale": null,
"r_hand_scale": [
0.1305114576517954,
0.1305114576517954,
0.1305114576517954
]
}
],
"framerate": 30,
"mirrorable": true,
"invalid": false
}