{
"label": "m",
"gestures": [
{
"l_hand_position": null,
"l_wrist": null,
"l_thumb_cmc": null,
"l_thumb_mcp": null,
"l_thumb_ip": null,
"l_thumb_tip": null,
"l_index_mcp": null,
"l_index_pip": null,
"l_index_dip": null,
"l_index_tip": null,
"l_middle_mcp": null,
"l_middle_pip": null,
"l_middle_dip": null,
"l_middle_tip": null,
"l_ring_mcp": null,
"l_ring_pip": null,
"l_ring_dip": null,
"l_ring_tip": null,
"l_pinky_mcp": null,
"l_pinky_pip": null,
"l_pinky_dip": null,
"l_pinky_tip": null,
"r_hand_position": [
-0.07603597640991211,
0.10730350017547607,
-0.5538074262440205
],
"r_wrist": [
-0.7112335970541459,
0.5768798050052372,
0.40169199767799746
],
"r_thumb_cmc": [
-0.5096453968960433,
0.027862102112616447,
0.41671821581254465
],
"r_thumb_mcp": [
-0.1468097749356864,
-0.21358853604469957,
0.3535627334236808
],
"r_thumb_ip": [
0.20188899837306573,
-0.1206298734912178,
0.3002078817799314
],
"r_thumb_tip": [
0.42905216628740867,
0.092198657596149,
0.24496744095607456
],
"r_index_mcp": [
0.0012241063452122117,
-0.31712319264143973,
0.07578493665744712
],
"r_index_pip": [
0.6000390427185269,
-0.445287705443264,
-0.05048426372315401
],
"r_index_dip": [
0.9272683434342885,
-0.48374849495559313,
-0.08017893780091402
],
"r_index_tip": [
1.1816590894160743,
-0.5112163556207876,
-0.08727122352357643
],
"r_middle_mcp": [
0.0,
0.0,
0.0
],
"r_middle_pip": [
0.635338781167102,
-0.13056066426273585,
-0.1814092175400505
],
"r_middle_dip": [
1.0254438081656214,
-0.20101819644010308,
-0.242533050077118
],
"r_middle_tip": [
1.3111518310221366,
-0.26181770309117763,
-0.2627151752800713
],
"r_ring_mcp": [
-0.022796144010020652,
0.3774247803538402,
-0.05059931570311909
],
"r_ring_pip": [
0.5797458424350852,
0.5231713047944758,
-0.21389625907063953
],
"r_ring_dip": [
0.9764728798405287,
0.587274252196861,
-0.27455415472776146
],
"r_ring_tip": [
1.255832992438666,
0.6055050268496017,
-0.28460725601605164
],
"r_pinky_mcp": [
-0.059378947033811774,
0.743904688380096,
-0.08111442692396582
],
"r_pinky_pip": [
0.4665571650220149,
0.7999439297890476,
-0.17385933808319776
],
"r_pinky_dip": [
0.7663359588157531,
0.8127941541232474,
-0.17285048489847132
],
"r_pinky_tip": [
0.9950921113596344,
0.8088766578443494,
-0.1513587082958285
],
"l_hand_velocity": null,
"r_hand_velocity": null,
"m_nose_point": [
0.0,
0.0,
0.0
],
"m_top_nose": [
0.01469316811154434,
-0.3495011410083191,
0.2478081512775497
],
"m_eyebrows": [
0.024977253614790154,
-0.6274749216767885,
0.3466072536736384
],
"m_forehead": [
0.03865638687391795,
-0.8994065805996333,
0.5128762925352539
],
"m_top_chin": [
0.005555532691443245,
0.6304594329924204,
0.07662453143394075
],
"m_bot_up_lip": [
0.007971003089893715,
0.44433628933093433,
0.09405848561533885
],
"m_top_low_lip": [
0.0069865032331786255,
0.466005869552126,
0.08279502273119492
],
"m_bot_nose": [
-0.016989514027332283,
0.07831007210268828,
0.08413461937997893
],
"m_chin": [
0.0014762575351442752,
0.9968046281742421,
0.07986459737644142
],
"m_nose": [
0.01060355570674986,
-0.28607350711462864,
0.18229121640278156
],
"l_eye_exterior": [
-0.38360987691910586,
-0.33289410517532064,
0.4856339970235573
],
"l_temple": [
-0.5509750986856351,
-0.5563445609041592,
0.8423277401569342
],
"l_mid_chin": [
-0.21452867190232225,
0.7511706832990066,
0.11825450782820505
],
"l_up_lip": [
-0.12661504982234245,
0.36292430430470096,
0.1031819534671894
],
"l_ext_nostril": [
-0.16956188707182476,
0.02030161767028602,
0.14914834407407845
],
"l_mid_cheek": [
-0.4254543204540315,
0.02349484295554141,
0.3602540714941101
],
"l_mid_eyebrow": [
-0.34849892015418316,
-0.629518743379329,
0.4290441145878199
],
"l_ext_eyebrow": [
-0.4253854054640614,
-0.5914926825386729,
0.4728358526908972
],
"l_ext_lips": [
-0.28394009592512703,
0.4591680257973113,
0.21357986785681823
],
"l_jaw_angle": [
-0.5475076901902846,
0.4858994120318036,
0.6970625096427042
],
"l_mid_ext_face": [
-0.5927311833584206,
0.11688646836324813,
0.8901834167544801
],
"l_int_eyebrow": [
-0.11992832679553359,
-0.6818011005201122,
0.36050571888717264
],
"l_mid_jaw": [
-0.45135405043456367,
0.7226731043215674,
0.43243296307116663
],
"l_mid_bot_eyelid": [
-0.28263218786548105,
-0.29640017223667736,
0.4290432992988761
],
"l_ext_mouth": [
-0.1987296643267227,
0.549558157266858,
0.15415517192350564
],
"l_top_eyelid": [
-0.2902829823769782,
-0.4372085103683171,
0.43686470455897985
],
"l_eye_int": [
-0.15779489865940186,
-0.3666193783919169,
0.4438115355244949
],
"l_pupil": [
-0.28436170798876526,
-0.3615344366319835,
0.4523517948909136
],
"r_eye_exterior": [
0.48432716576062956,
-0.3203257338795316,
0.4619788498022842
],
"r_temple": [
0.652452667541507,
-0.46497682107689453,
0.7772949407781109
],
"r_mid_chin": [
0.2229178413063557,
0.7869934334603343,
0.09428347459821877
],
"r_up_lip": [
0.14681649463220772,
0.37228517506731224,
0.08525385727177164
],
"r_ext_nostril": [
0.19392875077545157,
0.053908258654148104,
0.17349802517864352
],
"r_mid_cheek": [
0.45897974019971455,
0.08148582251548699,
0.30234444681050765
],
"r_mid_eyebrow": [
0.49671069720832034,
-0.5608097600042905,
0.4168166725158493
],
"r_ext_eyebrow": [
0.41988574313948673,
-0.6129813609111932,
0.38221017193922635
],
"r_ext_lips": [
0.25632339819448374,
0.5502689661634063,
0.14393984758212727
],
"r_jaw_angle": [
0.6114507097589654,
0.5658895331399761,
0.6361259372770877
],
"r_mid_ext_face": [
0.6759743381181439,
0.21052741835966796,
0.8224342592084977
],
"r_int_eyebrow": [
0.185438916261069,
-0.6869096702766068,
0.34263327769927976
],
"r_mid_jaw": [
0.48878793461140563,
0.7916146757877549,
0.3860452219084138
],
"r_mid_bot_eyelid": [
0.3215745719477747,
-0.278910778407098,
0.388613697429127
],
"r_ext_mouth": [
0.2939426144693523,
0.48896883646007705,
0.17477358318831027
],
"r_top_eyelid": [
0.3586537900512351,
-0.41648823413396296,
0.39662287296268384
],
"r_eye_int": [
0.21405291234656468,
-0.3617697320977384,
0.41680574302915874
],
"r_pupil": [
0.34514694426703246,
-0.3519427006529725,
0.41258262321410755
],
"l_shoulder": [
0.4902271786632496,
0.05035276418256435,
-0.08450983634492172
],
"l_elbow": [
0.6568525292154063,
1.2934420056869516,
-0.5878803888080741
],
"l_hip": [
0.32585122978056613,
2.169303702624005,
0.9739303319291346
],
"l_knee": [
0.2745975064785034,
4.093829451536391,
0.5615929036995245
],
"l_ankle": [
0.23229677057531595,
5.777788329477316,
2.2722011991651607
],
"l_body_wrist": [
0.4933743128514658,
1.7984205115894052,
-1.7266669030480357
],
"r_shoulder": [
-0.4902271786632496,
-0.05035276418256435,
0.08450983634492172
],
"r_elbow": [
-0.9402674136724655,
0.8164871726652274,
-1.2284190863213296
],
"r_hip": [
-0.43987515198942934,
2.1339014391358453,
1.3974690429639771
],
"r_knee": [
-0.5262988235252635,
3.997355932722034,
1.2291705472327927
],
"r_ankle": [
-0.5092428275550761,
5.655224701332046,
2.264905117348476
],
"r_body_wrist": [
-0.565883314723969,
0.0792210689524624,
-3.5189565966364174
],
"m_face_position": [
0.01841360330581665,
-0.09438532590866089,
-0.5354423746466637
],
"m_body_position": [
0.0006985217332839966,
0.2092684805393219,
-0.8818237781524658
],
"m_face_scale": [
0.12108614210319797,
0.12108614210319797,
0.12108614210319797
],
"m_body_scale": [
0.32327559640785297,
0.32327559640785297,
0.32327559640785297
],
"l_hand_scale": null,
"r_hand_scale": [
0.133952722668612,
0.133952722668612,
0.133952722668612
]
}
],
"framerate": 30,
"mirrorable": true,
"invalid": false
}