{
"label": "m",
"gestures": [
{
"l_hand_position": null,
"l_wrist": null,
"l_thumb_cmc": null,
"l_thumb_mcp": null,
"l_thumb_ip": null,
"l_thumb_tip": null,
"l_index_mcp": null,
"l_index_pip": null,
"l_index_dip": null,
"l_index_tip": null,
"l_middle_mcp": null,
"l_middle_pip": null,
"l_middle_dip": null,
"l_middle_tip": null,
"l_ring_mcp": null,
"l_ring_pip": null,
"l_ring_dip": null,
"l_ring_tip": null,
"l_pinky_mcp": null,
"l_pinky_pip": null,
"l_pinky_dip": null,
"l_pinky_tip": null,
"r_hand_position": [
0.026499032974243164,
0.11920905113220215,
-0.5477834939956665
],
"r_wrist": [
-0.7579185783560348,
0.5416082807199813,
0.3636205423766826
],
"r_thumb_cmc": [
-0.57311767169731,
-0.020116951570146098,
0.39777572118384014
],
"r_thumb_mcp": [
-0.23522709016366244,
-0.2944807473216074,
0.3551373841211015
],
"r_thumb_ip": [
0.10651660968682289,
-0.2621181820589378,
0.31697789313658964
],
"r_thumb_tip": [
0.3309245790486569,
-0.0963193399988714,
0.27072757834340594
],
"r_index_mcp": [
-0.0599993342047821,
-0.34891426459102554,
0.07380737149966378
],
"r_index_pip": [
0.5237705427510253,
-0.5172490436151226,
-0.03865472561705965
],
"r_index_dip": [
0.843259139207283,
-0.5766460304244061,
-0.053730504606533634
],
"r_index_tip": [
1.0964845328353883,
-0.6142891140443006,
-0.05577204498841557
],
"r_middle_mcp": [
0.0,
0.0,
0.0
],
"r_middle_pip": [
0.6153001323760524,
-0.22258505205572793,
-0.17261578851128762
],
"r_middle_dip": [
0.9847041870606427,
-0.3333434937024175,
-0.22467518164298847
],
"r_middle_tip": [
1.2705039654045034,
-0.4212372273618446,
-0.24380770570672997
],
"r_ring_mcp": [
0.007859091356780335,
0.37229831577696715,
-0.050509386140752184
],
"r_ring_pip": [
0.5613306221741005,
0.40320898795756527,
-0.21218407056506308
],
"r_ring_dip": [
0.9286895078780407,
0.4204439249561766,
-0.27703778955924563
],
"r_ring_tip": [
1.1925208421303506,
0.4076045817902286,
-0.2935722369050534
],
"r_pinky_mcp": [
-0.01516708927566097,
0.7265053452460599,
-0.07948156447479578
],
"r_pinky_pip": [
0.45842310753696314,
0.704694291626074,
-0.1857094737721346
],
"r_pinky_dip": [
0.7384525066899101,
0.6656541974804748,
-0.2062226796671244
],
"r_pinky_tip": [
0.9623302470567608,
0.5979427301690189,
-0.2035032149810278
],
"l_hand_velocity": null,
"r_hand_velocity": null,
"m_nose_point": [
0.0,
0.0,
0.0
],
"m_top_nose": [
0.04237583589946781,
-0.26333600576726035,
0.260233613734792
],
"m_eyebrows": [
0.06610652197418505,
-0.512076581530933,
0.3812486468870048
],
"m_forehead": [
0.09238020322702654,
-0.7969878579063094,
0.5644475521277762
],
"m_top_chin": [
-0.01721380682449207,
0.6046429683335007,
-0.022106518194546062
],
"m_bot_up_lip": [
-0.008854618388972243,
0.4002202139834474,
0.03068468519364644
],
"m_top_low_lip": [
-0.009791439648341942,
0.41915758120054136,
0.016631372945609516
],
"m_bot_nose": [
-0.009928579745447927,
0.09809876363383342,
0.06270729521089072
],
"m_chin": [
-0.035640985633974845,
0.9977325784268597,
-0.05709134863295111
],
"m_nose": [
0.03286367161443773,
-0.21906563846008997,
0.19490935901127493
],
"l_eye_exterior": [
-0.28406754690377733,
-0.18354680741592147,
0.5089176479448215
],
"l_temple": [
-0.41678056186841794,
-0.3550738756586696,
0.876171392004287
],
"l_mid_chin": [
-0.20808421330027044,
0.767430534129715,
0.018950280864482867
],
"l_up_lip": [
-0.12246065744026365,
0.3253782765192647,
0.0680073399157264
],
"l_ext_nostril": [
-0.1350235077264792,
0.06030122726755286,
0.14493073028586084
],
"l_mid_cheek": [
-0.3578389288085979,
0.11566268640159938,
0.3622523735706676
],
"l_mid_eyebrow": [
-0.25734157579425515,
-0.47047499684194766,
0.482835273154013
],
"l_ext_eyebrow": [
-0.32045372094619895,
-0.42849514162021635,
0.5293988346118493
],
"l_ext_lips": [
-0.25652827144353724,
0.4770935958992978,
0.16698899968796482
],
"l_jaw_angle": [
-0.4342314121720137,
0.6605709250541026,
0.6050551265475267
],
"l_mid_ext_face": [
-0.4561715571775624,
0.3302692282274767,
0.8269470089790186
],
"l_int_eyebrow": [
-0.06901507270916465,
-0.5394276299373637,
0.40519487734654647
],
"l_mid_jaw": [
-0.37382574045964506,
0.8314552058549517,
0.3319609444170668
],
"l_mid_bot_eyelid": [
-0.2031271891280554,
-0.1739549474784341,
0.44687874041746684
],
"l_ext_mouth": [
-0.17819675425680168,
0.5094311853862611,
0.10538482797133465
],
"l_top_eyelid": [
-0.20418389444582238,
-0.23912873514978572,
0.4641061988120558
],
"l_eye_int": [
-0.10200180712597233,
-0.22713919404435265,
0.45411928060021683
],
"l_pupil": [
-0.20383059975857584,
-0.21020443553003154,
0.4714600243212955
],
"r_eye_exterior": [
0.47455695820911886,
-0.16103993777067652,
0.39675468770300915
],
"r_temple": [
0.6597623888193437,
-0.3190482620040035,
0.6832132318978968
],
"r_mid_chin": [
0.17794154652642566,
0.8031580270103742,
-0.04686450620528323
],
"r_up_lip": [
0.11849267674982622,
0.33755173066883,
0.01652985180998284
],
"r_ext_nostril": [
0.18961979777567942,
0.094246580045257,
0.12406745575515568
],
"r_mid_cheek": [
0.4499216924210403,
0.15780102471568166,
0.21570274729475092
],
"r_mid_eyebrow": [
0.48018469735956415,
-0.41067623817521526,
0.38941689782184574
],
"r_ext_eyebrow": [
0.40618035893217613,
-0.4606908228941146,
0.37087894546124445
],
"r_ext_lips": [
0.2302409670022415,
0.5605724077903259,
0.03243083737376827
],
"r_jaw_angle": [
0.5794309875675262,
0.7174168576233793,
0.4186061258845709
],
"r_mid_ext_face": [
0.6623698670894846,
0.38942020428321017,
0.6209469732223907
],
"r_int_eyebrow": [
0.19616710214678573,
-0.5342787458610848,
0.3651167128018668
],
"r_mid_jaw": [
0.44137087113459755,
0.8939720176714453,
0.18887636902907465
],
"r_mid_bot_eyelid": [
0.3371739142423658,
-0.1542853338819249,
0.34227676329432644
],
"r_ext_mouth": [
0.27379611691556444,
0.5083835621941303,
0.06194009683859757
],
"r_top_eyelid": [
0.34043485145202834,
-0.21965438725445394,
0.3583606756401632
],
"r_eye_int": [
0.23519753706817473,
-0.21060768190827694,
0.38385496150979864
],
"r_pupil": [
0.3540135374906482,
-0.19053209729583148,
0.3679903966888963
],
"l_shoulder": [
0.4208709121397037,
0.008351186360216612,
-0.26981092083359176
],
"l_elbow": [
0.7211078765048056,
0.7555617584269226,
-1.1161868487088615
],
"l_hip": [
0.2919599719305224,
1.8567014167013869,
-0.029778067097299327
],
"l_knee": [
0.20472137194331794,
3.345863385299635,
-0.08471126426579478
],
"l_ankle": [
0.2060446493119526,
4.697916734524062,
1.2620622492125342
],
"l_body_wrist": [
0.038437170590186844,
0.04150391379443362,
-1.3638342517270257
],
"r_shoulder": [
-0.4208709121397037,
-0.008351186360216612,
0.26981092083359176
],
"r_elbow": [
-1.0400134806033345,
0.7228914194929551,
-0.6101007574174071
],
"r_hip": [
-0.4054870631110531,
1.80998579100682,
0.6563561677717334
],
"r_knee": [
-0.3955894691041149,
3.324836629313624,
0.7653802837040286
],
"r_ankle": [
-0.3338770899436355,
4.614554502042501,
1.5782255668353422
],
"r_body_wrist": [
-0.5221792986066682,
0.5356721715503127,
-2.161085097945142
],
"m_face_position": [
0.07111668586730957,
-0.15086662769317627,
-0.5330590978264809
],
"m_body_position": [
0.06834210455417633,
0.19430884718894958,
-0.6257904274389148
],
"m_face_scale": [
0.13125703643228853,
0.13125703643228853,
0.13125703643228853
],
"m_body_scale": [
0.4075058140224576,
0.4075058140224576,
0.4075058140224576
],
"l_hand_scale": null,
"r_hand_scale": [
0.13141082513720673,
0.13141082513720673,
0.13141082513720673
]
}
],
"framerate": 30,
"mirrorable": true,
"invalid": false
}