{
"label": "m",
"gestures": [
{
"l_hand_position": [
0.11414450407028198,
0.0010152459144592285,
-0.5381677448749542
],
"l_wrist": [
0.8071954028018753,
0.5338155621995408,
0.25194548467695627
],
"l_thumb_cmc": [
0.6071889146087125,
-0.02717108247410696,
0.2691859578112938
],
"l_thumb_mcp": [
0.30887337899473605,
-0.5007728252686713,
0.255493547577582
],
"l_thumb_ip": [
-0.055183754982925284,
-0.7094901047537894,
0.2516302849695148
],
"l_thumb_tip": [
-0.3365671600948898,
-0.6917431388324753,
0.2148491858976313
],
"l_index_mcp": [
0.010773060654713361,
-0.3405805491313897,
0.032180244852869654
],
"l_index_pip": [
-0.5366338461727234,
-0.5273979955533618,
-0.0347064412140752
],
"l_index_dip": [
-0.8241110083943698,
-0.6615680638782274,
-0.06010901410086414
],
"l_index_tip": [
-1.052874970375317,
-0.7908227585220978,
-0.07914716071270503
],
"l_middle_mcp": [
0.0,
0.0,
0.0
],
"l_middle_pip": [
-0.6453075529130329,
0.10891921968171193,
-0.07976079552237623
],
"l_middle_dip": [
-0.9884553647730301,
0.16347030670025392,
-0.12033045660398109
],
"l_middle_tip": [
-1.2282253099428417,
0.18092533255342597,
-0.15575742813616866
],
"l_ring_mcp": [
0.013660591867778675,
0.3392737042037161,
-0.0073808557541076856
],
"l_ring_pip": [
-0.5681027821971667,
0.42124237026333405,
-0.0801773609497959
],
"l_ring_dip": [
-0.8760967999354372,
0.42404530967767895,
-0.10708296288350011
],
"l_ring_tip": [
-1.0829493220715536,
0.4104138331266692,
-0.12342140158420198
],
"l_pinky_mcp": [
0.0514723389953459,
0.6689452556270998,
-0.0014009041224717082
],
"l_pinky_pip": [
-0.42489988356986835,
0.6299669285776442,
-0.05343860650281203
],
"l_pinky_dip": [
-0.6653786293229117,
0.6027732227155075,
-0.04936974098436061
],
"l_pinky_tip": [
-0.852028269223236,
0.5541805459286947,
-0.03659864171638265
],
"r_hand_position": null,
"r_wrist": null,
"r_thumb_cmc": null,
"r_thumb_mcp": null,
"r_thumb_ip": null,
"r_thumb_tip": null,
"r_index_mcp": null,
"r_index_pip": null,
"r_index_dip": null,
"r_index_tip": null,
"r_middle_mcp": null,
"r_middle_pip": null,
"r_middle_dip": null,
"r_middle_tip": null,
"r_ring_mcp": null,
"r_ring_pip": null,
"r_ring_dip": null,
"r_ring_tip": null,
"r_pinky_mcp": null,
"r_pinky_pip": null,
"r_pinky_dip": null,
"r_pinky_tip": null,
"l_hand_velocity": null,
"r_hand_velocity": null,
"m_nose_point": [
0.0,
0.0,
0.0
],
"m_top_nose": [
-0.0026432977828363376,
-0.3170520311771903,
0.221252626413532
],
"m_eyebrows": [
-0.0031427169510715677,
-0.6055243943356149,
0.30522109918354584
],
"m_forehead": [
-0.0019512336060032813,
-0.9210794175973444,
0.4392225623557251
],
"m_top_chin": [
-0.009811566486542918,
0.660999908865564,
0.10609585418104778
],
"m_bot_up_lip": [
-0.004225902561576751,
0.3827965659897744,
0.08471397641190087
],
"m_top_low_lip": [
-0.0005494027380335848,
0.5029862248674021,
0.0948630881932383
],
"m_bot_nose": [
-0.0218138711843729,
0.07959519026858246,
0.0745166382956408
],
"m_chin": [
-0.012730190433018526,
0.992694210285434,
0.11998394524817632
],
"m_nose": [
-0.0013826704995469937,
-0.25897414291217713,
0.16297705898741596
],
"l_eye_exterior": [
-0.3794213213067034,
-0.24268605950144945,
0.39542908019681194
],
"l_temple": [
-0.5835662997258863,
-0.4903718297044164,
0.6971086124162996
],
"l_mid_chin": [
-0.20074609567289475,
0.7783550828058767,
0.11893465474594064
],
"l_up_lip": [
-0.1250915892207272,
0.3213954992602302,
0.08115190512015388
],
"l_ext_nostril": [
-0.16019817426322425,
0.033786602270072186,
0.11701255218921047
],
"l_mid_cheek": [
-0.42361054577618407,
0.06989650334383417,
0.28236632503933023
],
"l_mid_eyebrow": [
-0.3512389185353976,
-0.5761123957472696,
0.3496456662149658
],
"l_ext_eyebrow": [
-0.42535122359441174,
-0.5300687808382699,
0.38384320111486453
],
"l_ext_lips": [
-0.26834574985205745,
0.46878413417338105,
0.1733754312817361
],
"l_jaw_angle": [
-0.5307749028941088,
0.5421641799348493,
0.5936515783232937
],
"l_mid_ext_face": [
-0.6034560117378966,
0.1937559975690319,
0.7544016805361508
],
"l_int_eyebrow": [
-0.1327276208317967,
-0.6412386962809102,
0.30538004758633236
],
"l_mid_jaw": [
-0.41902892680954235,
0.7632592116672768,
0.37721087603169895
],
"l_mid_bot_eyelid": [
-0.28921930512959876,
-0.22579275836641333,
0.350373115895574
],
"l_ext_mouth": [
-0.18066123947379661,
0.5412828029874049,
0.13267533333182796
],
"l_top_eyelid": [
-0.28809863184174483,
-0.29719397542605214,
0.35689224901963373
],
"l_eye_int": [
-0.17189557918528428,
-0.2861318825026166,
0.3732114680290483
],
"l_pupil": [
-0.2943486607152808,
-0.2706015708365194,
0.3725283071755856
],
"r_eye_exterior": [
0.39161647927800536,
-0.237633032992147,
0.46091704570098585
],
"r_temple": [
0.5211709764871032,
-0.47171525401230624,
0.7510454400228469
],
"r_mid_chin": [
0.1701873906874255,
0.7761757991626684,
0.13534035574435008
],
"r_up_lip": [
0.11841649173903103,
0.3157298616235867,
0.09363042046930492
],
"r_ext_nostril": [
0.1560401660506236,
0.05318095627889347,
0.1725363711534101
],
"r_mid_cheek": [
0.3899170379048613,
0.08106283283678666,
0.31950540766548613
],
"r_mid_eyebrow": [
0.39896364750861524,
-0.5042947530717482,
0.41902131212508087
],
"r_ext_eyebrow": [
0.331953591188199,
-0.5480493287488573,
0.37772978749050007
],
"r_ext_lips": [
0.20165142308086745,
0.5426213213336301,
0.1718316028192533
],
"r_jaw_angle": [
0.45342657822039945,
0.5480755701230015,
0.6441702066164745
],
"r_mid_ext_face": [
0.5165104251331549,
0.20887082081118027,
0.8097780609859999
],
"r_int_eyebrow": [
0.13022573489851488,
-0.6148691351067286,
0.31512555180396407
],
"r_mid_jaw": [
0.36061292052133076,
0.7625075837364341,
0.41587902472031224
],
"r_mid_bot_eyelid": [
0.26066702394178515,
-0.20778482362487394,
0.376844069522085
],
"r_ext_mouth": [
0.2355294536306958,
0.4748940007866075,
0.19985180630325253
],
"r_top_eyelid": [
0.26809958077080054,
-0.2971728365413249,
0.3840528978100342
],
"r_eye_int": [
0.15307405771283955,
-0.27417643740147263,
0.39091323388074084
],
"r_pupil": [
0.26620520347544285,
-0.25934183454750626,
0.3987145627191201
],
"l_shoulder": [
0.4882192702857298,
-0.06209545188872407,
0.0882388745191406
],
"l_elbow": [
1.1778579089305916,
0.8032290852554725,
-1.2216023101127746
],
"l_hip": [
0.3905817799242257,
1.7338320625565635,
0.21331012754195228
],
"l_knee": [
0.3507830601145281,
3.2663507803331173,
0.29139387766480096
],
"l_ankle": [
0.34922475299534933,
4.599196952799754,
1.600309107041106
],
"l_body_wrist": [
0.5938570741192629,
0.05462035238914273,
-2.90737007135781
],
"r_shoulder": [
-0.4882192702857298,
0.06209545188872407,
-0.0882388745191406
],
"r_elbow": [
-0.7937733710209103,
0.9838199713371013,
-0.7583016981433098
],
"r_hip": [
-0.33774751998452424,
1.7798045555264659,
0.40448983822849266
],
"r_knee": [
-0.3376552958170982,
3.2822741609836017,
0.29162480041296035
],
"r_ankle": [
-0.29275056559025536,
4.609978589019333,
1.0702169095065743
],
"r_body_wrist": [
-0.47586822659376105,
1.2058618572008122,
-2.4131896452937442
],
"m_face_position": [
-0.034051328897476196,
-0.25628088414669037,
-0.538429606705904
],
"m_body_position": [
-0.02058650553226471,
0.08118245005607605,
-0.6183655560016632
],
"m_face_scale": [
0.14309817009673204,
0.14309817009673204,
0.14309817009673204
],
"m_body_scale": [
0.3919820375203746,
0.3919820375203746,
0.3919820375203746
],
"l_hand_scale": [
0.1514922110719699,
0.1514922110719699,
0.1514922110719699
],
"r_hand_scale": null
}
],
"framerate": 30,
"mirrorable": true,
"invalid": false
}