{
"label": "m",
"gestures": [
{
"l_hand_position": [
0.10972791910171509,
0.026644110679626465,
-0.5253844186663628
],
"l_wrist": [
0.8669623108336277,
0.47089971209563025,
0.1631864355339278
],
"l_thumb_cmc": [
0.6295320459998819,
-0.06529505666883828,
0.24890031399171808
],
"l_thumb_mcp": [
0.330096996383684,
-0.300774991480259,
0.2581946279977896
],
"l_thumb_ip": [
0.015924502107629447,
-0.15258975935571178,
0.25609949602949206
],
"l_thumb_tip": [
-0.17776664241601034,
0.09647964590203198,
0.24084928747875847
],
"l_index_mcp": [
0.0666790629636592,
-0.27500343018918466,
0.08257174408630381
],
"l_index_pip": [
-0.45061244817381724,
-0.4795189063367291,
0.025811374941149417
],
"l_index_dip": [
-0.7465416933618689,
-0.5802185836141792,
0.017169262406443373
],
"l_index_tip": [
-0.9637810612680286,
-0.6819832790246456,
0.012210409425932506
],
"l_middle_mcp": [
0.0,
0.0,
0.0
],
"l_middle_pip": [
-0.5370756742107015,
-0.24914488954348013,
-0.10982384031583226
],
"l_middle_dip": [
-0.8556933116280122,
-0.3989493937062093,
-0.17985280583576466
],
"l_middle_tip": [
-1.0884090655394223,
-0.5274330356690857,
-0.2199535931526024
],
"l_ring_mcp": [
0.0036684596529943294,
0.29869400084150693,
-0.06049931392631926
],
"l_ring_pip": [
-0.5249364982898206,
0.3783996590446531,
-0.18222220296345165
],
"l_ring_dip": [
-0.8248223461911394,
0.47388344881151356,
-0.2548758519327555
],
"l_ring_tip": [
-1.0349196362090614,
0.5295843378125719,
-0.27971861165720585
],
"l_pinky_mcp": [
0.056121225353610554,
0.6239944881447457,
-0.10001782810756255
],
"l_pinky_pip": [
-0.37638610614341167,
0.6472911611029716,
-0.19153900419804679
],
"l_pinky_dip": [
-0.6078140291697463,
0.6803103633316256,
-0.22520401376599403
],
"l_pinky_tip": [
-0.7972234521149042,
0.6832745584303893,
-0.23431620277427842
],
"r_hand_position": null,
"r_wrist": null,
"r_thumb_cmc": null,
"r_thumb_mcp": null,
"r_thumb_ip": null,
"r_thumb_tip": null,
"r_index_mcp": null,
"r_index_pip": null,
"r_index_dip": null,
"r_index_tip": null,
"r_middle_mcp": null,
"r_middle_pip": null,
"r_middle_dip": null,
"r_middle_tip": null,
"r_ring_mcp": null,
"r_ring_pip": null,
"r_ring_dip": null,
"r_ring_tip": null,
"r_pinky_mcp": null,
"r_pinky_pip": null,
"r_pinky_dip": null,
"r_pinky_tip": null,
"l_hand_velocity": null,
"r_hand_velocity": null,
"m_nose_point": [
0.0,
0.0,
0.0
],
"m_top_nose": [
0.014292468580515406,
-0.3260964657842738,
0.2333918908338135
],
"m_eyebrows": [
0.03333417017825991,
-0.6026610441113488,
0.3261033306573377
],
"m_forehead": [
0.06074573868827766,
-0.9332469778967195,
0.4705138083801287
],
"m_top_chin": [
-0.0654978206755231,
0.6420660641476295,
0.09031204427100645
],
"m_bot_up_lip": [
-0.04333670040775095,
0.35912182796254893,
0.08211021571523235
],
"m_top_low_lip": [
-0.049233050852271185,
0.5017268186322986,
0.08995335385850352
],
"m_bot_nose": [
-0.030801842829455434,
0.0781916100811584,
0.07532447788097008
],
"m_chin": [
-0.10359485822751885,
0.9899216401805848,
0.096556986546811
],
"m_nose": [
0.012809783184871769,
-0.2672152762227577,
0.1726552141595387
],
"l_eye_exterior": [
-0.37848444568284767,
-0.3511390139767805,
0.4027165763732526
],
"l_temple": [
-0.5609609752290526,
-0.5877539102498093,
0.7060580515461261
],
"l_mid_chin": [
-0.2769221240641249,
0.7523645488235826,
0.09888289075559269
],
"l_up_lip": [
-0.16768284574067313,
0.28499447710754955,
0.07737395568647049
],
"l_ext_nostril": [
-0.17044980612010857,
0.007786540301428813,
0.11516798492744326
],
"l_mid_cheek": [
-0.44473459794054127,
-0.001781827247358728,
0.27883201461030227
],
"l_mid_eyebrow": [
-0.3141956057835418,
-0.6388206803033082,
0.35996633135591755
],
"l_ext_eyebrow": [
-0.3914079841705145,
-0.6099518636299355,
0.3910054654067781
],
"l_ext_lips": [
-0.32333571208951684,
0.418290254751069,
0.1683795588144444
],
"l_jaw_angle": [
-0.6128582200423129,
0.4789452333945406,
0.581924434288976
],
"l_mid_ext_face": [
-0.6564580431808582,
0.11169692195825667,
0.7503081520908996
],
"l_int_eyebrow": [
-0.09097799101232457,
-0.6581445316815989,
0.3227717463920981
],
"l_mid_jaw": [
-0.5083934084705206,
0.7199796961543369,
0.3596862928656513
],
"l_mid_bot_eyelid": [
-0.289506635119848,
-0.30318118245360637,
0.360367800833822
],
"l_ext_mouth": [
-0.23748607060445212,
0.5060346647948543,
0.1314452698689812
],
"l_top_eyelid": [
-0.2825496538378182,
-0.42823193912092544,
0.36894845337145554
],
"l_eye_int": [
-0.15732765372273158,
-0.3488272783063836,
0.3884302254471026
],
"l_pupil": [
-0.27924708709531193,
-0.357205793877635,
0.3837244201446984
],
"r_eye_exterior": [
0.3997271801160686,
-0.21967074884981033,
0.4982676857250554
],
"r_temple": [
0.5271966105783263,
-0.39522499349882734,
0.8078174099661571
],
"r_mid_chin": [
0.10340255275141629,
0.8057780561791076,
0.12908466927535772
],
"r_up_lip": [
0.09429317462204602,
0.3194666073094767,
0.10062826644908171
],
"r_ext_nostril": [
0.150226188961302,
0.07544805195542857,
0.18473128581627524
],
"r_mid_cheek": [
0.37756748433330467,
0.13713476474052974,
0.34608060411969843
],
"r_mid_eyebrow": [
0.4269999630867192,
-0.45102542898339465,
0.4541166377628141
],
"r_ext_eyebrow": [
0.36466327814217725,
-0.5033461528397971,
0.40982746562924516
],
"r_ext_lips": [
0.1634344209527439,
0.5656790730739604,
0.18499415417474666
],
"r_jaw_angle": [
0.39273580769598454,
0.6402268505042273,
0.6786489504476404
],
"r_mid_ext_face": [
0.47757569280811707,
0.3030052585550977,
0.8560150128408845
],
"r_int_eyebrow": [
0.17088732651547417,
-0.5952810925308225,
0.3399280244343341
],
"r_mid_jaw": [
0.2835897313916385,
0.8336910434120002,
0.4336458342992421
],
"r_mid_bot_eyelid": [
0.26707588018981565,
-0.2081187859271501,
0.4089506187950214
],
"r_ext_mouth": [
0.20528416250982673,
0.5027416624516885,
0.21615289409182867
],
"r_top_eyelid": [
0.2915017281227152,
-0.3279842136668827,
0.41837461733195447
],
"r_eye_int": [
0.16353983284334828,
-0.2836513912427063,
0.4208701878801018
],
"r_pupil": [
0.27574000500520457,
-0.2636301527039886,
0.4317630339583134
],
"l_shoulder": [
0.49355647997371327,
-0.03325357103547228,
0.07277500319028767
],
"l_elbow": [
1.0745542801313497,
0.8169966167770096,
-1.2804003125589016
],
"l_hip": [
0.3431221422351174,
1.7392482968816774,
0.28973963907013806
],
"l_knee": [
0.29493657737734325,
3.1562226940835822,
0.25608595331428224
],
"l_ankle": [
0.2941941290570749,
4.443143294374437,
1.4958024044415714
],
"l_body_wrist": [
0.5182351073462669,
0.14660300777566013,
-2.8733685506894617
],
"r_shoulder": [
-0.49355647997371327,
0.03325357103547228,
-0.07277500319028767
],
"r_elbow": [
-0.7951219096104517,
0.9170100473101062,
-0.7676224039364556
],
"r_hip": [
-0.3873950218939218,
1.7647241910266618,
0.3799856019512617
],
"r_knee": [
-0.3832998508661355,
3.19589700355973,
0.19274833926274398
],
"r_ankle": [
-0.39412787653503883,
4.450260096291243,
1.0117472563502108
],
"r_body_wrist": [
-0.4964508797071839,
1.1704543637572957,
-2.497695807729161
],
"m_face_position": [
0.002179086208343506,
-0.26049527525901794,
-0.5407843664288521
],
"m_body_position": [
-0.0015092194080352783,
0.08252054452896118,
-0.6349447146058083
],
"m_face_scale": [
0.1464502999454494,
0.1464502999454494,
0.1464502999454494
],
"m_body_scale": [
0.40991582567411355,
0.40991582567411355,
0.40991582567411355
],
"l_hand_scale": [
0.1555570792808913,
0.1555570792808913,
0.1555570792808913
],
"r_hand_scale": null
}
],
"framerate": 30,
"mirrorable": true,
"invalid": false
}