{
"label": "m",
"gestures": [
{
"l_hand_position": null,
"l_wrist": null,
"l_thumb_cmc": null,
"l_thumb_mcp": null,
"l_thumb_ip": null,
"l_thumb_tip": null,
"l_index_mcp": null,
"l_index_pip": null,
"l_index_dip": null,
"l_index_tip": null,
"l_middle_mcp": null,
"l_middle_pip": null,
"l_middle_dip": null,
"l_middle_tip": null,
"l_ring_mcp": null,
"l_ring_pip": null,
"l_ring_dip": null,
"l_ring_tip": null,
"l_pinky_mcp": null,
"l_pinky_pip": null,
"l_pinky_dip": null,
"l_pinky_tip": null,
"r_hand_position": [
-0.19684258103370667,
0.18666261434555054,
-0.5685807913541794
],
"r_wrist": [
-0.776413542996313,
0.4819663679371522,
0.4060670270157156
],
"r_thumb_cmc": [
-0.5085339478026655,
-0.12193458551409012,
0.437442939882274
],
"r_thumb_mcp": [
-0.05969890541467669,
-0.279372370320032,
0.38801444083062053
],
"r_thumb_ip": [
0.2984449420924144,
-0.06228720612945955,
0.37098916162198253
],
"r_thumb_tip": [
0.4394723921646928,
0.13362746515442087,
0.34107169223895883
],
"r_index_mcp": [
-0.003692757639641457,
-0.38503778830606444,
0.04068880013077485
],
"r_index_pip": [
0.5568275135289299,
-0.5465510703378466,
-0.06694347406211254
],
"r_index_dip": [
0.8912226255779455,
-0.6415777747914098,
-0.11131034162019549
],
"r_index_tip": [
1.1538349194124256,
-0.7082845732103739,
-0.1426011556115211
],
"r_middle_mcp": [
0.0,
0.0,
0.0
],
"r_middle_pip": [
0.5631343348983773,
-0.27117196734638943,
-0.17291941578572606
],
"r_middle_dip": [
0.9017074668563043,
-0.4337655314190702,
-0.2551312260029027
],
"r_middle_tip": [
1.1385131602929899,
-0.5359889400144185,
-0.3060014902642391
],
"r_ring_mcp": [
-0.029468124793195605,
0.39539840244349017,
0.004515585989316428
],
"r_ring_pip": [
0.5622077486525819,
0.31449900609093023,
-0.18315875847058602
],
"r_ring_dip": [
0.9202889532121855,
0.2644700542602528,
-0.27057932977135546
],
"r_ring_tip": [
1.1818029661870522,
0.24142627253517138,
-0.30950684843843884
],
"r_pinky_mcp": [
-0.04573870399330934,
0.7294416552325332,
0.04524146456893869
],
"r_pinky_pip": [
0.35772387507041375,
0.45415678135081805,
-0.038198654738639794
],
"r_pinky_dip": [
0.3282321047702792,
0.22549555338255367,
0.008638815376552157
],
"r_pinky_tip": [
0.25055784968879136,
0.12405244651619156,
0.0485807307027928
],
"l_hand_velocity": null,
"r_hand_velocity": null,
"m_nose_point": [
0.0,
0.0,
0.0
],
"m_top_nose": [
0.021048876105230666,
-0.3150840653523709,
0.2220706120570243
],
"m_eyebrows": [
0.04366812152408837,
-0.5555035093804339,
0.3076127855714786
],
"m_forehead": [
0.0726950737904648,
-0.8538781610348307,
0.4460189464792804
],
"m_top_chin": [
-0.07929395444189082,
0.6567630594791147,
0.11224051851268432
],
"m_bot_up_lip": [
-0.05630663084747189,
0.40241793016183874,
0.08892925136489807
],
"m_top_low_lip": [
-0.05999820614799379,
0.4642294518546451,
0.1057721437104089
],
"m_bot_nose": [
-0.032187631510497396,
0.07351062672617652,
0.0747753466303508
],
"m_chin": [
-0.12134597129256572,
0.9846083878605358,
0.12578345600968455
],
"m_nose": [
0.01839146876019963,
-0.2600970825761768,
0.16424882590902756
],
"l_eye_exterior": [
-0.37325121063595496,
-0.33878705585672797,
0.3824112828692613
],
"l_temple": [
-0.5309644764991808,
-0.5558461586959539,
0.6680406445690131
],
"l_mid_chin": [
-0.2890097879138067,
0.7349430834980472,
0.12293032419244745
],
"l_up_lip": [
-0.16720993891072042,
0.30937995127980666,
0.08314269930631882
],
"l_ext_nostril": [
-0.17380241661177634,
-0.003086405019827796,
0.11104411580219102
],
"l_mid_cheek": [
-0.42357931525214404,
-0.01638771117723633,
0.26753157612088585
],
"l_mid_eyebrow": [
-0.30172751088034033,
-0.6199926534472969,
0.33546429621444385
],
"l_ext_eyebrow": [
-0.3790886890176564,
-0.5948767147376978,
0.3636807607362049
],
"l_ext_lips": [
-0.3263836262826467,
0.40207326849048813,
0.17956098434708626
],
"l_jaw_angle": [
-0.6026184305594672,
0.45273835123758366,
0.5642558623150842
],
"l_mid_ext_face": [
-0.6331755050228586,
0.10086768953603062,
0.7200004038809431
],
"l_int_eyebrow": [
-0.07862585230613058,
-0.6235235146935293,
0.3029250112394685
],
"l_mid_jaw": [
-0.5116368963948724,
0.6879013388946721,
0.36048054899046855
],
"l_mid_bot_eyelid": [
-0.2844243607416187,
-0.29159438456605774,
0.3439368001994808
],
"l_ext_mouth": [
-0.2403881610419691,
0.48942579332674885,
0.14630013260076036
],
"l_top_eyelid": [
-0.27220240907517007,
-0.4139200072652489,
0.3503776251644049
],
"l_eye_int": [
-0.1515130146076984,
-0.33123651383886576,
0.3719428591985444
],
"l_pupil": [
-0.26761862837593436,
-0.33896780199860393,
0.3656239418351311
],
"r_eye_exterior": [
0.37549023090965966,
-0.1740014568975669,
0.4844808404912797
],
"r_temple": [
0.4987960538397937,
-0.3232378567658161,
0.7833634061837847
],
"r_mid_chin": [
0.08656203487771197,
0.8041366581432624,
0.15574767443800433
],
"r_up_lip": [
0.06574183557141347,
0.35146471464808865,
0.10882659114758592
],
"r_ext_nostril": [
0.15065849514544866,
0.07784249706370851,
0.18374400323927334
],
"r_mid_cheek": [
0.35062812344687516,
0.14800675898503113,
0.34193228226616107
],
"r_mid_eyebrow": [
0.4078734268186039,
-0.3881063299067478,
0.43565438781063853
],
"r_ext_eyebrow": [
0.35048579500721977,
-0.4404273985609906,
0.39248052831976216
],
"r_ext_lips": [
0.15128598428171852,
0.5662847972136099,
0.2034375977110326
],
"r_jaw_angle": [
0.35984434726815934,
0.6526203505896594,
0.6745297603569518
],
"r_mid_ext_face": [
0.43958412999724833,
0.33211719392691336,
0.8407011407176418
],
"r_int_eyebrow": [
0.1672838472521353,
-0.5332487747790741,
0.3227762669302516
],
"r_mid_jaw": [
0.2576752123340459,
0.8358566913353033,
0.44364792252339214
],
"r_mid_bot_eyelid": [
0.253612082970619,
-0.17151107508647592,
0.3982643476905942
],
"r_ext_mouth": [
0.191570055064489,
0.5000973162964374,
0.2313781122226022
],
"r_top_eyelid": [
0.27861834828745036,
-0.28471724998569103,
0.4059410163969074
],
"r_eye_int": [
0.15937455707210832,
-0.25094461384643496,
0.4085020479050285
],
"r_pupil": [
0.25951853027487837,
-0.21969135573637444,
0.4195973547184981
],
"l_shoulder": [
0.4436985039906554,
0.053823838920260186,
0.22413083661187777
],
"l_elbow": [
0.6752321932916925,
0.8156023024529934,
0.12146948713704717
],
"l_hip": [
0.22833292547381742,
1.6215956745777123,
0.41582440532019427
],
"l_knee": [
0.16123640018578161,
2.991981639558869,
0.5266005069304689
],
"l_ankle": [
0.1164357520193932,
4.174750186644804,
1.8281600596674734
],
"l_body_wrist": [
0.7088350877808884,
1.4468645273193494,
-0.6186916559450343
],
"r_shoulder": [
-0.4436985039906554,
-0.053823838920260186,
-0.22413083661187777
],
"r_elbow": [
-0.9814124916497842,
0.7842469189773733,
-1.4077363537064216
],
"r_hip": [
-0.41687151106479275,
1.5983476062240993,
0.44947363903798754
],
"r_knee": [
-0.431834805866586,
2.957999871322023,
0.35896269792401786
],
"r_ankle": [
-0.4481768259120014,
4.130376452758136,
1.2643341929822443
],
"r_body_wrist": [
-0.5250316634994074,
0.3614077185855248,
-3.0980789803474367
],
"m_face_position": [
0.0005636215209960938,
-0.21425828337669373,
-0.5448160283267498
],
"m_body_position": [
-0.047080494463443756,
0.14358636736869812,
-0.7010194882750511
],
"m_face_scale": [
0.16290635149072585,
0.16290635149072585,
0.16290635149072585
],
"m_body_scale": [
0.4702312692256824,
0.4702312692256824,
0.4702312692256824
],
"l_hand_scale": null,
"r_hand_scale": [
0.1688909106604284,
0.1688909106604284,
0.1688909106604284
]
}
],
"framerate": 30,
"mirrorable": true,
"invalid": false
}