{
"label": "m",
"gestures": [
{
"l_hand_position": [
-0.07568073272705078,
0.13503497838974,
-0.5341727882623672
],
"l_wrist": [
0.884934562036271,
0.4364215095227089,
0.16256410101739416
],
"l_thumb_cmc": [
0.6825778662051074,
-0.21858375975161023,
0.20901083779227508
],
"l_thumb_mcp": [
0.35170188275071257,
-0.6822490944178009,
0.21417514841438445
],
"l_thumb_ip": [
-0.09640924306297291,
-0.8211478732408063,
0.2306914028485849
],
"l_thumb_tip": [
-0.4083579523938,
-0.7247944887738655,
0.2252415656609228
],
"l_index_mcp": [
0.039361737928400774,
-0.4078910936203632,
0.04190969269757167
],
"l_index_pip": [
-0.5655368112010657,
-0.3844120527856013,
0.00752955089580399
],
"l_index_dip": [
-0.8842471043404327,
-0.31495203039262043,
-0.000899674284507545
],
"l_index_tip": [
-1.1207965622572642,
-0.2573232556039059,
-0.00399518329571701
],
"l_middle_mcp": [
0.0,
0.0,
0.0
],
"l_middle_pip": [
-0.6289879231010779,
-0.02857436555912237,
-0.039960764661611796
],
"l_middle_dip": [
-0.9807938672971905,
0.0018317082759804566,
-0.052555336284563374
],
"l_middle_tip": [
-1.2114945474221153,
0.0324770950808863,
-0.06546531758143039
],
"l_ring_mcp": [
0.011735125451703276,
0.3915228237058858,
-0.022040274389308844
],
"l_ring_pip": [
-0.5454498332309408,
0.3081667704786557,
-0.0559393358049126
],
"l_ring_dip": [
-0.8562211879659567,
0.27101740156315546,
-0.057096399127736126
],
"l_ring_tip": [
-1.0697337244178904,
0.24272232898419419,
-0.05660682121720753
],
"l_pinky_mcp": [
0.06568375446426451,
0.7704218882546624,
-0.029841515683517016
],
"l_pinky_pip": [
-0.40294236226731567,
0.6247009885152345,
-0.043684984145992305
],
"l_pinky_dip": [
-0.6348559111461887,
0.5575121709660003,
-0.01588459330866918
],
"l_pinky_tip": [
-0.8163472947630219,
0.4778405167075147,
0.009783512587920151
],
"r_hand_position": null,
"r_wrist": null,
"r_thumb_cmc": null,
"r_thumb_mcp": null,
"r_thumb_ip": null,
"r_thumb_tip": null,
"r_index_mcp": null,
"r_index_pip": null,
"r_index_dip": null,
"r_index_tip": null,
"r_middle_mcp": null,
"r_middle_pip": null,
"r_middle_dip": null,
"r_middle_tip": null,
"r_ring_mcp": null,
"r_ring_pip": null,
"r_ring_dip": null,
"r_ring_tip": null,
"r_pinky_mcp": null,
"r_pinky_pip": null,
"r_pinky_dip": null,
"r_pinky_tip": null,
"l_hand_velocity": null,
"r_hand_velocity": null,
"m_nose_point": [
0.0,
0.0,
0.0
],
"m_top_nose": [
0.0069112844735349545,
-0.326687562198651,
0.21745570040073323
],
"m_eyebrows": [
0.016946855218268556,
-0.5842711226233124,
0.29785349240110925
],
"m_forehead": [
0.02954518418785321,
-0.8898007093699863,
0.43001542934754283
],
"m_top_chin": [
-0.038625545048778694,
0.6518612774352832,
0.10910792216760931
],
"m_bot_up_lip": [
-0.018167353942870813,
0.3947560872087975,
0.09402797339507354
],
"m_top_low_lip": [
-0.017954442642438596,
0.4631773103316408,
0.10357679863688213
],
"m_bot_nose": [
-0.0264935122339745,
0.08049203543592576,
0.07674948586869366
],
"m_chin": [
-0.05720970857420491,
0.9900565933881261,
0.12851066544669906
],
"m_nose": [
0.006628989937818116,
-0.2695123751851392,
0.16024005046186468
],
"l_eye_exterior": [
-0.38262405439399333,
-0.306996327933757,
0.3876713552756103
],
"l_temple": [
-0.5487395937087699,
-0.5053073889900898,
0.6777560616652667
],
"l_mid_chin": [
-0.24031580774320138,
0.768901102114332,
0.12486308205705093
],
"l_up_lip": [
-0.138522268790151,
0.31051803729529914,
0.08921249202093093
],
"l_ext_nostril": [
-0.1690672177825098,
0.02175053889155855,
0.11544903757606408
],
"l_mid_cheek": [
-0.41966892009970697,
0.03873948320476079,
0.2786272114389532
],
"l_mid_eyebrow": [
-0.3335978263304906,
-0.604950897934063,
0.3348224701932303
],
"l_ext_eyebrow": [
-0.4077436765351628,
-0.5688827543162347,
0.36619276933154377
],
"l_ext_lips": [
-0.30010715086362155,
0.44648996201789265,
0.18624966564681372
],
"l_jaw_angle": [
-0.5562686950788466,
0.5299527222998651,
0.5937488002889881
],
"l_mid_ext_face": [
-0.6067344552175559,
0.17864074379619363,
0.746152881615896
],
"l_int_eyebrow": [
-0.11476480281228987,
-0.6347805023694985,
0.2954766529217104
],
"l_mid_jaw": [
-0.4551348070318478,
0.7511731753282639,
0.383025027423152
],
"l_mid_bot_eyelid": [
-0.2914085678537107,
-0.27316859959351997,
0.3464734544129086
],
"l_ext_mouth": [
-0.20546501679641466,
0.5043418056323787,
0.15079223904789696
],
"l_top_eyelid": [
-0.28980578110724614,
-0.3958396050607974,
0.3516648094733599
],
"l_eye_int": [
-0.17083461965582614,
-0.3244598161637772,
0.37119787483263383
],
"l_pupil": [
-0.2837968188063097,
-0.32792812764326207,
0.3677739163312192
],
"r_eye_exterior": [
0.38805992477603474,
-0.22992821911356787,
0.4736822169991223
],
"r_temple": [
0.5028844175775032,
-0.3974654345238823,
0.7647467383874281
],
"r_mid_chin": [
0.13786771959257624,
0.797469989356673,
0.15051872370218394
],
"r_up_lip": [
0.10629732719637855,
0.3351691525413482,
0.10827404791707466
],
"r_ext_nostril": [
0.15605599054020197,
0.06677422156957968,
0.18085921109877526
],
"r_mid_cheek": [
0.3690387148910951,
0.11329568082791773,
0.33663218436122616
],
"r_mid_eyebrow": [
0.40416669866512184,
-0.4594402238439026,
0.4219860416899589
],
"r_ext_eyebrow": [
0.3399559155481901,
-0.5033363439200741,
0.3794461789266695
],
"r_ext_lips": [
0.18527483544248854,
0.5565215697623471,
0.1985925265644221
],
"r_jaw_angle": [
0.40908236483947785,
0.6169853180600109,
0.6772137500541818
],
"r_mid_ext_face": [
0.4753780461539327,
0.28277052511772466,
0.8379947729286563
],
"r_int_eyebrow": [
0.14322859486000852,
-0.5743802703423709,
0.31145670914079493
],
"r_mid_jaw": [
0.31338893871214957,
0.8116501880679673,
0.44670823011222555
],
"r_mid_bot_eyelid": [
0.2643856683367925,
-0.20988581724852004,
0.3884538191846818
],
"r_ext_mouth": [
0.22316658475535267,
0.48936761102514353,
0.22664763987747027
],
"r_top_eyelid": [
0.28146074649477826,
-0.3219934802291379,
0.3943838644326176
],
"r_eye_int": [
0.16057678447845283,
-0.2830413408093687,
0.399471521953998
],
"r_pupil": [
0.26866974300171936,
-0.2683186604300402,
0.40943005690073175
],
"l_shoulder": [
0.46795866768843625,
-0.01036604690612269,
0.1758045232831162
],
"l_elbow": [
0.9265202754800083,
0.8041314399094811,
-0.8883412051775604
],
"l_hip": [
0.3338123791276793,
1.6555261409092035,
0.4209997069722887
],
"l_knee": [
0.3029169249893616,
3.1327621345662915,
0.6568513905602041
],
"l_ankle": [
0.2732057624124024,
4.340594636876649,
2.1140356621116676
],
"l_body_wrist": [
0.23600078956435722,
0.43458439795917764,
-2.382936864950971
],
"r_shoulder": [
-0.46795866768843625,
0.01036604690612269,
-0.1758045232831162
],
"r_elbow": [
-0.8194414513021653,
0.8312401707207742,
-0.6893613125576515
],
"r_hip": [
-0.36357621091778564,
1.6437058644011426,
0.5006185487903829
],
"r_knee": [
-0.36360970347684124,
3.108142240479414,
0.3636954407658154
],
"r_ankle": [
-0.3797377356670167,
4.310524577891519,
1.4623214674622385
],
"r_body_wrist": [
-0.44275248735407435,
1.0371134046305295,
-2.025150305635901
],
"m_face_position": [
-0.011560767889022827,
-0.25593656301498413,
-0.5480623841285706
],
"m_body_position": [
-0.025187239050865173,
0.10539031028747559,
-0.7038922235369682
],
"m_face_scale": [
0.1752490711091838,
0.1752490711091838,
0.1752490711091838
],
"m_body_scale": [
0.44757906184815915,
0.44757906184815915,
0.44757906184815915
],
"l_hand_scale": [
0.21021142411059984,
0.21021142411059984,
0.21021142411059984
],
"r_hand_scale": null
}
],
"framerate": 30,
"mirrorable": true,
"invalid": false
}