{
"label": "m",
"gestures": [
{
"l_hand_position": [
0.1414111852645874,
0.08202564716339111,
-0.558933787047863
],
"l_wrist": [
0.6532346577722952,
0.6790631592308408,
0.3348995486120311
],
"l_thumb_cmc": [
0.4606855588522862,
0.13549708752830336,
0.5620280477852538
],
"l_thumb_mcp": [
0.09013606763018059,
-0.13165541336211328,
0.5812311262375368
],
"l_thumb_ip": [
-0.2537987710365951,
-0.14308424158602315,
0.5938903689930951
],
"l_thumb_tip": [
-0.5212547580893205,
-0.029896096685293742,
0.5696071150883697
],
"l_index_mcp": [
-0.042654370430478185,
-0.3456866583447456,
0.10068013715797344
],
"l_index_pip": [
-0.6212199160588301,
-0.3609124507198626,
0.07777285936776726
],
"l_index_dip": [
-0.9420710078611108,
-0.3499696745527754,
0.09926749544404587
],
"l_index_tip": [
-1.168529435379489,
-0.3654921788455068,
0.11400160467143795
],
"l_middle_mcp": [
0.0,
0.0,
0.0
],
"l_middle_pip": [
-0.6735147141138985,
-0.07966647245499671,
-0.09547349502489257
],
"l_middle_dip": [
-1.0463196901070022,
-0.1235906750534388,
-0.0989788702810354
],
"l_middle_tip": [
-1.297395553488686,
-0.12469115110404289,
-0.10610872048285434
],
"l_ring_mcp": [
-0.0019838375587528942,
0.37874835957572905,
-0.03188378709571657
],
"l_ring_pip": [
-0.6280439514517266,
0.22958660436213152,
-0.0733218842303459
],
"l_ring_dip": [
-0.9178176876501287,
0.15554309371571545,
0.0004082752599251784
],
"l_ring_tip": [
-1.0860668934268818,
0.09953126759683378,
0.0544255732151456
],
"l_pinky_mcp": [
-0.02151364630045225,
0.7457281625561244,
-0.023286889527268213
],
"l_pinky_pip": [
-0.48059845113145344,
0.47967241188173,
0.014185734119380997
],
"l_pinky_dip": [
-0.6002434673626432,
0.3858000095903571,
0.13817856644300536
],
"l_pinky_tip": [
-0.6397617012118524,
0.3213915071727757,
0.22514651035525052
],
"r_hand_position": null,
"r_wrist": null,
"r_thumb_cmc": null,
"r_thumb_mcp": null,
"r_thumb_ip": null,
"r_thumb_tip": null,
"r_index_mcp": null,
"r_index_pip": null,
"r_index_dip": null,
"r_index_tip": null,
"r_middle_mcp": null,
"r_middle_pip": null,
"r_middle_dip": null,
"r_middle_tip": null,
"r_ring_mcp": null,
"r_ring_pip": null,
"r_ring_dip": null,
"r_ring_tip": null,
"r_pinky_mcp": null,
"r_pinky_pip": null,
"r_pinky_dip": null,
"r_pinky_tip": null,
"l_hand_velocity": null,
"r_hand_velocity": null,
"m_nose_point": [
0.0,
0.0,
0.0
],
"m_top_nose": [
-0.0004843809122962416,
-0.34789907022943933,
0.20575762140748852
],
"m_eyebrows": [
-0.005615682959116833,
-0.6172741061663741,
0.2794728852044002
],
"m_forehead": [
-0.02711730972609761,
-0.9670372316567202,
0.3959316382879698
],
"m_top_chin": [
0.026820337010203525,
0.6419580261983316,
0.1342127649699576
],
"m_bot_up_lip": [
0.03245315651646219,
0.4253657431025543,
0.10705068829324813
],
"m_top_low_lip": [
0.03224915868399719,
0.428250881347944,
0.11945766236374236
],
"m_bot_nose": [
-0.011945267180014653,
0.07605454846715086,
0.08079405708975668
],
"m_chin": [
0.034829302851000846,
0.985470322663155,
0.16623827120458842
],
"m_nose": [
-0.0011293713781239053,
-0.2817766092605239,
0.150885884730207
],
"l_eye_exterior": [
-0.35312936318155796,
-0.33221967650574236,
0.393887945525575
],
"l_temple": [
-0.5027046210868776,
-0.5893660541718968,
0.6808792721664471
],
"l_mid_chin": [
-0.15880529388181894,
0.7485455263835945,
0.1674275635278047
],
"l_up_lip": [
-0.08610768561753711,
0.3272101533258446,
0.1092627613040884
],
"l_ext_nostril": [
-0.14230134055469107,
0.0027371076466751114,
0.12544755783468045
],
"l_mid_cheek": [
-0.3715825075942227,
-0.0013423020915458138,
0.2926428878213194
],
"l_mid_eyebrow": [
-0.3042256683200164,
-0.611487422343225,
0.33606535012157795
],
"l_ext_eyebrow": [
-0.3725166317171455,
-0.5809814515716766,
0.37206001793608906
],
"l_ext_lips": [
-0.23077222894456398,
0.4136875508327821,
0.2175926347321721
],
"l_jaw_angle": [
-0.43217624446558145,
0.48446386047655576,
0.6183827404994194
],
"l_mid_ext_face": [
-0.49351487422653084,
0.10794092280208162,
0.7608762291465306
],
"l_int_eyebrow": [
-0.10330366376328617,
-0.6413600700852975,
0.28505328456556006
],
"l_mid_jaw": [
-0.3418478637477498,
0.7264266193121218,
0.42128936416322954
],
"l_mid_bot_eyelid": [
-0.27069053938560983,
-0.29348816310611486,
0.3495773124512576
],
"l_ext_mouth": [
-0.15996510997667354,
0.4826885871141392,
0.17980478221740737
],
"l_top_eyelid": [
-0.2609810446965252,
-0.41913679052019154,
0.35456376282001034
],
"l_eye_int": [
-0.1472359369167666,
-0.3457272863347517,
0.3671331352990235
],
"l_pupil": [
-0.2584297045130153,
-0.34107972713730184,
0.3695890622872105
],
"r_eye_exterior": [
0.4248753461683892,
-0.2901687774640035,
0.42118271650282557
],
"r_temple": [
0.5653016932405937,
-0.5096181240364487,
0.6744917153711758
],
"r_mid_chin": [
0.22005094875933928,
0.7813911827510819,
0.16853246063514357
],
"r_up_lip": [
0.15443182828679192,
0.33276038925917506,
0.11266729416481075
],
"r_ext_nostril": [
0.1870093159218789,
0.041650195524528845,
0.16817306029837842
],
"r_mid_cheek": [
0.4201700878521054,
0.0709719215063608,
0.2958864450968768
],
"r_mid_eyebrow": [
0.4242493152866333,
-0.5226134604881331,
0.3709524774252017
],
"r_ext_eyebrow": [
0.347731715439267,
-0.5640720548313207,
0.3371502052166679
],
"r_ext_lips": [
0.2595928020743438,
0.5299466265389859,
0.20217108679425946
],
"r_jaw_angle": [
0.5585768746132758,
0.5565669763979705,
0.616753036635862
],
"r_mid_ext_face": [
0.6294317571487317,
0.19961634550747703,
0.7550958348007899
],
"r_int_eyebrow": [
0.1263878688891844,
-0.6238920948295951,
0.28618969599957844
],
"r_mid_jaw": [
0.4309653833366873,
0.7721454686569847,
0.41836899572916797
],
"r_mid_bot_eyelid": [
0.28063338280173217,
-0.26184999524920116,
0.3510603359028268
],
"r_ext_mouth": [
0.2926796462276678,
0.4592858974365731,
0.22208501930493801
],
"r_top_eyelid": [
0.29654430221553685,
-0.37898649862980544,
0.3563037945997742
],
"r_eye_int": [
0.16434368007510455,
-0.3385569174817461,
0.36965264070014364
],
"r_pupil": [
0.29095414177343976,
-0.32804884146548285,
0.3711702619744497
],
"l_shoulder": [
0.481274594249216,
0.025836094730714337,
0.13306863319098922
],
"l_elbow": [
0.7802618247584069,
0.888498233040352,
-0.5828907761559831
],
"l_hip": [
0.2335578984497134,
1.6928807742820555,
0.9269178535739548
],
"l_knee": [
0.16010435102331108,
3.1227359047485574,
1.1485586352807027
],
"l_ankle": [
0.09320439908075762,
4.33558744151082,
2.6110435074344878
],
"l_body_wrist": [
0.6956518091928225,
0.4173848497188497,
-2.463119991049021
],
"r_shoulder": [
-0.481274594249216,
-0.025836094730714337,
-0.13306863319098922
],
"r_elbow": [
-0.8716771376718795,
0.8391302172478169,
-0.8729769741681616
],
"r_hip": [
-0.44722340467431193,
1.666879237318161,
0.9440319680722081
],
"r_knee": [
-0.4606205535188062,
3.0552020914009135,
0.7272664479447418
],
"r_ankle": [
-0.5021995649966741,
4.277164300939521,
1.842805887984207
],
"r_body_wrist": [
-0.28814115015937736,
0.9591192331766385,
-2.30611758175121
],
"m_face_position": [
-0.05256161093711853,
-0.21470355987548828,
-0.544273778796196
],
"m_body_position": [
-0.030143767595291138,
0.11878561973571777,
-0.9153966903686523
],
"m_face_scale": [
0.16347624064855384,
0.16347624064855384,
0.16347624064855384
],
"m_body_scale": [
0.4463803072352777,
0.4463803072352777,
0.4463803072352777
],
"l_hand_scale": [
0.17597428928047992,
0.17597428928047992,
0.17597428928047992
],
"r_hand_scale": null
}
],
"framerate": 30,
"mirrorable": true,
"invalid": false
}