{
"label": "z",
"gestures": [
{
"l_hand_position": null,
"l_wrist": null,
"l_thumb_cmc": null,
"l_thumb_mcp": null,
"l_thumb_ip": null,
"l_thumb_tip": null,
"l_index_mcp": null,
"l_index_pip": null,
"l_index_dip": null,
"l_index_tip": null,
"l_middle_mcp": null,
"l_middle_pip": null,
"l_middle_dip": null,
"l_middle_tip": null,
"l_ring_mcp": null,
"l_ring_pip": null,
"l_ring_dip": null,
"l_ring_tip": null,
"l_pinky_mcp": null,
"l_pinky_pip": null,
"l_pinky_dip": null,
"l_pinky_tip": null,
"r_hand_position": [
-0.229211688041687,
0.06120312213897705,
0.5433618873357773
],
"r_wrist": [
0.04419399680699339,
0.9633050349304073,
-0.26474572767837123
],
"r_thumb_cmc": [
0.2706201780926788,
0.8485505767523536,
-0.08488554931314268
],
"r_thumb_mcp": [
0.42262620161291187,
0.6113830416313979,
0.05405863075954254
],
"r_thumb_ip": [
0.3501755589225538,
0.43174157737066526,
0.1741112100407271
],
"r_thumb_tip": [
0.14446458580752455,
0.3561594348242122,
0.2858069516248844
],
"r_index_mcp": [
0.25217617161893013,
0.06907204365909882,
0.006304122255332234
],
"r_index_pip": [
0.14943240736889038,
-0.1159703025730814,
0.22369166863534495
],
"r_index_dip": [
0.044760250586898545,
-0.25936897750570737,
0.37755161831239314
],
"r_index_tip": [
-0.06992979440410937,
-0.39536559467273513,
0.48254065522218215
],
"r_middle_mcp": [
-0.0,
0.0,
-0.0
],
"r_middle_pip": [
0.006373994187042896,
0.3414117263212197,
0.2442238269015716
],
"r_middle_dip": [
0.13324249852543252,
0.6852427682779211,
0.2815529519075314
],
"r_middle_tip": [
0.19600423335191222,
0.7672986180806292,
0.2679171896927781
],
"r_ring_mcp": [
-0.2016329269340414,
0.11012253137173442,
0.01787522802443601
],
"r_ring_pip": [
-0.1569065205640652,
0.5677774974992803,
0.2272358950776449
],
"r_ring_dip": [
-0.003286164288267048,
0.808234836071613,
0.1736709622835033
],
"r_ring_tip": [
0.08147067237463129,
0.8053715425367197,
0.10205020799559537
],
"r_pinky_mcp": [
-0.3574426037367736,
0.2803305570189058,
0.05693918757443842
],
"r_pinky_pip": [
-0.2950484243843969,
0.671722913408219,
0.21332373842469243
],
"r_pinky_dip": [
-0.1545581686092272,
0.8698571489283734,
0.19155185375552913
],
"r_pinky_tip": [
-0.06762365674134656,
0.8708004200064674,
0.1411490352771448
],
"l_hand_velocity": null,
"r_hand_velocity": null,
"m_nose_point": null,
"m_top_nose": null,
"m_eyebrows": null,
"m_forehead": null,
"m_top_chin": null,
"m_bot_up_lip": null,
"m_top_low_lip": null,
"m_bot_nose": null,
"m_chin": null,
"m_nose": null,
"l_eye_exterior": null,
"l_temple": null,
"l_mid_chin": null,
"l_up_lip": null,
"l_ext_nostril": null,
"l_mid_cheek": null,
"l_mid_eyebrow": null,
"l_ext_eyebrow": null,
"l_ext_lips": null,
"l_jaw_angle": null,
"l_mid_ext_face": null,
"l_int_eyebrow": null,
"l_mid_jaw": null,
"l_mid_bot_eyelid": null,
"l_ext_mouth": null,
"l_top_eyelid": null,
"l_eye_int": null,
"l_pupil": null,
"r_eye_exterior": null,
"r_temple": null,
"r_mid_chin": null,
"r_up_lip": null,
"r_ext_nostril": null,
"r_mid_cheek": null,
"r_mid_eyebrow": null,
"r_ext_eyebrow": null,
"r_ext_lips": null,
"r_jaw_angle": null,
"r_mid_ext_face": null,
"r_int_eyebrow": null,
"r_mid_jaw": null,
"r_mid_bot_eyelid": null,
"r_ext_mouth": null,
"r_top_eyelid": null,
"r_eye_int": null,
"r_pupil": null,
"l_shoulder": null,
"l_elbow": null,
"l_hip": null,
"l_knee": null,
"l_ankle": null,
"l_body_wrist": null,
"r_shoulder": null,
"r_elbow": null,
"r_hip": null,
"r_knee": null,
"r_ankle": null,
"r_body_wrist": null,
"m_face_position": null,
"m_body_position": null,
"m_face_scale": null,
"m_body_scale": null,
"l_hand_scale": null,
"r_hand_scale": [
-0.16378668109914,
0.16378668109914,
-0.16378668109914
]
}
],
"framerate": 30,
"mirrorable": true,
"invalid": false
}