{
"label": "z",
"gestures": [
{
"l_hand_position": null,
"l_wrist": null,
"l_thumb_cmc": null,
"l_thumb_mcp": null,
"l_thumb_ip": null,
"l_thumb_tip": null,
"l_index_mcp": null,
"l_index_pip": null,
"l_index_dip": null,
"l_index_tip": null,
"l_middle_mcp": null,
"l_middle_pip": null,
"l_middle_dip": null,
"l_middle_tip": null,
"l_ring_mcp": null,
"l_ring_pip": null,
"l_ring_dip": null,
"l_ring_tip": null,
"l_pinky_mcp": null,
"l_pinky_pip": null,
"l_pinky_dip": null,
"l_pinky_tip": null,
"r_hand_position": [
-0.07627511024475098,
-0.0063048601150512695,
0.5119228977710009
],
"r_wrist": [
-0.33829870448085947,
0.9367164902360131,
-0.0900899742840297
],
"r_thumb_cmc": [
-0.009193310801705308,
0.8655214772544548,
-0.038925258287160217
],
"r_thumb_mcp": [
0.2389986072033962,
0.6142403509998483,
0.003914853088095133
],
"r_thumb_ip": [
0.31568429488530664,
0.3271772845501075,
0.05207938281963251
],
"r_thumb_tip": [
0.31232935797751205,
0.1292522209422589,
0.09803435342319229
],
"r_index_mcp": [
0.1573181215207552,
0.06837333494056842,
-0.01842439785970559
],
"r_index_pip": [
0.358951225880634,
-0.10265368302258861,
0.08160780439072322
],
"r_index_dip": [
0.435887779431472,
0.006466664535120753,
0.16298935940739961
],
"r_index_tip": [
0.4533695724340289,
0.1334214585520662,
0.21233103331609293
],
"r_middle_mcp": [
-0.0,
0.0,
-0.0
],
"r_middle_pip": [
0.20168219660352887,
-0.04891884444087899,
0.0772829860293941
],
"r_middle_dip": [
0.2778805649493897,
0.12052911474945917,
0.12375752090312117
],
"r_middle_tip": [
0.2910710653143487,
0.2759263333420705,
0.15153296373155808
],
"r_ring_mcp": [
-0.1676319965628408,
0.021169115926991614,
0.025571295388441953
],
"r_ring_pip": [
0.006977854411660804,
0.05278001696209296,
0.10297212109959078
],
"r_ring_dip": [
0.040356076218165816,
0.2553012855832378,
0.09525830527151259
],
"r_ring_tip": [
0.020690353954514018,
0.43493520974963745,
0.08018535381603929
],
"r_pinky_mcp": [
-0.3269556938723474,
0.10611040751813478,
0.056597530039556185
],
"r_pinky_pip": [
-0.16855484066595144,
0.13424206467986882,
0.11036883593872493
],
"r_pinky_dip": [
-0.1262571436920463,
0.2972206570097477,
0.0817681423608098
],
"r_pinky_tip": [
-0.13607153893405885,
0.43585850424030453,
0.0462430075205034
],
"l_hand_velocity": null,
"r_hand_velocity": null,
"m_nose_point": null,
"m_top_nose": null,
"m_eyebrows": null,
"m_forehead": null,
"m_top_chin": null,
"m_bot_up_lip": null,
"m_top_low_lip": null,
"m_bot_nose": null,
"m_chin": null,
"m_nose": null,
"l_eye_exterior": null,
"l_temple": null,
"l_mid_chin": null,
"l_up_lip": null,
"l_ext_nostril": null,
"l_mid_cheek": null,
"l_mid_eyebrow": null,
"l_ext_eyebrow": null,
"l_ext_lips": null,
"l_jaw_angle": null,
"l_mid_ext_face": null,
"l_int_eyebrow": null,
"l_mid_jaw": null,
"l_mid_bot_eyelid": null,
"l_ext_mouth": null,
"l_top_eyelid": null,
"l_eye_int": null,
"l_pupil": null,
"r_eye_exterior": null,
"r_temple": null,
"r_mid_chin": null,
"r_up_lip": null,
"r_ext_nostril": null,
"r_mid_cheek": null,
"r_mid_eyebrow": null,
"r_ext_eyebrow": null,
"r_ext_lips": null,
"r_jaw_angle": null,
"r_mid_ext_face": null,
"r_int_eyebrow": null,
"r_mid_jaw": null,
"r_mid_bot_eyelid": null,
"r_ext_mouth": null,
"r_top_eyelid": null,
"r_eye_int": null,
"r_pupil": null,
"l_shoulder": null,
"l_elbow": null,
"l_hip": null,
"l_knee": null,
"l_ankle": null,
"l_body_wrist": null,
"r_shoulder": null,
"r_elbow": null,
"r_hip": null,
"r_knee": null,
"r_ankle": null,
"r_body_wrist": null,
"m_face_position": null,
"m_body_position": null,
"m_face_scale": null,
"m_body_scale": null,
"l_hand_scale": null,
"r_hand_scale": [
-0.13234078944982386,
0.13234078944982386,
-0.13234078944982386
]
},
{
"l_hand_position": null,
"l_wrist": null,
"l_thumb_cmc": null,
"l_thumb_mcp": null,
"l_thumb_ip": null,
"l_thumb_tip": null,
"l_index_mcp": null,
"l_index_pip": null,
"l_index_dip": null,
"l_index_tip": null,
"l_middle_mcp": null,
"l_middle_pip": null,
"l_middle_dip": null,
"l_middle_tip": null,
"l_ring_mcp": null,
"l_ring_pip": null,
"l_ring_dip": null,
"l_ring_tip": null,
"l_pinky_mcp": null,
"l_pinky_pip": null,
"l_pinky_dip": null,
"l_pinky_tip": null,
"r_hand_position": [
-0.0587468147277832,
-0.014977902173995972,
0.5159618500620127
],
"r_wrist": [
-0.3406965696943358,
0.933141616389406,
-0.11477182215456587
],
"r_thumb_cmc": [
-0.01969328725876315,
0.9065184555384658,
-0.04994003021606791
],
"r_thumb_mcp": [
0.23125565487981475,
0.7729329165161835,
0.020341864645856453
],
"r_thumb_ip": [
0.395997552414269,
0.6609800350294037,
0.09582827661915769
],
"r_thumb_tip": [
0.5219473299226528,
0.6004926833108353,
0.17054167274375523
],
"r_index_mcp": [
0.13450657918243994,
0.023909756823970483,
-0.030323473981582666
],
"r_index_pip": [
0.4256722748940236,
0.01868674337038244,
0.09294852605325774
],
"r_index_dip": [
0.4869818767509179,
0.2760619657143597,
0.19450213713587305
],
"r_index_tip": [
0.4583854870040422,
0.4752235069073051,
0.24933250112110958
],
"r_middle_mcp": [
-0.0,
0.0,
-0.0
],
"r_middle_pip": [
0.3172835488152805,
0.0885627901789521,
0.09716190173356226
],
"r_middle_dip": [
0.37833321076657433,
0.37356878873754124,
0.15264380305638353
],
"r_middle_tip": [
0.35510148350675896,
0.5935173791663192,
0.1766498587221341
],
"r_ring_mcp": [
-0.12744084252336207,
0.08875865586214989,
0.04144194538795945
],
"r_ring_pip": [
0.1769862885700721,
0.20586019041732107,
0.12839015623776137
],
"r_ring_dip": [
0.2535264830986467,
0.4631029784153287,
0.13900402974927517
],
"r_ring_tip": [
0.2540677924156681,
0.6571188666706974,
0.13162354722346126
],
"r_pinky_mcp": [
-0.24034305111798218,
0.25769045037459426,
0.09055525205636146
],
"r_pinky_pip": [
-0.009853715366302283,
0.3342263590020048,
0.15444080105382924
],
"r_pinky_dip": [
0.07402522772550117,
0.5194308630541719,
0.14148706658867632
],
"r_pinky_tip": [
0.09766111546508789,
0.6799382902385297,
0.1131327766838057
],
"l_hand_velocity": null,
"r_hand_velocity": null,
"m_nose_point": null,
"m_top_nose": null,
"m_eyebrows": null,
"m_forehead": null,
"m_top_chin": null,
"m_bot_up_lip": null,
"m_top_low_lip": null,
"m_bot_nose": null,
"m_chin": null,
"m_nose": null,
"l_eye_exterior": null,
"l_temple": null,
"l_mid_chin": null,
"l_up_lip": null,
"l_ext_nostril": null,
"l_mid_cheek": null,
"l_mid_eyebrow": null,
"l_ext_eyebrow": null,
"l_ext_lips": null,
"l_jaw_angle": null,
"l_mid_ext_face": null,
"l_int_eyebrow": null,
"l_mid_jaw": null,
"l_mid_bot_eyelid": null,
"l_ext_mouth": null,
"l_top_eyelid": null,
"l_eye_int": null,
"l_pupil": null,
"r_eye_exterior": null,
"r_temple": null,
"r_mid_chin": null,
"r_up_lip": null,
"r_ext_nostril": null,
"r_mid_cheek": null,
"r_mid_eyebrow": null,
"r_ext_eyebrow": null,
"r_ext_lips": null,
"r_jaw_angle": null,
"r_mid_ext_face": null,
"r_int_eyebrow": null,
"r_mid_jaw": null,
"r_mid_bot_eyelid": null,
"r_ext_mouth": null,
"r_top_eyelid": null,
"r_eye_int": null,
"r_pupil": null,
"l_shoulder": null,
"l_elbow": null,
"l_hip": null,
"l_knee": null,
"l_ankle": null,
"l_body_wrist": null,
"r_shoulder": null,
"r_elbow": null,
"r_hip": null,
"r_knee": null,
"r_ankle": null,
"r_body_wrist": null,
"m_face_position": null,
"m_body_position": null,
"m_face_scale": null,
"m_body_scale": null,
"l_hand_scale": null,
"r_hand_scale": [
-0.13907144027291432,
0.13907144027291432,
-0.13907144027291432
]
},
{
"l_hand_position": null,
"l_wrist": null,
"l_thumb_cmc": null,
"l_thumb_mcp": null,
"l_thumb_ip": null,
"l_thumb_tip": null,
"l_index_mcp": null,
"l_index_pip": null,
"l_index_dip": null,
"l_index_tip": null,
"l_middle_mcp": null,
"l_middle_pip": null,
"l_middle_dip": null,
"l_middle_tip": null,
"l_ring_mcp": null,
"l_ring_pip": null,
"l_ring_dip": null,
"l_ring_tip": null,
"l_pinky_mcp": null,
"l_pinky_pip": null,
"l_pinky_dip": null,
"l_pinky_tip": null,
"r_hand_position": null,
"r_wrist": null,
"r_thumb_cmc": null,
"r_thumb_mcp": null,
"r_thumb_ip": null,
"r_thumb_tip": null,
"r_index_mcp": null,
"r_index_pip": null,
"r_index_dip": null,
"r_index_tip": null,