{
"label": "z",
"gestures": [
{
"l_hand_position": null,
"l_wrist": null,
"l_thumb_cmc": null,
"l_thumb_mcp": null,
"l_thumb_ip": null,
"l_thumb_tip": null,
"l_index_mcp": null,
"l_index_pip": null,
"l_index_dip": null,
"l_index_tip": null,
"l_middle_mcp": null,
"l_middle_pip": null,
"l_middle_dip": null,
"l_middle_tip": null,
"l_ring_mcp": null,
"l_ring_pip": null,
"l_ring_dip": null,
"l_ring_tip": null,
"l_pinky_mcp": null,
"l_pinky_pip": null,
"l_pinky_dip": null,
"l_pinky_tip": null,
"r_hand_position": [
-0.19200986623764038,
0.10077428817749023,
0.5201957020908594
],
"r_wrist": [
-0.1368618929702056,
0.9780809228215149,
-0.15692842529390863
],
"r_thumb_cmc": [
0.08804533684291017,
0.9019761897121703,
-0.05544401006539152
],
"r_thumb_mcp": [
0.28226807272823234,
0.6865506727741777,
0.014785085754183748
],
"r_thumb_ip": [
0.32506083256528484,
0.47815121993913656,
0.08052077302869926
],
"r_thumb_tip": [
0.20894319701809094,
0.3267999802717174,
0.14063861952953327
],
"r_index_mcp": [
0.23388780878188484,
0.1288465293996271,
-0.020462818282269524
],
"r_index_pip": [
0.32348147339646055,
-0.09800965741712872,
0.11301448135772274
],
"r_index_dip": [
0.3710039739467193,
-0.2883516160368853,
0.21797740067271495
],
"r_index_tip": [
0.3881434945923236,
-0.47690811143206197,
0.30549867742778797
],
"r_middle_mcp": [
-0.0,
0.0,
-0.0
],
"r_middle_pip": [
0.1080897667867156,
0.3066040985835702,
0.1531182779999361
],
"r_middle_dip": [
0.12843154235702695,
0.6166499033206692,
0.18308326035331082
],
"r_middle_tip": [
0.10482267013660229,
0.7185787798834257,
0.18446441805166333
],
"r_ring_mcp": [
-0.22070641231715213,
0.07440865883478913,
0.03653282677225525
],
"r_ring_pip": [
-0.11776368906215032,
0.5116785603708138,
0.14824794074195383
],
"r_ring_dip": [
-0.0788197487831417,
0.7171522619244877,
0.08792617569887673
],
"r_ring_tip": [
-0.08814908360356022,
0.7147697916709885,
0.0374342859649961
],
"r_pinky_mcp": [
-0.41306355913149945,
0.23893110555294858,
0.09209772757681103
],
"r_pinky_pip": [
-0.29454214819245866,
0.6030122990021851,
0.17461692837197146
],
"r_pinky_dip": [
-0.24870553250276303,
0.7661114698476769,
0.14228258884617306
],
"r_pinky_tip": [
-0.2555278083258661,
0.7523858660447129,
0.10398793423719246
],
"l_hand_velocity": null,
"r_hand_velocity": null,
"m_nose_point": null,
"m_top_nose": null,
"m_eyebrows": null,
"m_forehead": null,
"m_top_chin": null,
"m_bot_up_lip": null,
"m_top_low_lip": null,
"m_bot_nose": null,
"m_chin": null,
"m_nose": null,
"l_eye_exterior": null,
"l_temple": null,
"l_mid_chin": null,
"l_up_lip": null,
"l_ext_nostril": null,
"l_mid_cheek": null,
"l_mid_eyebrow": null,
"l_ext_eyebrow": null,
"l_ext_lips": null,
"l_jaw_angle": null,
"l_mid_ext_face": null,
"l_int_eyebrow": null,
"l_mid_jaw": null,
"l_mid_bot_eyelid": null,
"l_ext_mouth": null,
"l_top_eyelid": null,
"l_eye_int": null,
"l_pupil": null,
"r_eye_exterior": null,
"r_temple": null,
"r_mid_chin": null,
"r_up_lip": null,
"r_ext_nostril": null,
"r_mid_cheek": null,
"r_mid_eyebrow": null,
"r_ext_eyebrow": null,
"r_ext_lips": null,
"r_jaw_angle": null,
"r_mid_ext_face": null,
"r_int_eyebrow": null,
"r_mid_jaw": null,
"r_mid_bot_eyelid": null,
"r_ext_mouth": null,
"r_top_eyelid": null,
"r_eye_int": null,
"r_pupil": null,
"l_shoulder": null,
"l_elbow": null,
"l_hip": null,
"l_knee": null,
"l_ankle": null,
"l_body_wrist": null,
"r_shoulder": null,
"r_elbow": null,
"r_hip": null,
"r_knee": null,
"r_ankle": null,
"r_body_wrist": null,
"m_face_position": null,
"m_body_position": null,
"m_face_scale": null,
"m_body_scale": null,
"l_hand_scale": null,
"r_hand_scale": [
-0.12869260057887313,
0.12869260057887313,
-0.12869260057887313
]
}
],
"framerate": 30,
"mirrorable": true,
"invalid": false
}