{
"label": "z",
"gestures": [
{
"l_hand_position": null,
"l_wrist": null,
"l_thumb_cmc": null,
"l_thumb_mcp": null,
"l_thumb_ip": null,
"l_thumb_tip": null,
"l_index_mcp": null,
"l_index_pip": null,
"l_index_dip": null,
"l_index_tip": null,
"l_middle_mcp": null,
"l_middle_pip": null,
"l_middle_dip": null,
"l_middle_tip": null,
"l_ring_mcp": null,
"l_ring_pip": null,
"l_ring_dip": null,
"l_ring_tip": null,
"l_pinky_mcp": null,
"l_pinky_pip": null,
"l_pinky_dip": null,
"l_pinky_tip": null,
"r_hand_position": [
-0.23962652683258057,
0.11326974630355835,
0.5209980364888906
],
"r_wrist": [
-0.15689973842484858,
0.9699535812479886,
-0.1859368772094864
],
"r_thumb_cmc": [
0.08702348697060117,
0.934498473337035,
-0.015691557248867186
],
"r_thumb_mcp": [
0.31673511228253265,
0.8201849773670165,
0.11576638678251953
],
"r_thumb_ip": [
0.40904612096585335,
0.6486952047332732,
0.22652586115213766
],
"r_thumb_tip": [
0.2718049005797302,
0.520248223394598,
0.318719829713698
],
"r_index_mcp": [
0.22959075862474715,
0.07553956828170603,
0.005421402021108626
],
"r_index_pip": [
0.2822089361158779,
0.13515165176357807,
0.14612200248865512
],
"r_index_dip": [
0.2873613404839721,
0.20205954405308854,
0.24186435176537874
],
"r_index_tip": [
0.27203607791155004,
0.2123590747680026,
0.30895486359098434
],
"r_middle_mcp": [
-0.0,
0.0,
-0.0
],
"r_middle_pip": [
-0.03748028467395078,
0.27598034320992826,
0.1483966647197677
],
"r_middle_dip": [
-0.02175125347403517,
0.5135345803335287,
0.19551613367193593
],
"r_middle_tip": [
0.007730189958523673,
0.5601542866462748,
0.21427567273709483
],
"r_ring_mcp": [
-0.22499360209472247,
0.052761211867667655,
0.014001386392447778
],
"r_ring_pip": [
-0.2627298708004829,
0.37567477585404285,
0.14081933945240457
],
"r_ring_dip": [
-0.2209121082432092,
0.5664171866905081,
0.12084176502764012
],
"r_ring_tip": [
-0.17280452773320257,
0.5768286114564399,
0.095079710199536
],
"r_pinky_mcp": [
-0.4303012404400925,
0.16987522592589638,
0.04865240425605922
],
"r_pinky_pip": [
-0.4586558263305615,
0.43027960055286735,
0.136000539016487
],
"r_pinky_dip": [
-0.40691063355822077,
0.6335905634501222,
0.1233887401688801
],
"r_pinky_tip": [
-0.34527178990696933,
0.6735895198762288,
0.09832810138051418
],
"l_hand_velocity": null,
"r_hand_velocity": null,
"m_nose_point": null,
"m_top_nose": null,
"m_eyebrows": null,
"m_forehead": null,
"m_top_chin": null,
"m_bot_up_lip": null,
"m_top_low_lip": null,
"m_bot_nose": null,
"m_chin": null,
"m_nose": null,
"l_eye_exterior": null,
"l_temple": null,
"l_mid_chin": null,
"l_up_lip": null,
"l_ext_nostril": null,
"l_mid_cheek": null,
"l_mid_eyebrow": null,
"l_ext_eyebrow": null,
"l_ext_lips": null,
"l_jaw_angle": null,
"l_mid_ext_face": null,
"l_int_eyebrow": null,
"l_mid_jaw": null,
"l_mid_bot_eyelid": null,
"l_ext_mouth": null,
"l_top_eyelid": null,
"l_eye_int": null,
"l_pupil": null,
"r_eye_exterior": null,
"r_temple": null,
"r_mid_chin": null,
"r_up_lip": null,
"r_ext_nostril": null,
"r_mid_cheek": null,
"r_mid_eyebrow": null,
"r_ext_eyebrow": null,
"r_ext_lips": null,
"r_jaw_angle": null,
"r_mid_ext_face": null,
"r_int_eyebrow": null,
"r_mid_jaw": null,
"r_mid_bot_eyelid": null,
"r_ext_mouth": null,
"r_top_eyelid": null,
"r_eye_int": null,
"r_pupil": null,
"l_shoulder": null,
"l_elbow": null,
"l_hip": null,
"l_knee": null,
"l_ankle": null,
"l_body_wrist": null,
"r_shoulder": null,
"r_elbow": null,
"r_hip": null,
"r_knee": null,
"r_ankle": null,
"r_body_wrist": null,
"m_face_position": null,
"m_body_position": null,
"m_face_scale": null,
"m_body_scale": null,
"l_hand_scale": null,
"r_hand_scale": [
-0.11292990625900383,
0.11292990625900383,
-0.11292990625900383
]
}
],
"framerate": 30,
"mirrorable": true,
"invalid": false
}