{
"label": "z",
"gestures": [
{
"l_hand_position": null,
"l_wrist": null,
"l_thumb_cmc": null,
"l_thumb_mcp": null,
"l_thumb_ip": null,
"l_thumb_tip": null,
"l_index_mcp": null,
"l_index_pip": null,
"l_index_dip": null,
"l_index_tip": null,
"l_middle_mcp": null,
"l_middle_pip": null,
"l_middle_dip": null,
"l_middle_tip": null,
"l_ring_mcp": null,
"l_ring_pip": null,
"l_ring_dip": null,
"l_ring_tip": null,
"l_pinky_mcp": null,
"l_pinky_pip": null,
"l_pinky_dip": null,
"l_pinky_tip": null,
"r_hand_position": [
-0.19958841800689697,
0.01763916015625,
0.5231362674385309
],
"r_wrist": [
0.032337532986212135,
0.988369255218265,
-0.14859508504542668
],
"r_thumb_cmc": [
0.2418068199893685,
0.8551384815000332,
-0.04317358726531057
],
"r_thumb_mcp": [
0.3905352775304153,
0.5776884817144334,
0.02799970896582649
],
"r_thumb_ip": [
0.33328805927713434,
0.3507725765619064,
0.09499089302834111
],
"r_thumb_tip": [
0.16643998681867833,
0.22802187083106146,
0.15806902724998426
],
"r_index_mcp": [
0.2336007001260713,
0.04591843932463033,
-0.011572084678586102
],
"r_index_pip": [
0.13313162345490873,
-0.24233549378724187,
0.1192603125988544
],
"r_index_dip": [
0.04164885288894485,
-0.4338379108732435,
0.2181538954140084
],
"r_index_tip": [
-0.04542651620350993,
-0.5970991555625652,
0.2922128016675757
],
"r_middle_mcp": [
-0.0,
0.0,
-0.0
],
"r_middle_pip": [
0.030536367005767395,
0.21471965712468657,
0.1888301332575359
],
"r_middle_dip": [
0.1414843632056683,
0.5455737497060361,
0.2336609822420082
],
"r_middle_tip": [
0.21070694260672235,
0.717907626308971,
0.22963137581142182
],
"r_ring_mcp": [
-0.18862859072782978,
0.10050238197196994,
0.02560803186715159
],
"r_ring_pip": [
-0.13493700045039808,
0.397442490662225,
0.19377408025590515
],
"r_ring_dip": [
-0.006583347792924165,
0.6671966690440245,
0.16502636581655789
],
"r_ring_tip": [
0.0762136300142064,
0.7696946893275902,
0.11252682776385677
],
"r_pinky_mcp": [
-0.3394939469942416,
0.270344486127144,
0.0631503076698367
],
"r_pinky_pip": [
-0.28786230871272345,
0.5238273023765687,
0.18763626263994515
],
"r_pinky_dip": [
-0.15396925717383925,
0.7360429368279101,
0.17169749891742908
],
"r_pinky_tip": [
-0.06181310702028721,
0.8092319095814378,
0.12967836381922063
],
"l_hand_velocity": null,
"r_hand_velocity": null,
"m_nose_point": null,
"m_top_nose": null,
"m_eyebrows": null,
"m_forehead": null,
"m_top_chin": null,
"m_bot_up_lip": null,
"m_top_low_lip": null,
"m_bot_nose": null,
"m_chin": null,
"m_nose": null,
"l_eye_exterior": null,
"l_temple": null,
"l_mid_chin": null,
"l_up_lip": null,
"l_ext_nostril": null,
"l_mid_cheek": null,
"l_mid_eyebrow": null,
"l_ext_eyebrow": null,
"l_ext_lips": null,
"l_jaw_angle": null,
"l_mid_ext_face": null,
"l_int_eyebrow": null,
"l_mid_jaw": null,
"l_mid_bot_eyelid": null,
"l_ext_mouth": null,
"l_top_eyelid": null,
"l_eye_int": null,
"l_pupil": null,
"r_eye_exterior": null,
"r_temple": null,
"r_mid_chin": null,
"r_up_lip": null,
"r_ext_nostril": null,
"r_mid_cheek": null,
"r_mid_eyebrow": null,
"r_ext_eyebrow": null,
"r_ext_lips": null,
"r_jaw_angle": null,
"r_mid_ext_face": null,
"r_int_eyebrow": null,
"r_mid_jaw": null,
"r_mid_bot_eyelid": null,
"r_ext_mouth": null,
"r_top_eyelid": null,
"r_eye_int": null,
"r_pupil": null,
"l_shoulder": null,
"l_elbow": null,
"l_hip": null,
"l_knee": null,
"l_ankle": null,
"l_body_wrist": null,
"r_shoulder": null,
"r_elbow": null,
"r_hip": null,
"r_knee": null,
"r_ankle": null,
"r_body_wrist": null,
"m_face_position": null,
"m_body_position": null,
"m_face_scale": null,
"m_body_scale": null,
"l_hand_scale": null,
"r_hand_scale": [
-0.15569906200369565,
0.15569906200369565,
-0.15569906200369565
]
}
],
"framerate": 30,
"mirrorable": true,
"invalid": false
}