{
"label": "z",
"gestures": [
{
"l_hand_position": null,
"l_wrist": null,
"l_thumb_cmc": null,
"l_thumb_mcp": null,
"l_thumb_ip": null,
"l_thumb_tip": null,
"l_index_mcp": null,
"l_index_pip": null,
"l_index_dip": null,
"l_index_tip": null,
"l_middle_mcp": null,
"l_middle_pip": null,
"l_middle_dip": null,
"l_middle_tip": null,
"l_ring_mcp": null,
"l_ring_pip": null,
"l_ring_dip": null,
"l_ring_tip": null,
"l_pinky_mcp": null,
"l_pinky_pip": null,
"l_pinky_dip": null,
"l_pinky_tip": null,
"r_hand_position": [
-0.22405308485031128,
0.11980289220809937,
0.5121678356081247
],
"r_wrist": [
-0.08485301433243155,
0.9911264706569878,
-0.1023146378663553
],
"r_thumb_cmc": [
0.17434359691087456,
0.8416928250478549,
-0.021403731624769606
],
"r_thumb_mcp": [
0.34813036486667304,
0.5096012391113249,
0.026467269635947695
],
"r_thumb_ip": [
0.2764628196162765,
0.2975040376108787,
0.08083440770533463
],
"r_thumb_tip": [
0.13041475419754764,
0.21719937860456345,
0.13484227425733825
],
"r_index_mcp": [
0.21515499938966226,
0.003536440240339023,
-0.026152902163743347
],
"r_index_pip": [
0.15541742679243886,
-0.34377396767718515,
0.08401929015073561
],
"r_index_dip": [
0.08424255738618254,
-0.5362513435472017,
0.15854470300199464
],
"r_index_tip": [
0.016530953578104024,
-0.705949854269377,
0.21250703901359527
],
"r_middle_mcp": [
-0.0,
0.0,
-0.0
],
"r_middle_pip": [
-0.048118842771324964,
-0.04271695035205427,
0.1975956382390096
],
"r_middle_dip": [
-0.01723262822896494,
0.3011813139775691,
0.24443740182100648
],
"r_middle_tip": [
0.02365345248052152,
0.5397537024473561,
0.2251404718290177
],
"r_ring_mcp": [
-0.19342864621811232,
0.06856213372415779,
0.0401347093249831
],
"r_ring_pip": [
-0.21629020873551938,
0.13965881652646103,
0.20509412825010045
],
"r_ring_dip": [
-0.1705505442267921,
0.4441284786356719,
0.17224895711662933
],
"r_ring_tip": [
-0.12709082113718365,
0.6145747740571933,
0.10442236011018874
],
"r_pinky_mcp": [
-0.3723742264462761,
0.18882766529318146,
0.09041948704704256
],
"r_pinky_pip": [
-0.3887021955718097,
0.22503908923939664,
0.18664215236669748
],
"r_pinky_dip": [
-0.3203345259651762,
0.46355885211036907,
0.15250604083706765
],
"r_pinky_tip": [
-0.2660830467453268,
0.5857324375335552,
0.09866344372515075
],
"l_hand_velocity": null,
"r_hand_velocity": null,
"m_nose_point": null,
"m_top_nose": null,
"m_eyebrows": null,
"m_forehead": null,
"m_top_chin": null,
"m_bot_up_lip": null,
"m_top_low_lip": null,
"m_bot_nose": null,
"m_chin": null,
"m_nose": null,
"l_eye_exterior": null,
"l_temple": null,
"l_mid_chin": null,
"l_up_lip": null,
"l_ext_nostril": null,
"l_mid_cheek": null,
"l_mid_eyebrow": null,
"l_ext_eyebrow": null,
"l_ext_lips": null,
"l_jaw_angle": null,
"l_mid_ext_face": null,
"l_int_eyebrow": null,
"l_mid_jaw": null,
"l_mid_bot_eyelid": null,
"l_ext_mouth": null,
"l_top_eyelid": null,
"l_eye_int": null,
"l_pupil": null,
"r_eye_exterior": null,
"r_temple": null,
"r_mid_chin": null,
"r_up_lip": null,
"r_ext_nostril": null,
"r_mid_cheek": null,
"r_mid_eyebrow": null,
"r_ext_eyebrow": null,
"r_ext_lips": null,
"r_jaw_angle": null,
"r_mid_ext_face": null,
"r_int_eyebrow": null,
"r_mid_jaw": null,
"r_mid_bot_eyelid": null,
"r_ext_mouth": null,
"r_top_eyelid": null,
"r_eye_int": null,
"r_pupil": null,
"l_shoulder": null,
"l_elbow": null,
"l_hip": null,
"l_knee": null,
"l_ankle": null,
"l_body_wrist": null,
"r_shoulder": null,
"r_elbow": null,
"r_hip": null,
"r_knee": null,
"r_ankle": null,
"r_body_wrist": null,
"m_face_position": null,
"m_body_position": null,
"m_face_scale": null,
"m_body_scale": null,
"l_hand_scale": null,
"r_hand_scale": [
-0.11892477886034857,
0.11892477886034857,
-0.11892477886034857
]
}
],
"framerate": 30,
"mirrorable": true,
"invalid": false
}