{
"label": "z",
"gestures": [
{
"l_hand_position": null,
"l_wrist": null,
"l_thumb_cmc": null,
"l_thumb_mcp": null,
"l_thumb_ip": null,
"l_thumb_tip": null,
"l_index_mcp": null,
"l_index_pip": null,
"l_index_dip": null,
"l_index_tip": null,
"l_middle_mcp": null,
"l_middle_pip": null,
"l_middle_dip": null,
"l_middle_tip": null,
"l_ring_mcp": null,
"l_ring_pip": null,
"l_ring_dip": null,
"l_ring_tip": null,
"l_pinky_mcp": null,
"l_pinky_pip": null,
"l_pinky_dip": null,
"l_pinky_tip": null,
"r_hand_position": [
-0.19729042053222656,
0.03623831272125244,
0.5215942189097404
],
"r_wrist": [
0.0292402221193307,
0.989852527417371,
-0.13905748227209874
],
"r_thumb_cmc": [
0.2497582474773742,
0.8104439206684988,
-0.042567231566943774
],
"r_thumb_mcp": [
0.3860684249709425,
0.4973962142119395,
0.028249051325401533
],
"r_thumb_ip": [
0.3256358178325841,
0.25909185841562266,
0.10325712521605779
],
"r_thumb_tip": [
0.1751373388078914,
0.13055502009717493,
0.176649943596952
],
"r_index_mcp": [
0.21722552568175554,
-0.019173110728600777,
-0.024714354482438597
],
"r_index_pip": [
0.12021078294679476,
-0.3856001515266581,
0.10397402499110872
],
"r_index_dip": [
0.02367698006895555,
-0.6118808189795897,
0.1988511906127007
],
"r_index_tip": [
-0.059142168351732104,
-0.8067184599715939,
0.2678247743208341
],
"r_middle_mcp": [
-0.0,
0.0,
-0.0
],
"r_middle_pip": [
0.026928409861195643,
0.05950373686363037,
0.21288221751776323
],
"r_middle_dip": [
0.13471305798400493,
0.3859870528642308,
0.2735591089021845
],
"r_middle_tip": [
0.21926865645546514,
0.5983490598471934,
0.26974162479686375
],
"r_ring_mcp": [
-0.18225509516101385,
0.11180604228327436,
0.03720846332304187
],
"r_ring_pip": [
-0.13925684571633148,
0.2459874947588089,
0.22747373319087186
],
"r_ring_dip": [
-0.013637504488052243,
0.5381816797170322,
0.20217427679726033
],
"r_ring_tip": [
0.08285599616712315,
0.690844196183426,
0.14019324866839072
],
"r_pinky_mcp": [
-0.3338156337105712,
0.2772593327310881,
0.08399321453937215
],
"r_pinky_pip": [
-0.3061376025078285,
0.36764071344627636,
0.2119875321640447
],
"r_pinky_dip": [
-0.17558526922549786,
0.5938973914809557,
0.1838801143640046
],
"r_pinky_tip": [
-0.08090037879119784,
0.7049181161683236,
0.12887679236450067
],
"l_hand_velocity": null,
"r_hand_velocity": null,
"m_nose_point": null,
"m_top_nose": null,
"m_eyebrows": null,
"m_forehead": null,
"m_top_chin": null,
"m_bot_up_lip": null,
"m_top_low_lip": null,
"m_bot_nose": null,
"m_chin": null,
"m_nose": null,
"l_eye_exterior": null,
"l_temple": null,
"l_mid_chin": null,
"l_up_lip": null,
"l_ext_nostril": null,
"l_mid_cheek": null,
"l_mid_eyebrow": null,
"l_ext_eyebrow": null,
"l_ext_lips": null,
"l_jaw_angle": null,
"l_mid_ext_face": null,
"l_int_eyebrow": null,
"l_mid_jaw": null,
"l_mid_bot_eyelid": null,
"l_ext_mouth": null,
"l_top_eyelid": null,
"l_eye_int": null,
"l_pupil": null,
"r_eye_exterior": null,
"r_temple": null,
"r_mid_chin": null,
"r_up_lip": null,
"r_ext_nostril": null,
"r_mid_cheek": null,
"r_mid_eyebrow": null,
"r_ext_eyebrow": null,
"r_ext_lips": null,
"r_jaw_angle": null,
"r_mid_ext_face": null,
"r_int_eyebrow": null,
"r_mid_jaw": null,
"r_mid_bot_eyelid": null,
"r_ext_mouth": null,
"r_top_eyelid": null,
"r_eye_int": null,
"r_pupil": null,
"l_shoulder": null,
"l_elbow": null,
"l_hip": null,
"l_knee": null,
"l_ankle": null,
"l_body_wrist": null,
"r_shoulder": null,
"r_elbow": null,
"r_hip": null,
"r_knee": null,
"r_ankle": null,
"r_body_wrist": null,
"m_face_position": null,
"m_body_position": null,
"m_face_scale": null,
"m_body_scale": null,
"l_hand_scale": null,
"r_hand_scale": [
-0.155288896933085,
0.155288896933085,
-0.155288896933085
]
}
],
"framerate": 30,
"mirrorable": true,
"invalid": false
}