{
"label": "z",
"gestures": [
{
"l_hand_position": null,
"l_wrist": null,
"l_thumb_cmc": null,
"l_thumb_mcp": null,
"l_thumb_ip": null,
"l_thumb_tip": null,
"l_index_mcp": null,
"l_index_pip": null,
"l_index_dip": null,
"l_index_tip": null,
"l_middle_mcp": null,
"l_middle_pip": null,
"l_middle_dip": null,
"l_middle_tip": null,
"l_ring_mcp": null,
"l_ring_pip": null,
"l_ring_dip": null,
"l_ring_tip": null,
"l_pinky_mcp": null,
"l_pinky_pip": null,
"l_pinky_dip": null,
"l_pinky_tip": null,
"r_hand_position": [
-0.09864848852157593,
0.05000472068786621,
0.5176277421414852
],
"r_wrist": [
-0.4026660060366425,
0.9077130820726398,
-0.11797053961344602
],
"r_thumb_cmc": [
-0.023848188724772644,
0.8219732889357098,
-0.06462577795820765
],
"r_thumb_mcp": [
0.21348327322760807,
0.5740063764893943,
-0.017074749404983987
],
"r_thumb_ip": [
0.3761926616708608,
0.34225152536535386,
0.04138514388037943
],
"r_thumb_tip": [
0.5151727333512038,
0.19352395281224094,
0.09818470026846876
],
"r_index_mcp": [
0.14829396912175344,
0.045249529751330765,
-0.046575651446265284
],
"r_index_pip": [
0.37444907326380245,
-0.16279196057783543,
0.0821788947642502
],
"r_index_dip": [
0.5396922694310621,
-0.3209626739134447,
0.15937633630787712
],
"r_index_tip": [
0.6648425058168017,
-0.454667303662114,
0.21518839279298127
],
"r_middle_mcp": [
-0.0,
0.0,
-0.0
],
"r_middle_pip": [
0.33696571205445713,
0.23114892323789965,
0.18813457529631503
],
"r_middle_dip": [
0.2996901773287717,
0.5566514689565905,
0.20806215829401192
],
"r_middle_tip": [
0.19835821222773847,
0.6811279645920392,
0.18156006825456658
],
"r_ring_mcp": [
-0.1339655098260466,
0.09064385991258195,
0.06231198184188754
],
"r_ring_pip": [
0.18328460922478274,
0.43412439371585543,
0.22103630494032186
],
"r_ring_dip": [
0.11782644705753315,
0.6704933118965062,
0.1654057226604193
],
"r_ring_tip": [
0.007924930423936742,
0.7026888652989504,
0.09499936549342006
],
"r_pinky_mcp": [
-0.24882973141782475,
0.2624106536110774,
0.13607319347871058
],
"r_pinky_pip": [
0.006093185293483351,
0.5948648157035511,
0.24282333163173345
],
"r_pinky_dip": [
-0.012298461262414743,
0.7561210143579881,
0.21955608973064636
],
"r_pinky_tip": [
-0.08917232076052564,
0.7439549876302665,
0.17760897166982337
],
"l_hand_velocity": null,
"r_hand_velocity": null,
"m_nose_point": null,
"m_top_nose": null,
"m_eyebrows": null,
"m_forehead": null,
"m_top_chin": null,
"m_bot_up_lip": null,
"m_top_low_lip": null,
"m_bot_nose": null,
"m_chin": null,
"m_nose": null,
"l_eye_exterior": null,
"l_temple": null,
"l_mid_chin": null,
"l_up_lip": null,
"l_ext_nostril": null,
"l_mid_cheek": null,
"l_mid_eyebrow": null,
"l_ext_eyebrow": null,
"l_ext_lips": null,
"l_jaw_angle": null,
"l_mid_ext_face": null,
"l_int_eyebrow": null,
"l_mid_jaw": null,
"l_mid_bot_eyelid": null,
"l_ext_mouth": null,
"l_top_eyelid": null,
"l_eye_int": null,
"l_pupil": null,
"r_eye_exterior": null,
"r_temple": null,
"r_mid_chin": null,
"r_up_lip": null,
"r_ext_nostril": null,
"r_mid_cheek": null,
"r_mid_eyebrow": null,
"r_ext_eyebrow": null,
"r_ext_lips": null,
"r_jaw_angle": null,
"r_mid_ext_face": null,
"r_int_eyebrow": null,
"r_mid_jaw": null,
"r_mid_bot_eyelid": null,
"r_ext_mouth": null,
"r_top_eyelid": null,
"r_eye_int": null,
"r_pupil": null,
"l_shoulder": null,
"l_elbow": null,
"l_hip": null,
"l_knee": null,
"l_ankle": null,
"l_body_wrist": null,
"r_shoulder": null,
"r_elbow": null,
"r_hip": null,
"r_knee": null,
"r_ankle": null,
"r_body_wrist": null,
"m_face_position": null,
"m_body_position": null,
"m_face_scale": null,
"m_body_scale": null,
"l_hand_scale": null,
"r_hand_scale": [
-0.14942282321823167,
0.14942282321823167,
-0.14942282321823167
]
}
],
"framerate": 30,
"mirrorable": true,
"invalid": false
}