{
"label": "z",
"gestures": [
{
"l_hand_position": null,
"l_wrist": null,
"l_thumb_cmc": null,
"l_thumb_mcp": null,
"l_thumb_ip": null,
"l_thumb_tip": null,
"l_index_mcp": null,
"l_index_pip": null,
"l_index_dip": null,
"l_index_tip": null,
"l_middle_mcp": null,
"l_middle_pip": null,
"l_middle_dip": null,
"l_middle_tip": null,
"l_ring_mcp": null,
"l_ring_pip": null,
"l_ring_dip": null,
"l_ring_tip": null,
"l_pinky_mcp": null,
"l_pinky_pip": null,
"l_pinky_dip": null,
"l_pinky_tip": null,
"r_hand_position": [
-0.158738911151886,
0.051914095878601074,
0.5244331229478121
],
"r_wrist": [
-0.08830593815598674,
0.9806716888204756,
-0.17459982827135645
],
"r_thumb_cmc": [
0.13007278980416223,
0.8977679511932964,
-0.06363454558780968
],
"r_thumb_mcp": [
0.33440187773886637,
0.6380764239198856,
-0.0040406558132145155
],
"r_thumb_ip": [
0.34540263726401915,
0.43222417355586534,
0.044681773931459785
],
"r_thumb_tip": [
0.20952896683210084,
0.3067438718145907,
0.08968565188650579
],
"r_index_mcp": [
0.24783377591162953,
0.14175292407057874,
-0.014493736006391608
],
"r_index_pip": [
0.27132012276635226,
0.012745836838605765,
0.11295964089204899
],
"r_index_dip": [
0.2708498847009258,
-0.11077343586895214,
0.2172245762273857
],
"r_index_tip": [
0.2416069550072191,
-0.24545660322762142,
0.3037576977094023
],
"r_middle_mcp": [
-0.0,
0.0,
-0.0
],
"r_middle_pip": [
0.04125444549536029,
0.4057375033923892,
0.1725641525522932
],
"r_middle_dip": [
0.12091251821443308,
0.7165393082226662,
0.23111030911012045
],
"r_middle_tip": [
0.16009817178608302,
0.8400291910511349,
0.2501065266746891
],
"r_ring_mcp": [
-0.2321621553126848,
0.07529772210696187,
0.02829526582068526
],
"r_ring_pip": [
-0.1765041134219799,
0.5844437280446723,
0.18228264549584525
],
"r_ring_dip": [
-0.04744548741653175,
0.8265341252658941,
0.1739883903523563
],
"r_ring_tip": [
0.0384662404443807,
0.8837102183025952,
0.14958938659109972
],
"r_pinky_mcp": [
-0.4223193583625443,
0.23996026989767327,
0.07058555813696807
],
"r_pinky_pip": [
-0.3541297275923908,
0.6665279565795684,
0.20991751753884516
],
"r_pinky_dip": [
-0.22834487855330823,
0.8617500154591252,
0.2235985861186475
],
"r_pinky_tip": [
-0.13243973992153066,
0.9061598265239411,
0.20926468420107044
],
"l_hand_velocity": null,
"r_hand_velocity": null,
"m_nose_point": null,
"m_top_nose": null,
"m_eyebrows": null,
"m_forehead": null,
"m_top_chin": null,
"m_bot_up_lip": null,
"m_top_low_lip": null,
"m_bot_nose": null,
"m_chin": null,
"m_nose": null,
"l_eye_exterior": null,
"l_temple": null,
"l_mid_chin": null,
"l_up_lip": null,
"l_ext_nostril": null,
"l_mid_cheek": null,
"l_mid_eyebrow": null,
"l_ext_eyebrow": null,
"l_ext_lips": null,
"l_jaw_angle": null,
"l_mid_ext_face": null,
"l_int_eyebrow": null,
"l_mid_jaw": null,
"l_mid_bot_eyelid": null,
"l_ext_mouth": null,
"l_top_eyelid": null,
"l_eye_int": null,
"l_pupil": null,
"r_eye_exterior": null,
"r_temple": null,
"r_mid_chin": null,
"r_up_lip": null,
"r_ext_nostril": null,
"r_mid_cheek": null,
"r_mid_eyebrow": null,
"r_ext_eyebrow": null,
"r_ext_lips": null,
"r_jaw_angle": null,
"r_mid_ext_face": null,
"r_int_eyebrow": null,
"r_mid_jaw": null,
"r_mid_bot_eyelid": null,
"r_ext_mouth": null,
"r_top_eyelid": null,
"r_eye_int": null,
"r_pupil": null,
"l_shoulder": null,
"l_elbow": null,
"l_hip": null,
"l_knee": null,
"l_ankle": null,
"l_body_wrist": null,
"r_shoulder": null,
"r_elbow": null,
"r_hip": null,
"r_knee": null,
"r_ankle": null,
"r_body_wrist": null,
"m_face_position": null,
"m_body_position": null,
"m_face_scale": null,
"m_body_scale": null,
"l_hand_scale": null,
"r_hand_scale": [
-0.13993662502068352,
0.13993662502068352,
-0.13993662502068352
]
}
],
"framerate": 30,
"mirrorable": true,
"invalid": false
}