{
"label": "z",
"gestures": [
{
"l_hand_position": null,
"l_wrist": null,
"l_thumb_cmc": null,
"l_thumb_mcp": null,
"l_thumb_ip": null,
"l_thumb_tip": null,
"l_index_mcp": null,
"l_index_pip": null,
"l_index_dip": null,
"l_index_tip": null,
"l_middle_mcp": null,
"l_middle_pip": null,
"l_middle_dip": null,
"l_middle_tip": null,
"l_ring_mcp": null,
"l_ring_pip": null,
"l_ring_dip": null,
"l_ring_tip": null,
"l_pinky_mcp": null,
"l_pinky_pip": null,
"l_pinky_dip": null,
"l_pinky_tip": null,
"r_hand_position": [
-0.10551941394805908,
-0.03287714719772339,
0.514116139151156
],
"r_wrist": [
-0.185898285060642,
0.9783141009856315,
-0.09134192588394333
],
"r_thumb_cmc": [
0.06167206770953308,
0.8539405485676052,
-0.019073346422578914
],
"r_thumb_mcp": [
0.24316302866110098,
0.5856090649544058,
0.025692872090027637
],
"r_thumb_ip": [
0.3063342885306035,
0.32609261525324695,
0.0781827132489696
],
"r_thumb_tip": [
0.307543053189555,
0.13342154544110932,
0.130250894559986
],
"r_index_mcp": [
0.16892813948654992,
0.07341008278553778,
-0.027893472699293317
],
"r_index_pip": [
0.3258453854681838,
-0.22411977841506764,
0.08539841922421232
],
"r_index_dip": [
0.4222129329673263,
-0.4440204513405789,
0.1602105354676235
],
"r_index_tip": [
0.49249137419308225,
-0.6384011093310197,
0.21359671717969486
],
"r_middle_mcp": [
-0.0,
0.0,
-0.0
],
"r_middle_pip": [
0.22315130105111516,
0.03887254464488834,
0.1829302681082668
],
"r_middle_dip": [
0.2553810397862649,
0.38742527233742036,
0.2149134520226652
],
"r_middle_tip": [
0.23092727561688417,
0.6158906638387693,
0.18845514027072688
],
"r_ring_mcp": [
-0.15450511637822537,
0.04328661839708036,
0.042239887358229165
],
"r_ring_pip": [
0.08028989759218945,
0.1982954509988509,
0.19944789832303694
],
"r_ring_dip": [
0.09472449151728764,
0.5092991426384511,
0.15303920839588128
],
"r_ring_tip": [
0.058112884469965785,
0.6789986699099094,
0.07834088390367823
],
"r_pinky_mcp": [
-0.28564875369050025,
0.1614657340553462,
0.09594242243265194
],
"r_pinky_pip": [
-0.08120322072952098,
0.3193950408107799,
0.19240806876275335
],
"r_pinky_dip": [
-0.039030293446902106,
0.5385250973391676,
0.1593015272807138
],
"r_pinky_tip": [
-0.05924219618707166,
0.6407254935738949,
0.1051847810716635
],
"l_hand_velocity": null,
"r_hand_velocity": null,
"m_nose_point": null,
"m_top_nose": null,
"m_eyebrows": null,
"m_forehead": null,
"m_top_chin": null,
"m_bot_up_lip": null,
"m_top_low_lip": null,
"m_bot_nose": null,
"m_chin": null,
"m_nose": null,
"l_eye_exterior": null,
"l_temple": null,
"l_mid_chin": null,
"l_up_lip": null,
"l_ext_nostril": null,
"l_mid_cheek": null,
"l_mid_eyebrow": null,
"l_ext_eyebrow": null,
"l_ext_lips": null,
"l_jaw_angle": null,
"l_mid_ext_face": null,
"l_int_eyebrow": null,
"l_mid_jaw": null,
"l_mid_bot_eyelid": null,
"l_ext_mouth": null,
"l_top_eyelid": null,
"l_eye_int": null,
"l_pupil": null,
"r_eye_exterior": null,
"r_temple": null,
"r_mid_chin": null,
"r_up_lip": null,
"r_ext_nostril": null,
"r_mid_cheek": null,
"r_mid_eyebrow": null,
"r_ext_eyebrow": null,
"r_ext_lips": null,
"r_jaw_angle": null,
"r_mid_ext_face": null,
"r_int_eyebrow": null,
"r_mid_jaw": null,
"r_mid_bot_eyelid": null,
"r_ext_mouth": null,
"r_top_eyelid": null,
"r_eye_int": null,
"r_pupil": null,
"l_shoulder": null,
"l_elbow": null,
"l_hip": null,
"l_knee": null,
"l_ankle": null,
"l_body_wrist": null,
"r_shoulder": null,
"r_elbow": null,
"r_hip": null,
"r_knee": null,
"r_ankle": null,
"r_body_wrist": null,
"m_face_position": null,
"m_body_position": null,
"m_face_scale": null,
"m_body_scale": null,
"l_hand_scale": null,
"r_hand_scale": [
-0.15453873121019024,
0.15453873121019024,
-0.15453873121019024
]
}
],
"framerate": 30,
"mirrorable": true,
"invalid": false
}