{
"label": "z",
"gestures": [
{
"l_hand_position": null,
"l_wrist": null,
"l_thumb_cmc": null,
"l_thumb_mcp": null,
"l_thumb_ip": null,
"l_thumb_tip": null,
"l_index_mcp": null,
"l_index_pip": null,
"l_index_dip": null,
"l_index_tip": null,
"l_middle_mcp": null,
"l_middle_pip": null,
"l_middle_dip": null,
"l_middle_tip": null,
"l_ring_mcp": null,
"l_ring_pip": null,
"l_ring_dip": null,
"l_ring_tip": null,
"l_pinky_mcp": null,
"l_pinky_pip": null,
"l_pinky_dip": null,
"l_pinky_tip": null,
"r_hand_position": [
-0.04870122671127319,
-0.022259891033172607,
0.5065191648900509
],
"r_wrist": [
-0.15460176300022002,
0.986015435604454,
-0.06222423665246892
],
"r_thumb_cmc": [
0.1330814888894749,
0.8088226475119576,
-0.029505191002296746
],
"r_thumb_mcp": [
0.3233986572380631,
0.533111666028407,
0.015055479935755
],
"r_thumb_ip": [
0.358702147756129,
0.2561404754991115,
0.07629595901733532
],
"r_thumb_tip": [
0.29768754798918845,
0.08639458411079327,
0.13410752449642882
],
"r_index_mcp": [
0.14335318826278337,
0.03220616408689884,
-0.03994911124075204
],
"r_index_pip": [
0.2640971452529455,
-0.14951342006540314,
0.09649106677775557
],
"r_index_dip": [
0.3679389395654601,
-0.006497046138999439,
0.19755938775967083
],
"r_index_tip": [
0.41911821934423277,
0.1585658742987426,
0.2469523638868353
],
"r_middle_mcp": [
-0.0,
0.0,
-0.0
],
"r_middle_pip": [
0.17619884443429495,
-0.0023184432782891295,
0.12448570041996103
],
"r_middle_dip": [
0.2423777410446786,
0.23366779057907655,
0.17698306142907086
],
"r_middle_tip": [
0.24702942012278703,
0.4545696350776006,
0.1898380648898454
],
"r_ring_mcp": [
-0.14191774473121932,
0.03109245789861639,
0.05430203085631981
],
"r_ring_pip": [
0.03504234561874456,
0.1398100948847354,
0.16283815720265313
],
"r_ring_dip": [
0.06947933574102294,
0.38593574883634146,
0.14904859352347377
],
"r_ring_tip": [
0.05765100794823006,
0.6037237675527609,
0.11523395607384286
],
"r_pinky_mcp": [
-0.28334449153626357,
0.11630961418992025,
0.1166187636663228
],
"r_pinky_pip": [
-0.13015825905785539,
0.1959434470182817,
0.1783416265194131
],
"r_pinky_dip": [
-0.07253626720954993,
0.4058294145219017,
0.1496812049520382
],
"r_pinky_tip": [
-0.06537554890266724,
0.5853019577594545,
0.10775203380786837
],
"l_hand_velocity": null,
"r_hand_velocity": null,
"m_nose_point": null,
"m_top_nose": null,
"m_eyebrows": null,
"m_forehead": null,
"m_top_chin": null,
"m_bot_up_lip": null,
"m_top_low_lip": null,
"m_bot_nose": null,
"m_chin": null,
"m_nose": null,
"l_eye_exterior": null,
"l_temple": null,
"l_mid_chin": null,
"l_up_lip": null,
"l_ext_nostril": null,
"l_mid_cheek": null,
"l_mid_eyebrow": null,
"l_ext_eyebrow": null,
"l_ext_lips": null,
"l_jaw_angle": null,
"l_mid_ext_face": null,
"l_int_eyebrow": null,
"l_mid_jaw": null,
"l_mid_bot_eyelid": null,
"l_ext_mouth": null,
"l_top_eyelid": null,
"l_eye_int": null,
"l_pupil": null,
"r_eye_exterior": null,
"r_temple": null,
"r_mid_chin": null,
"r_up_lip": null,
"r_ext_nostril": null,
"r_mid_cheek": null,
"r_mid_eyebrow": null,
"r_ext_eyebrow": null,
"r_ext_lips": null,
"r_jaw_angle": null,
"r_mid_ext_face": null,
"r_int_eyebrow": null,
"r_mid_jaw": null,
"r_mid_bot_eyelid": null,
"r_ext_mouth": null,
"r_top_eyelid": null,
"r_eye_int": null,
"r_pupil": null,
"l_shoulder": null,
"l_elbow": null,
"l_hip": null,
"l_knee": null,
"l_ankle": null,
"l_body_wrist": null,
"r_shoulder": null,
"r_elbow": null,
"r_hip": null,
"r_knee": null,
"r_ankle": null,
"r_body_wrist": null,
"m_face_position": null,
"m_body_position": null,
"m_face_scale": null,
"m_body_scale": null,
"l_hand_scale": null,
"r_hand_scale": [
-0.10476379980231998,
0.10476379980231998,
-0.10476379980231998
]
},
{
"l_hand_position": null,
"l_wrist": null,
"l_thumb_cmc": null,
"l_thumb_mcp": null,
"l_thumb_ip": null,
"l_thumb_tip": null,
"l_index_mcp": null,
"l_index_pip": null,
"l_index_dip": null,
"l_index_tip": null,
"l_middle_mcp": null,
"l_middle_pip": null,
"l_middle_dip": null,
"l_middle_tip": null,
"l_ring_mcp": null,
"l_ring_pip": null,
"l_ring_dip": null,
"l_ring_tip": null,
"l_pinky_mcp": null,
"l_pinky_pip": null,
"l_pinky_dip": null,
"l_pinky_tip": null,
"r_hand_position": [
-0.0633661150932312,
-0.03781875967979431,
0.5045114443637431
],
"r_wrist": [
-0.12635660530160558,
0.9910486910896954,
-0.04308712320468486
],
"r_thumb_cmc": [
0.1325094839936817,
0.7968254011546267,
-0.015641866033308856
],
"r_thumb_mcp": [
0.293265394899349,
0.4470603209597757,
0.0066847327676411855
],
"r_thumb_ip": [
0.2959450396073063,
0.12558521830791913,
0.0447685676354346
],
"r_thumb_tip": [
0.24215346348447322,
-0.08542783613733228,
0.08618239796383056
],
"r_index_mcp": [
0.1841292214590138,
0.038431581675117885,
-0.04116800604084275
],
"r_index_pip": [
0.2757506404729599,
-0.24707326156523948,
0.051396562719274716
],
"r_index_dip": [
0.3456553807797791,
-0.3968564059692024,
0.11849080183676992
],
"r_index_tip": [
0.3935098388530505,
-0.48701873652202793,
0.1600004239840659
],
"r_middle_mcp": [
-0.0,
0.0,
-0.0
],
"r_middle_pip": [
0.12178293511173333,
-0.03053923954451119,
0.1423174979421021
],
"r_middle_dip": [
0.17915818734176653,
0.25199989111753657,
0.18145658167791917
],
"r_middle_tip": [
0.19493660942074334,
0.5122889190037606,
0.17304817880208975
],
"r_ring_mcp": [
-0.17780270953219646,
0.03160523374796349,
0.053581245966476815
],
"r_ring_pip": [
-0.036534709746731724,
0.09823542203435137,
0.1828704294304386
],
"r_ring_dip": [
0.0034720954055303664,
0.3806487397623735,
0.15667757132507695
],
"r_ring_tip": [
-0.0014607963290032661,
0.6164620283769678,
0.10578105364205201
],
"r_pinky_mcp": [
-0.3530100291719822,
0.11706466544112573,
0.11344899794413324
],
"r_pinky_pip": [
-0.21526194509276345,
0.15733476689197085,
0.1932036349906525
],
"r_pinky_dip": [
-0.15124365608831908,
0.3925360695152641,
0.16364446254674525
],
"r_pinky_tip": [
-0.15173039843488875,
0.5823115021944861,
0.11866756616262944
],
"l_hand_velocity": null,
"r_hand_velocity": [
0.02643817663192749,
0.007580280303955078,
-0.005887916777282953
],
"m_nose_point": null,
"m_top_nose": null,
"m_eyebrows": null,
"m_forehead": null,
"m_top_chin": null,
"m_bot_up_lip": null,
"m_top_low_lip": null,
"m_bot_nose": null,
"m_chin": null,
"m_nose": null,
"l_eye_exterior": null,
"l_temple": null,
"l_mid_chin": null,
"l_up_lip": null,
"l_ext_nostril": null,
"l_mid_cheek": null,
"l_mid_eyebrow": null,
"l_ext_eyebrow": null,
"l_ext_lips": null,
"l_jaw_angle": null,
"l_mid_ext_face": null,
"l_int_eyebrow": null,
"l_mid_jaw": null,
"l_mid_bot_eyelid": null,
"l_ext_mouth": null,
"l_top_eyelid": null,
"l_eye_int": null,
"l_pupil": null,
"r_eye_exterior": null,
"r_temple": null,
"r_mid_chin": null,
"r_up_lip": null,
"r_ext_nostril": null,
"r_mid_cheek": null,
"r_mid_eyebrow": null,
"r_ext_eyebrow": null,
"r_ext_lips": null,
"r_jaw_angle": null,
"r_mid_ext_face": null,
"r_int_eyebrow": null,
"r_mid_jaw": null,
"r_mid_bot_eyelid": null,
"r_ext_mouth": null,
"r_top_eyelid": null,
"r_eye_int": null,
"r_pupil": null,
"l_shoulder": null,
"l_elbow": null,
"l_hip": null,
"l_knee": null,
"l_ankle": null,
"l_body_wrist": null,
"r_shoulder": null,
"r_elbow": null,
"r_hip": null,
"r_knee": null,
"r_ankle": null,
"r_body_wrist": null,
"m_face_position": null,
"m_body_position": null,
"m_face_scale": null,
"m_body_scale": null,
"l_hand_scale": null,
"r_hand_scale": [
-0.10470009778708197,
0.10470009778708197,
-0.10470009778708197
]
},
{
"l_hand_position": null,
"l_wrist": null,
"l_thumb_cmc": null,
"l_thumb_mcp": null,
"l_thumb_ip": null,
"l_thumb_tip": null,
"l_index_mcp": null,
"l_index_pip": null,
"l_index_dip": null,
"l_index_tip": null,
"l_middle_mcp": null,
"l_middle_pip": null,
"l_middle_dip": null,
"l_middle_tip": null,
"l_ring_mcp": null,
"l_ring_pip": null,
"l_ring_dip": null,
"l_ring_tip": null,
"l_pinky_mcp": null,
"l_pinky_pip": null,
"l_pinky_dip": null,
"l_pinky_tip": null,
"r_hand_position": [
-0.08980429172515869,
-0.04539903998374939,
0.510399361141026
],