{
"label": "z",
"gestures": [
{
"l_hand_position": [
0.16094279289245605,
0.09874677658081055,
-0.5226696003228426
],
"l_wrist": [
-0.005958556797605637,
0.981634756417256,
0.19067695349602212
],
"l_thumb_cmc": [
-0.3010001188921226,
0.9001426558983827,
-0.005340422332174598
],
"l_thumb_mcp": [
-0.4907654883787119,
0.5856722379706634,
-0.11825906878769168
],
"l_thumb_ip": [
-0.4346061532301555,
0.27163047515964167,
-0.2039212817006149
],
"l_thumb_tip": [
-0.22621709763833633,
0.10130749798362418,
-0.2525356914409621
],
"l_index_mcp": [
-0.2285027569097107,
0.0025939901447885206,
-0.0273100781010578
],
"l_index_pip": [
-0.25549649818835457,
-0.04403416088266728,
-0.18945000403176446
],
"l_index_dip": [
-0.2989200135363577,
0.21447395284487258,
-0.2507738813100083
],
"l_index_tip": [
-0.29638468146016994,
0.34103550408966554,
-0.2794702419655532
],
"l_middle_mcp": [
0.0,
0.0,
0.0
],
"l_middle_pip": [
-0.07075717261392313,
0.32620403705192325,
-0.16164062732273732
],
"l_middle_dip": [
-0.1325476823481511,
0.6395027976606688,
-0.18126964754815217
],
"l_middle_tip": [
-0.12813479072572578,
0.6775418031217317,
-0.17533249217194305
],
"l_ring_mcp": [
0.19090945249981073,
0.11735825068664013,
0.0019030187774010535
],
"l_ring_pip": [
0.1127658754013168,
0.49273128570335745,
-0.15203085643024214
],
"l_ring_dip": [
0.03383116640323335,
0.7478141693054247,
-0.10622984057204587
],
"l_ring_tip": [
0.019242854607126592,
0.7639982813780799,
-0.05570548714342116
],
"l_pinky_mcp": [
0.3513327525596716,
0.2834784023149649,
-0.016832186593934578
],
"l_pinky_pip": [
0.27681795409820503,
0.5912282099042827,
-0.1231451730981557
],
"l_pinky_dip": [
0.19245461632397737,
0.797626901971786,
-0.10542241476451168
],
"l_pinky_tip": [
0.16927565490843666,
0.8127280958548889,
-0.06873921911663557
],
"r_hand_position": null,
"r_wrist": null,
"r_thumb_cmc": null,
"r_thumb_mcp": null,
"r_thumb_ip": null,
"r_thumb_tip": null,
"r_index_mcp": null,
"r_index_pip": null,
"r_index_dip": null,
"r_index_tip": null,
"r_middle_mcp": null,
"r_middle_pip": null,
"r_middle_dip": null,
"r_middle_tip": null,
"r_ring_mcp": null,
"r_ring_pip": null,
"r_ring_dip": null,
"r_ring_tip": null,
"r_pinky_mcp": null,
"r_pinky_pip": null,
"r_pinky_dip": null,
"r_pinky_tip": null,
"l_hand_velocity": null,
"r_hand_velocity": null,
"m_nose_point": null,
"m_top_nose": null,
"m_eyebrows": null,
"m_forehead": null,
"m_top_chin": null,
"m_bot_up_lip": null,
"m_top_low_lip": null,
"m_bot_nose": null,
"m_chin": null,
"m_nose": null,
"l_eye_exterior": null,
"l_temple": null,
"l_mid_chin": null,
"l_up_lip": null,
"l_ext_nostril": null,
"l_mid_cheek": null,
"l_mid_eyebrow": null,
"l_ext_eyebrow": null,
"l_ext_lips": null,
"l_jaw_angle": null,
"l_mid_ext_face": null,
"l_int_eyebrow": null,
"l_mid_jaw": null,
"l_mid_bot_eyelid": null,
"l_ext_mouth": null,
"l_top_eyelid": null,
"l_eye_int": null,
"l_pupil": null,
"r_eye_exterior": null,
"r_temple": null,
"r_mid_chin": null,
"r_up_lip": null,
"r_ext_nostril": null,
"r_mid_cheek": null,
"r_mid_eyebrow": null,
"r_ext_eyebrow": null,
"r_ext_lips": null,
"r_jaw_angle": null,
"r_mid_ext_face": null,
"r_int_eyebrow": null,
"r_mid_jaw": null,
"r_mid_bot_eyelid": null,
"r_ext_mouth": null,
"r_top_eyelid": null,
"r_eye_int": null,
"r_pupil": null,
"l_shoulder": null,
"l_elbow": null,
"l_hip": null,
"l_knee": null,
"l_ankle": null,
"l_body_wrist": null,
"r_shoulder": null,
"r_elbow": null,
"r_hip": null,
"r_knee": null,
"r_ankle": null,
"r_body_wrist": null,
"m_face_position": null,
"m_body_position": null,
"m_face_scale": null,
"m_body_scale": null,
"l_hand_scale": [
0.11888805078440785,
0.11888805078440785,
0.11888805078440785
],
"r_hand_scale": null
}
],
"framerate": 30,
"mirrorable": true,
"invalid": false
}