{
"label": "z",
"gestures": [
{
"l_hand_position": null,
"l_wrist": null,
"l_thumb_cmc": null,
"l_thumb_mcp": null,
"l_thumb_ip": null,
"l_thumb_tip": null,
"l_index_mcp": null,
"l_index_pip": null,
"l_index_dip": null,
"l_index_tip": null,
"l_middle_mcp": null,
"l_middle_pip": null,
"l_middle_dip": null,
"l_middle_tip": null,
"l_ring_mcp": null,
"l_ring_pip": null,
"l_ring_dip": null,
"l_ring_tip": null,
"l_pinky_mcp": null,
"l_pinky_pip": null,
"l_pinky_dip": null,
"l_pinky_tip": null,
"r_hand_position": [
-0.15661406517028809,
-0.03513941168785095,
0.5195402503013611
],
"r_wrist": [
-0.04098138042363339,
0.9912153468170416,
-0.12574841029987363
],
"r_thumb_cmc": [
0.1909395774018577,
0.8431593266237067,
-0.04400717900962664
],
"r_thumb_mcp": [
0.34510066831676944,
0.5418501510770315,
0.006221607338729341
],
"r_thumb_ip": [
0.3120851086819641,
0.2938648327451545,
0.05976607141446911
],
"r_thumb_tip": [
0.19162196750073213,
0.12978856382810403,
0.11318246747769528
],
"r_index_mcp": [
0.22082818701641338,
0.052008942510502754,
-0.019325827489985292
],
"r_index_pip": [
0.18193693792991697,
-0.3010061467787658,
0.08553881196793156
],
"r_index_dip": [
0.12399745392492442,
-0.5403559123866631,
0.1597276622547813
],
"r_index_tip": [
0.07755311690310697,
-0.7377659211448239,
0.21519976328562562
],
"r_middle_mcp": [
-0.0,
0.0,
-0.0
],
"r_middle_pip": [
0.07927999729947156,
0.11527923955602774,
0.17489760841993596
],
"r_middle_dip": [
0.1732024213804682,
0.43097576070617766,
0.22230312680186345
],
"r_middle_tip": [
0.24309389700481318,
0.6536025577133848,
0.21638989438731276
],
"r_ring_mcp": [
-0.18815516496356124,
0.08033388532457414,
0.0285093492446694
],
"r_ring_pip": [
-0.08714608710139268,
0.2955215178699654,
0.18975812481393506
],
"r_ring_dip": [
0.02404629168540658,
0.5738707023270813,
0.17328160682512048
],
"r_ring_tip": [
0.10847432581286777,
0.7374460148252842,
0.12293814782216778
],
"r_pinky_mcp": [
-0.3370546791576971,
0.232269057327868,
0.0647144305044906
],
"r_pinky_pip": [
-0.2630247511574353,
0.3859092456265507,
0.17752940367971096
],
"r_pinky_dip": [
-0.14446455392253044,
0.5908610266888258,
0.15834962454843643
],
"r_pinky_tip": [
-0.05036299764582028,
0.7134975362231901,
0.11217875660538024
],
"l_hand_velocity": null,
"r_hand_velocity": null,
"m_nose_point": null,
"m_top_nose": null,
"m_eyebrows": null,
"m_forehead": null,
"m_top_chin": null,
"m_bot_up_lip": null,
"m_top_low_lip": null,
"m_bot_nose": null,
"m_chin": null,
"m_nose": null,
"l_eye_exterior": null,
"l_temple": null,
"l_mid_chin": null,
"l_up_lip": null,
"l_ext_nostril": null,
"l_mid_cheek": null,
"l_mid_eyebrow": null,
"l_ext_eyebrow": null,
"l_ext_lips": null,
"l_jaw_angle": null,
"l_mid_ext_face": null,
"l_int_eyebrow": null,
"l_mid_jaw": null,
"l_mid_bot_eyelid": null,
"l_ext_mouth": null,
"l_top_eyelid": null,
"l_eye_int": null,
"l_pupil": null,
"r_eye_exterior": null,
"r_temple": null,
"r_mid_chin": null,
"r_up_lip": null,
"r_ext_nostril": null,
"r_mid_cheek": null,
"r_mid_eyebrow": null,
"r_ext_eyebrow": null,
"r_ext_lips": null,
"r_jaw_angle": null,
"r_mid_ext_face": null,
"r_int_eyebrow": null,
"r_mid_jaw": null,
"r_mid_bot_eyelid": null,
"r_ext_mouth": null,
"r_top_eyelid": null,
"r_eye_int": null,
"r_pupil": null,
"l_shoulder": null,
"l_elbow": null,
"l_hip": null,
"l_knee": null,
"l_ankle": null,
"l_body_wrist": null,
"r_shoulder": null,
"r_elbow": null,
"r_hip": null,
"r_knee": null,
"r_ankle": null,
"r_body_wrist": null,
"m_face_position": null,
"m_body_position": null,
"m_face_scale": null,
"m_body_scale": null,
"l_hand_scale": null,
"r_hand_scale": [
-0.15539009611998245,
0.15539009611998245,
-0.15539009611998245
]
}
],
"framerate": 30,
"mirrorable": true,
"invalid": false
}