{
"label": "z",
"gestures": [
{
"l_hand_position": [
0.13360202312469482,
0.0548136830329895,
-0.5255496390163898
],
"l_wrist": [
0.1116427636961251,
0.9715076234553432,
0.20906657045649882
],
"l_thumb_cmc": [
-0.12352498741462661,
0.9250634533802021,
0.0689711703874499
],
"l_thumb_mcp": [
-0.3597145453840213,
0.7359038363867745,
-0.03953630455494161
],
"l_thumb_ip": [
-0.4110985053705402,
0.5408445650916066,
-0.133024468498706
],
"l_thumb_tip": [
-0.2816441117599599,
0.4276542151604103,
-0.2063463656789054
],
"l_index_mcp": [
-0.23750693282628957,
0.12122336136883363,
0.0014227563100669633
],
"l_index_pip": [
-0.24678562193312698,
0.061968318286954045,
-0.14247663919362627
],
"l_index_dip": [
-0.26469674998560755,
0.05593990168894572,
-0.21984607429378092
],
"l_index_tip": [
-0.2836677283024467,
0.08921471281887469,
-0.2700466953648564
],
"l_middle_mcp": [
0.0,
0.0,
0.0
],
"l_middle_pip": [
-0.04125904897049502,
0.41084488266576963,
-0.15553915347775424
],
"l_middle_dip": [
-0.10650885486840375,
0.7004937171770655,
-0.1784747545995275
],
"l_middle_tip": [
-0.1262782569692995,
0.8133602104237087,
-0.17648412120206017
],
"l_ring_mcp": [
0.21735660893226724,
0.060325623537593846,
-0.018079640830361787
],
"l_ring_pip": [
0.17753052824372598,
0.5673710613307554,
-0.16203125456641945
],
"l_ring_dip": [
0.10258404351207909,
0.7841945748470337,
-0.12086362560693488
],
"l_ring_tip": [
0.0795009632261616,
0.8114292637156573,
-0.0768365530686529
],
"l_pinky_mcp": [
0.409364116258686,
0.19922161006922956,
-0.0531588311839422
],
"l_pinky_pip": [
0.37015453383712554,
0.5871931389164882,
-0.1634473045068891
],
"l_pinky_dip": [
0.29809251963627326,
0.780694093785229,
-0.1481075509755038
],
"l_pinky_tip": [
0.27516258844515956,
0.789250445919441,
-0.11540732330257249
],
"r_hand_position": null,
"r_wrist": null,
"r_thumb_cmc": null,
"r_thumb_mcp": null,
"r_thumb_ip": null,
"r_thumb_tip": null,
"r_index_mcp": null,
"r_index_pip": null,
"r_index_dip": null,
"r_index_tip": null,
"r_middle_mcp": null,
"r_middle_pip": null,
"r_middle_dip": null,
"r_middle_tip": null,
"r_ring_mcp": null,
"r_ring_pip": null,
"r_ring_dip": null,
"r_ring_tip": null,
"r_pinky_mcp": null,
"r_pinky_pip": null,
"r_pinky_dip": null,
"r_pinky_tip": null,
"l_hand_velocity": null,
"r_hand_velocity": null,
"m_nose_point": null,
"m_top_nose": null,
"m_eyebrows": null,
"m_forehead": null,
"m_top_chin": null,
"m_bot_up_lip": null,
"m_top_low_lip": null,
"m_bot_nose": null,
"m_chin": null,
"m_nose": null,
"l_eye_exterior": null,
"l_temple": null,
"l_mid_chin": null,
"l_up_lip": null,
"l_ext_nostril": null,
"l_mid_cheek": null,
"l_mid_eyebrow": null,
"l_ext_eyebrow": null,
"l_ext_lips": null,
"l_jaw_angle": null,
"l_mid_ext_face": null,
"l_int_eyebrow": null,
"l_mid_jaw": null,
"l_mid_bot_eyelid": null,
"l_ext_mouth": null,
"l_top_eyelid": null,
"l_eye_int": null,
"l_pupil": null,
"r_eye_exterior": null,
"r_temple": null,
"r_mid_chin": null,
"r_up_lip": null,
"r_ext_nostril": null,
"r_mid_cheek": null,
"r_mid_eyebrow": null,
"r_ext_eyebrow": null,
"r_ext_lips": null,
"r_jaw_angle": null,
"r_mid_ext_face": null,
"r_int_eyebrow": null,
"r_mid_jaw": null,
"r_mid_bot_eyelid": null,
"r_ext_mouth": null,
"r_top_eyelid": null,
"r_eye_int": null,
"r_pupil": null,
"l_shoulder": null,
"l_elbow": null,
"l_hip": null,
"l_knee": null,
"l_ankle": null,
"l_body_wrist": null,
"r_shoulder": null,
"r_elbow": null,
"r_hip": null,
"r_knee": null,
"r_ankle": null,
"r_body_wrist": null,
"m_face_position": null,
"m_body_position": null,
"m_face_scale": null,
"m_body_scale": null,
"l_hand_scale": [
0.12220678472473585,
0.12220678472473585,
0.12220678472473585
],
"r_hand_scale": null
}
],
"framerate": 30,
"mirrorable": true,
"invalid": false
}