{
"label": "z",
"gestures": [
{
"l_hand_position": [
0.10101145505905151,
-0.02803671360015869,
-0.5203654877841473
],
"l_wrist": [
0.0758667036922072,
0.9888723927158348,
0.1279673169029444
],
"l_thumb_cmc": [
-0.18238997665298254,
0.7870138672356933,
0.03076239797190155
],
"l_thumb_mcp": [
-0.3527054155779726,
0.560298400785565,
-0.0531691387760696
],
"l_thumb_ip": [
-0.4113953318611041,
0.3755380109907213,
-0.139104726127554
],
"l_thumb_tip": [
-0.3679275203851564,
0.263435334557943,
-0.22000261205043073
],
"l_index_mcp": [
-0.1529435203345414,
-0.019468174295140944,
0.018750535836294654
],
"l_index_pip": [
-0.29384546175867343,
-0.3425127139743729,
-0.08161567653535533
],
"l_index_dip": [
-0.39217285056976486,
-0.5448255467923367,
-0.1547312084729118
],
"l_index_tip": [
-0.4491934776487132,
-0.7279252616194111,
-0.2198539930640419
],
"l_middle_mcp": [
0.0,
0.0,
0.0
],
"l_middle_pip": [
-0.31970427587678457,
-0.028234845240242216,
-0.10077116341197653
],
"l_middle_dip": [
-0.3601196514061105,
0.24337390154630525,
-0.11876077893309589
],
"l_middle_tip": [
-0.2802851555153131,
0.3717863237665115,
-0.12361333279943512
],
"l_ring_mcp": [
0.08315284957019242,
0.1457526928551347,
-0.03272056840321098
],
"l_ring_pip": [
-0.2608173557521901,
0.23466003961574064,
-0.11368245248466181
],
"l_ring_dip": [
-0.2953488332788869,
0.4637230727546327,
-0.06297458597719281
],
"l_ring_tip": [
-0.21880123037797317,
0.5380055060107405,
-0.028822181669204534
],
"l_pinky_mcp": [
0.1066026737485893,
0.33974735681954077,
-0.08338740024645891
],
"l_pinky_pip": [
-0.18524428516208738,
0.4851755176810868,
-0.16110955896404167
],
"l_pinky_dip": [
-0.21170946661732495,
0.641088702386274,
-0.14478689182199309
],
"l_pinky_tip": [
-0.14866224483689314,
0.6859535182893259,
-0.12227044824893055
],
"r_hand_position": null,
"r_wrist": null,
"r_thumb_cmc": null,
"r_thumb_mcp": null,
"r_thumb_ip": null,
"r_thumb_tip": null,
"r_index_mcp": null,
"r_index_pip": null,
"r_index_dip": null,
"r_index_tip": null,
"r_middle_mcp": null,
"r_middle_pip": null,
"r_middle_dip": null,
"r_middle_tip": null,
"r_ring_mcp": null,
"r_ring_pip": null,
"r_ring_dip": null,
"r_ring_tip": null,
"r_pinky_mcp": null,
"r_pinky_pip": null,
"r_pinky_dip": null,
"r_pinky_tip": null,
"l_hand_velocity": null,
"r_hand_velocity": null,
"m_nose_point": null,
"m_top_nose": null,
"m_eyebrows": null,
"m_forehead": null,
"m_top_chin": null,
"m_bot_up_lip": null,
"m_top_low_lip": null,
"m_bot_nose": null,
"m_chin": null,
"m_nose": null,
"l_eye_exterior": null,
"l_temple": null,
"l_mid_chin": null,
"l_up_lip": null,
"l_ext_nostril": null,
"l_mid_cheek": null,
"l_mid_eyebrow": null,
"l_ext_eyebrow": null,
"l_ext_lips": null,
"l_jaw_angle": null,
"l_mid_ext_face": null,
"l_int_eyebrow": null,
"l_mid_jaw": null,
"l_mid_bot_eyelid": null,
"l_ext_mouth": null,
"l_top_eyelid": null,
"l_eye_int": null,
"l_pupil": null,
"r_eye_exterior": null,
"r_temple": null,
"r_mid_chin": null,
"r_up_lip": null,
"r_ext_nostril": null,
"r_mid_cheek": null,
"r_mid_eyebrow": null,
"r_ext_eyebrow": null,
"r_ext_lips": null,
"r_jaw_angle": null,
"r_mid_ext_face": null,
"r_int_eyebrow": null,
"r_mid_jaw": null,
"r_mid_bot_eyelid": null,
"r_ext_mouth": null,
"r_top_eyelid": null,
"r_eye_int": null,
"r_pupil": null,
"l_shoulder": null,
"l_elbow": null,
"l_hip": null,
"l_knee": null,
"l_ankle": null,
"l_body_wrist": null,
"r_shoulder": null,
"r_elbow": null,
"r_hip": null,
"r_knee": null,
"r_ankle": null,
"r_body_wrist": null,
"m_face_position": null,
"m_body_position": null,
"m_face_scale": null,
"m_body_scale": null,
"l_hand_scale": [
0.15914432388239383,
0.15914432388239383,
0.15914432388239383
],
"r_hand_scale": null
}
],
"framerate": 30,
"mirrorable": true,
"invalid": false
}