{
"label": "z",
"gestures": [
{
"l_hand_position": null,
"l_wrist": null,
"l_thumb_cmc": null,
"l_thumb_mcp": null,
"l_thumb_ip": null,
"l_thumb_tip": null,
"l_index_mcp": null,
"l_index_pip": null,
"l_index_dip": null,
"l_index_tip": null,
"l_middle_mcp": null,
"l_middle_pip": null,
"l_middle_dip": null,
"l_middle_tip": null,
"l_ring_mcp": null,
"l_ring_pip": null,
"l_ring_dip": null,
"l_ring_tip": null,
"l_pinky_mcp": null,
"l_pinky_pip": null,
"l_pinky_dip": null,
"l_pinky_tip": null,
"r_hand_position": [
-0.14734098315238953,
0.019398629665374756,
-0.5221784207969904
],
"r_wrist": [
-0.08652553632406557,
0.9730421395113907,
0.21378102417877937
],
"r_thumb_cmc": [
0.1853512911537315,
0.8808338781072704,
0.026371387097520876
],
"r_thumb_mcp": [
0.30625814728778994,
0.547376097744973,
-0.0664240131056591
],
"r_thumb_ip": [
0.12769240102921434,
0.22885162951297414,
-0.135229706937624
],
"r_thumb_tip": [
-0.05669194782245143,
-0.0197875578285479,
-0.1954442361953973
],
"r_index_mcp": [
0.25174655955823183,
0.008250896256664336,
-0.0012833135569807045
],
"r_index_pip": [
0.22968815238392346,
-0.42163251922829986,
-0.17321519214425382
],
"r_index_dip": [
0.17734859399064554,
-0.7467526485581684,
-0.3020504868005533
],
"r_index_tip": [
0.12177009487966374,
-1.0379933143471196,
-0.397280119722726
],
"r_middle_mcp": [
0.0,
0.0,
0.0
],
"r_middle_pip": [
-0.09185635875408159,
-0.15475385845093115,
-0.18485785541235314
],
"r_middle_dip": [
-0.07717354385711662,
0.20073044239656912,
-0.2349810375537593
],
"r_middle_tip": [
-0.014439212082897298,
0.41057128531830545,
-0.241961637060651
],
"r_ring_mcp": [
-0.227283723664883,
0.11009181044535642,
-0.02253442732535315
],
"r_ring_pip": [
-0.30157482573384525,
0.08509436979141806,
-0.20361211215339942
],
"r_ring_dip": [
-0.2411900545920073,
0.40275301387058676,
-0.16914504300378488
],
"r_ring_tip": [
-0.14872899781479784,
0.5105777094472852,
-0.11503164389527577
],
"r_pinky_mcp": [
-0.42293642627199457,
0.29840655281361855,
-0.064308413872903
],
"r_pinky_pip": [
-0.4574935537732721,
0.30116202238028955,
-0.1878324023328901
],
"r_pinky_dip": [
-0.3776435389035748,
0.5278689129665783,
-0.1450182741412231
],
"r_pinky_tip": [
-0.29847118799423794,
0.607546567354624,
-0.0930690404220188
],
"l_hand_velocity": null,
"r_hand_velocity": null,
"m_nose_point": null,
"m_top_nose": null,
"m_eyebrows": null,
"m_forehead": null,
"m_top_chin": null,
"m_bot_up_lip": null,
"m_top_low_lip": null,
"m_bot_nose": null,
"m_chin": null,
"m_nose": null,
"l_eye_exterior": null,
"l_temple": null,
"l_mid_chin": null,
"l_up_lip": null,
"l_ext_nostril": null,
"l_mid_cheek": null,
"l_mid_eyebrow": null,
"l_ext_eyebrow": null,
"l_ext_lips": null,
"l_jaw_angle": null,
"l_mid_ext_face": null,
"l_int_eyebrow": null,
"l_mid_jaw": null,
"l_mid_bot_eyelid": null,
"l_ext_mouth": null,
"l_top_eyelid": null,
"l_eye_int": null,
"l_pupil": null,
"r_eye_exterior": null,
"r_temple": null,
"r_mid_chin": null,
"r_up_lip": null,
"r_ext_nostril": null,
"r_mid_cheek": null,
"r_mid_eyebrow": null,
"r_ext_eyebrow": null,
"r_ext_lips": null,
"r_jaw_angle": null,
"r_mid_ext_face": null,
"r_int_eyebrow": null,
"r_mid_jaw": null,
"r_mid_bot_eyelid": null,
"r_ext_mouth": null,
"r_top_eyelid": null,
"r_eye_int": null,
"r_pupil": null,
"l_shoulder": null,
"l_elbow": null,
"l_hip": null,
"l_knee": null,
"l_ankle": null,
"l_body_wrist": null,
"r_shoulder": null,
"r_elbow": null,
"r_hip": null,
"r_knee": null,
"r_ankle": null,
"r_body_wrist": null,
"m_face_position": null,
"m_body_position": null,
"m_face_scale": null,
"m_body_scale": null,
"l_hand_scale": null,
"r_hand_scale": [
0.10374416026961905,
0.10374416026961905,
0.10374416026961905
]
}
],
"framerate": 30,
"mirrorable": true,
"invalid": false
}