{
"label": "z",
"gestures": [
{
"l_hand_position": null,
"l_wrist": null,
"l_thumb_cmc": null,
"l_thumb_mcp": null,
"l_thumb_ip": null,
"l_thumb_tip": null,
"l_index_mcp": null,
"l_index_pip": null,
"l_index_dip": null,
"l_index_tip": null,
"l_middle_mcp": null,
"l_middle_pip": null,
"l_middle_dip": null,
"l_middle_tip": null,
"l_ring_mcp": null,
"l_ring_pip": null,
"l_ring_dip": null,
"l_ring_tip": null,
"l_pinky_mcp": null,
"l_pinky_pip": null,
"l_pinky_dip": null,
"l_pinky_tip": null,
"r_hand_position": [
-0.17422914505004883,
0.11389875411987305,
0.5370393805205822
],
"r_wrist": [
-0.33421611504065574,
0.890495746531436,
-0.30873437427107414
],
"r_thumb_cmc": [
0.03758789835546178,
0.7266160669786691,
-0.18337246164398027
],
"r_thumb_mcp": [
0.3163293708750465,
0.5729923748657852,
-0.07468667111703871
],
"r_thumb_ip": [
0.438660451986572,
0.57636880710148,
0.01842645289766314
],
"r_thumb_tip": [
0.4080907234017729,
0.5684762228613025,
0.0970899709585833
],
"r_index_mcp": [
0.2626060414250207,
-0.07381995745677247,
-0.03147814461127839
],
"r_index_pip": [
0.5874425708009207,
0.2869172478095482,
0.16402950376496184
],
"r_index_dip": [
0.7804670808143,
0.5503435496261422,
0.2797554020534294
],
"r_index_tip": [
0.9402573822428759,
0.7315063292647113,
0.34808157735095335
],
"r_middle_mcp": [
-0.0,
0.0,
-0.0
],
"r_middle_pip": [
0.3322223506848813,
0.8036788103686934,
0.14409412697768212
],
"r_middle_dip": [
0.23314771350403102,
0.9197493819743346,
0.14072933911081087
],
"r_middle_tip": [
0.13547512043282323,
0.7975191566226453,
0.12873619815237175
],
"r_ring_mcp": [
-0.2588887862767765,
0.251223251702831,
0.04772713159060855
],
"r_ring_pip": [
0.06215844812242491,
1.0550724735277992,
0.16093126326337168
],
"r_ring_dip": [
-0.02530684649640685,
1.0157536319838205,
0.04975685375730973
],
"r_ring_tip": [
-0.09584178777566117,
0.8164591727628974,
-0.04065446617385221
],
"r_pinky_mcp": [
-0.47053633718520893,
0.5574158734747464,
0.1154383289560039
],
"r_pinky_pip": [
-0.17210464065664063,
1.106669882798817,
0.2276150857303875
],
"r_pinky_dip": [
-0.19781938163002002,
1.0497296023885023,
0.16730433500121578
],
"r_pinky_tip": [
-0.2448658610483358,
0.8389187071429466,
0.09154340099400182
],
"l_hand_velocity": null,
"r_hand_velocity": null,
"m_nose_point": null,
"m_top_nose": null,
"m_eyebrows": null,
"m_forehead": null,
"m_top_chin": null,
"m_bot_up_lip": null,
"m_top_low_lip": null,
"m_bot_nose": null,
"m_chin": null,
"m_nose": null,
"l_eye_exterior": null,
"l_temple": null,
"l_mid_chin": null,
"l_up_lip": null,
"l_ext_nostril": null,
"l_mid_cheek": null,
"l_mid_eyebrow": null,
"l_ext_eyebrow": null,
"l_ext_lips": null,
"l_jaw_angle": null,
"l_mid_ext_face": null,
"l_int_eyebrow": null,
"l_mid_jaw": null,
"l_mid_bot_eyelid": null,
"l_ext_mouth": null,
"l_top_eyelid": null,
"l_eye_int": null,
"l_pupil": null,
"r_eye_exterior": null,
"r_temple": null,
"r_mid_chin": null,
"r_up_lip": null,
"r_ext_nostril": null,
"r_mid_cheek": null,
"r_mid_eyebrow": null,
"r_ext_eyebrow": null,
"r_ext_lips": null,
"r_jaw_angle": null,
"r_mid_ext_face": null,
"r_int_eyebrow": null,
"r_mid_jaw": null,
"r_mid_bot_eyelid": null,
"r_ext_mouth": null,
"r_top_eyelid": null,
"r_eye_int": null,
"r_pupil": null,
"l_shoulder": null,
"l_elbow": null,
"l_hip": null,
"l_knee": null,
"l_ankle": null,
"l_body_wrist": null,
"r_shoulder": null,
"r_elbow": null,
"r_hip": null,
"r_knee": null,
"r_ankle": null,
"r_body_wrist": null,
"m_face_position": null,
"m_body_position": null,
"m_face_scale": null,
"m_body_scale": null,
"l_hand_scale": null,
"r_hand_scale": [
-0.11997076725285172,
0.11997076725285172,
-0.11997076725285172
]
}
],
"framerate": 30,
"mirrorable": true,
"invalid": false
}