{
"label": "z",
"gestures": [
{
"l_hand_position": null,
"l_wrist": null,
"l_thumb_cmc": null,
"l_thumb_mcp": null,
"l_thumb_ip": null,
"l_thumb_tip": null,
"l_index_mcp": null,
"l_index_pip": null,
"l_index_dip": null,
"l_index_tip": null,
"l_middle_mcp": null,
"l_middle_pip": null,
"l_middle_dip": null,
"l_middle_tip": null,
"l_ring_mcp": null,
"l_ring_pip": null,
"l_ring_dip": null,
"l_ring_tip": null,
"l_pinky_mcp": null,
"l_pinky_pip": null,
"l_pinky_dip": null,
"l_pinky_tip": null,
"r_hand_position": [
-0.215365469455719,
0.09902817010879517,
0.5382023938000202
],
"r_wrist": [
-0.01456703857597513,
0.9633832763390531,
-0.26773207551086886
],
"r_thumb_cmc": [
0.23014684472804386,
0.8755307332410567,
-0.07943549061386808
],
"r_thumb_mcp": [
0.46078995126579925,
0.6748847315478981,
0.05008630924000006
],
"r_thumb_ip": [
0.4258807735084103,
0.5272134248550508,
0.15092969573426296
],
"r_thumb_tip": [
0.18404921889715997,
0.499302457617945,
0.21367947953467245
],
"r_index_mcp": [
0.27061891686247624,
0.004853590881344776,
0.007337458518777964
],
"r_index_pip": [
0.2744766422940297,
0.16474805987551133,
0.1917778543253922
],
"r_index_dip": [
0.26335294218392297,
0.47557253790053794,
0.2674242053544089
],
"r_index_tip": [
0.23662456516844438,
0.5620215122437948,
0.310970709211695
],
"r_middle_mcp": [
-0.0,
0.0,
-0.0
],
"r_middle_pip": [
0.015487712842476884,
0.4295304699995291,
0.19161556668812546
],
"r_middle_dip": [
0.10317650625242032,
0.7573301931097789,
0.20707466510807268
],
"r_middle_tip": [
0.12928246736177929,
0.7654420686003404,
0.1930012253207342
],
"r_ring_mcp": [
-0.23012721147462936,
0.12740770052509148,
0.01661088114286554
],
"r_ring_pip": [
-0.19856905411918105,
0.6753450686811489,
0.17464940720421648
],
"r_ring_dip": [
-0.08119102198733237,
0.8704762148088102,
0.12244268048739947
],
"r_ring_tip": [
-0.04227164778783056,
0.7772174256322905,
0.06781236962002973
],
"r_pinky_mcp": [
-0.42984334886777315,
0.30528790056213445,
0.05785614317074307
],
"r_pinky_pip": [
-0.39423071581783026,
0.715853483220838,
0.17427433896146
],
"r_pinky_dip": [
-0.2840505685707782,
0.8901249241887753,
0.1616382778532916
],
"r_pinky_tip": [
-0.23293017169614785,
0.8488771296800717,
0.13018914771361326
],
"l_hand_velocity": null,
"r_hand_velocity": null,
"m_nose_point": null,
"m_top_nose": null,
"m_eyebrows": null,
"m_forehead": null,
"m_top_chin": null,
"m_bot_up_lip": null,
"m_top_low_lip": null,
"m_bot_nose": null,
"m_chin": null,
"m_nose": null,
"l_eye_exterior": null,
"l_temple": null,
"l_mid_chin": null,
"l_up_lip": null,
"l_ext_nostril": null,
"l_mid_cheek": null,
"l_mid_eyebrow": null,
"l_ext_eyebrow": null,
"l_ext_lips": null,
"l_jaw_angle": null,
"l_mid_ext_face": null,
"l_int_eyebrow": null,
"l_mid_jaw": null,
"l_mid_bot_eyelid": null,
"l_ext_mouth": null,
"l_top_eyelid": null,
"l_eye_int": null,
"l_pupil": null,
"r_eye_exterior": null,
"r_temple": null,
"r_mid_chin": null,
"r_up_lip": null,
"r_ext_nostril": null,
"r_mid_cheek": null,
"r_mid_eyebrow": null,
"r_ext_eyebrow": null,
"r_ext_lips": null,
"r_jaw_angle": null,
"r_mid_ext_face": null,
"r_int_eyebrow": null,
"r_mid_jaw": null,
"r_mid_bot_eyelid": null,
"r_ext_mouth": null,
"r_top_eyelid": null,
"r_eye_int": null,
"r_pupil": null,
"l_shoulder": null,
"l_elbow": null,
"l_hip": null,
"l_knee": null,
"l_ankle": null,
"l_body_wrist": null,
"r_shoulder": null,
"r_elbow": null,
"r_hip": null,
"r_knee": null,
"r_ankle": null,
"r_body_wrist": null,
"m_face_position": null,
"m_body_position": null,
"m_face_scale": null,
"m_body_scale": null,
"l_hand_scale": null,
"r_hand_scale": [
-0.14268742145266702,
0.14268742145266702,
-0.14268742145266702
]
}
],
"framerate": 30,
"mirrorable": true,
"invalid": false
}