{
"label": "z",
"gestures": [
{
"l_hand_position": null,
"l_wrist": null,
"l_thumb_cmc": null,
"l_thumb_mcp": null,
"l_thumb_ip": null,
"l_thumb_tip": null,
"l_index_mcp": null,
"l_index_pip": null,
"l_index_dip": null,
"l_index_tip": null,
"l_middle_mcp": null,
"l_middle_pip": null,
"l_middle_dip": null,
"l_middle_tip": null,
"l_ring_mcp": null,
"l_ring_pip": null,
"l_ring_dip": null,
"l_ring_tip": null,
"l_pinky_mcp": null,
"l_pinky_pip": null,
"l_pinky_dip": null,
"l_pinky_tip": null,
"r_hand_position": [
-0.13856852054595947,
0.10908275842666626,
0.5471532680094242
],
"r_wrist": [
-0.3731875341164947,
0.5383100112106208,
-0.7556145817878791
],
"r_thumb_cmc": [
0.09208981296740486,
0.5270936870909263,
-0.502665074250594
],
"r_thumb_mcp": [
0.4588052520285431,
0.6259316334063378,
-0.24758193249046076
],
"r_thumb_ip": [
0.7028603535736139,
0.9257302325201301,
-0.027980158286837573
],
"r_thumb_tip": [
0.8717738202301234,
1.2740962887435392,
0.2240976046226937
],
"r_index_mcp": [
0.38519663257148234,
-0.11682437222854863,
-0.042112733841276284
],
"r_index_pip": [
0.7095540433829317,
0.6209161417983572,
0.26911124780502654
],
"r_index_dip": [
0.7833546479501057,
1.2222545781141818,
0.4426828606500089
],
"r_index_tip": [
0.8361180781379665,
1.665066801865439,
0.5369760848158827
],
"r_middle_mcp": [
-0.0,
0.0,
-0.0
],
"r_middle_pip": [
0.3428424249209997,
0.8668433369544815,
0.27704603538774375
],
"r_middle_dip": [
0.49726340363847105,
1.540350981976419,
0.3904643434239369
],
"r_middle_tip": [
0.6038514354437234,
1.9762918580552689,
0.4781630939661296
],
"r_ring_mcp": [
-0.35890517913379916,
0.2419184314389857,
0.03321509556172612
],
"r_ring_pip": [
0.017771517207786573,
1.0841026659666464,
0.30295304103029985
],
"r_ring_dip": [
0.18449673566892694,
1.6573339090720263,
0.3210816648701439
],
"r_ring_tip": [
0.29409157904948374,
1.9993625463620988,
0.3252727428056548
],
"r_pinky_mcp": [
-0.6483203447548553,
0.552098553745911,
0.0750963249698498
],
"r_pinky_pip": [
-0.333694000121678,
1.221951795627088,
0.3017860867602465
],
"r_pinky_dip": [
-0.17926346990619113,
1.6481128928877862,
0.263591795282999
],
"r_pinky_tip": [
-0.08418021746070375,
1.8931709017244926,
0.2135082169539967
],
"l_hand_velocity": null,
"r_hand_velocity": null,
"m_nose_point": null,
"m_top_nose": null,
"m_eyebrows": null,
"m_forehead": null,
"m_top_chin": null,
"m_bot_up_lip": null,
"m_top_low_lip": null,
"m_bot_nose": null,
"m_chin": null,
"m_nose": null,
"l_eye_exterior": null,
"l_temple": null,
"l_mid_chin": null,
"l_up_lip": null,
"l_ext_nostril": null,
"l_mid_cheek": null,
"l_mid_eyebrow": null,
"l_ext_eyebrow": null,
"l_ext_lips": null,
"l_jaw_angle": null,
"l_mid_ext_face": null,
"l_int_eyebrow": null,
"l_mid_jaw": null,
"l_mid_bot_eyelid": null,
"l_ext_mouth": null,
"l_top_eyelid": null,
"l_eye_int": null,
"l_pupil": null,
"r_eye_exterior": null,
"r_temple": null,
"r_mid_chin": null,
"r_up_lip": null,
"r_ext_nostril": null,
"r_mid_cheek": null,
"r_mid_eyebrow": null,
"r_ext_eyebrow": null,
"r_ext_lips": null,
"r_jaw_angle": null,
"r_mid_ext_face": null,
"r_int_eyebrow": null,
"r_mid_jaw": null,
"r_mid_bot_eyelid": null,
"r_ext_mouth": null,
"r_top_eyelid": null,
"r_eye_int": null,
"r_pupil": null,
"l_shoulder": null,
"l_elbow": null,
"l_hip": null,
"l_knee": null,
"l_ankle": null,
"l_body_wrist": null,
"r_shoulder": null,
"r_elbow": null,
"r_hip": null,
"r_knee": null,
"r_ankle": null,
"r_body_wrist": null,
"m_face_position": null,
"m_body_position": null,
"m_face_scale": null,
"m_body_scale": null,
"l_hand_scale": null,
"r_hand_scale": [
-0.062403451980172456,
0.062403451980172456,
-0.062403451980172456
]
}
],
"framerate": 30,
"mirrorable": true,
"invalid": false
}