{
"label": "z",
"gestures": [
{
"l_hand_position": null,
"l_wrist": null,
"l_thumb_cmc": null,
"l_thumb_mcp": null,
"l_thumb_ip": null,
"l_thumb_tip": null,
"l_index_mcp": null,
"l_index_pip": null,
"l_index_dip": null,
"l_index_tip": null,
"l_middle_mcp": null,
"l_middle_pip": null,
"l_middle_dip": null,
"l_middle_tip": null,
"l_ring_mcp": null,
"l_ring_pip": null,
"l_ring_dip": null,
"l_ring_tip": null,
"l_pinky_mcp": null,
"l_pinky_pip": null,
"l_pinky_dip": null,
"l_pinky_tip": null,
"r_hand_position": [
-0.159265398979187,
0.033534884452819824,
0.5231889896094799
],
"r_wrist": [
-0.14056400100827565,
0.975917334297844,
-0.16681462237326683
],
"r_thumb_cmc": [
0.09815309585049581,
0.9097081270667945,
-0.06867734123288666
],
"r_thumb_mcp": [
0.31663979218101723,
0.6641326495791818,
-0.018919598158336784
],
"r_thumb_ip": [
0.33212999903300344,
0.44045082103865474,
0.02205149460941711
],
"r_thumb_tip": [
0.20579558349198165,
0.27599461452743046,
0.05693288028528291
],
"r_index_mcp": [
0.24474878428021002,
0.17125026972247714,
-0.017199830808795405
],
"r_index_pip": [
0.2786372028247452,
0.02074065204111787,
0.09484417910696545
],
"r_index_dip": [
0.2974380415513974,
-0.10774110768178805,
0.18792405105270957
],
"r_index_tip": [
0.28852064599416005,
-0.25905169160351466,
0.27122223534344847
],
"r_middle_mcp": [
-0.0,
0.0,
-0.0
],
"r_middle_pip": [
0.030132281357373576,
0.469289464736934,
0.14534144518889275
],
"r_middle_dip": [
0.08447921287120555,
0.7523881524283933,
0.18673972620459148
],
"r_middle_tip": [
0.10611301945123411,
0.8182071673260732,
0.2032585025584359
],
"r_ring_mcp": [
-0.23859703767927312,
0.06104023077086305,
0.02972032829771998
],
"r_ring_pip": [
-0.1981688241143512,
0.5980160594294597,
0.15600428146485884
],
"r_ring_dip": [
-0.098367916025241,
0.8243632017548493,
0.12129176920854855
],
"r_ring_tip": [
-0.03842365405008401,
0.8542635116261208,
0.0881756956535539
],
"r_pinky_mcp": [
-0.4445238287031351,
0.21579779949254307,
0.07522139058245768
],
"r_pinky_pip": [
-0.3816312563057266,
0.6500377019060797,
0.20179378056855646
],
"r_pinky_dip": [
-0.274291918092474,
0.8486168711446447,
0.20287056133468198
],
"r_pinky_tip": [
-0.20253511920303455,
0.8901483428125994,
0.18190635266959648
],
"l_hand_velocity": null,
"r_hand_velocity": null,
"m_nose_point": null,
"m_top_nose": null,
"m_eyebrows": null,
"m_forehead": null,
"m_top_chin": null,
"m_bot_up_lip": null,
"m_top_low_lip": null,
"m_bot_nose": null,
"m_chin": null,
"m_nose": null,
"l_eye_exterior": null,
"l_temple": null,
"l_mid_chin": null,
"l_up_lip": null,
"l_ext_nostril": null,
"l_mid_cheek": null,
"l_mid_eyebrow": null,
"l_ext_eyebrow": null,
"l_ext_lips": null,
"l_jaw_angle": null,
"l_mid_ext_face": null,
"l_int_eyebrow": null,
"l_mid_jaw": null,
"l_mid_bot_eyelid": null,
"l_ext_mouth": null,
"l_top_eyelid": null,
"l_eye_int": null,
"l_pupil": null,
"r_eye_exterior": null,
"r_temple": null,
"r_mid_chin": null,
"r_up_lip": null,
"r_ext_nostril": null,
"r_mid_cheek": null,
"r_mid_eyebrow": null,
"r_ext_eyebrow": null,
"r_ext_lips": null,
"r_jaw_angle": null,
"r_mid_ext_face": null,
"r_int_eyebrow": null,
"r_mid_jaw": null,
"r_mid_bot_eyelid": null,
"r_ext_mouth": null,
"r_top_eyelid": null,
"r_eye_int": null,
"r_pupil": null,
"l_shoulder": null,
"l_elbow": null,
"l_hip": null,
"l_knee": null,
"l_ankle": null,
"l_body_wrist": null,
"r_shoulder": null,
"r_elbow": null,
"r_hip": null,
"r_knee": null,
"r_ankle": null,
"r_body_wrist": null,
"m_face_position": null,
"m_body_position": null,
"m_face_scale": null,
"m_body_scale": null,
"l_hand_scale": null,
"r_hand_scale": [
-0.1390089504763239,
0.1390089504763239,
-0.1390089504763239
]
}
],
"framerate": 30,
"mirrorable": true,
"invalid": false
}