{
"label": "s",
"gestures": [
{
"l_hand_position": null,
"l_wrist": null,
"l_thumb_cmc": null,
"l_thumb_mcp": null,
"l_thumb_ip": null,
"l_thumb_tip": null,
"l_index_mcp": null,
"l_index_pip": null,
"l_index_dip": null,
"l_index_tip": null,
"l_middle_mcp": null,
"l_middle_pip": null,
"l_middle_dip": null,
"l_middle_tip": null,
"l_ring_mcp": null,
"l_ring_pip": null,
"l_ring_dip": null,
"l_ring_tip": null,
"l_pinky_mcp": null,
"l_pinky_pip": null,
"l_pinky_dip": null,
"l_pinky_tip": null,
"r_hand_position": [
-0.1407870054244995,
-0.020898044109344482,
0.4905146714299917
],
"r_wrist": [
-0.09281000386586738,
0.9923644271846335,
0.08123513304557366
],
"r_thumb_cmc": [
0.19608520193923562,
0.7238023571130642,
0.09182191977349499
],
"r_thumb_mcp": [
0.3093825041965883,
0.25743836649732166,
0.09378524040539957
],
"r_thumb_ip": [
0.2100792916911711,
-0.1281604712316807,
0.1316274002151868
],
"r_thumb_tip": [
0.026620113532645,
-0.3409809995890768,
0.16445228156580138
],
"r_index_mcp": [
0.1546205516740349,
0.010174480188615359,
-0.06589700680673326
],
"r_index_pip": [
0.20443806144937351,
-0.32187784704870315,
0.05344292248570902
],
"r_index_dip": [
0.2824734632983784,
-0.4345444606838731,
0.13881290511195749
],
"r_index_tip": [
0.3211279631264155,
-0.41871573320783845,
0.17823449337662417
],
"r_middle_mcp": [
-0.0,
0.0,
-0.0
],
"r_middle_pip": [
-0.038078686986416616,
-0.48841818396942105,
0.159520448405865
],
"r_middle_dip": [
0.10713794255257214,
-0.529642146508714,
0.24110661635022043
],
"r_middle_tip": [
0.1738801639980581,
-0.45564356021958013,
0.2462539805192197
],
"r_ring_mcp": [
-0.1443340227985971,
0.07637585615032752,
0.0907989909562885
],
"r_ring_pip": [
-0.0720797206227763,
-0.2685360359803258,
0.25540978117436325
],
"r_ring_dip": [
0.061384303373102724,
0.021110585164196782,
0.24737757807849323
],
"r_ring_tip": [
0.05453070123516279,
0.2454815720032827,
0.17925598848430216
],
"r_pinky_mcp": [
-0.2894613196715543,
0.2061282354906903,
0.18619555736103566
],
"r_pinky_pip": [
-0.12533066760799008,
0.021153209607703262,
0.2821772457491749
],
"r_pinky_dip": [
-0.03783570213481082,
0.22471402427664702,
0.25326241531010646
],
"r_pinky_tip": [
-0.07177496861351441,
0.37314969262703523,
0.19834011795248968
],
"l_hand_velocity": null,
"r_hand_velocity": null,
"m_nose_point": null,
"m_top_nose": null,
"m_eyebrows": null,
"m_forehead": null,
"m_top_chin": null,
"m_bot_up_lip": null,
"m_top_low_lip": null,
"m_bot_nose": null,
"m_chin": null,
"m_nose": null,
"l_eye_exterior": null,
"l_temple": null,
"l_mid_chin": null,
"l_up_lip": null,
"l_ext_nostril": null,
"l_mid_cheek": null,
"l_mid_eyebrow": null,
"l_ext_eyebrow": null,
"l_ext_lips": null,
"l_jaw_angle": null,
"l_mid_ext_face": null,
"l_int_eyebrow": null,
"l_mid_jaw": null,
"l_mid_bot_eyelid": null,
"l_ext_mouth": null,
"l_top_eyelid": null,
"l_eye_int": null,
"l_pupil": null,
"r_eye_exterior": null,
"r_temple": null,
"r_mid_chin": null,
"r_up_lip": null,
"r_ext_nostril": null,
"r_mid_cheek": null,
"r_mid_eyebrow": null,
"r_ext_eyebrow": null,
"r_ext_lips": null,
"r_jaw_angle": null,
"r_mid_ext_face": null,
"r_int_eyebrow": null,
"r_mid_jaw": null,
"r_mid_bot_eyelid": null,
"r_ext_mouth": null,
"r_top_eyelid": null,
"r_eye_int": null,
"r_pupil": null,
"l_shoulder": null,
"l_elbow": null,
"l_hip": null,
"l_knee": null,
"l_ankle": null,
"l_body_wrist": null,
"r_shoulder": null,
"r_elbow": null,
"r_hip": null,
"r_knee": null,
"r_ankle": null,
"r_body_wrist": null,
"m_face_position": null,
"m_body_position": null,
"m_face_scale": null,
"m_body_scale": null,
"l_hand_scale": null,
"r_hand_scale": [
-0.1167637024513558,
0.1167637024513558,
-0.1167637024513558
]
}
],
"framerate": 30,
"mirrorable": true,
"invalid": false
}