{
"label": "s",
"gestures": [
{
"l_hand_position": [
0.22827762365341187,
-0.0833001434803009,
-0.5124837178736925
],
"l_wrist": [
0.17726023267680205,
0.9815461142156963,
0.07173587372739947
],
"l_thumb_cmc": [
-0.18223574457870023,
0.7895645180505505,
-0.04200727747193128
],
"l_thumb_mcp": [
-0.48012491017322856,
0.48763082233502436,
-0.12819558967120953
],
"l_thumb_ip": [
-0.5592093805362717,
0.1876883932064241,
-0.22617116778166643
],
"l_thumb_tip": [
-0.4056624663559802,
0.0755199884267149,
-0.3038872738958737
],
"l_index_mcp": [
-0.2358788599902502,
-0.007663644726219866,
0.013339485574837379
],
"l_index_pip": [
-0.2772527453091393,
-0.33368401071941234,
-0.16761892601141576
],
"l_index_dip": [
-0.2760628149534189,
-0.002670664071258438,
-0.27050311669371857
],
"l_index_tip": [
-0.2598720210603427,
0.2962284352175248,
-0.3095339198768564
],
"l_middle_mcp": [
0.0,
0.0,
0.0
],
"l_middle_pip": [
-0.06709542536853394,
-0.30087443848321027,
-0.19549267638025308
],
"l_middle_dip": [
-0.09598908545972358,
0.10913757612323488,
-0.2549504460743059
],
"l_middle_tip": [
-0.11506873157506393,
0.4326593966415274,
-0.24824625548385668
],
"l_ring_mcp": [
0.22807683533780382,
0.046575805961469784,
-0.040898461215912695
],
"l_ring_pip": [
0.15141949407684321,
-0.18513966788203856,
-0.2250356774247694
],
"l_ring_dip": [
0.06857136374009386,
0.21383226605071587,
-0.2093629305358325
],
"l_ring_tip": [
0.00399143881266828,
0.5179589753248199,
-0.14601789231392243
],
"l_pinky_mcp": [
0.4503622652482846,
0.1460052082009445,
-0.09391975538254631
],
"l_pinky_pip": [
0.35510207207323946,
-0.028948806546938332,
-0.21213596663791012
],
"l_pinky_dip": [
0.23165005165066363,
0.23003076674661407,
-0.19288064823379888
],
"l_pinky_tip": [
0.13965206247903847,
0.44891304379317437,
-0.14497959330372537
],
"r_hand_position": null,
"r_wrist": null,
"r_thumb_cmc": null,
"r_thumb_mcp": null,
"r_thumb_ip": null,
"r_thumb_tip": null,
"r_index_mcp": null,
"r_index_pip": null,
"r_index_dip": null,
"r_index_tip": null,
"r_middle_mcp": null,
"r_middle_pip": null,
"r_middle_dip": null,
"r_middle_tip": null,
"r_ring_mcp": null,
"r_ring_pip": null,
"r_ring_dip": null,
"r_ring_tip": null,
"r_pinky_mcp": null,
"r_pinky_pip": null,
"r_pinky_dip": null,
"r_pinky_tip": null,
"l_hand_velocity": null,
"r_hand_velocity": null,
"m_nose_point": [
0.0,
0.0,
0.0
],
"m_top_nose": [
0.03229145574514797,
-0.35380363555035554,
0.21285498655927765
],
"m_eyebrows": [
0.05796286945229767,
-0.6105313097919314,
0.29192594713809805
],
"m_forehead": [
0.09394320404392058,
-0.9556893584975645,
0.42463661501903815
],
"m_top_chin": [
-0.07413869008808738,
0.6315228872158913,
0.10966860507223174
],
"m_bot_up_lip": [
-0.03663889962248378,
0.35379979392100885,
0.09928011901328353
],
"m_top_low_lip": [
-0.043510476915324746,
0.4817803827807819,
0.10668014900970764
],
"m_bot_nose": [
-0.029500237622682578,
0.07142906085555643,
0.07808996593904595
],
"m_chin": [
-0.11751361236789326,
0.9846953979450052,
0.12870712557654485
],
"m_nose": [
0.027049278099495318,
-0.2904160195910721,
0.1565156971430449
],
"l_eye_exterior": [
-0.34943789819994026,
-0.3929126113753946,
0.39264509219844873
],
"l_temple": [
-0.5077669930290909,
-0.6394040812879882,
0.6841077042512386
],
"l_mid_chin": [
-0.28144837615278556,
0.7349119260843958,
0.1305335230619577
],
"l_up_lip": [
-0.1546669244533717,
0.2777825470823908,
0.09613286417100897
],
"l_ext_nostril": [
-0.1621412716841812,
-0.012101681246261159,
0.11910078839253002
],
"l_mid_cheek": [
-0.41135124316374927,
-0.04297520989301948,
0.28506287488106147
],
"l_mid_eyebrow": [
-0.2835003550281096,
-0.6624545891070424,
0.334765886801938
],
"l_ext_eyebrow": [
-0.3579765596945132,
-0.6376413222220506,
0.3669198327966317
],
"l_ext_lips": [
-0.31252605995911076,
0.39555062166081945,
0.19350095509473672
],
"l_jaw_angle": [
-0.5805426364380271,
0.4368391733359119,
0.6023872156448412
],
"l_mid_ext_face": [
-0.6075694135656345,
0.058742354340213854,
0.7550081752021638
],
"l_int_eyebrow": [
-0.06838173410997847,
-0.6663439644184683,
0.2922424999687848
],
"l_mid_jaw": [
-0.496798409505372,
0.6886834049389235,
0.3903897356361637
],
"l_mid_bot_eyelid": [
-0.2601317237122035,
-0.3413325176152545,
0.35072319761850373
],
"l_ext_mouth": [
-0.22395766124066901,
0.4783146843058765,
0.15572051416854238
],
"l_top_eyelid": [
-0.2524023654666662,
-0.472894145297699,
0.3553776459910854
],
"l_eye_int": [
-0.13611587927294375,
-0.3785230569184497,
0.37368897235693793
],
"l_pupil": [
-0.25115786049306993,
-0.3993640790589656,
0.37158648062907323
],
"r_eye_exterior": [
0.42020656467732787,
-0.22606031303642318,
0.46245159059238033
],
"r_temple": [
0.554909821959075,
-0.41071078867123706,
0.7483171544886172
],
"r_mid_chin": [
0.09353105209544013,
0.8061798214421221,
0.14823506508625783
],
"r_up_lip": [
0.0968710744102896,
0.31702332738096745,
0.10993249985482374
],
"r_ext_nostril": [
0.15825610387156355,
0.06048462471630248,
0.17914798186724037
],
"r_mid_cheek": [
0.3758470876763849,
0.1194968077844385,
0.3259087931081548
],
"r_mid_eyebrow": [
0.4422428823488563,
-0.44364672347297474,
0.4071352150236481
],
"r_ext_eyebrow": [
0.37898551591789864,
-0.49579464663750156,
0.36670503883912703
],
"r_ext_lips": [
0.15797822601548642,
0.556093958471509,
0.19425538364124437
],
"r_jaw_angle": [
0.413709088908962,
0.6462290102244765,
0.6642766190257575
],
"r_mid_ext_face": [
0.5030920959836326,
0.2969934378367952,
0.8227568179425445
],
"r_int_eyebrow": [
0.1860030950343098,
-0.5912929788279078,
0.3033794834872657
],
"r_mid_jaw": [
0.29317138250630176,
0.8454506030365491,
0.43706505199476064
],
"r_mid_bot_eyelid": [
0.28619973991571607,
-0.21946021088408155,
0.3813103648110443
],
"r_ext_mouth": [
0.20185695054390088,
0.49247785703346303,
0.22171360089801054
],
"r_top_eyelid": [
0.31644104613284796,
-0.34273343178368026,
0.3868577690550279
],
"r_eye_int": [
0.1864344551295237,
-0.30380739068943585,
0.39448315177294974
],
"r_pupil": [
0.3041597229809464,
-0.2793592615271102,
0.4021106382402757
],
"l_shoulder": [
0.4807328240229273,
0.06997721321323926,
0.11831796794168717
],
"l_elbow": [
0.9018160157914346,
0.9237932264338827,
-0.6294512114741743
],
"l_hip": [
0.3205807969796428,
1.9000795086367186,
0.26886022884620947
],
"l_knee": [
0.26533281107474066,
3.665031610336028,
-0.21751894454653975
],
"l_ankle": [
0.25155447099171446,
5.230546316500628,
0.9464607978418683
],
"l_body_wrist": [
0.9110871097677572,
-0.047035600082439365,
-2.040399571869517
],
"r_shoulder": [
-0.4807328240229273,
-0.06997721321323926,
-0.11831796794168717
],
"r_elbow": [
-0.8343425897622063,
0.898975438793597,
0.1946573500552758
],
"r_hip": [
-0.3949346965997924,
1.8860444162028878,
0.5267326335458693
],
"r_knee": [
-0.4358647107213118,
3.6295669577651966,
0.21869537478265266
],
"r_ankle": [
-0.3804449040350208,
5.160179005360844,
0.8711253287140169
],
"r_body_wrist": [
-0.9696845891473619,
1.7890871991446553,
-0.572092886892337
],
"m_face_position": [
-0.05613285303115845,
-0.1958552598953247,
-0.5445566847920418
],
"m_body_position": [
-0.09224759042263031,
0.15807124972343445,
-0.6544724963605404
],
"m_face_scale": [
0.16291232538638475,
0.16291232538638475,
0.16291232538638475
],
"m_body_scale": [
0.3958130043351414,
0.3958130043351414,
0.3958130043351414
],
"l_hand_scale": [
0.17401567659339975,
0.17401567659339975,
0.17401567659339975
],
"r_hand_scale": null
}
],
"framerate": 30,
"mirrorable": true,
"invalid": false
}