{
"label": "s",
"gestures": [
{
"l_hand_position": [
0.1176115870475769,
-0.04737544059753418,
-0.49166165199130774
],
"l_wrist": [
0.3624621919751772,
0.9291293038917762,
-0.0730745922885183
],
"l_thumb_cmc": [
0.024993213781615363,
0.8192214269017818,
-0.1849713548758025
],
"l_thumb_mcp": [
-0.1688373912685536,
0.35425091207534876,
-0.1996057609145128
],
"l_thumb_ip": [
-0.136694304759912,
-0.11175123619905895,
-0.20234744106570374
],
"l_thumb_tip": [
-0.013710539110095303,
-0.37407289996585075,
-0.20121234229162172
],
"l_index_mcp": [
-0.14957431365113152,
0.0706522654968735,
-0.0019373733363368595
],
"l_index_pip": [
-0.32160741805118326,
-0.2972449371244688,
-0.028922982265123902
],
"l_index_dip": [
-0.41156637706062105,
-0.5273882560242705,
-0.05243812199990505
],
"l_index_tip": [
-0.47101092454409316,
-0.777220886917974,
-0.0831980606541573
],
"l_middle_mcp": [
0.0,
0.0,
0.0
],
"l_middle_pip": [
-0.12283489702567858,
-0.401960172035316,
-0.12989926007205269
],
"l_middle_dip": [
-0.12265677702276245,
-0.20777933395888523,
-0.177106161880467
],
"l_middle_tip": [
-0.0746129544180217,
-0.02596216570363711,
-0.1481346626451573
],
"l_ring_mcp": [
0.15782163542838293,
-0.014997599776327962,
-0.02425256789155718
],
"l_ring_pip": [
0.03536126052027285,
-0.5058660317422964,
-0.19392061180384193
],
"l_ring_dip": [
-0.03735766712187237,
-0.7725398827944172,
-0.30013062971386795
],
"l_ring_tip": [
-0.057156671786191646,
-1.0176638252239345,
-0.3344527643850171
],
"l_pinky_mcp": [
0.33771448083687733,
0.011944748289397454,
-0.04815215431884939
],
"l_pinky_pip": [
0.1564520440863123,
-0.28638823565640364,
-0.16949156440243068
],
"l_pinky_dip": [
0.07301927662066948,
-0.1101899438567824,
-0.19342239161240077
],
"l_pinky_tip": [
0.05712950979161206,
0.09061293626354627,
-0.19677868534586807
],
"r_hand_position": null,
"r_wrist": null,
"r_thumb_cmc": null,
"r_thumb_mcp": null,
"r_thumb_ip": null,
"r_thumb_tip": null,
"r_index_mcp": null,
"r_index_pip": null,
"r_index_dip": null,
"r_index_tip": null,
"r_middle_mcp": null,
"r_middle_pip": null,
"r_middle_dip": null,
"r_middle_tip": null,
"r_ring_mcp": null,
"r_ring_pip": null,
"r_ring_dip": null,
"r_ring_tip": null,
"r_pinky_mcp": null,
"r_pinky_pip": null,
"r_pinky_dip": null,
"r_pinky_tip": null,
"l_hand_velocity": null,
"r_hand_velocity": null,
"m_nose_point": null,
"m_top_nose": null,
"m_eyebrows": null,
"m_forehead": null,
"m_top_chin": null,
"m_bot_up_lip": null,
"m_top_low_lip": null,
"m_bot_nose": null,
"m_chin": null,
"m_nose": null,
"l_eye_exterior": null,
"l_temple": null,
"l_mid_chin": null,
"l_up_lip": null,
"l_ext_nostril": null,
"l_mid_cheek": null,
"l_mid_eyebrow": null,
"l_ext_eyebrow": null,
"l_ext_lips": null,
"l_jaw_angle": null,
"l_mid_ext_face": null,
"l_int_eyebrow": null,
"l_mid_jaw": null,
"l_mid_bot_eyelid": null,
"l_ext_mouth": null,
"l_top_eyelid": null,
"l_eye_int": null,
"l_pupil": null,
"r_eye_exterior": null,
"r_temple": null,
"r_mid_chin": null,
"r_up_lip": null,
"r_ext_nostril": null,
"r_mid_cheek": null,
"r_mid_eyebrow": null,
"r_ext_eyebrow": null,
"r_ext_lips": null,
"r_jaw_angle": null,
"r_mid_ext_face": null,
"r_int_eyebrow": null,
"r_mid_jaw": null,
"r_mid_bot_eyelid": null,
"r_ext_mouth": null,
"r_top_eyelid": null,
"r_eye_int": null,
"r_pupil": null,
"l_shoulder": null,
"l_elbow": null,
"l_hip": null,
"l_knee": null,
"l_ankle": null,
"l_body_wrist": null,
"r_shoulder": null,
"r_elbow": null,
"r_hip": null,
"r_knee": null,
"r_ankle": null,
"r_body_wrist": null,
"m_face_position": null,
"m_body_position": null,
"m_face_scale": null,
"m_body_scale": null,
"l_hand_scale": [
0.11410949660706508,
0.11410949660706508,
0.11410949660706508
],
"r_hand_scale": null
}
],
"framerate": 30,
"mirrorable": true,
"invalid": false
}