{
"label": "s",
"gestures": [
{
"l_hand_position": [
0.23332929611206055,
-0.08537694811820984,
-0.5151351867243648
],
"l_wrist": [
0.1478627171462592,
0.9850874453889882,
0.0879735290591591
],
"l_thumb_cmc": [
-0.20093577797782947,
0.7324613527265672,
-0.05524336228547527
],
"l_thumb_mcp": [
-0.4991931864227209,
0.36302387289300075,
-0.1539943061068118
],
"l_thumb_ip": [
-0.6035612441353991,
-0.014389256227323744,
-0.25503286804670183
],
"l_thumb_tip": [
-0.46884414320278783,
-0.2616927636522199,
-0.32849262131516077
],
"l_index_mcp": [
-0.23219845226505972,
-0.027996365266773626,
0.0022462912107999783
],
"l_index_pip": [
-0.2724068808782715,
-0.32181744872068796,
-0.1755085507646246
],
"l_index_dip": [
-0.27974018204262946,
0.018277991570267816,
-0.26672332670151466
],
"l_index_tip": [
-0.2818009623188083,
0.3318568232453511,
-0.2993182280496409
],
"l_middle_mcp": [
0.0,
0.0,
0.0
],
"l_middle_pip": [
-0.07052906161413898,
-0.29792341513853027,
-0.2080792644491613
],
"l_middle_dip": [
-0.1089220079396612,
0.11948749121506029,
-0.26715038946007635
],
"l_middle_tip": [
-0.13597546575491823,
0.4532720517597824,
-0.2589023312136435
],
"l_ring_mcp": [
0.22305278700778117,
0.0602949731494603,
-0.030384962008634237
],
"l_ring_pip": [
0.14490043211577347,
-0.1892305945143856,
-0.23259903743574842
],
"l_ring_dip": [
0.05993274285713599,
0.2129427334016889,
-0.20729776688519763
],
"l_ring_tip": [
-0.004050535004843116,
0.5210030532679328,
-0.13438211694978705
],
"l_pinky_mcp": [
0.43647866736561186,
0.1685997517579156,
-0.07364717518008254
],
"l_pinky_pip": [
0.3389124318422314,
-0.03398364568920917,
-0.21134747903308784
],
"l_pinky_dip": [
0.2229228622257423,
0.2254889632875309,
-0.18831350419976664
],
"l_pinky_tip": [
0.14005822210570698,
0.4512263427583201,
-0.13388140849393967
],
"r_hand_position": null,
"r_wrist": null,
"r_thumb_cmc": null,
"r_thumb_mcp": null,
"r_thumb_ip": null,
"r_thumb_tip": null,
"r_index_mcp": null,
"r_index_pip": null,
"r_index_dip": null,
"r_index_tip": null,
"r_middle_mcp": null,
"r_middle_pip": null,
"r_middle_dip": null,
"r_middle_tip": null,
"r_ring_mcp": null,
"r_ring_pip": null,
"r_ring_dip": null,
"r_ring_tip": null,
"r_pinky_mcp": null,
"r_pinky_pip": null,
"r_pinky_dip": null,
"r_pinky_tip": null,
"l_hand_velocity": null,
"r_hand_velocity": null,
"m_nose_point": [
0.0,
0.0,
0.0
],
"m_top_nose": [
0.027233013879369567,
-0.31727348555499474,
0.2234846761513511
],
"m_eyebrows": [
0.04971750199622338,
-0.5474921964956718,
0.31105217226533255
],
"m_forehead": [
0.07810283165298593,
-0.8310853401390644,
0.4530146581761108
],
"m_top_chin": [
-0.08310765213958701,
0.6373535361315863,
0.09597317649639076
],
"m_bot_up_lip": [
-0.03339896888655797,
0.3692576801378868,
0.08808007982078288
],
"m_top_low_lip": [
-0.04066175507854166,
0.48445453407585665,
0.09403254775314177
],
"m_bot_nose": [
-0.03142816350644087,
0.07332987062286919,
0.07526813392198012
],
"m_chin": [
-0.12341298301402434,
0.9866428258202528,
0.10632577242139654
],
"m_nose": [
0.023491478355356823,
-0.2622898159431299,
0.16509166089990115
],
"l_eye_exterior": [
-0.3604800910784597,
-0.37289302329593443,
0.39195647060400607
],
"l_temple": [
-0.5400317234770818,
-0.5475004640674166,
0.6853559763003283
],
"l_mid_chin": [
-0.29751904149014524,
0.7334796741879923,
0.10778812213921533
],
"l_up_lip": [
-0.1537997999282676,
0.29017725405704564,
0.08093941255311135
],
"l_ext_nostril": [
-0.16677161999568327,
0.0003797571288060076,
0.11501667828762831
],
"l_mid_cheek": [
-0.4170379982124215,
-0.01146197774301906,
0.27330074978778085
],
"l_mid_eyebrow": [
-0.29074918629796154,
-0.6446161385997534,
0.3414799194010813
],
"l_ext_eyebrow": [
-0.3674017021431126,
-0.6165740050323038,
0.37031046353766456
],
"l_ext_lips": [
-0.3339042572908846,
0.400118320775009,
0.17310882856537205
],
"l_jaw_angle": [
-0.6119044805109038,
0.46109809272566304,
0.5745383862190886
],
"l_mid_ext_face": [
-0.6383160652064845,
0.10694048934609118,
0.7377920855409758
],
"l_int_eyebrow": [
-0.07256833540327515,
-0.6463444285420263,
0.3079068894224513
],
"l_mid_jaw": [
-0.5279186285282145,
0.6984766126591483,
0.3603001450828889
],
"l_mid_bot_eyelid": [
-0.2631174917366814,
-0.32542411709044966,
0.35199477216294583
],
"l_ext_mouth": [
-0.2369046962106064,
0.48705734938490103,
0.13601997351272857
],
"l_top_eyelid": [
-0.2698796305285701,
-0.4618159935388268,
0.35855138715917856
],
"l_eye_int": [
-0.15244575540030422,
-0.37497185828018215,
0.3788786993081345
],
"l_pupil": [
-0.27540751272088515,
-0.394060670957676,
0.37361419668958046
],
"r_eye_exterior": [
0.4054398811213399,
-0.19687678829915747,
0.4820314236248739
],
"r_temple": [
0.5371801461204306,
-0.33874528799503256,
0.7802159357440354
],
"r_mid_chin": [
0.0891745800096557,
0.7977076832152261,
0.13755358510589114
],
"r_up_lip": [
0.09513752019955787,
0.33723829338979244,
0.10586308695489591
],
"r_ext_nostril": [
0.15176432376472537,
0.07780207576529583,
0.18396029780736928
],
"r_mid_cheek": [
0.36528667356700484,
0.14130676412677765,
0.339828259514417
],
"r_mid_eyebrow": [
0.43837788695217733,
-0.3981843520201099,
0.4321479616086144
],
"r_ext_eyebrow": [
0.37804519028340755,
-0.4542672412263852,
0.3898117017350945
],
"r_ext_lips": [
0.1487631952214036,
0.5634552240203157,
0.19004966294853398
],
"r_jaw_angle": [
0.3918667330023606,
0.6490898135327124,
0.6662865924164345
],
"r_mid_ext_face": [
0.47935344230938404,
0.3202115049673321,
0.8348886987273458
],
"r_int_eyebrow": [
0.1882858626373438,
-0.5575887388341015,
0.3240305662005591
],
"r_mid_jaw": [
0.2816012100243724,
0.8365296279948499,
0.4303249735216492
],
"r_mid_bot_eyelid": [
0.26890975250100996,
-0.1990331547339887,
0.3980354323840587
],
"r_ext_mouth": [
0.19036837209792243,
0.5011373915137379,
0.22038604767513464
],
"r_top_eyelid": [
0.30392806310662746,
-0.31883127979551057,
0.405997161387886
],
"r_eye_int": [
0.17356131736005423,
-0.27417564453092663,
0.4092473160818009
],
"r_pupil": [
0.28267121753195157,
-0.25332960541005345,
0.41932165080390527
],
"l_shoulder": [
0.4504095344733966,
0.07878854519757872,
0.20229586352940399
],
"l_elbow": [
0.7785803295808794,
0.8918987007333433,
-0.31660745338841706
],
"l_hip": [
0.2858608770459934,
1.936663351104613,
0.3503910620317117
],
"l_knee": [
0.26185811585666285,
3.672658814597595,
0.24093089054086625
],
"l_ankle": [
0.25229604262373667,
5.219472488918026,
1.6020727539253725
],
"l_body_wrist": [
0.8472392791375688,
0.06821436248533803,
-1.605934663625777
],
"r_shoulder": [
-0.4504095344733966,
-0.07878854519757872,
-0.20229586352940399
],
"r_elbow": [
-0.8459642064685193,
0.8257900054999804,
-0.0038614828415966967
],
"r_hip": [
-0.39961733248456843,
1.9193620188969833,
0.4635348978833975
],
"r_knee": [
-0.40121919735825445,
3.63490516928507,
0.43184046566484297
],
"r_ankle": [
-0.37393670738958035,
5.16775827190461,
1.3922778621089655
],
"r_body_wrist": [
-0.8112613301365804,
1.662816315297628,
-2.1674139133811923
],
"m_face_position": [
-0.04931157827377319,
-0.20175209641456604,
-0.5444021224975586
],
"m_body_position": [
-0.065781369805336,
0.1985587179660797,
-0.6642279662191868
],
"m_face_scale": [
0.16221262407646395,
0.16221262407646395,
0.16221262407646395
],
"m_body_scale": [
0.410179293194428,
0.410179293194428,
0.410179293194428
],
"l_hand_scale": [
0.17203601530067048,
0.17203601530067048,
0.17203601530067048
],
"r_hand_scale": null
}
],
"framerate": 30,
"mirrorable": true,
"invalid": false
}