{
"label": "s",
"gestures": [
{
"l_hand_position": [
0.09067320823669434,
-0.06191611289978027,
-0.49167803954333067
],
"l_wrist": [
0.14351729264920612,
0.9885231192523072,
-0.04716809742114831
],
"l_thumb_cmc": [
-0.13350093092844573,
0.7908182927167076,
-0.038012697724310145
],
"l_thumb_mcp": [
-0.3011833591782925,
0.4612140856529227,
-0.040449004095118174
],
"l_thumb_ip": [
-0.3704341147263644,
0.21282716469591664,
-0.06800059071267686
],
"l_thumb_tip": [
-0.44395983764741603,
0.017138717476738674,
-0.0891978893839075
],
"l_index_mcp": [
-0.1254617627307237,
0.03154760395062872,
0.04908643983623337
],
"l_index_pip": [
-0.3232679318354181,
-0.06966406432569662,
-0.07227287804974736
],
"l_index_dip": [
-0.3131772522306549,
0.22274539302893695,
-0.1679785860732497
],
"l_index_tip": [
-0.2514410481809579,
0.46920798750311576,
-0.21063451792663462
],
"l_middle_mcp": [
0.0,
0.0,
0.0
],
"l_middle_pip": [
-0.2524375834437228,
-0.026839059286205304,
-0.13726638270052527
],
"l_middle_dip": [
-0.2133075284734257,
0.32976247037585443,
-0.20078569869692658
],
"l_middle_tip": [
-0.14462192665233878,
0.5970023183658367,
-0.20472466267076922
],
"l_ring_mcp": [
0.13534300102602445,
0.002554508358314731,
-0.06480340815984317
],
"l_ring_pip": [
-0.14116546942908087,
0.022822515464417135,
-0.18820528552592838
],
"l_ring_dip": [
-0.09653082391412116,
0.3854375442722769,
-0.1906328306468991
],
"l_ring_tip": [
-0.02945183962174951,
0.6446593370997652,
-0.1537139966386259
],
"l_pinky_mcp": [
0.27305708036030213,
0.050037724586245745,
-0.1344678498810445
],
"l_pinky_pip": [
0.008979627238921208,
0.08556538903378853,
-0.22481097099569883
],
"l_pinky_dip": [
0.0047455347021429966,
0.362170979450943,
-0.22100052206728948
],
"l_pinky_tip": [
0.04915519971371239,
0.568423038263993,
-0.18525312370561053
],
"r_hand_position": null,
"r_wrist": null,
"r_thumb_cmc": null,
"r_thumb_mcp": null,
"r_thumb_ip": null,
"r_thumb_tip": null,
"r_index_mcp": null,
"r_index_pip": null,
"r_index_dip": null,
"r_index_tip": null,
"r_middle_mcp": null,
"r_middle_pip": null,
"r_middle_dip": null,
"r_middle_tip": null,
"r_ring_mcp": null,
"r_ring_pip": null,
"r_ring_dip": null,
"r_ring_tip": null,
"r_pinky_mcp": null,
"r_pinky_pip": null,
"r_pinky_dip": null,
"r_pinky_tip": null,
"l_hand_velocity": null,
"r_hand_velocity": null,
"m_nose_point": [
0.0,
0.0,
0.0
],
"m_top_nose": [
0.017018896493581008,
-0.29279167017691266,
0.16216194346999052
],
"m_eyebrows": [
0.008375075940789324,
-0.5387109976436737,
0.21147001929247042
],
"m_forehead": [
0.011100360572765733,
-0.8475238584899653,
0.29730264479522345
],
"m_top_chin": [
0.07125265332130355,
0.6287094424378032,
0.13976342492236826
],
"m_bot_up_lip": [
0.013648077729975528,
0.3669455800050576,
0.08794113241739883
],
"m_top_low_lip": [
0.011916851836711826,
0.37151218692350985,
0.09474669366566867
],
"m_bot_nose": [
-0.00223520751933428,
0.07803372496036896,
0.07202750227710275
],
"m_chin": [
0.10563783120133376,
0.9796949204554299,
0.17040689966344505
],
"m_nose": [
0.01276502715584734,
-0.23654016330216307,
0.11894801215928469
],
"l_eye_exterior": [
-0.2891090256039609,
-0.23177706965296777,
0.35943766987151865
],
"l_temple": [
-0.39436915551429563,
-0.49407636982413033,
0.6075964218002111
],
"l_mid_chin": [
-0.08142665417975412,
0.7451654409721581,
0.17886182326984718
],
"l_up_lip": [
-0.06442006659969994,
0.26325506451223624,
0.09850910398727397
],
"l_ext_nostril": [
-0.09973046447982986,
0.030016425349379497,
0.12425732809266056
],
"l_mid_cheek": [
-0.2922972621502518,
0.058536405933877336,
0.2872833815111613
],
"l_mid_eyebrow": [
-0.28354835994679595,
-0.4933597175254574,
0.2925206888757625
],
"l_ext_eyebrow": [
-0.3335478505212905,
-0.46074611142191774,
0.3360882236450245
],
"l_ext_lips": [
-0.12023004818738542,
0.4587440894310639,
0.19851585834337315
],
"l_jaw_angle": [
-0.30473655898332447,
0.5326376885324008,
0.5859449574279589
],
"l_mid_ext_face": [
-0.356853182684433,
0.17508494926252646,
0.7034024798291376
],
"l_int_eyebrow": [
-0.11597754650671029,
-0.5498491967283923,
0.22603311168310788
],
"l_mid_jaw": [
-0.24531983778943603,
0.7528243204999606,
0.40514397096784666
],
"l_mid_bot_eyelid": [
-0.21104110921712854,
-0.20029064090850499,
0.30932476348615945
],
"l_ext_mouth": [
-0.07138941902715716,
0.41382567277187426,
0.15261657335671117
],
"l_top_eyelid": [
-0.21924796333971794,
-0.3206043441193042,
0.3140107056061829
],
"l_eye_int": [
-0.11295981120705023,
-0.2703728077305447,
0.31187089216668146
],
"l_pupil": [
-0.23413946927874593,
-0.2515408538630309,
0.32592868291068244
],
"r_eye_exterior": [
0.4298815107534027,
-0.2676935675528723,
0.29283777874014133
],
"r_temple": [
0.6626125212046995,
-0.45413896017212946,
0.5114510708493462
],
"r_mid_chin": [
0.24671963478884779,
0.7696346492921149,
0.14215840612828048
],
"r_up_lip": [
0.11613186381148179,
0.2879877747588044,
0.07092029840965157
],
"r_ext_nostril": [
0.1668609994267054,
0.0719052536810684,
0.125365913863598
],
"r_mid_cheek": [
0.40273123871302885,
0.11960320536888967,
0.20500663586774695
],
"r_mid_eyebrow": [
0.4058390114357092,
-0.4972593636850302,
0.2471454462661664
],
"r_ext_eyebrow": [
0.3270065747531551,
-0.5467927111454071,
0.22456098646070005
],
"r_ext_lips": [
0.25944386017578214,
0.5502608615030117,
0.12868618630174838
],
"r_jaw_angle": [
0.6098510472004911,
0.5835382371656276,
0.5019211794797553
],
"r_mid_ext_face": [
0.6912508041247607,
0.23810727034840243,
0.6056784822256018
],
"r_int_eyebrow": [
0.12036248297922034,
-0.606011805894337,
0.20381514123004615
],
"r_mid_jaw": [
0.48183424355033,
0.788043769185698,
0.3440271380787762
],
"r_mid_bot_eyelid": [
0.2848471782667191,
-0.24661569285239904,
0.24810933285182862
],
"r_ext_mouth": [
0.28249002132633205,
0.49345704911945654,
0.13957899779266741
],
"r_top_eyelid": [
0.2910205542861083,
-0.36086315318006107,
0.24730254696674844
],
"r_eye_int": [
0.18128795785151727,
-0.2981392092757891,
0.27194578430499355
],
"r_pupil": [
0.2924162483143445,
-0.3055699180176592,
0.2638232690343473
],
"l_shoulder": [
0.4657583845523665,
-0.011391546488690537,
0.18149203808367437
],
"l_elbow": [
0.610499236664263,
0.8055092549607562,
-0.9802544816982766
],
"l_hip": [
0.3316705979502928,
1.6565454398942199,
0.022157661506960625
],
"l_knee": [
0.39387152404751385,
3.216985633899042,
-0.3074623371307396
],
"l_ankle": [
0.3768531684854835,
4.5709424857383425,
0.4267715242608288
],
"l_body_wrist": [
0.4625274681559244,
0.1441777097870519,
-2.544989478904337
],
"r_shoulder": [
-0.4657583845523665,
0.011391546488690537,
-0.18149203808367437
],
"r_elbow": [
-0.7244893092132648,
0.7829906606979057,
-0.9379897735254218
],
"r_hip": [
-0.3512368300184773,
1.6642509703464106,
-0.037870678023306334
],
"r_knee": [
-0.3030740702633667,
3.165823092426639,
-0.30881663301796825
],
"r_ankle": [
-0.21120832846124574,
4.5163134919771695,
0.08723540820996292
],
"r_body_wrist": [
-0.40993495832455623,
0.7658015096696487,
-2.258473766438599
],
"m_face_position": [
-0.07868415117263794,
-0.14976757764816284,
-0.528857184574008
],
"m_body_position": [
-0.03373748064041138,
0.15157803893089294,
-0.49419062212109566
],
"m_face_scale": [
0.13074471645513236,
0.13074471645513236,
0.13074471645513236
],
"m_body_scale": [
0.4198260600760957,
0.4198260600760957,
0.4198260600760957
],
"l_hand_scale": [
0.17644503777973986,
0.17644503777973986,
0.17644503777973986
],
"r_hand_scale": null
}
],
"framerate": 30,
"mirrorable": true,
"invalid": false
}