{
"label": "f",
"gestures": [
{
"l_hand_position": null,
"l_wrist": null,
"l_thumb_cmc": null,
"l_thumb_mcp": null,
"l_thumb_ip": null,
"l_thumb_tip": null,
"l_index_mcp": null,
"l_index_pip": null,
"l_index_dip": null,
"l_index_tip": null,
"l_middle_mcp": null,
"l_middle_pip": null,
"l_middle_dip": null,
"l_middle_tip": null,
"l_ring_mcp": null,
"l_ring_pip": null,
"l_ring_dip": null,
"l_ring_tip": null,
"l_pinky_mcp": null,
"l_pinky_pip": null,
"l_pinky_dip": null,
"l_pinky_tip": null,
"r_hand_position": [
-0.18267545104026794,
0.0020186901092529297,
-0.4842974506318569
],
"r_wrist": [
-0.08897676919463601,
0.9924885654573617,
-0.08396178880938894
],
"r_thumb_cmc": [
0.16493897260248222,
0.6960667663977131,
-0.14493689518552258
],
"r_thumb_mcp": [
0.24465707238507098,
0.26085958449867674,
-0.14717498629092843
],
"r_thumb_ip": [
0.18543983394244168,
-0.0922305301594412,
-0.16298572302732076
],
"r_thumb_tip": [
0.13141764924908503,
-0.3546032139019628,
-0.1726382892629936
],
"r_index_mcp": [
0.16091997703325964,
0.06580539525558728,
0.030261566563520973
],
"r_index_pip": [
0.2197408934306607,
-0.20014661677719242,
-0.009069781002624417
],
"r_index_dip": [
0.2769824178737967,
-0.28366236459349026,
-0.05444764176730435
],
"r_index_tip": [
0.30918872332722463,
-0.3152922740527121,
-0.08171710425083556
],
"r_middle_mcp": [
0.0,
0.0,
0.0
],
"r_middle_pip": [
0.05362442843083566,
-0.4401828004025193,
-0.01570499309057939
],
"r_middle_dip": [
0.08283831918169178,
-0.7424531782245009,
-0.05220213306933762
],
"r_middle_tip": [
0.10708886195479188,
-1.0036282905275813,
-0.0763759084903574
],
"r_ring_mcp": [
-0.16417708450508123,
0.02555456500715833,
-0.060159130770111986
],
"r_ring_pip": [
-0.15177540757472402,
-0.4057168059256347,
-0.11197281753952855
],
"r_ring_dip": [
-0.14070229392987865,
-0.6690126475322525,
-0.16493122882508565
],
"r_ring_tip": [
-0.11987602462194329,
-0.8993249972702522,
-0.195820967623065
],
"r_pinky_mcp": [
-0.3434314579788721,
0.12524924003047014,
-0.1299997710776518
],
"r_pinky_pip": [
-0.388217044270742,
-0.17271912334318743,
-0.18256862056094902
],
"r_pinky_dip": [
-0.3986569509808409,
-0.3733997470257115,
-0.21031391264340454
],
"r_pinky_tip": [
-0.380511552507998,
-0.5670069703778993,
-0.22936147363275267
],
"l_hand_velocity": null,
"r_hand_velocity": null,
"m_nose_point": [
0.0,
0.0,
0.0
],
"m_top_nose": [
-0.0226073781757781,
-0.27408788158916264,
0.19756057901621332
],
"m_eyebrows": [
-0.05631709752832465,
-0.4983801248790436,
0.2808933135153215
],
"m_forehead": [
-0.08449365478022729,
-0.7678298445112827,
0.4097823113337043
],
"m_top_chin": [
0.09592578994934844,
0.6355896135789967,
0.09101024575091277
],
"m_bot_up_lip": [
0.06358081020989304,
0.29568917111853316,
0.092333828918001
],
"m_top_low_lip": [
0.060594004881782924,
0.3049303459358269,
0.1143178801755026
],
"m_bot_nose": [
-0.0053092493374149695,
0.08524849247719773,
0.07268575515682597
],
"m_chin": [
0.14230090042662982,
0.9852747400349405,
0.09478470544792973
],
"m_nose": [
-0.019228291572553714,
-0.22090317607899326,
0.1461447565363057
],
"l_eye_exterior": [
-0.33750032328717033,
-0.2438095385452069,
0.43371721881356795
],
"l_temple": [
-0.522632133621949,
-0.330928744050079,
0.753932499249325
],
"l_mid_chin": [
-0.07862766111098532,
0.7986868458299783,
0.15626426550979508
],
"l_up_lip": [
-0.08910165794442913,
0.23100875830782203,
0.12460543220627958
],
"l_ext_nostril": [
-0.15875024367414836,
0.06337967926850424,
0.13802849519510665
],
"l_mid_cheek": [
-0.3661312151574852,
0.14718488908969526,
0.3330908067457508
],
"l_mid_eyebrow": [
-0.39459091790940115,
-0.3979491754183717,
0.37262716688243214
],
"l_ext_eyebrow": [
-0.4505940602357953,
-0.35962624562805984,
0.4161718936476309
],
"l_ext_lips": [
-0.22019954323873023,
0.47047174221565935,
0.2554532533162489
],
"l_jaw_angle": [
-0.4071502108352804,
0.6416185515168287,
0.6455585591192174
],
"l_mid_ext_face": [
-0.4936265350247966,
0.3028274752951148,
0.7986703018879276
],
"l_int_eyebrow": [
-0.21029747861834017,
-0.49609933905824644,
0.2987730500607163
],
"l_mid_jaw": [
-0.273815367606008,
0.8487775629645229,
0.43078251334230894
],
"l_mid_bot_eyelid": [
-0.23914143476529343,
-0.2578374995857148,
0.3815123079304323
],
"l_ext_mouth": [
-0.08608057139869288,
0.43610959487955714,
0.2162056729004194
],
"l_top_eyelid": [
-0.28509779366017957,
-0.3378535500105586,
0.39394765689701455
],
"l_eye_int": [
-0.1524997796401373,
-0.3261356657046424,
0.38675482551470713
],
"l_pupil": [
-0.23264188947916334,
-0.3289677716139713,
0.4011750135878963
],
"r_eye_exterior": [
0.4407158622859045,
-0.4324245809544792,
0.3356275761682602
],
"r_temple": [
0.5000844221224189,
-0.5680458512175759,
0.5267418657970468
],
"r_mid_chin": [
0.3286518636844545,
0.7111751420802601,
0.10574726387497894
],
"r_up_lip": [
0.20013418244084968,
0.17381662185110364,
0.07928377757998176
],
"r_ext_nostril": [
0.20610475552082458,
0.006371750114093396,
0.12466865176188602
],
"r_mid_cheek": [
0.45073942995610866,
-0.030980674065827895,
0.2149109060258373
],
"r_mid_eyebrow": [
0.43105897346246086,
-0.5879536919901617,
0.2987553127851408
],
"r_ext_eyebrow": [
0.3517157461759629,
-0.6102284555670735,
0.2811305699170568
],
"r_ext_lips": [
0.36329976015735177,
0.43911310687701666,
0.15773382862456742
],
"r_jaw_angle": [
0.6410774290056921,
0.3876776113447075,
0.4366995898227842
],
"r_mid_ext_face": [
0.6359213602989356,
0.030078947860421413,
0.5649118048052155
],
"r_int_eyebrow": [
0.11997037562864256,
-0.6094263184685682,
0.26830361431562016
],
"r_mid_jaw": [
0.5585499539351361,
0.6366597082962885,
0.27599653889376347
],
"r_mid_bot_eyelid": [
0.2976277956722644,
-0.38782341500448453,
0.2916350577781242
],
"r_ext_mouth": [
0.395992759346632,
0.35315534034652885,
0.17239725332772496
],
"r_top_eyelid": [
0.3152396627428262,
-0.47384714033344294,
0.29735479350721317
],
"r_eye_int": [
0.18123915637635765,
-0.41184847340791564,
0.32434866909192644
],
"r_pupil": [
0.32440229451720437,
-0.4331891822893812,
0.3103434627520423
],
"l_shoulder": [
0.4486915760616857,
-0.009371846376540448,
-0.22042694496539
],
"l_elbow": [
0.7557193804016344,
0.7530977499514322,
-1.006626835004261
],
"l_hip": [
0.3681572031653687,
1.6752898947652188,
0.002479260837416482
],
"l_knee": [
0.35307478669449704,
3.0984366563677237,
-0.26868450328914417
],
"l_ankle": [
0.3705022100675874,
4.392081083075805,
0.9274402633208896
],
"l_body_wrist": [
0.4813330148736216,
0.9745190970481136,
-2.1902504688324558
],
"r_shoulder": [
-0.4486915760616857,
0.009371846376540448,
0.22042694496539
],
"r_elbow": [
-0.8188552439382816,
0.8566654384963306,
-0.9788966528950993
],
"r_hip": [
-0.3021471048895683,
1.6836431427536207,
0.520370759203221
],
"r_knee": [
-0.27713728741912047,
3.1107664028209205,
0.2869540822656358
],
"r_ankle": [
-0.18478180297558042,
4.370130207397594,
0.8504072480884203
],
"r_body_wrist": [
-0.657346844314013,
-0.0016577134610835458,
-3.0453489565990686
],
"m_face_position": [
0.05352073907852173,
-0.13147491216659546,
-0.534748487174511
],
"m_body_position": [
0.08656367659568787,
0.21527358889579773,
-0.6089457115158439
],
"m_face_scale": [
0.1373570504002693,
0.1373570504002693,
0.1373570504002693
],
"m_body_scale": [
0.42620372786457406,
0.42620372786457406,
0.42620372786457406
],
"l_hand_scale": null,
"r_hand_scale": [
0.1870155260616685,
0.1870155260616685,
0.1870155260616685
]
}
],
"framerate": 30,
"mirrorable": true,
"invalid": false
}