{
"label": "f",
"gestures": [
{
"l_hand_position": null,
"l_wrist": null,
"l_thumb_cmc": null,
"l_thumb_mcp": null,
"l_thumb_ip": null,
"l_thumb_tip": null,
"l_index_mcp": null,
"l_index_pip": null,
"l_index_dip": null,
"l_index_tip": null,
"l_middle_mcp": null,
"l_middle_pip": null,
"l_middle_dip": null,
"l_middle_tip": null,
"l_ring_mcp": null,
"l_ring_pip": null,
"l_ring_dip": null,
"l_ring_tip": null,
"l_pinky_mcp": null,
"l_pinky_pip": null,
"l_pinky_dip": null,
"l_pinky_tip": null,
"r_hand_position": [
-0.20220929384231567,
0.05579185485839844,
-0.501740294857882
],
"r_wrist": [
-0.03148905057062911,
0.9994798981665386,
0.006955059680979601
],
"r_thumb_cmc": [
0.16912242259338,
0.7116511139573023,
-0.05250299881997844
],
"r_thumb_mcp": [
0.23808396728732684,
0.3210873374703795,
-0.07522571008779073
],
"r_thumb_ip": [
0.19942831174187264,
0.0319672687943912,
-0.10963925532421816
],
"r_thumb_tip": [
0.14539524913417626,
-0.1803030360604352,
-0.13875250144547793
],
"r_index_mcp": [
0.13410698893547737,
0.056013452866507975,
0.035384884605148756
],
"r_index_pip": [
0.21660499105537112,
-0.16872720190496707,
-0.07637648222783974
],
"r_index_dip": [
0.3161379693796306,
-0.13484205892932286,
-0.16911691755038966
],
"r_index_tip": [
0.3873122259844209,
-0.04693516577906424,
-0.2178082492567555
],
"r_middle_mcp": [
0.0,
0.0,
0.0
],
"r_middle_pip": [
0.04789243577428919,
-0.39249772623097656,
-0.06863081464223851
],
"r_middle_dip": [
0.10651608372666992,
-0.6218820752434999,
-0.12380015905629267
],
"r_middle_tip": [
0.16228352094320467,
-0.8188140306997779,
-0.1589388684652286
],
"r_ring_mcp": [
-0.1456666284499018,
0.03845322253240748,
-0.06190495545659133
],
"r_ring_pip": [
-0.1621314580269337,
-0.36120420213530197,
-0.1417607155584734
],
"r_ring_dip": [
-0.13974141415802488,
-0.6023711051330871,
-0.1877668924250177
],
"r_ring_tip": [
-0.09795411990073823,
-0.8069582435950904,
-0.21062376766070476
],
"r_pinky_mcp": [
-0.3036091520456844,
0.16468759159049867,
-0.13370206569600943
],
"r_pinky_pip": [
-0.3607911792495652,
-0.11014713658951288,
-0.1919971470064789
],
"r_pinky_dip": [
-0.3607983834832648,
-0.31098331039800386,
-0.20941802602674534
],
"r_pinky_tip": [
-0.331414219474471,
-0.5026240241279699,
-0.21874844640889482
],
"l_hand_velocity": null,
"r_hand_velocity": null,
"m_nose_point": [
0.0,
0.0,
0.0
],
"m_top_nose": [
-0.014467619147782851,
-0.38142026750924785,
0.22565626904275907
],
"m_eyebrows": [
-0.02776315742919379,
-0.6605907060312897,
0.30893770710992297
],
"m_forehead": [
-0.046768943619763026,
-1.0353753986316119,
0.44896416216973273
],
"m_top_chin": [
0.03798192366073249,
0.6086875126270297,
0.09716426646635956
],
"m_bot_up_lip": [
0.01680030395649855,
0.3953415372527753,
0.10941541960512294
],
"m_top_low_lip": [
0.01665014753379729,
0.4064751099703889,
0.10732363064970583
],
"m_bot_nose": [
-0.014910437133201206,
0.08129272660927214,
0.08460807820616127
],
"m_chin": [
0.06133411662178491,
0.9913931956274271,
0.11566182517089704
],
"m_nose": [
-0.012149280494102304,
-0.3124587784604405,
0.16585169165030525
],
"l_eye_exterior": [
-0.40665826254967097,
-0.29515253343636894,
0.44469885600693265
],
"l_temple": [
-0.6054244796642845,
-0.5125018033731825,
0.7697770205292835
],
"l_mid_chin": [
-0.14780556609616297,
0.7953166434793207,
0.13268126664555754
],
"l_up_lip": [
-0.12008544713207464,
0.31526919023182676,
0.11409286390304225
],
"l_ext_nostril": [
-0.1653394367801256,
0.03431241630532455,
0.13838236888088093
],
"l_mid_cheek": [
-0.41945407643069077,
0.07268407717784534,
0.3324857344271499
],
"l_mid_eyebrow": [
-0.3898328528218609,
-0.5873641050905317,
0.3762193977673064
],
"l_ext_eyebrow": [
-0.4636060422694582,
-0.5407467525089734,
0.41659122647386876
],
"l_ext_lips": [
-0.25258270939539484,
0.4701438242215608,
0.2243323206758197
],
"l_jaw_angle": [
-0.48871109627322223,
0.6104922589304518,
0.6833638224219128
],
"l_mid_ext_face": [
-0.5800645423060625,
0.23838981911653517,
0.8522811902678054
],
"l_int_eyebrow": [
-0.1691588614556509,
-0.665078661531453,
0.3165202478024605
],
"l_mid_jaw": [
-0.3583927758571577,
0.823558006076353,
0.4408084925835408
],
"l_mid_bot_eyelid": [
-0.30723390879663814,
-0.27982916614073927,
0.3935046988994178
],
"l_ext_mouth": [
-0.16869906718677427,
0.5173821262135573,
0.17779491802075945
],
"l_top_eyelid": [
-0.32188133308752825,
-0.40821458126840104,
0.3990142650211104
],
"l_eye_int": [
-0.18917174772968778,
-0.36391819746894644,
0.41132299705086384
],
"l_pupil": [
-0.3143113452806464,
-0.34222920208163593,
0.4157544570936205
],
"r_eye_exterior": [
0.4214608644175246,
-0.4115024808998739,
0.4672729045525315
],
"r_temple": [
0.5724503205211556,
-0.6344197327084139,
0.7617049471839944
],
"r_mid_chin": [
0.248581566756091,
0.7580104237207439,
0.12944462463051232
],
"r_up_lip": [
0.14899581875891274,
0.29397830064674174,
0.10982540581698688
],
"r_ext_nostril": [
0.19041412475573194,
0.006423490916989262,
0.17985299351184394
],
"r_mid_cheek": [
0.44717060885602034,
-0.013935137693394797,
0.32452470181622395
],
"r_mid_eyebrow": [
0.4057432169610122,
-0.6398143652067988,
0.4083236792942699
],
"r_ext_eyebrow": [
0.3262803424264737,
-0.6745889668068391,
0.3694793425011639
],
"r_ext_lips": [
0.2797213308753917,
0.4857206402561448,
0.18819619424338596
],
"r_jaw_angle": [
0.5895495027075531,
0.5053545489346698,
0.676829597120746
],
"r_mid_ext_face": [
0.6342406448730583,
0.11640207182679939,
0.8445752726419654
],
"r_int_eyebrow": [
0.09914101719108855,
-0.7101110030842109,
0.31403390969575373
],
"r_mid_jaw": [
0.48145122451768363,
0.7442993251484814,
0.4360260971951925
],
"r_mid_bot_eyelid": [
0.28158489641445794,
-0.3458841241794248,
0.3873125322604146
],
"r_ext_mouth": [
0.32023630731016417,
0.4132137380929836,
0.21760268131598917
],
"r_top_eyelid": [
0.28674568658576993,
-0.4838448804852987,
0.3926542110084172
],
"r_eye_int": [
0.15686946684737194,
-0.39998395302215045,
0.4070578926308689
],
"r_pupil": [
0.2810641309866819,
-0.4065602304902641,
0.40969876572634495
],
"l_shoulder": [
0.4835695557999908,
-0.016010464757883137,
-0.1261116557723202
],
"l_elbow": [
0.7653556574888869,
0.7974027038272959,
-0.5337267490021225
],
"l_hip": [
0.37049502846352084,
1.848810184870728,
0.1587067872707738
],
"l_knee": [
0.3280357396735871,
3.448913975108222,
-0.12226426805689507
],
"l_ankle": [
0.33215522283203486,
4.90976968683781,
1.1450379661116492
],
"l_body_wrist": [
0.6787394089392521,
1.552766312966643,
-1.490031951586784
],
"r_shoulder": [
-0.4835695557999908,
0.016010464757883137,
0.1261116557723202
],
"r_elbow": [
-0.9133524840921572,
0.9076355348650609,
-1.062228166964202
],
"r_hip": [
-0.33086627626172666,
1.8677872726872569,
0.6286655841999035
],
"r_knee": [
-0.3510465978715821,
3.4695458000080377,
0.3653197950304129
],
"r_ankle": [
-0.28533078225523373,
4.874549640293284,
0.9411604000627489
],
"r_body_wrist": [
-0.6368493428861458,
0.13839560061749087,
-3.2766575942552243
],
"m_face_position": [
0.016230881214141846,
-0.08183833956718445,
-0.5361885242164135
],
"m_body_position": [
0.043313950300216675,
0.2282446026802063,
-0.6491412706673145
],
"m_face_scale": [
0.1246424103796663,
0.1246424103796663,
0.1246424103796663
],
"m_body_scale": [
0.3845560687854013,
0.3845560687854013,
0.3845560687854013
],
"l_hand_scale": null,
"r_hand_scale": [
0.2502751270485415,
0.2502751270485415,
0.2502751270485415
]
}
],
"framerate": 30,
"mirrorable": true,
"invalid": false
}