{
"label": "f",
"gestures": [
{
"l_hand_position": null,
"l_wrist": null,
"l_thumb_cmc": null,
"l_thumb_mcp": null,
"l_thumb_ip": null,
"l_thumb_tip": null,
"l_index_mcp": null,
"l_index_pip": null,
"l_index_dip": null,
"l_index_tip": null,
"l_middle_mcp": null,
"l_middle_pip": null,
"l_middle_dip": null,
"l_middle_tip": null,
"l_ring_mcp": null,
"l_ring_pip": null,
"l_ring_dip": null,
"l_ring_tip": null,
"l_pinky_mcp": null,
"l_pinky_pip": null,
"l_pinky_dip": null,
"l_pinky_tip": null,
"r_hand_position": [
-0.0867510437965393,
0.0030084848403930664,
-0.49526549130678177
],
"r_wrist": [
-0.11657147743762772,
0.9928795580436592,
-0.024520886342805134
],
"r_thumb_cmc": [
0.14341889306925623,
0.6998558324487066,
-0.08268599082024762
],
"r_thumb_mcp": [
0.2571446901685231,
0.3063906278580401,
-0.08649226675492575
],
"r_thumb_ip": [
0.20916483710798553,
-0.027577860945494727,
-0.10059088782592841
],
"r_thumb_tip": [
0.15511713222099685,
-0.26012512933169485,
-0.11371503993362654
],
"r_index_mcp": [
0.14005455333643418,
0.07648991164982731,
0.03269416670152152
],
"r_index_pip": [
0.23191793078167086,
-0.16819630201049046,
-0.02805872705243229
],
"r_index_dip": [
0.3346595715740714,
-0.2108270169769017,
-0.09013864200500937
],
"r_index_tip": [
0.4154120607592117,
-0.21496363437355992,
-0.1321099957799203
],
"r_middle_mcp": [
0.0,
0.0,
0.0
],
"r_middle_pip": [
0.07715938361226131,
-0.41644829900772906,
-0.040021775483396596
],
"r_middle_dip": [
0.13796216402336223,
-0.6880763984036664,
-0.09861997247929362
],
"r_middle_tip": [
0.18625058855102122,
-0.9121857267662258,
-0.1423924472181604
],
"r_ring_mcp": [
-0.15074418520144575,
0.019303699974688213,
-0.05600104456859633
],
"r_ring_pip": [
-0.13812980214907203,
-0.3930880959892771,
-0.12105726374805713
],
"r_ring_dip": [
-0.10227886077317591,
-0.6459932086968249,
-0.19051513421350075
],
"r_ring_tip": [
-0.05568132761662648,
-0.8600481085896725,
-0.2361757809527115
],
"r_pinky_mcp": [
-0.3180735850811939,
0.11975011858368285,
-0.11952566525756418
],
"r_pinky_pip": [
-0.3643146942669663,
-0.17155755448501214,
-0.1798857714191216
],
"r_pinky_dip": [
-0.36624129780930864,
-0.3751273533752474,
-0.21658481159317436
],
"r_pinky_tip": [
-0.3412045591708438,
-0.5653020015889467,
-0.24407858334071292
],
"l_hand_velocity": null,
"r_hand_velocity": null,
"m_nose_point": [
0.0,
0.0,
0.0
],
"m_top_nose": [
0.008047540891618474,
-0.32470828465585216,
0.2279511454049337
],
"m_eyebrows": [
-0.0006991048126758949,
-0.574924252610852,
0.31768888368807086
],
"m_forehead": [
-0.012156849379576411,
-0.8921929041402799,
0.4652067906492532
],
"m_top_chin": [
0.05994976126531687,
0.605774320183663,
0.05792519769392583
],
"m_bot_up_lip": [
0.06704615395288999,
0.37544017919587735,
0.07923814085836814
],
"m_top_low_lip": [
0.06659473945055817,
0.3895985752309231,
0.06918182991745384
],
"m_bot_nose": [
-0.0005206284906353488,
0.08403122315176571,
0.07682547290680813
],
"m_chin": [
0.10038770745057668,
0.9930237552392401,
0.061855716982144524
],
"m_nose": [
0.0043051971341,
-0.26876531682034555,
0.16886857569422972
],
"l_eye_exterior": [
-0.30750294955709223,
-0.2129137636863719,
0.4829522070694806
],
"l_temple": [
-0.462627386091043,
-0.3613947456134402,
0.832225431276541
],
"l_mid_chin": [
-0.09829822855839468,
0.7977726178133442,
0.10746978938427887
],
"l_up_lip": [
-0.06655207925650945,
0.3161044200091902,
0.10352592518204175
],
"l_ext_nostril": [
-0.13155446166798393,
0.06326310888778422,
0.15045918518553905
],
"l_mid_cheek": [
-0.3315554634547223,
0.14404693359461707,
0.36603379005374126
],
"l_mid_eyebrow": [
-0.3203297381064745,
-0.48333390425851536,
0.4207866867521111
],
"l_ext_eyebrow": [
-0.37928351443318464,
-0.4291175860117254,
0.46932152688511464
],
"l_ext_lips": [
-0.1855448550095567,
0.5071711582994404,
0.2160673090242287
],
"l_jaw_angle": [
-0.3526426585578641,
0.6556832647558402,
0.6958197328733361
],
"l_mid_ext_face": [
-0.4232883752106401,
0.32167222829470143,
0.8813674173855592
],
"l_int_eyebrow": [
-0.13420592332054238,
-0.5770459443026218,
0.3403658545892821
],
"l_mid_jaw": [
-0.2604744386994084,
0.8437936080677041,
0.4360761356679542
],
"l_mid_bot_eyelid": [
-0.22211639462807475,
-0.2084655678405882,
0.4224306686114802
],
"l_ext_mouth": [
-0.09795607638979988,
0.5238042808974143,
0.15766564960785234
],
"l_top_eyelid": [
-0.23970371258681167,
-0.3127249055551371,
0.4312304491110406
],
"l_eye_int": [
-0.11858880983389207,
-0.2940806595234381,
0.42693520964978615
],
"l_pupil": [
-0.22964461295336547,
-0.2612042327333132,
0.44403389426342427
],
"r_eye_exterior": [
0.4537899786473695,
-0.38892363001793806,
0.38970315800255784
],
"r_temple": [
0.6113854416253767,
-0.5824533415523478,
0.6544765090753358
],
"r_mid_chin": [
0.28293154840123697,
0.7475526456019036,
0.05372354947471704
],
"r_up_lip": [
0.19143587956120234,
0.2659987161746658,
0.060105139051166497
],
"r_ext_nostril": [
0.2050444814627427,
0.019661125759227564,
0.14166789319397813
],
"r_mid_cheek": [
0.4626241212802739,
0.0035912918459378163,
0.24136317339015495
],
"r_mid_eyebrow": [
0.42418859236668854,
-0.6143420542578142,
0.35031348134003304
],
"r_ext_eyebrow": [
0.3432804871965811,
-0.6411317855042027,
0.32619705877159916
],
"r_ext_lips": [
0.29955944730198036,
0.49487392205679553,
0.10348414920757631
],
"r_jaw_angle": [
0.6614606738927234,
0.4861362001686032,
0.5269996872308502
],
"r_mid_ext_face": [
0.700249237677467,
0.1175886894683112,
0.6921086768856876
],
"r_int_eyebrow": [
0.11814479556930339,
-0.6479650344437916,
0.3066271538657651
],
"r_mid_jaw": [
0.552397275958566,
0.7281328981855333,
0.30881169316483886
],
"r_mid_bot_eyelid": [
0.31742536244634156,
-0.31414945132069244,
0.3319540900479323
],
"r_ext_mouth": [
0.3364892454888871,
0.4285264376084789,
0.12839707677662898
],
"r_top_eyelid": [
0.31971116529276816,
-0.44204035999771724,
0.34023569746662324
],
"r_eye_int": [
0.19864588766353786,
-0.3577525227195055,
0.366311686665388
],
"r_pupil": [
0.32244490017670624,
-0.3755999372695088,
0.35481623353410513
],
"l_shoulder": [
0.4507454691634262,
-0.007256374640843058,
-0.216277292048228
],
"l_elbow": [
0.7813268429736663,
0.7516458012765705,
-0.9951393546480775
],
"l_hip": [
0.3505027770423518,
1.7560055776940326,
0.024779600817651157
],
"l_knee": [
0.3359395504242941,
3.269578368799915,
-0.25738350356420037
],
"l_ankle": [
0.33553720337578136,
4.617419789666087,
1.0031484606104664
],
"l_body_wrist": [
0.4279401617849431,
0.8541053755991065,
-2.276250031159531
],
"r_shoulder": [
-0.4507454691634262,
0.007256374640843058,
0.216277292048228
],
"r_elbow": [
-0.796823311657614,
0.9118758776730107,
-1.0286589549552247
],
"r_hip": [
-0.3424821784721281,
1.7671938866590025,
0.5656323581305854
],
"r_knee": [
-0.3192499476160534,
3.2502851361517746,
0.32359064672948257
],
"r_ankle": [
-0.25659248884372715,
4.560368332098047,
0.9783007342441327
],
"r_body_wrist": [
-0.5291450873283658,
-0.0569633061846971,
-3.2934881507428115
],
"m_face_position": [
0.05452775955200195,
-0.14628207683563232,
-0.5364615358412266
],
"m_body_position": [
0.09423598647117615,
0.2103966474533081,
-0.6173520060256124
],
"m_face_scale": [
0.13692519029139555,
0.13692519029139555,
0.13692519029139555
],
"m_body_scale": [
0.4050212358169402,
0.4050212358169402,
0.4050212358169402
],
"l_hand_scale": null,
"r_hand_scale": [
0.19306659494074763,
0.19306659494074763,
0.19306659494074763
]
}
],
"framerate": 30,
"mirrorable": true,
"invalid": false
}