{
"label": "f",
"gestures": [
{
"l_hand_position": null,
"l_wrist": null,
"l_thumb_cmc": null,
"l_thumb_mcp": null,
"l_thumb_ip": null,
"l_thumb_tip": null,
"l_index_mcp": null,
"l_index_pip": null,
"l_index_dip": null,
"l_index_tip": null,
"l_middle_mcp": null,
"l_middle_pip": null,
"l_middle_dip": null,
"l_middle_tip": null,
"l_ring_mcp": null,
"l_ring_pip": null,
"l_ring_dip": null,
"l_ring_tip": null,
"l_pinky_mcp": null,
"l_pinky_pip": null,
"l_pinky_dip": null,
"l_pinky_tip": null,
"r_hand_position": [
-0.20047909021377563,
0.05089068412780762,
-0.5027832731138915
],
"r_wrist": [
-0.02133586592935969,
0.9997080612967625,
0.01133900362963914
],
"r_thumb_cmc": [
0.19453203114863143,
0.7345660376189286,
-0.06595907089319822
],
"r_thumb_mcp": [
0.2690487086602621,
0.35007078149409265,
-0.09236773176244102
],
"r_thumb_ip": [
0.2176781077608061,
0.031758265321107246,
-0.12674497380692026
],
"r_thumb_tip": [
0.16614883572175926,
-0.2034433519830054,
-0.15617616358154915
],
"r_index_mcp": [
0.1503163210547809,
0.05336303452069933,
0.026398961117039554
],
"r_index_pip": [
0.22546027766225388,
-0.2023949327316614,
-0.07555843203639477
],
"r_index_dip": [
0.29898717261758445,
-0.19223002491380228,
-0.1599967600621698
],
"r_index_tip": [
0.3492201245123688,
-0.12232561514152555,
-0.20608606734897983
],
"r_middle_mcp": [
0.0,
0.0,
0.0
],
"r_middle_pip": [
0.043424782416395004,
-0.4007557094047123,
-0.06355817593599496
],
"r_middle_dip": [
0.08489719354977543,
-0.6367835820845368,
-0.11942464375458378
],
"r_middle_tip": [
0.12371492847088875,
-0.8418537078016793,
-0.15738099287839455
],
"r_ring_mcp": [
-0.1540167456958434,
0.0451055796066286,
-0.05316781882726633
],
"r_ring_pip": [
-0.1723762226968566,
-0.35475382603098404,
-0.13036653330715897
],
"r_ring_dip": [
-0.15859878457998836,
-0.5990279847305852,
-0.18133089602692415
],
"r_ring_tip": [
-0.1251708909629416,
-0.8129084256293553,
-0.21034601413884246
],
"r_pinky_mcp": [
-0.31642345552447476,
0.17922093388375157,
-0.11678499091915245
],
"r_pinky_pip": [
-0.37964923071196843,
-0.10368205974216302,
-0.17751069409963455
],
"r_pinky_dip": [
-0.3861228189656352,
-0.3005831104913881,
-0.19981465732721518
],
"r_pinky_tip": [
-0.3641051041797247,
-0.4898406313096418,
-0.21361907682187536
],
"l_hand_velocity": null,
"r_hand_velocity": null,
"m_nose_point": [
0.0,
0.0,
0.0
],
"m_top_nose": [
-0.020229302007358844,
-0.35373690297588506,
0.23034264633640011
],
"m_eyebrows": [
-0.036987660196010935,
-0.6138539208755928,
0.318689205959882
],
"m_forehead": [
-0.05309841883401585,
-0.9063770100624472,
0.4687532221982959
],
"m_top_chin": [
0.049857100057443336,
0.6229869722673389,
0.09025685968991472
],
"m_bot_up_lip": [
0.0327201452084129,
0.4008821502629993,
0.09741492519014842
],
"m_top_low_lip": [
0.03278466794752499,
0.41536703076176035,
0.09448074176822809
],
"m_bot_nose": [
-0.012398803411438262,
0.08040553321963832,
0.08167275566452079
],
"m_chin": [
0.07584363323484133,
0.9920081735023076,
0.10083415593118446
],
"m_nose": [
-0.017197207700995414,
-0.29071194538861583,
0.16940947013881436
],
"l_eye_exterior": [
-0.397183004697874,
-0.2758992324433367,
0.45753989068406914
],
"l_temple": [
-0.5859722694527295,
-0.45386006339308516,
0.7904240436511241
],
"l_mid_chin": [
-0.14790224872970967,
0.7866322949084955,
0.12867224857474827
],
"l_up_lip": [
-0.10607538310029128,
0.32598073879195666,
0.10660923760165812
],
"l_ext_nostril": [
-0.1621259544646383,
0.04202683867747537,
0.14156420912568235
],
"l_mid_cheek": [
-0.40863626532217684,
0.08529028411594844,
0.34277799669033887
],
"l_mid_eyebrow": [
-0.39101894816909494,
-0.559171848341899,
0.39611431717933576
],
"l_ext_eyebrow": [
-0.46161299237249964,
-0.5109721761453978,
0.43775203273853536
],
"l_ext_lips": [
-0.24084061237401544,
0.48731984794176103,
0.2184066771940144
],
"l_jaw_angle": [
-0.4894989136825101,
0.5948541091506531,
0.6773804122906846
],
"l_mid_ext_face": [
-0.5698226073984952,
0.23523970651675155,
0.8541180095287642
],
"l_int_eyebrow": [
-0.17665970144963866,
-0.6407983320696623,
0.331168043809834
],
"l_mid_jaw": [
-0.37210619469876605,
0.8075713470460875,
0.4311860434300392
],
"l_mid_bot_eyelid": [
-0.2996564100980306,
-0.2587940645319571,
0.40451087975518957
],
"l_ext_mouth": [
-0.15673261256591517,
0.5287351438933872,
0.16677907880921394
],
"l_top_eyelid": [
-0.3189041124934561,
-0.3866145595768363,
0.4102976962023193
],
"l_eye_int": [
-0.18698073033209575,
-0.3404689403140544,
0.41852436026510903
],
"l_pupil": [
-0.30234999724000816,
-0.3199231922259031,
0.4261315793456279
],
"r_eye_exterior": [
0.41448363855421083,
-0.3815220075060328,
0.44354035402436454
],
"r_temple": [
0.5514967261949433,
-0.5497119133674454,
0.7383417690021415
],
"r_mid_chin": [
0.2644877218266946,
0.7544553742315778,
0.109185121153146
],
"r_up_lip": [
0.1579787079650176,
0.30537497506779304,
0.09193864666399124
],
"r_ext_nostril": [
0.1830448432462577,
0.019637922637482142,
0.1688368085901989
],
"r_mid_cheek": [
0.4265816521377295,
0.008878755890539578,
0.2967194588477881
],
"r_mid_eyebrow": [
0.4054499806466117,
-0.6060241339275301,
0.3930518147530461
],
"r_ext_eyebrow": [
0.330035708286009,
-0.6405309896910618,
0.358993919831838
],
"r_ext_lips": [
0.2788886278782289,
0.5027562016264729,
0.15933539788902965
],
"r_jaw_angle": [
0.6003670078894957,
0.5010876246157578,
0.6287239214734291
],
"r_mid_ext_face": [
0.6329277439777493,
0.13656641000195271,
0.7998352307473148
],
"r_int_eyebrow": [
0.1073767498163537,
-0.6770100588846597,
0.317117398231838
],
"r_mid_jaw": [
0.5039240157612114,
0.7355127315512191,
0.39361138494627645
],
"r_mid_bot_eyelid": [
0.2696922398271338,
-0.31539189309899385,
0.3721567439356693
],
"r_ext_mouth": [
0.3107984433924987,
0.43264062199949876,
0.18623754757854058
],
"r_top_eyelid": [
0.29210819848572545,
-0.45705488784294457,
0.37776898426766914
],
"r_eye_int": [
0.1632126407435814,
-0.37789782218193485,
0.3968910289251938
],
"r_pupil": [
0.28950166959835877,
-0.38840601445100753,
0.39422977728275754
],
"l_shoulder": [
0.45813530916766465,
-0.007436356802700942,
-0.2001417974620774
],
"l_elbow": [
0.7084099034025539,
0.7656376197175694,
-0.5045729457814069
],
"l_hip": [
0.34797374127053493,
1.7413832495866621,
0.03944208974334556
],
"l_knee": [
0.3006232549600701,
3.2578883489042094,
-0.2376389286315336
],
"l_ankle": [
0.29147137131131073,
4.6361753786458735,
0.9704119236402193
],
"l_body_wrist": [
0.7054041759831681,
1.6500642545494573,
-1.2545092320153937
],
"r_shoulder": [
-0.45813530916766465,
0.007436356802700942,
0.2001417974620774
],
"r_elbow": [
-0.8653065166832863,
0.8384279521377171,
-0.7847273738662996
],
"r_hip": [
-0.3246860225207585,
1.7491237161481226,
0.513284959017955
],
"r_knee": [
-0.33890755659183547,
3.271138013915853,
0.32248580002196897
],
"r_ankle": [
-0.30164191580453176,
4.605922094769848,
0.8623497962899326
],
"r_body_wrist": [
-0.5935696728175333,
0.1638500199116594,
-2.8415343410810787
],
"m_face_position": [
0.014311790466308594,
-0.08393436670303345,
-0.5356282405555248
],
"m_body_position": [
0.0406656414270401,
0.2202484905719757,
-0.6095845866948366
],
"m_face_scale": [
0.1256337192283432,
0.1256337192283432,
0.1256337192283432
],
"m_body_scale": [
0.4044401106878947,
0.4044401106878947,
0.4044401106878947
],
"l_hand_scale": null,
"r_hand_scale": [
0.24548657973440294,
0.24548657973440294,
0.24548657973440294
]
}
],
"framerate": 30,
"mirrorable": true,
"invalid": false
}