{
"label": "u",
"gestures": [
{
"l_hand_position": null,
"l_wrist": null,
"l_thumb_cmc": null,
"l_thumb_mcp": null,
"l_thumb_ip": null,
"l_thumb_tip": null,
"l_index_mcp": null,
"l_index_pip": null,
"l_index_dip": null,
"l_index_tip": null,
"l_middle_mcp": null,
"l_middle_pip": null,
"l_middle_dip": null,
"l_middle_tip": null,
"l_ring_mcp": null,
"l_ring_pip": null,
"l_ring_dip": null,
"l_ring_tip": null,
"l_pinky_mcp": null,
"l_pinky_pip": null,
"l_pinky_dip": null,
"l_pinky_tip": null,
"r_hand_position": [
-0.32384561002254486,
0.261483371257782,
-0.5222101509571075
],
"r_wrist": [
0.15948496971739717,
0.9790831511813755,
0.12633577287129957
],
"r_thumb_cmc": [
0.3446868252188304,
0.8037751374703933,
0.0030599770651293192
],
"r_thumb_mcp": [
0.4021549859003059,
0.4784134616105946,
-0.0725031928259256
],
"r_thumb_ip": [
0.162892144108225,
0.32607603144380537,
-0.1513745376628487
],
"r_thumb_tip": [
-0.07452979961443978,
0.2538844156381465,
-0.20086949240397922
],
"r_index_mcp": [
0.24446149928964384,
-0.06813433375828966,
0.02626409504487446
],
"r_index_pip": [
0.18240562974011645,
-0.5417497126802933,
-0.18720970918447022
],
"r_index_dip": [
0.2150900252621797,
-0.4969524638360641,
-0.2767987186759583
],
"r_index_tip": [
0.24878772417850006,
-0.2834496505655915,
-0.2900914707768574
],
"r_middle_mcp": [
0.0,
0.0,
0.0
],
"r_middle_pip": [
-0.19624003933503478,
-0.4257040550710823,
-0.22772215949149036
],
"r_middle_dip": [
-0.08463045531388179,
-0.2974038257561673,
-0.28395206427278175
],
"r_middle_tip": [
0.028645506351026473,
-0.15285039646892593,
-0.2493748553045577
],
"r_ring_mcp": [
-0.17234760821945413,
0.16900900450582865,
-0.057535714241092696
],
"r_ring_pip": [
-0.15035455943443873,
0.23113013910040647,
-0.2903418088425151
],
"r_ring_dip": [
0.02472392474148294,
0.48968854908174936,
-0.3022505181893511
],
"r_ring_tip": [
0.11851242203272117,
0.550229761027314,
-0.2334282739042701
],
"r_pinky_mcp": [
-0.2793312567033115,
0.4022191490679724,
-0.12565070157531383
],
"r_pinky_pip": [
-0.14495468217460344,
0.5988313686793922,
-0.26848975798274827
],
"r_pinky_dip": [
-0.00862676755868613,
0.7616481613265135,
-0.27166079157421175
],
"r_pinky_tip": [
0.046109754328132996,
0.7336570853817656,
-0.22585161668245554
],
"l_hand_velocity": null,
"r_hand_velocity": null,
"m_nose_point": [
0.0,
0.0,
0.0
],
"m_top_nose": [
-0.010963395784394404,
-0.26859511304826483,
0.22653387813977152
],
"m_eyebrows": [
-0.020245603898514285,
-0.502012036956926,
0.31989853853916217
],
"m_forehead": [
-0.031331871457758856,
-0.7542062470546418,
0.4702859384154071
],
"m_top_chin": [
0.02749934990501995,
0.6730900736776118,
0.07849272625615557
],
"m_bot_up_lip": [
0.00698299697280073,
0.3739824499017732,
0.06357800592443576
],
"m_top_low_lip": [
0.006437618744079799,
0.39076328531402993,
0.07512771025026982
],
"m_bot_nose": [
-0.01315611805417674,
0.07994382574979728,
0.06730519726491824
],
"m_chin": [
0.04267121176029133,
0.9963629109696851,
0.07375715104939723
],
"m_nose": [
-0.008886862789426526,
-0.22169819005571406,
0.1684607197157716
],
"l_eye_exterior": [
-0.3558444202887152,
-0.173677960363612,
0.4059950606323231
],
"l_temple": [
-0.5353691370545398,
-0.3302418225712508,
0.7097594573110715
],
"l_mid_chin": [
-0.15601201704339945,
0.7886718876823732,
0.09577394080415084
],
"l_up_lip": [
-0.11168505422587276,
0.30488690848414224,
0.07127484479621252
],
"l_ext_nostril": [
-0.14918508878111017,
0.05169603584077769,
0.11604790490946991
],
"l_mid_cheek": [
-0.3762917925754045,
0.11971828152686652,
0.28359113993724877
],
"l_mid_eyebrow": [
-0.35364997350279465,
-0.47755602690687915,
0.36850436271524045
],
"l_ext_eyebrow": [
-0.4172626314233833,
-0.4300546610078725,
0.4007516154228507
],
"l_ext_lips": [
-0.24018845209000916,
0.4816832251547412,
0.16747468045899014
],
"l_jaw_angle": [
-0.46229686142210896,
0.5988393068292057,
0.5545735912801515
],
"l_mid_ext_face": [
-0.5332949752692621,
0.2872953349223916,
0.7272054170413988
],
"l_int_eyebrow": [
-0.15458325542286097,
-0.5501721680207434,
0.32377321642781187
],
"l_mid_jaw": [
-0.35548916996423613,
0.7899504008343669,
0.338557614536053
],
"l_mid_bot_eyelid": [
-0.26810535046500245,
-0.16666133532611543,
0.36224865347818114
],
"l_ext_mouth": [
-0.1669159170210243,
0.4775734876327789,
0.12804786962077466
],
"l_top_eyelid": [
-0.2795432037519323,
-0.24893713802385858,
0.37041535563371886
],
"l_eye_int": [
-0.16890751759618347,
-0.24002720983108297,
0.3829791967038837
],
"l_pupil": [
-0.2834757472406896,
-0.20657353682972723,
0.38347178857143543
],
"r_eye_exterior": [
0.35369222414818174,
-0.22183938481453314,
0.44007876135377955
],
"r_temple": [
0.4773641744864991,
-0.4019370720672906,
0.7244991123091945
],
"r_mid_chin": [
0.2175429684206055,
0.7628250553668294,
0.10096575831173442
],
"r_up_lip": [
0.11952642910648643,
0.29810783554468934,
0.07600733473581728
],
"r_ext_nostril": [
0.15949424625555672,
0.04808425235373453,
0.1581330169564477
],
"r_mid_cheek": [
0.3766075945932212,
0.0661787379343017,
0.29319531218300354
],
"r_mid_eyebrow": [
0.3559625496441852,
-0.4636566423971175,
0.40728402866340485
],
"r_ext_eyebrow": [
0.2925594204343937,
-0.5075311352928714,
0.37285410438163047
],
"r_ext_lips": [
0.2344768546401318,
0.5212914806889868,
0.15035434440479814
],
"r_jaw_angle": [
0.47217036300713067,
0.5320416831657903,
0.5706319891583057
],
"r_mid_ext_face": [
0.5123265835443045,
0.21152699387232735,
0.7423726442595486
],
"r_int_eyebrow": [
0.10079559707090574,
-0.5648452135830265,
0.32426821318700955
],
"r_mid_jaw": [
0.3987710760019845,
0.7388154794320716,
0.3508403190573364
],
"r_mid_bot_eyelid": [
0.23901966127731158,
-0.1905016931148077,
0.3669998369032689
],
"r_ext_mouth": [
0.2598108589690641,
0.44501893423300226,
0.17595775048920237
],
"r_top_eyelid": [
0.23852989869404914,
-0.2714871266121068,
0.37517153072465986
],
"r_eye_int": [
0.13287526183911239,
-0.24342666226860435,
0.3852634665295988
],
"r_pupil": [
0.2318616259164787,
-0.2266796704855607,
0.38804085366137653
],
"l_shoulder": [
0.4783521447894756,
-0.06265959234389104,
0.1313506797188577
],
"l_elbow": [
0.7129307199048813,
0.8795049307459695,
-0.7191264184435866
],
"l_hip": [
0.3490732684683697,
1.8745947439675108,
0.3657701450110666
],
"l_knee": [
0.30925644964033255,
3.4184176367457972,
0.24259158371780964
],
"l_ankle": [
0.34771286290295667,
4.875591873685966,
1.3866668642664197
],
"l_body_wrist": [
0.3731181916972026,
0.8906336366066702,
-2.9824862685746782
],
"r_shoulder": [
-0.4783521447894756,
0.06265959234389104,
-0.1313506797188577
],
"r_elbow": [
-0.678278073260994,
0.9790971310166305,
-1.2011444085502363
],
"r_hip": [
-0.33632334432455746,
1.9104009142244673,
0.2604477205477592
],
"r_knee": [
-0.35948391552478115,
3.3992623290774904,
-0.14373064363476046
],
"r_ankle": [
-0.30945376712013223,
4.857528362614645,
0.578885973410148
],
"r_body_wrist": [
-0.6907919397925164,
0.2574178121876299,
-3.7115414835833995
],
"m_face_position": [
-0.025036275386810303,
-0.17816835641860962,
-0.5357801280915737
],
"m_body_position": [
-0.006409972906112671,
0.15671804547309875,
-0.614685233682394
],
"m_face_scale": [
0.13825244879632165,
0.13825244879632165,
0.13825244879632165
],
"m_body_scale": [
0.3707968576128091,
0.3707968576128091,
0.3707968576128091
],
"l_hand_scale": null,
"r_hand_scale": [
0.17580458437431284,
0.17580458437431284,
0.17580458437431284
]
}
],
"framerate": 30,
"mirrorable": true,
"invalid": false
}