{
"label": "u",
"gestures": [
{
"l_hand_position": null,
"l_wrist": null,
"l_thumb_cmc": null,
"l_thumb_mcp": null,
"l_thumb_ip": null,
"l_thumb_tip": null,
"l_index_mcp": null,
"l_index_pip": null,
"l_index_dip": null,
"l_index_tip": null,
"l_middle_mcp": null,
"l_middle_pip": null,
"l_middle_dip": null,
"l_middle_tip": null,
"l_ring_mcp": null,
"l_ring_pip": null,
"l_ring_dip": null,
"l_ring_tip": null,
"l_pinky_mcp": null,
"l_pinky_pip": null,
"l_pinky_dip": null,
"l_pinky_tip": null,
"r_hand_position": [
-0.04560256004333496,
-0.02586004137992859,
-0.5609607473015785
],
"r_wrist": [
-0.38681409066238814,
0.8097234519140672,
0.4412740539453877
],
"r_thumb_cmc": [
-0.025994272765957335,
0.7450190783553585,
0.3567908617503169
],
"r_thumb_mcp": [
0.2709536630951665,
0.5482391372044215,
0.24951635918576778
],
"r_thumb_ip": [
0.5055991327885004,
0.40808026891722904,
0.13960051218834696
],
"r_thumb_tip": [
0.716620525198545,
0.2896943222350902,
0.012593888189115256
],
"r_index_mcp": [
0.2019114456513671,
0.07406348531078602,
0.08427873768791132
],
"r_index_pip": [
0.4439852680570149,
-0.24427445625644395,
-0.12393348121700287
],
"r_index_dip": [
0.6122525363268888,
-0.43757881540854,
-0.24900977763100532
],
"r_index_tip": [
0.7823284620033968,
-0.5857344777566247,
-0.3365670574252499
],
"r_middle_mcp": [
0.0,
0.0,
0.0
],
"r_middle_pip": [
0.16047800383984778,
-0.31480670193349974,
-0.24093316448131838
],
"r_middle_dip": [
0.3496037258299086,
-0.4917800755182035,
-0.3899000152851875
],
"r_middle_tip": [
0.5391386824454925,
-0.6180100813561896,
-0.4947106765087537
],
"r_ring_mcp": [
-0.22625238464293942,
0.06290154078828404,
-0.08085889422168477
],
"r_ring_pip": [
-0.1321374813178608,
-0.056578358864876,
-0.3420268448942565
],
"r_ring_dip": [
0.0467317034893502,
-0.002674370929155931,
-0.47727581451605766
],
"r_ring_tip": [
0.22930168956216335,
0.067927986109679,
-0.5543845059279944
],
"r_pinky_mcp": [
-0.4424639593700416,
0.23313969336958557,
-0.15907928217235448
],
"r_pinky_pip": [
-0.377865723626703,
0.20831034784549657,
-0.3950499105351304
],
"r_pinky_dip": [
-0.2541487247221474,
0.2943622288387101,
-0.5057326140349645
],
"r_pinky_tip": [
-0.1130221039151361,
0.3830300186717191,
-0.573586389964791
],
"l_hand_velocity": null,
"r_hand_velocity": [
-0.0003930330276489258,
0.00019466876983642578,
-0.0001775100827217102
],
"m_nose_point": null,
"m_top_nose": null,
"m_eyebrows": null,
"m_forehead": null,
"m_top_chin": null,
"m_bot_up_lip": null,
"m_top_low_lip": null,
"m_bot_nose": null,
"m_chin": null,
"m_nose": null,
"l_eye_exterior": null,
"l_temple": null,
"l_mid_chin": null,
"l_up_lip": null,
"l_ext_nostril": null,
"l_mid_cheek": null,
"l_mid_eyebrow": null,
"l_ext_eyebrow": null,
"l_ext_lips": null,
"l_jaw_angle": null,
"l_mid_ext_face": null,
"l_int_eyebrow": null,
"l_mid_jaw": null,
"l_mid_bot_eyelid": null,
"l_ext_mouth": null,
"l_top_eyelid": null,
"l_eye_int": null,
"l_pupil": null,
"r_eye_exterior": null,
"r_temple": null,
"r_mid_chin": null,
"r_up_lip": null,
"r_ext_nostril": null,
"r_mid_cheek": null,
"r_mid_eyebrow": null,
"r_ext_eyebrow": null,
"r_ext_lips": null,
"r_jaw_angle": null,
"r_mid_ext_face": null,
"r_int_eyebrow": null,
"r_mid_jaw": null,
"r_mid_bot_eyelid": null,
"r_ext_mouth": null,
"r_top_eyelid": null,
"r_eye_int": null,
"r_pupil": null,
"l_shoulder": null,
"l_elbow": null,
"l_hip": null,
"l_knee": null,
"l_ankle": null,
"l_body_wrist": null,
"r_shoulder": null,
"r_elbow": null,
"r_hip": null,
"r_knee": null,
"r_ankle": null,
"r_body_wrist": null,
"m_face_position": null,
"m_body_position": null,
"m_face_scale": null,
"m_body_scale": null,
"l_hand_scale": null,
"r_hand_scale": [
0.13814814789243365,
0.13814814789243365,
0.13814814789243365
]
}
],
"framerate": 30,
"mirrorable": true,
"invalid": false
}