{
"label": "u",
"gestures": [
{
"l_hand_position": [
0.24628227949142456,
0.021748721599578857,
-0.5178482607007027
],
"l_wrist": [
0.08983343457559968,
0.9919062953147353,
0.08973213107548915
],
"l_thumb_cmc": [
-0.15481934892020704,
0.8266166472581183,
-0.004120352328222409
],
"l_thumb_mcp": [
-0.332952276247209,
0.5186841937519454,
-0.06432286806601217
],
"l_thumb_ip": [
-0.3971351110667433,
0.22876259653477127,
-0.1366583834335994
],
"l_thumb_tip": [
-0.29271949032374395,
0.08732770659475601,
-0.19359230182732717
],
"l_index_mcp": [
-0.1776226122407335,
0.025609247153654917,
0.03826108335255453
],
"l_index_pip": [
-0.2620529397579031,
-0.39907958234965346,
-0.08852871127536145
],
"l_index_dip": [
-0.31232152283592873,
-0.6712580663956095,
-0.15829916666734214
],
"l_index_tip": [
-0.33680526002832456,
-0.8836358928513852,
-0.20131300874558042
],
"l_middle_mcp": [
0.0,
0.0,
0.0
],
"l_middle_pip": [
-0.06730465664498626,
-0.5043889287208358,
-0.14514540576527185
],
"l_middle_dip": [
-0.10053357027758081,
-0.8280403154758879,
-0.2307438881149364
],
"l_middle_tip": [
-0.10203005503437743,
-1.0838057118998934,
-0.2636274475860956
],
"l_ring_mcp": [
0.1441311994797942,
0.09424168192386462,
-0.054539625188401455
],
"l_ring_pip": [
-0.1175306884944446,
-0.06261832802833783,
-0.22597698934630886
],
"l_ring_dip": [
-0.20896548761556313,
0.18773302387355648,
-0.2376326173806169
],
"l_ring_tip": [
-0.19930516010462815,
0.3682730921800032,
-0.1916468004750635
],
"l_pinky_mcp": [
0.23217718279902788,
0.25139985013257743,
-0.12109332381760285
],
"l_pinky_pip": [
-0.09307092382518532,
0.2678237253899394,
-0.2513445260440264
],
"l_pinky_dip": [
-0.18800271475884223,
0.4520975141748976,
-0.26194955825187693
],
"l_pinky_tip": [
-0.18773032696470363,
0.5822566282011162,
-0.23319695145901456
],
"r_hand_position": null,
"r_wrist": null,
"r_thumb_cmc": null,
"r_thumb_mcp": null,
"r_thumb_ip": null,
"r_thumb_tip": null,
"r_index_mcp": null,
"r_index_pip": null,
"r_index_dip": null,
"r_index_tip": null,
"r_middle_mcp": null,
"r_middle_pip": null,
"r_middle_dip": null,
"r_middle_tip": null,
"r_ring_mcp": null,
"r_ring_pip": null,
"r_ring_dip": null,
"r_ring_tip": null,
"r_pinky_mcp": null,
"r_pinky_pip": null,
"r_pinky_dip": null,
"r_pinky_tip": null,
"l_hand_velocity": null,
"r_hand_velocity": null,
"m_nose_point": null,
"m_top_nose": null,
"m_eyebrows": null,
"m_forehead": null,
"m_top_chin": null,
"m_bot_up_lip": null,
"m_top_low_lip": null,
"m_bot_nose": null,
"m_chin": null,
"m_nose": null,
"l_eye_exterior": null,
"l_temple": null,
"l_mid_chin": null,
"l_up_lip": null,
"l_ext_nostril": null,
"l_mid_cheek": null,
"l_mid_eyebrow": null,
"l_ext_eyebrow": null,
"l_ext_lips": null,
"l_jaw_angle": null,
"l_mid_ext_face": null,
"l_int_eyebrow": null,
"l_mid_jaw": null,
"l_mid_bot_eyelid": null,
"l_ext_mouth": null,
"l_top_eyelid": null,
"l_eye_int": null,
"l_pupil": null,
"r_eye_exterior": null,
"r_temple": null,
"r_mid_chin": null,
"r_up_lip": null,
"r_ext_nostril": null,
"r_mid_cheek": null,
"r_mid_eyebrow": null,
"r_ext_eyebrow": null,
"r_ext_lips": null,
"r_jaw_angle": null,
"r_mid_ext_face": null,
"r_int_eyebrow": null,
"r_mid_jaw": null,
"r_mid_bot_eyelid": null,
"r_ext_mouth": null,
"r_top_eyelid": null,
"r_eye_int": null,
"r_pupil": null,
"l_shoulder": [
0.464988106797127,
0.05968270730922895,
0.1738506111161665
],
"l_elbow": [
0.9036548537190953,
1.1230201463674374,
-0.9139533367386258
],
"l_hip": [
0.3810415474185972,
1.878705401447995,
-0.06682430083084641
],
"l_knee": [
0.30924656244240756,
3.7573392858488432,
-0.6940808000232582
],
"l_ankle": [
0.2516748878027431,
5.396394374676923,
0.5020025544095857
],
"l_body_wrist": [
0.746581887789812,
0.19004488422136434,
-2.769648993999863
],
"r_shoulder": [
-0.464988106797127,
-0.05968270730922895,
-0.1738506111161665
],
"r_elbow": [
-0.7504440341790377,
0.8759388361434746,
-1.1157141436235538
],
"r_hip": [
-0.3534510987215456,
1.8615657012099318,
0.08346478855448154
],
"r_knee": [
-0.4310293285355244,
3.663794385932211,
-0.45266296240338944
],
"r_ankle": [
-0.4097450272125574,
5.349851983767112,
0.030142887404646528
],
"r_body_wrist": [
-0.42726971500757627,
0.8433270626446036,
-2.6600210393964834
],
"m_face_position": null,
"m_body_position": [
-0.01863059401512146,
0.1702757477760315,
-0.5000300295650959
],
"m_face_scale": null,
"m_body_scale": [
0.3958805263625584,
0.3958805263625584,
0.3958805263625584
],
"l_hand_scale": [
0.19890987506313454,
0.19890987506313454,
0.19890987506313454
],
"r_hand_scale": null
}
],
"framerate": 30,
"mirrorable": true,
"invalid": false
}