{
"label": "u",
"gestures": [
{
"l_hand_position": null,
"l_wrist": null,
"l_thumb_cmc": null,
"l_thumb_mcp": null,
"l_thumb_ip": null,
"l_thumb_tip": null,
"l_index_mcp": null,
"l_index_pip": null,
"l_index_dip": null,
"l_index_tip": null,
"l_middle_mcp": null,
"l_middle_pip": null,
"l_middle_dip": null,
"l_middle_tip": null,
"l_ring_mcp": null,
"l_ring_pip": null,
"l_ring_dip": null,
"l_ring_tip": null,
"l_pinky_mcp": null,
"l_pinky_pip": null,
"l_pinky_dip": null,
"l_pinky_tip": null,
"r_hand_position": [
-0.2567858397960663,
0.08858674764633179,
-0.5049567595124245
],
"r_wrist": [
-0.0025472317289618215,
0.9997229686465186,
0.023398666011358243
],
"r_thumb_cmc": [
0.19193595762223137,
0.7848537662191243,
-0.048302015303236495
],
"r_thumb_mcp": [
0.27120540950589567,
0.40065097954225876,
-0.06912609540346075
],
"r_thumb_ip": [
0.12034238534640228,
0.14027513832260255,
-0.09932549034097517
],
"r_thumb_tip": [
-0.07996467578627267,
0.06188983905486164,
-0.12128985123785536
],
"r_index_mcp": [
0.17798983928775525,
-0.00922613606407644,
0.0321359966767063
],
"r_index_pip": [
0.18960804075853996,
-0.28300142623627106,
-0.04008085109903445
],
"r_index_dip": [
0.22517897056791591,
-0.4282145956048789,
-0.09673591494655703
],
"r_index_tip": [
0.26182073088045954,
-0.4846207189682035,
-0.13931020215223303
],
"r_middle_mcp": [
0.0,
0.0,
0.0
],
"r_middle_pip": [
-0.09946069816642933,
-0.3920705492072338,
-0.1045401092250047
],
"r_middle_dip": [
-0.05714144010531851,
-0.49187808560350543,
-0.17237277973610393
],
"r_middle_tip": [
-0.006003234483996067,
-0.47793829771735336,
-0.20752502072715975
],
"r_ring_mcp": [
-0.1586683262663978,
0.1246535613316988,
-0.049249349310349494
],
"r_ring_pip": [
-0.2039858956687152,
-0.12872924463934124,
-0.19363318598706222
],
"r_ring_dip": [
-0.08647427579787674,
0.07031580645078019,
-0.23927271144039278
],
"r_ring_tip": [
-0.0032755849777992784,
0.26595170010346525,
-0.23816087369974828
],
"r_pinky_mcp": [
-0.27507408715334225,
0.326955557746221,
-0.10493411808715045
],
"r_pinky_pip": [
-0.2482130805163751,
0.2754231762092553,
-0.23152181601991773
],
"r_pinky_dip": [
-0.14431916938862485,
0.3951800654239992,
-0.2782585488444328
],
"r_pinky_tip": [
-0.07152035009021442,
0.48973726865694656,
-0.29300040453323994
],
"l_hand_velocity": null,
"r_hand_velocity": null,
"m_nose_point": [
0.0,
0.0,
0.0
],
"m_top_nose": [
0.017350640431019797,
-0.31040946094146926,
0.2490836508176753
],
"m_eyebrows": [
0.025143558514984142,
-0.5502199816074914,
0.3556258296113407
],
"m_forehead": [
0.031034176342344063,
-0.8788036583027563,
0.5194776632717517
],
"m_top_chin": [
0.012441169735640288,
0.6235756115050077,
0.04163852566209383
],
"m_bot_up_lip": [
0.008298315072005647,
0.40866587204793603,
0.06499901325610499
],
"m_top_low_lip": [
0.013281552718064625,
0.474803079005862,
0.06573004432093783
],
"m_bot_nose": [
-0.011755323846095093,
0.09083582937165989,
0.0718410292414668
],
"m_chin": [
0.014643206589309392,
0.9995884027708462,
0.024669850968571758
],
"m_nose": [
0.013046945802137831,
-0.25774732822728286,
0.185783546169451
],
"l_eye_exterior": [
-0.32489789699818217,
-0.2233868693525598,
0.4779199515218046
],
"l_temple": [
-0.5012142151860028,
-0.3870437516690272,
0.8245649029176195
],
"l_mid_chin": [
-0.17375898608435997,
0.7969617943607755,
0.07204782765106546
],
"l_up_lip": [
-0.11821644069791415,
0.34288466065895373,
0.08530857505432216
],
"l_ext_nostril": [
-0.14726264440738998,
0.05430998367889012,
0.13870837727530325
],
"l_mid_cheek": [
-0.384883500524762,
0.11354811323054695,
0.33834825581184835
],
"l_mid_eyebrow": [
-0.3095443333490069,
-0.4887312597409587,
0.43382496889410566
],
"l_ext_eyebrow": [
-0.3769983737524483,
-0.44611964061713266,
0.4747483811620928
],
"l_ext_lips": [
-0.2484898093567268,
0.48304957046061814,
0.1899353080173004
],
"l_jaw_angle": [
-0.4534676225998468,
0.660498538156973,
0.6275988866734349
],
"l_mid_ext_face": [
-0.517991294231518,
0.32320569248718384,
0.8279381651931133
],
"l_int_eyebrow": [
-0.10823035646953962,
-0.5529047717966198,
0.3708952747173707
],
"l_mid_jaw": [
-0.35598833231240523,
0.8427720044915955,
0.37396272366815775
],
"l_mid_bot_eyelid": [
-0.23938916197622323,
-0.2022120194720746,
0.4223144795415533
],
"l_ext_mouth": [
-0.1692701737596273,
0.5411765269577361,
0.1387208954801456
],
"l_top_eyelid": [
-0.24658517470294897,
-0.3169758867505288,
0.43643533558334957
],
"l_eye_int": [
-0.12581396973846484,
-0.2757938524556935,
0.4375917959430524
],
"l_pupil": [
-0.22978661920343849,
-0.2544350520779443,
0.4468013867216421
],
"r_eye_exterior": [
0.45356683447971635,
-0.25590198726170943,
0.4431907016636312
],
"r_temple": [
0.611605056239525,
-0.44778640019894095,
0.7384867208851741
],
"r_mid_chin": [
0.21466369399499519,
0.7842799482765576,
0.04422117138490362
],
"r_up_lip": [
0.14167129629766004,
0.32866561403605127,
0.0631259367341151
],
"r_ext_nostril": [
0.18807374299137183,
0.0578533651483954,
0.15448305158457773
],
"r_mid_cheek": [
0.448776184600463,
0.08030956563736039,
0.2743455855532692
],
"r_mid_eyebrow": [
0.4457092535940488,
-0.49161260617208746,
0.4112875751534533
],
"r_ext_eyebrow": [
0.3689948930434432,
-0.5321627191520831,
0.38258057394325495
],
"r_ext_lips": [
0.2602236567488266,
0.5314507280141958,
0.11387597931355112
],
"r_jaw_angle": [
0.5688575752002071,
0.6212811325232719,
0.5472813257257556
],
"r_mid_ext_face": [
0.6382218528106425,
0.27249418205109127,
0.7377105630049829
],
"r_int_eyebrow": [
0.1517827376542462,
-0.5756996933154452,
0.3522316015312334
],
"r_mid_jaw": [
0.4449057540869642,
0.8162415806158939,
0.31218393471535205
],
"r_mid_bot_eyelid": [
0.31129443090990555,
-0.21938524571791593,
0.3749280260793237
],
"r_ext_mouth": [
0.30207636335157995,
0.4649267114446373,
0.14338540037214134
],
"r_top_eyelid": [
0.3237148245107026,
-0.3381210897869118,
0.3877996221787833
],
"r_eye_int": [
0.20086740670019568,
-0.270768362220796,
0.40516898885212843
],
"r_pupil": [
0.32251260996640113,
-0.2768977888789948,
0.39963706574044394
],
"l_shoulder": [
0.4789081342924135,
-0.035830927426285346,
-0.1391515129214622
],
"l_elbow": [
0.8242247562743993,
0.8512088215898439,
-0.895131802859653
],
"l_hip": [
0.35645584691454046,
1.9091642022932358,
-4.465671495501593e-05
],
"l_knee": [
0.3117744874770762,
3.633538679771201,
-0.4503478590954723
],
"l_ankle": [
0.3356185009086822,
5.233302540580459,
0.6108619725707776
],
"l_body_wrist": [
0.35022848031095033,
1.0967619823297614,
-2.288278351174425
],
"r_shoulder": [
-0.4789081342924135,
0.035830927426285346,
0.1391515129214622
],
"r_elbow": [
-0.7494550597751324,
0.9800606421285265,
-0.9871595334711442
],
"r_hip": [
-0.37039549639421354,
1.9275430228434567,
0.3159427188316865
],
"r_knee": [
-0.41531182018121005,
3.61594945626851,
-0.10252167830983275
],
"r_ankle": [
-0.3518887273705077,
5.16598720165784,
0.3881217325704665
],
"r_body_wrist": [
-0.616550550444561,
0.249846452701191,
-3.4012619606409533
],
"m_face_position": [
-0.04513669013977051,
-0.13464152812957764,
-0.534906592220068
],
"m_body_position": [
-0.023894906044006348,
0.18346405029296875,
-0.5557463830336928
],
"m_face_scale": [
0.1276660318444308,
0.1276660318444308,
0.1276660318444308
],
"m_body_scale": [
0.3673217907592632,
0.3673217907592632,
0.3673217907592632
],
"l_hand_scale": null,
"r_hand_scale": [
0.2118498467722593,
0.2118498467722593,
0.2118498467722593
]
}
],
"framerate": 30,
"mirrorable": true,
"invalid": false
}