{
"label": "u",
"gestures": [
{
"l_hand_position": null,
"l_wrist": null,
"l_thumb_cmc": null,
"l_thumb_mcp": null,
"l_thumb_ip": null,
"l_thumb_tip": null,
"l_index_mcp": null,
"l_index_pip": null,
"l_index_dip": null,
"l_index_tip": null,
"l_middle_mcp": null,
"l_middle_pip": null,
"l_middle_dip": null,
"l_middle_tip": null,
"l_ring_mcp": null,
"l_ring_pip": null,
"l_ring_dip": null,
"l_ring_tip": null,
"l_pinky_mcp": null,
"l_pinky_pip": null,
"l_pinky_dip": null,
"l_pinky_tip": null,
"r_hand_position": [
-0.22564640641212463,
0.11089122295379639,
-0.5023564633447677
],
"r_wrist": [
0.018999917504445525,
0.9997403967178828,
0.012575464412672864
],
"r_thumb_cmc": [
0.21859486430527017,
0.7660406321871112,
-0.05001432728750906
],
"r_thumb_mcp": [
0.2950547547944222,
0.37847551966947773,
-0.06331773928333334
],
"r_thumb_ip": [
0.14187973751461547,
0.15404154849905163,
-0.08739248598002394
],
"r_thumb_tip": [
-0.07901018616964947,
0.1443737380856226,
-0.1071010420290387
],
"r_index_mcp": [
0.18543895312427414,
-0.021352385173061764,
0.03616895807831787
],
"r_index_pip": [
0.19655596504274608,
-0.2894112495808852,
-0.021206418185974307
],
"r_index_dip": [
0.21944771931147505,
-0.4408664035580431,
-0.07282661341571373
],
"r_index_tip": [
0.25112548630401793,
-0.5294205190950962,
-0.11566066174367702
],
"r_middle_mcp": [
0.0,
0.0,
0.0
],
"r_middle_pip": [
-0.09695560403841634,
-0.3625153790517759,
-0.08442443963798214
],
"r_middle_dip": [
-0.06461517681636467,
-0.4979776331102291,
-0.15056987138769012
],
"r_middle_tip": [
-0.02212906685314841,
-0.5654134493532311,
-0.19037631823659434
],
"r_ring_mcp": [
-0.15812866886348792,
0.12882992683697622,
-0.05186938731099866
],
"r_ring_pip": [
-0.20601998397930554,
-0.09735809816869875,
-0.19056369030652925
],
"r_ring_dip": [
-0.08841942074118235,
0.09892354748458183,
-0.24528305356474248
],
"r_ring_tip": [
-0.0072825834438099615,
0.27911942219107205,
-0.2504063856055597
],
"r_pinky_mcp": [
-0.2734425215736001,
0.3313383840925239,
-0.10871885056751975
],
"r_pinky_pip": [
-0.25764347402345106,
0.2719324132128092,
-0.22570539557222266
],
"r_pinky_dip": [
-0.16542111190274536,
0.39239122546342975,
-0.2651843686803983
],
"r_pinky_tip": [
-0.1011793275075198,
0.48559239097089496,
-0.27645165991657744
],
"l_hand_velocity": null,
"r_hand_velocity": null,
"m_nose_point": [
0.0,
0.0,
0.0
],
"m_top_nose": [
0.014790915322625529,
-0.3107878600833776,
0.2451320363010093
],
"m_eyebrows": [
0.014865688557972925,
-0.5633292932584085,
0.34865137502066207
],
"m_forehead": [
0.016000270222295655,
-0.8980130925313118,
0.5160156720661341
],
"m_top_chin": [
0.04379812206922617,
0.6338923867274513,
0.04489890851524176
],
"m_bot_up_lip": [
0.036168607351287387,
0.4136469805122592,
0.06122970769346614
],
"m_top_low_lip": [
0.03401124323304881,
0.41950117185461855,
0.059691927586450214
],
"m_bot_nose": [
-0.0040788679667800535,
0.09122238541018689,
0.07199863139492856
],
"m_chin": [
0.06361182729423909,
0.9976790832539272,
0.024289550549390953
],
"m_nose": [
0.010216524403913045,
-0.25713193279717833,
0.18271979086726448
],
"l_eye_exterior": [
-0.299435311444685,
-0.22002974193189112,
0.5001370135387071
],
"l_temple": [
-0.46870532671093873,
-0.37979994988288324,
0.8618115765414772
],
"l_mid_chin": [
-0.12957432314793638,
0.8009011728025723,
0.08810087331639371
],
"l_up_lip": [
-0.08781022542288701,
0.3243636502245056,
0.09123185227881006
],
"l_ext_nostril": [
-0.13505897602492942,
0.06008450209879964,
0.14930383334930553
],
"l_mid_cheek": [
-0.35398250684481614,
0.1309288968069307,
0.36734945485876197
],
"l_mid_eyebrow": [
-0.30079805966960155,
-0.48614263753667936,
0.45177278030411977
],
"l_ext_eyebrow": [
-0.36158220843997974,
-0.4407757200956147,
0.49979743846387176
],
"l_ext_lips": [
-0.2050041684816159,
0.5058971973729609,
0.20495474917338663
],
"l_jaw_angle": [
-0.37069324301711676,
0.6649175091147937,
0.6590893742013114
],
"l_mid_ext_face": [
-0.4423127789174022,
0.32522318178838644,
0.8632275195519906
],
"l_int_eyebrow": [
-0.11184537266149994,
-0.5648752479313467,
0.3723040757936748
],
"l_mid_jaw": [
-0.2849206483645487,
0.8491698207176168,
0.39695191726690127
],
"l_mid_bot_eyelid": [
-0.21715013087158316,
-0.20523858618085614,
0.4379596722960623
],
"l_ext_mouth": [
-0.12413895809488619,
0.5300494332469893,
0.1457430209844586
],
"l_top_eyelid": [
-0.22770421676240216,
-0.3025221717939623,
0.45167638353869505
],
"l_eye_int": [
-0.10853948203118896,
-0.2774507781105028,
0.44436253629562417
],
"l_pupil": [
-0.21318041740270574,
-0.2608037554667136,
0.46160803033092884
],
"r_eye_exterior": [
0.4642768758367789,
-0.28628123273378,
0.40119384077563364
],
"r_temple": [
0.6393005833702305,
-0.4971367074168416,
0.6856084774988864
],
"r_mid_chin": [
0.2517922582511,
0.7796607653957219,
0.029750671495806392
],
"r_up_lip": [
0.15871713151748215,
0.308330681738521,
0.04602656283601643
],
"r_ext_nostril": [
0.1972811271123905,
0.04735910724199242,
0.1380203477712352
],
"r_mid_cheek": [
0.4610238794565529,
0.06064518114970038,
0.23633685891178202
],
"r_mid_eyebrow": [
0.4484263925135875,
-0.5152404857936529,
0.3721737034886358
],
"r_ext_eyebrow": [
0.3689965397314364,
-0.5501304948633408,
0.3496643975838307
],
"r_ext_lips": [
0.2868685993381327,
0.5300407778242481,
0.08545072111938051
],
"r_jaw_angle": [
0.6217752757466213,
0.5810548777471123,
0.49298321648247007
],
"r_mid_ext_face": [
0.686512067568804,
0.22512874764008278,
0.679252001155578
],
"r_int_eyebrow": [
0.14815366891869355,
-0.5909525940800586,
0.33551073024713657
],
"r_mid_jaw": [
0.5003757589493179,
0.7953037590015345,
0.2696749023635014
],
"r_mid_bot_eyelid": [
0.3218523754875166,
-0.24202389240245242,
0.34331650904277333
],
"r_ext_mouth": [
0.3241335602366359,
0.4614191437617333,
0.11007850936057906
],
"r_top_eyelid": [
0.3285132041436719,
-0.3499959633872753,
0.35493734573289126
],
"r_eye_int": [
0.20703314382919366,
-0.2942468663681678,
0.3806835393144874
],
"r_pupil": [
0.3311540697933691,
-0.2980687163652168,
0.36775130840503967
],
"l_shoulder": [
0.46125886968932395,
-0.04340602199322607,
-0.1880323705845641
],
"l_elbow": [
0.7788073706130519,
0.8345686378742614,
-1.31651247717014
],
"l_hip": [
0.32526829436767934,
1.919713339503131,
-0.15133106129738325
],
"l_knee": [
0.2601019490003749,
3.6471698859723864,
-0.6053335448746884
],
"l_ankle": [
0.2932828079061655,
5.235235378420882,
0.3319001708534928
],
"l_body_wrist": [
0.21133295888141426,
0.9346542618999779,
-2.8495077927165995
],
"r_shoulder": [
-0.46125886968932395,
0.04340602199322607,
0.1880323705845641
],
"r_elbow": [
-0.7887709102164748,
0.9904698338920219,
-1.0662167929181172
],
"r_hip": [
-0.37521143631302145,
1.928440193293973,
0.2220293773787097
],
"r_knee": [
-0.45301315581367546,
3.6065596386139998,
-0.18928150471236696
],
"r_ankle": [
-0.3777444595963612,
5.166665045433392,
0.16428665580795937
],
"r_body_wrist": [
-0.5823370317408589,
0.32934382264393786,
-3.2878151438745555
],
"m_face_position": [
-0.039529263973236084,
-0.11538556218147278,
-0.5331646539270878
],
"m_body_position": [
-0.007072567939758301,
0.19741177558898926,
-0.5105901192873716
],
"m_face_scale": [
0.12395507857205286,
0.12395507857205286,
0.12395507857205286
],
"m_body_scale": [
0.3567186367435079,
0.3567186367435079,
0.3567186367435079
],
"l_hand_scale": null,
"r_hand_scale": [
0.18740565958149852,
0.18740565958149852,
0.18740565958149852
]
}
],
"framerate": 30,
"mirrorable": true,
"invalid": false
}