{
"label": "u",
"gestures": [
{
"l_hand_position": null,
"l_wrist": null,
"l_thumb_cmc": null,
"l_thumb_mcp": null,
"l_thumb_ip": null,
"l_thumb_tip": null,
"l_index_mcp": null,
"l_index_pip": null,
"l_index_dip": null,
"l_index_tip": null,
"l_middle_mcp": null,
"l_middle_pip": null,
"l_middle_dip": null,
"l_middle_tip": null,
"l_ring_mcp": null,
"l_ring_pip": null,
"l_ring_dip": null,
"l_ring_tip": null,
"l_pinky_mcp": null,
"l_pinky_pip": null,
"l_pinky_dip": null,
"l_pinky_tip": null,
"r_hand_position": [
-0.14209309220314026,
-0.07512542605400085,
-0.5467680990695953
],
"r_wrist": [
-0.33863238790440114,
0.8912038476636466,
0.3018009406408056
],
"r_thumb_cmc": [
-0.03175489370283711,
0.8070119736375524,
0.20161729017370777
],
"r_thumb_mcp": [
0.22809605649702117,
0.6340787896338971,
0.10800350082907792
],
"r_thumb_ip": [
0.4548730150404106,
0.5328480702227815,
0.012729756811824079
],
"r_thumb_tip": [
0.6458516282881497,
0.466414304790133,
-0.08985003786645615
],
"r_index_mcp": [
0.19504629670265436,
0.0891647906152484,
0.047149530317691674
],
"r_index_pip": [
0.41061871145299284,
-0.25363855463255036,
-0.11364849099837647
],
"r_index_dip": [
0.5392816296108616,
-0.475942042188999,
-0.21002504917627424
],
"r_index_tip": [
0.6444179097804482,
-0.6836125620976959,
-0.2739357200466438
],
"r_middle_mcp": [
0.0,
0.0,
0.0
],
"r_middle_pip": [
0.18046660068825385,
-0.24679978466154243,
-0.18559005291280753
],
"r_middle_dip": [
0.3289496435146287,
-0.40478556375921776,
-0.29089691769893755
],
"r_middle_tip": [
0.44954912108350925,
-0.5515796842603566,
-0.35182668489802976
],
"r_ring_mcp": [
-0.2074391633205326,
0.03303552838329104,
-0.04932616694682181
],
"r_ring_pip": [
-0.13077974439720746,
0.07723771423555297,
-0.24039699589200456
],
"r_ring_dip": [
-0.011441862188557842,
0.1461048586457932,
-0.3190145319737186
],
"r_ring_tip": [
0.0972299620515296,
0.19382239535013762,
-0.34918026746612457
],
"r_pinky_mcp": [
-0.39447375253662287,
0.16769583241140396,
-0.10579193473999321
],
"r_pinky_pip": [
-0.2966002999248291,
0.3169394864648693,
-0.2539249617804504
],
"r_pinky_dip": [
-0.199033784232994,
0.4661292919358857,
-0.3015817265131739
],
"r_pinky_tip": [
-0.10269886254831118,
0.5715351996504485,
-0.31800448642007034
],
"l_hand_velocity": null,
"r_hand_velocity": [
-0.0018173456192016602,
2.9474496841430664e-05,
-0.0040757544338703156
],
"m_nose_point": null,
"m_top_nose": null,
"m_eyebrows": null,
"m_forehead": null,
"m_top_chin": null,
"m_bot_up_lip": null,
"m_top_low_lip": null,
"m_bot_nose": null,
"m_chin": null,
"m_nose": null,
"l_eye_exterior": null,
"l_temple": null,
"l_mid_chin": null,
"l_up_lip": null,
"l_ext_nostril": null,
"l_mid_cheek": null,
"l_mid_eyebrow": null,
"l_ext_eyebrow": null,
"l_ext_lips": null,
"l_jaw_angle": null,
"l_mid_ext_face": null,
"l_int_eyebrow": null,
"l_mid_jaw": null,
"l_mid_bot_eyelid": null,
"l_ext_mouth": null,
"l_top_eyelid": null,
"l_eye_int": null,
"l_pupil": null,
"r_eye_exterior": null,
"r_temple": null,
"r_mid_chin": null,
"r_up_lip": null,
"r_ext_nostril": null,
"r_mid_cheek": null,
"r_mid_eyebrow": null,
"r_ext_eyebrow": null,
"r_ext_lips": null,
"r_jaw_angle": null,
"r_mid_ext_face": null,
"r_int_eyebrow": null,
"r_mid_jaw": null,
"r_mid_bot_eyelid": null,
"r_ext_mouth": null,
"r_top_eyelid": null,
"r_eye_int": null,
"r_pupil": null,
"l_shoulder": null,
"l_elbow": null,
"l_hip": null,
"l_knee": null,
"l_ankle": null,
"l_body_wrist": null,
"r_shoulder": null,
"r_elbow": null,
"r_hip": null,
"r_knee": null,
"r_ankle": null,
"r_body_wrist": null,
"m_face_position": null,
"m_body_position": null,
"m_face_scale": null,
"m_body_scale": null,
"l_hand_scale": null,
"r_hand_scale": [
0.15496508708425694,
0.15496508708425694,
0.15496508708425694
]
}
],
"framerate": 30,
"mirrorable": true,
"invalid": false
}