{
"label": "t",
"gestures": [
{
"l_hand_position": [
0.2476738691329956,
0.18905651569366455,
-0.49514374136924744
],
"l_wrist": [
0.06528235736283085,
0.9975945752585931,
-0.023308308213572135
],
"l_thumb_cmc": [
-0.12771209797958505,
0.784366622617065,
-0.13286230735447982
],
"l_thumb_mcp": [
-0.24544518647560237,
0.3395283314432262,
-0.18495900913988353
],
"l_thumb_ip": [
-0.21619728294881602,
-0.05615781701489598,
-0.2396558326854253
],
"l_thumb_tip": [
-0.07391115113826763,
-0.227931858915604,
-0.27550304063811104
],
"l_index_mcp": [
-0.16261660434801997,
-0.0014903864066445323,
-0.0005636216408105173
],
"l_index_pip": [
-0.19228988303539757,
-0.34080846180210034,
-0.10349531237070378
],
"l_index_dip": [
-0.19335375003085073,
-0.16245211832425402,
-0.1790043468958217
],
"l_index_tip": [
-0.19603272674836053,
-0.016713496390520815,
-0.21613270430557227
],
"l_middle_mcp": [
0.0,
0.0,
0.0
],
"l_middle_pip": [
-0.00579162441246165,
-0.3777013896508781,
-0.10693440224662636
],
"l_middle_dip": [
-0.021644644351699018,
-0.28030506707063296,
-0.1694928352980618
],
"l_middle_tip": [
-0.0666812037214665,
-0.18219473211591858,
-0.1809838646761824
],
"l_ring_mcp": [
0.16821141765726252,
0.04140499402766531,
-0.03015908346535499
],
"l_ring_pip": [
0.15534975484936525,
-0.3173330164902238,
-0.12045240898663885
],
"l_ring_dip": [
0.1576897473265922,
-0.5138554824954318,
-0.18852100762128207
],
"l_ring_tip": [
0.15001611673959803,
-0.6847269967353024,
-0.21500195228675947
],
"l_pinky_mcp": [
0.3420720005272729,
0.1341811187473124,
-0.0713845564186445
],
"l_pinky_pip": [
0.3419607221564121,
-0.22313458827463878,
-0.10808508925636295
],
"l_pinky_dip": [
0.3419590057805119,
-0.41853139775198767,
-0.13062662047101925
],
"l_pinky_tip": [
0.3308632077112359,
-0.5998839614262246,
-0.14531226343278247
],
"r_hand_position": null,
"r_wrist": null,
"r_thumb_cmc": null,
"r_thumb_mcp": null,
"r_thumb_ip": null,
"r_thumb_tip": null,
"r_index_mcp": null,
"r_index_pip": null,
"r_index_dip": null,
"r_index_tip": null,
"r_middle_mcp": null,
"r_middle_pip": null,
"r_middle_dip": null,
"r_middle_tip": null,
"r_ring_mcp": null,
"r_ring_pip": null,
"r_ring_dip": null,
"r_ring_tip": null,
"r_pinky_mcp": null,
"r_pinky_pip": null,
"r_pinky_dip": null,
"r_pinky_tip": null,
"l_hand_velocity": null,
"r_hand_velocity": null,
"m_nose_point": [
0.0,
0.0,
0.0
],
"m_top_nose": [
0.05204554389235001,
-0.3064943412454967,
0.229130279060316
],
"m_eyebrows": [
0.08853937273804154,
-0.5605299438019709,
0.3179069848357337
],
"m_forehead": [
0.13263407847063907,
-0.8638143025904285,
0.4626609699732961
],
"m_top_chin": [
-0.06372197688210907,
0.6790762151332791,
0.11390375153275764
],
"m_bot_up_lip": [
-0.01793758846367104,
0.37887972553781635,
0.07901950093760088
],
"m_top_low_lip": [
-0.02857657701662692,
0.4909529572596384,
0.10193351589561556
],
"m_bot_nose": [
-0.02065891054150444,
0.07867597963634078,
0.07577818678781365
],
"m_chin": [
-0.1016251876785176,
0.9877884981423489,
0.11809404797443827
],
"m_nose": [
0.04181871352092184,
-0.2525461939165874,
0.1698390900940327
],
"l_eye_exterior": [
-0.2915784859285894,
-0.3134135400132562,
0.43933189431134856
],
"l_temple": [
-0.41553505902305016,
-0.5232798005467154,
0.7608565461434152
],
"l_mid_chin": [
-0.26104540148787947,
0.7477243945059716,
0.1422712173593225
],
"l_up_lip": [
-0.13235460702763135,
0.2998069296240892,
0.09564644504308638
],
"l_ext_nostril": [
-0.14129686391176285,
0.010497594247220519,
0.13125584680501992
],
"l_mid_cheek": [
-0.3776457388695804,
0.009365610509221863,
0.32131580627463546
],
"l_mid_eyebrow": [
-0.22854046771894512,
-0.5959098260131813,
0.3885904122710153
],
"l_ext_eyebrow": [
-0.30000595973186917,
-0.5678058418410175,
0.428192065151237
],
"l_ext_lips": [
-0.28436592507488334,
0.4111993125188806,
0.21114730305041926
],
"l_jaw_angle": [
-0.5037456174371968,
0.48946271932763574,
0.6307812225805439
],
"l_mid_ext_face": [
-0.5186931931775315,
0.14259035228930383,
0.8014547489929821
],
"l_int_eyebrow": [
-0.02252896426252054,
-0.6133111734625055,
0.3279200651643273
],
"l_mid_jaw": [
-0.43648131928266193,
0.7091268588856515,
0.4067675884100022
],
"l_mid_bot_eyelid": [
-0.21249594583250225,
-0.2774479702452974,
0.38804744621591736
],
"l_ext_mouth": [
-0.20568082322526932,
0.4902766695392443,
0.16967052999266188
],
"l_top_eyelid": [
-0.19951109720711874,
-0.3734397765815257,
0.39742346174965404
],
"l_eye_int": [
-0.09017017568366378,
-0.3159435029353803,
0.4038214763380434
],
"l_pupil": [
-0.18713453434863783,
-0.32555043745028545,
0.41063816682568266
],
"r_eye_exterior": [
0.46066555060821934,
-0.17473993438663932,
0.4362042190967977
],
"r_temple": [
0.6332246540534653,
-0.3300821042168009,
0.7175459361062593
],
"r_mid_chin": [
0.11311295671194353,
0.8228514185329606,
0.12687562951114326
],
"r_up_lip": [
0.1113594185331903,
0.3382591318011242,
0.08331120425581055
],
"r_ext_nostril": [
0.17336268750540762,
0.08566670484908377,
0.15991149164180787
],
"r_mid_cheek": [
0.42095780016793893,
0.16002310917751209,
0.28652377474443236
],
"r_mid_eyebrow": [
0.4803102368921616,
-0.40340210072357074,
0.39586682861763417
],
"r_ext_eyebrow": [
0.4114744301782806,
-0.45593651231815535,
0.36306769699179287
],
"r_ext_lips": [
0.18706010538124926,
0.5828362431314126,
0.16577925166831098
],
"r_jaw_angle": [
0.48164249467611386,
0.6863526314798979,
0.5921522775213398
],
"r_mid_ext_face": [
0.5888185491314036,
0.35579015980504886,
0.7572074535110866
],
"r_int_eyebrow": [
0.20795992528237905,
-0.5365791582069971,
0.3192416819046983
],
"r_mid_jaw": [
0.3350754793687602,
0.8682404419352149,
0.3763501902194394
],
"r_mid_bot_eyelid": [
0.33055956915244394,
-0.18006357512369603,
0.36392557377015755
],
"r_ext_mouth": [
0.23084921696919294,
0.5108742124641833,
0.1856588543805734
],
"r_top_eyelid": [
0.3456008549018583,
-0.2669555590738003,
0.37331434614901854
],
"r_eye_int": [
0.2297802594319913,
-0.24811673740333803,
0.3882010207496028
],
"r_pupil": [
0.3433588636669284,
-0.22715783043896107,
0.3870154310509345
],
"l_shoulder": [
0.46205028524763986,
0.04521558631377496,
0.18564774347369858
],
"l_elbow": [
0.704205848912948,
1.2815877243313167,
-0.8936264474952685
],
"l_hip": [
0.33379573787997935,
1.841141649332477,
0.10713602209915446
],
"l_knee": [
0.2825160799666337,
3.5730650944820157,
-0.17146400648457624
],
"l_ankle": [
0.24557077530565977,
5.09970826637234,
0.8000655615721305
],
"l_body_wrist": [
0.911970258376286,
0.7685754708518494,
-2.958984410241321
],
"r_shoulder": [
-0.46205028524763986,
-0.04521558631377496,
-0.18564774347369858
],
"r_elbow": [
-0.8378149647299113,
0.8556418497128064,
-0.898699512978483
],
"r_hip": [
-0.3955679451165082,
1.8292392260028727,
-0.13776333933294116
],
"r_knee": [
-0.3585914384506421,
3.5326674782358487,
-0.39549519117339377
],
"r_ankle": [
-0.3617094319687829,
5.07910398439056,
0.1113320829375457
],
"r_body_wrist": [
-0.7581439176431078,
0.7655421793616233,
-2.7718990153666025
],
"m_face_position": [
0.022757530212402344,
-0.17472845315933228,
-0.539725549519062
],
"m_body_position": [
0.014277800917625427,
0.16297784447669983,
-0.49149085581302643
],
"m_face_scale": [
0.14374824900268077,
0.14374824900268077,
0.14374824900268077
],
"m_body_scale": [
0.3916079181827019,
0.3916079181827019,
0.3916079181827019
],
"l_hand_scale": [
0.2083622058650802,
0.2083622058650802,
0.2083622058650802
],
"r_hand_scale": null
}
],
"framerate": 30,
"mirrorable": true,
"invalid": false
}