{
"label": "t",
"gestures": [
{
"l_hand_position": [
0.16809380054473877,
0.04295158386230469,
-0.555972546339035
],
"l_wrist": [
-0.0249998462678544,
0.981715650799127,
0.1887045009071855
],
"l_thumb_cmc": [
-0.24807736072832667,
0.5942080865190852,
0.17249253641232834
],
"l_thumb_mcp": [
-0.2672881792784132,
0.1455226689206158,
0.12115248089787252
],
"l_thumb_ip": [
-0.25614277368585003,
-0.14407460818282647,
0.05422106790500502
],
"l_thumb_tip": [
-0.29966598141470163,
-0.3914703394325823,
-0.02583691218559816
],
"l_index_mcp": [
-0.10145005818633591,
-0.023197707953048013,
0.0719732129352158
],
"l_index_pip": [
-0.25250714853068973,
-0.4148050967088571,
-0.04762283125253196
],
"l_index_dip": [
-0.4236220704711726,
-0.44558161214113856,
-0.14450899123754807
],
"l_index_tip": [
-0.5506776445151071,
-0.4832662574628156,
-0.21243353456260364
],
"l_middle_mcp": [
0.0,
0.0,
0.0
],
"l_middle_pip": [
-0.15044559314409114,
-0.5010580528516615,
-0.11761434262384189
],
"l_middle_dip": [
-0.3238306708096373,
-0.7588308493899371,
-0.20638784079191574
],
"l_middle_tip": [
-0.4599921877167673,
-0.9664550478961532,
-0.27842911368704415
],
"l_ring_mcp": [
0.09899100749964035,
0.1234691821500508,
-0.07866136308704559
],
"l_ring_pip": [
0.13401695623634344,
-0.3943467676036504,
-0.20817895186095664
],
"l_ring_dip": [
0.099082239747067,
-0.7445732988284391,
-0.31426248790868166
],
"l_ring_tip": [
0.0574881720519064,
-1.0521261472715042,
-0.39599608185641283
],
"l_pinky_mcp": [
0.17721964538668078,
0.31100751624402345,
-0.15199320052190027
],
"l_pinky_pip": [
0.31516541587288815,
0.037578643095867406,
-0.26615882855035655
],
"l_pinky_dip": [
0.3735305428317766,
-0.2113258364219043,
-0.3400894529659811
],
"l_pinky_tip": [
0.3966112966702821,
-0.4773078271358392,
-0.4060247967023905
],
"r_hand_position": null,
"r_wrist": null,
"r_thumb_cmc": null,
"r_thumb_mcp": null,
"r_thumb_ip": null,
"r_thumb_tip": null,
"r_index_mcp": null,
"r_index_pip": null,
"r_index_dip": null,
"r_index_tip": null,
"r_middle_mcp": null,
"r_middle_pip": null,
"r_middle_dip": null,
"r_middle_tip": null,
"r_ring_mcp": null,
"r_ring_pip": null,
"r_ring_dip": null,
"r_ring_tip": null,
"r_pinky_mcp": null,
"r_pinky_pip": null,
"r_pinky_dip": null,
"r_pinky_tip": null,
"l_hand_velocity": null,
"r_hand_velocity": null,
"m_nose_point": [
0.0,
0.0,
0.0
],
"m_top_nose": [
0.019567043378228698,
-0.24595338064204186,
0.23420073914339756
],
"m_eyebrows": [
0.0316383850247933,
-0.4171964374284679,
0.3501067924508046
],
"m_forehead": [
0.04817691184236061,
-0.663095179885137,
0.526509421920383
],
"m_top_chin": [
-0.028122643743439507,
0.6095207958734533,
-0.019679015712068263
],
"m_bot_up_lip": [
-0.005096962149772904,
0.38231673448945613,
0.03465116229615323
],
"m_top_low_lip": [
-0.003651309711226048,
0.4674635679714043,
0.030828440683823552
],
"m_bot_nose": [
-0.02350920899354431,
0.08714297590846118,
0.05072703617094248
],
"m_chin": [
-0.024659486580339195,
0.9976293834191337,
-0.06424580188894431
],
"m_nose": [
0.0158269979674499,
-0.20631502040780206,
0.17697835238831286
],
"l_eye_exterior": [
-0.31949822681418016,
-0.25709628395069345,
0.3585821814950077
],
"l_temple": [
-0.46443135408992825,
-0.3161917949722806,
0.6328731768424408
],
"l_mid_chin": [
-0.22530897905975258,
0.7569272253675223,
-0.028313954419761127
],
"l_up_lip": [
-0.12968476001579843,
0.32370516168117053,
0.029846814845440772
],
"l_ext_nostril": [
-0.1551395813847215,
0.04482570133726087,
0.08820277183865192
],
"l_mid_cheek": [
-0.38092654186312974,
0.08256220082576247,
0.2047466968342561
],
"l_mid_eyebrow": [
-0.287836630830939,
-0.45363004214321234,
0.34398323323065627
],
"l_ext_eyebrow": [
-0.35695763264829133,
-0.4242534931268105,
0.3588521757799171
],
"l_ext_lips": [
-0.2959692987762908,
0.43846876732912,
0.08075265755911627
],
"l_jaw_angle": [
-0.5415305580052627,
0.620603925828934,
0.36643837200610485
],
"l_mid_ext_face": [
-0.5670248174628759,
0.30442486607279284,
0.5568527176264725
],
"l_int_eyebrow": [
-0.09104981156932523,
-0.4833871070934602,
0.3409117995051215
],
"l_mid_jaw": [
-0.4537366482267028,
0.8111537756895764,
0.164024025057809
],
"l_mid_bot_eyelid": [
-0.2233469341474196,
-0.2337257244877003,
0.33117514906008516
],
"l_ext_mouth": [
-0.20452305225294518,
0.5106096586252328,
0.049807776945468736
],
"l_top_eyelid": [
-0.246381653636411,
-0.33662021139697795,
0.34710721256068605
],
"l_eye_int": [
-0.12925628161471733,
-0.2829504159676039,
0.36655762344029835
],
"l_pupil": [
-0.2374144182204972,
-0.2753700866706256,
0.353292997176629
],
"r_eye_exterior": [
0.3822442259201457,
-0.1513155246287643,
0.46885568628565505
],
"r_temple": [
0.49733689312060325,
-0.25787970514998554,
0.754713428853883
],
"r_mid_chin": [
0.15681487852720347,
0.7658679633175975,
0.014289734135383309
],
"r_up_lip": [
0.11388775142828995,
0.3281908334562467,
0.06410789695772388
],
"r_ext_nostril": [
0.1583114718303084,
0.07784976004071816,
0.16006503534899455
],
"r_mid_cheek": [
0.3631619423820663,
0.1285061363027575,
0.2966646839426426
],
"r_mid_eyebrow": [
0.3847284146941988,
-0.3295161175616039,
0.4494242370131376
],
"r_ext_eyebrow": [
0.32267627946112487,
-0.3704395021856632,
0.41727238656020316
],
"r_ext_lips": [
0.20284898755073477,
0.5206936903338972,
0.10988936856350365
],
"r_jaw_angle": [
0.46905279970158864,
0.6725594995439157,
0.4837367863446781
],
"r_mid_ext_face": [
0.5219216116578008,
0.36269649077283816,
0.6830001429803256
],
"r_int_eyebrow": [
0.14482282387144296,
-0.43045461905655047,
0.36686631121456714
],
"r_mid_jaw": [
0.3714283300968829,
0.838696761691956,
0.25567113687906073
],
"r_mid_bot_eyelid": [
0.2591883513116766,
-0.14248365223601078,
0.39684702556034573
],
"r_ext_mouth": [
0.24119513416023766,
0.46091766687569374,
0.15080562814224288
],
"r_top_eyelid": [
0.2693350320674791,
-0.22047596453480672,
0.4160052197164019
],
"r_eye_int": [
0.16317098382109294,
-0.19518115499447528,
0.410990522954756
],
"r_pupil": [
0.2283867932312766,
-0.17281380191253684,
0.4191728222968773
],
"l_shoulder": [
0.48288864457845754,
0.04164780528571647,
0.12281700717760208
],
"l_elbow": [
0.7284794631506695,
0.9527854621657892,
-1.4717612856578413
],
"l_hip": [
0.3092830578026514,
1.8918873296834893,
0.22880516123111447
],
"l_knee": [
0.2815839575178979,
3.6834564684573445,
0.003150993318047661
],
"l_ankle": [
0.2870466654316226,
5.1006246322012565,
0.9309443033867778
],
"l_body_wrist": [
0.5633355891146707,
0.10480369668274907,
-2.9619323821581762
],
"r_shoulder": [
-0.48288864457845754,
-0.04164780528571647,
-0.12281700717760208
],
"r_elbow": [
-0.8322428931105581,
0.751972290297226,
-1.0831256480958056
],
"r_hip": [
-0.38342832626221246,
1.8705604421645403,
0.10232013296846557
],
"r_knee": [
-0.3880129121728446,
3.554379109456807,
-0.35366386441129877
],
"r_ankle": [
-0.3522977356039034,
5.034967527739935,
0.168455388641838
],
"r_body_wrist": [
-0.817445244683954,
0.8428002329520279,
-3.081322304002745
],
"m_face_position": [
0.038054466247558594,
-0.20980456471443176,
-0.5332490988075733
],
"m_body_position": [
0.01586592197418213,
0.169692724943161,
-0.5635671750642359
],
"m_face_scale": [
0.14508933085979864,
0.14508933085979864,
0.14508933085979864
],
"m_body_scale": [
0.3988476447085053,
0.3988476447085053,
0.3988476447085053
],
"l_hand_scale": [
0.29661122565008596,
0.29661122565008596,
0.29661122565008596
],
"r_hand_scale": null
}
],
"framerate": 30,
"mirrorable": true,
"invalid": false
}