{
"label": "t",
"gestures": [
{
"l_hand_position": [
0.2170637845993042,
0.03320658206939697,
-0.4954853211529553
],
"l_wrist": [
0.1216314560436989,
0.992295933623568,
-0.02354928905129092
],
"l_thumb_cmc": [
-0.09903025512259599,
0.8151034510514027,
-0.1340871402105843
],
"l_thumb_mcp": [
-0.24426022505238953,
0.3194650216303984,
-0.1901501846449986
],
"l_thumb_ip": [
-0.24180673567591987,
-0.1371081491036063,
-0.25078799038621313
],
"l_thumb_tip": [
-0.12460878343326429,
-0.36075527061990603,
-0.28962039763593755
],
"l_index_mcp": [
-0.16373404255737217,
-0.0017527588829873212,
0.006850634428180427
],
"l_index_pip": [
-0.1965449551627934,
-0.38963226855606126,
-0.08879161430913274
],
"l_index_dip": [
-0.17403359945580602,
-0.18579648307687577,
-0.1639476945348295
],
"l_index_tip": [
-0.15139260549869346,
-0.0562197878042824,
-0.21008849699574714
],
"l_middle_mcp": [
0.0,
0.0,
0.0
],
"l_middle_pip": [
-0.030465610545602786,
-0.3849589184481317,
-0.1400792078270376
],
"l_middle_dip": [
-0.028088909293307988,
-0.18747323104342278,
-0.21866055426256695
],
"l_middle_tip": [
-0.05766974655388383,
-0.04674220580592279,
-0.23028155861169217
],
"l_ring_mcp": [
0.1745251056271439,
0.01695805100198517,
-0.037323635733584076
],
"l_ring_pip": [
0.1458424096246295,
-0.4209580926222788,
-0.1425614441745894
],
"l_ring_dip": [
0.13699498765745385,
-0.6940654708338163,
-0.22015500815497213
],
"l_ring_tip": [
0.11583317546076231,
-0.971325625412673,
-0.25242100098749765
],
"l_pinky_mcp": [
0.3573318259907013,
0.07671817547875065,
-0.0857657405814472
],
"l_pinky_pip": [
0.3264872489537254,
-0.317664386750962,
-0.12106440285178731
],
"l_pinky_dip": [
0.2999347239101023,
-0.5282180450046194,
-0.14294594827107127
],
"l_pinky_tip": [
0.26873853809400994,
-0.7394087027175251,
-0.1610104030586908
],
"r_hand_position": null,
"r_wrist": null,
"r_thumb_cmc": null,
"r_thumb_mcp": null,
"r_thumb_ip": null,
"r_thumb_tip": null,
"r_index_mcp": null,
"r_index_pip": null,
"r_index_dip": null,
"r_index_tip": null,
"r_middle_mcp": null,
"r_middle_pip": null,
"r_middle_dip": null,
"r_middle_tip": null,
"r_ring_mcp": null,
"r_ring_pip": null,
"r_ring_dip": null,
"r_ring_tip": null,
"r_pinky_mcp": null,
"r_pinky_pip": null,
"r_pinky_dip": null,
"r_pinky_tip": null,
"l_hand_velocity": null,
"r_hand_velocity": null,
"m_nose_point": [
0.0,
0.0,
0.0
],
"m_top_nose": [
0.05673591363229226,
-0.278812380748284,
0.23594081577727696
],
"m_eyebrows": [
0.09787332697701226,
-0.5077762271108365,
0.3323701399815838
],
"m_forehead": [
0.14861170047990213,
-0.7770004995726565,
0.4857145613419788
],
"m_top_chin": [
-0.09578397983397352,
0.6516772066156311,
0.08109221224491893
],
"m_bot_up_lip": [
-0.04184406229057885,
0.36487259365000946,
0.07444501510073429
],
"m_top_low_lip": [
-0.053882390117663666,
0.4998182665513811,
0.08771291515358294
],
"m_bot_nose": [
-0.02709215355188482,
0.08204430899058883,
0.07344756705778487
],
"m_chin": [
-0.15058150481628002,
0.9852130610854403,
0.08173392608899407
],
"m_nose": [
0.04628632194560831,
-0.23170843496462656,
0.17529867582648875
],
"l_eye_exterior": [
-0.29147025039077684,
-0.28224913444080246,
0.4457107264312831
],
"l_temple": [
-0.4097327658321942,
-0.4689535786589168,
0.7707526794416806
],
"l_mid_chin": [
-0.30332110408932694,
0.7272307084008688,
0.11300342244044764
],
"l_up_lip": [
-0.1619417434124079,
0.28662325877599454,
0.09184850211998037
],
"l_ext_nostril": [
-0.15718247092196716,
0.00890247113085443,
0.13047190831084104
],
"l_mid_cheek": [
-0.3867687150714178,
0.00669786513839009,
0.32348822483302875
],
"l_mid_eyebrow": [
-0.22709828498556656,
-0.5573903678364087,
0.3997165040697832
],
"l_ext_eyebrow": [
-0.2981289479201586,
-0.5335105702170988,
0.43767436690444744
],
"l_ext_lips": [
-0.32434839818382627,
0.3962019889035207,
0.2053537786756565
],
"l_jaw_angle": [
-0.5393583758412297,
0.4897909506493184,
0.6206671701741123
],
"l_mid_ext_face": [
-0.5467059744936383,
0.16288666197973417,
0.7981357850891287
],
"l_int_eyebrow": [
-0.02440590836739602,
-0.5619205506137435,
0.3420464391376802
],
"l_mid_jaw": [
-0.4780545398083395,
0.6951667164804876,
0.3894740213156291
],
"l_mid_bot_eyelid": [
-0.21187514095099091,
-0.2454256660320169,
0.3959846545730662
],
"l_ext_mouth": [
-0.23723310781443868,
0.47601007221728947,
0.16261076748385803
],
"l_top_eyelid": [
-0.20097512176071103,
-0.34785181956032174,
0.40545101432488806
],
"l_eye_int": [
-0.09413649228006013,
-0.2805331035711245,
0.41273389462334936
],
"l_pupil": [
-0.19189966035673642,
-0.2928456046612677,
0.41830699148976747
],
"r_eye_exterior": [
0.43670456058556384,
-0.10893450455852438,
0.4427273454629599
],
"r_temple": [
0.5899608867003718,
-0.2161225825507966,
0.7287335868983458
],
"r_mid_chin": [
0.07548006251834699,
0.8311309512140397,
0.09820157245029344
],
"r_up_lip": [
0.10170808069648526,
0.3482447196381867,
0.08027604189236033
],
"r_ext_nostril": [
0.1689441775104306,
0.11134841246162705,
0.1596613011769808
],
"r_mid_cheek": [
0.38952676753908855,
0.20854977014658996,
0.2890713363379977
],
"r_mid_eyebrow": [
0.47119164031740907,
-0.32337471590363454,
0.4058214746267586
],
"r_ext_eyebrow": [
0.4092399067521726,
-0.38042029844464903,
0.3741855533081517
],
"r_ext_lips": [
0.16109311188389383,
0.5965938804863419,
0.15651210811388103
],
"r_jaw_angle": [
0.4087992711508287,
0.7453385876385015,
0.5814083230765568
],
"r_mid_ext_face": [
0.5181123959297671,
0.44251075062512335,
0.7533560901035783
],
"r_int_eyebrow": [
0.21869887283291303,
-0.4837399630534567,
0.332691800145603
],
"r_mid_jaw": [
0.27545477826563664,
0.9064180316588352,
0.358913315888652
],
"r_mid_bot_eyelid": [
0.31157588168579864,
-0.12099772013716659,
0.3718450017977669
],
"r_ext_mouth": [
0.20821664147205546,
0.5344936364036155,
0.18053549479980951
],
"r_top_eyelid": [
0.3313547082431571,
-0.2133294424333892,
0.38179189787762263
],
"r_eye_int": [
0.21608361893975184,
-0.20155325198951124,
0.39675878859525354
],
"r_pupil": [
0.3186880666882301,
-0.16851333381133882,
0.39478462380240403
],
"l_shoulder": [
0.48409038047329683,
0.040857483430214114,
0.11826736481789268
],
"l_elbow": [
0.8134375048438498,
1.3434974946070226,
-0.8014955133099648
],
"l_hip": [
0.29815576398185806,
1.9283664245920102,
0.26615869332225844
],
"l_knee": [
0.21675394443291596,
3.76552377428455,
0.19896721064342685
],
"l_ankle": [
0.15978481580790113,
5.367989935127736,
1.6253986309237072
],
"l_body_wrist": [
0.836472313849973,
0.21485601890325995,
-2.3837955153394987
],
"r_shoulder": [
-0.48409038047329683,
-0.040857483430214114,
-0.11826736481789268
],
"r_elbow": [
-0.8702107763869745,
0.9113295626069979,
-0.12241176627640987
],
"r_hip": [
-0.43959225952088954,
1.9102243623121573,
0.17670940190423387
],
"r_knee": [
-0.43441276778583904,
3.719831469180063,
-0.03810457333214158
],
"r_ankle": [
-0.4435977288622898,
5.33182486095114,
0.6019568103232067
],
"r_body_wrist": [
-0.8245272720500557,
1.6916613000950502,
-0.725106050919248
],
"m_face_position": [
0.032188594341278076,
-0.18746358156204224,
-0.5402011834084988
],
"m_body_position": [
0.007115721702575684,
0.15865212678909302,
-0.5798005722463131
],
"m_face_scale": [
0.14609127397127528,
0.14609127397127528,
0.14609127397127528
],
"m_body_scale": [
0.37249653931840704,
0.37249653931840704,
0.37249653931840704
],
"l_hand_scale": [
0.19172687727070742,
0.19172687727070742,
0.19172687727070742
],
"r_hand_scale": null
}
],
"framerate": 30,
"mirrorable": true,
"invalid": false
}