{
"label": "t",
"gestures": [
{
"l_hand_position": null,
"l_wrist": null,
"l_thumb_cmc": null,
"l_thumb_mcp": null,
"l_thumb_ip": null,
"l_thumb_tip": null,
"l_index_mcp": null,
"l_index_pip": null,
"l_index_dip": null,
"l_index_tip": null,
"l_middle_mcp": null,
"l_middle_pip": null,
"l_middle_dip": null,
"l_middle_tip": null,
"l_ring_mcp": null,
"l_ring_pip": null,
"l_ring_dip": null,
"l_ring_tip": null,
"l_pinky_mcp": null,
"l_pinky_pip": null,
"l_pinky_dip": null,
"l_pinky_tip": null,
"r_hand_position": [
-0.20007681846618652,
0.006058752536773682,
-0.5080759329721332
],
"r_wrist": [
-0.08944032602195919,
0.9954498406668543,
0.03286400458586963
],
"r_thumb_cmc": [
0.18486222600954344,
0.7311766873835128,
-0.013633903405477795
],
"r_thumb_mcp": [
0.3331053350261238,
0.3186565444882155,
-0.012506332753087985
],
"r_thumb_ip": [
0.37202261336166287,
0.033186124040243715,
-0.01935650447444236
],
"r_thumb_tip": [
0.3935486397157674,
-0.12275802649915583,
-0.021004882101313852
],
"r_index_mcp": [
0.11900524823376844,
0.08392175559208186,
0.03353109201047536
],
"r_index_pip": [
0.26998441952733687,
-0.12125211295622361,
-0.06989078466544574
],
"r_index_dip": [
0.4086692583280713,
-0.06451999140028555,
-0.15403806954658125
],
"r_index_tip": [
0.5216268412062245,
0.01404896794561911,
-0.2018251004317405
],
"r_middle_mcp": [
0.0,
0.0,
0.0
],
"r_middle_pip": [
0.11845675033115269,
-0.34007524812646445,
-0.07001387230001462
],
"r_middle_dip": [
0.23703658829687424,
-0.5647284927740777,
-0.12969162344179713
],
"r_middle_tip": [
0.33570315109285714,
-0.7676715040558522,
-0.1712033071645401
],
"r_ring_mcp": [
-0.14990776316409457,
0.0005297012687653369,
-0.055418384645906746
],
"r_ring_pip": [
-0.14274272887752606,
-0.4150459254103716,
-0.1453080487476329
],
"r_ring_dip": [
-0.11022236948140363,
-0.6786425211437034,
-0.21601052587568337
],
"r_ring_tip": [
-0.0770942118345825,
-0.8931269081468458,
-0.255459279033343
],
"r_pinky_mcp": [
-0.3173874078974958,
0.08996432766626666,
-0.11548825024424224
],
"r_pinky_pip": [
-0.39773562022309944,
-0.24104002876980238,
-0.19348350297616562
],
"r_pinky_dip": [
-0.44122163263604225,
-0.46868763782408995,
-0.23223121748408304
],
"r_pinky_tip": [
-0.4676596438553803,
-0.6787702169852807,
-0.25543317596601195
],
"l_hand_velocity": null,
"r_hand_velocity": null,
"m_nose_point": [
0.0,
0.0,
0.0
],
"m_top_nose": [
0.01311705608880614,
-0.2861046001568048,
0.22758954318271415
],
"m_eyebrows": [
0.020971914378651566,
-0.5159858078297612,
0.3196954220684215
],
"m_forehead": [
0.030144660963204634,
-0.8019151979918298,
0.46715500855460834
],
"m_top_chin": [
-0.015168731569826302,
0.6545377634351249,
0.07933603640787884
],
"m_bot_up_lip": [
-0.011725951777725856,
0.3961080039558875,
0.06774028457037955
],
"m_top_low_lip": [
-0.007364717735795211,
0.47488437001639006,
0.0834851346690381
],
"m_bot_nose": [
-0.017982667132415017,
0.08692083437066642,
0.06916881040093918
],
"m_chin": [
-0.025802951192306696,
0.9969332775130995,
0.0738799559877841
],
"m_nose": [
0.010583375166666055,
-0.23804764078803217,
0.16935874484996755
],
"l_eye_exterior": [
-0.33878576109297975,
-0.20790297982482753,
0.4137431492328116
],
"l_temple": [
-0.492616475670552,
-0.3745942910560784,
0.7158038073577276
],
"l_mid_chin": [
-0.20642605007233264,
0.7817845559790823,
0.09961064449726467
],
"l_up_lip": [
-0.1251038004202946,
0.3223489687951439,
0.08081296616037373
],
"l_ext_nostril": [
-0.15243249204267795,
0.04270059763764374,
0.1193668425151675
],
"l_mid_cheek": [
-0.3859346384809083,
0.09385561138809558,
0.29342964015039386
],
"l_mid_eyebrow": [
-0.30355177348058315,
-0.4866410318454278,
0.37205487742154525
],
"l_ext_eyebrow": [
-0.37153996290639946,
-0.4500031271190857,
0.40580653305801667
],
"l_ext_lips": [
-0.26642250793325134,
0.4602676058588842,
0.1829834891856368
],
"l_jaw_angle": [
-0.4851730507171562,
0.6209340524539593,
0.5661126958391913
],
"l_mid_ext_face": [
-0.5385499671866946,
0.29273166652764554,
0.7366400687282666
],
"l_int_eyebrow": [
-0.10208265109450196,
-0.5333228520622458,
0.3246916334523465
],
"l_mid_jaw": [
-0.39131255826130246,
0.8081142557336255,
0.3488855673515096
],
"l_mid_bot_eyelid": [
-0.25433901794223907,
-0.18634025286961337,
0.368523316854036
],
"l_ext_mouth": [
-0.17116236929774048,
0.5195919000139373,
0.1445905355334954
],
"l_top_eyelid": [
-0.25571263176051917,
-0.2912073497423317,
0.3779906879933622
],
"l_eye_int": [
-0.14255402441142187,
-0.24382113043466186,
0.3882248507263814
],
"l_pupil": [
-0.249088412679204,
-0.2373197515585941,
0.3903541021358603
],
"r_eye_exterior": [
0.4010651350199622,
-0.1863066955287759,
0.4405455244708328
],
"r_temple": [
0.5302503215973854,
-0.34303147653130023,
0.7239610884707568
],
"r_mid_chin": [
0.16827033665102092,
0.7919567011871219,
0.09741090996091316
],
"r_up_lip": [
0.10989642706404941,
0.3290002371269523,
0.07870139591040427
],
"r_ext_nostril": [
0.16608158451712532,
0.06929997638582622,
0.15858101675095118
],
"r_mid_cheek": [
0.3925855000570702,
0.11696156926618653,
0.290125408322609
],
"r_mid_eyebrow": [
0.4041605454899391,
-0.4141339905646564,
0.4045037964111417
],
"r_ext_eyebrow": [
0.33626529972935143,
-0.4545374356886083,
0.37106269871078423
],
"r_ext_lips": [
0.21814508700406776,
0.5403695885713782,
0.15395141931567546
],
"r_jaw_angle": [
0.4736820003252926,
0.6514171341150642,
0.5743924358240493
],
"r_mid_ext_face": [
0.5409085398030101,
0.3291615157407954,
0.7452632375899224
],
"r_int_eyebrow": [
0.13820621330582622,
-0.5115945755589001,
0.32444690637539814
],
"r_mid_jaw": [
0.3650518035888435,
0.830037571569475,
0.3542747046899678
],
"r_mid_bot_eyelid": [
0.2763408376178658,
-0.16999884477088517,
0.3675782073982451
],
"r_ext_mouth": [
0.2560831861544941,
0.4698454810673659,
0.1785117955634495
],
"r_top_eyelid": [
0.2856913364199458,
-0.2679323848931139,
0.3774601769413954
],
"r_eye_int": [
0.17298016028201468,
-0.22978663698514182,
0.3879757256040051
],
"r_pupil": [
0.27960301790291375,
-0.22003161969260293,
0.3896363563753572
],
"l_shoulder": [
0.4978931256134286,
0.02400693087546783,
-0.03906536492637903
],
"l_elbow": [
0.7450694515163776,
0.9633982444562706,
-0.3151060254869523
],
"l_hip": [
0.35315396110807673,
1.9868138161012108,
0.1297475685122524
],
"l_knee": [
0.32830244113529905,
3.8391340334183908,
-0.22435953499024802
],
"l_ankle": [
0.32633327455954375,
5.4013837367319635,
1.0894707561923407
],
"l_body_wrist": [
0.8750295026689551,
1.942199676595478,
-1.2166170317410172
],
"r_shoulder": [
-0.4978931256134286,
-0.02400693087546783,
0.03906536492637903
],
"r_elbow": [
-0.9069026959511635,
0.9143703017804925,
-1.2644806947134621
],
"r_hip": [
-0.43374142557244744,
1.9882322538225,
0.33248964066786413
],
"r_knee": [
-0.3837003586519447,
3.7934940139330293,
-0.07280992417313596
],
"r_ankle": [
-0.3271659848787245,
5.346314040219058,
0.5548181138718202
],
"r_body_wrist": [
-0.6666569195764271,
0.1532161475822776,
-3.6328886983256625
],
"m_face_position": [
0.0352632999420166,
-0.19213855266571045,
-0.5385307520627975
],
"m_body_position": [
0.02179636061191559,
0.1740778684616089,
-0.5841253139078617
],
"m_face_scale": [
0.14653673596449043,
0.14653673596449043,
0.14653673596449043
],
"m_body_scale": [
0.37382178432198404,
0.37382178432198404,
0.37382178432198404
],
"l_hand_scale": null,
"r_hand_scale": [
0.24575463920046356,
0.24575463920046356,
0.24575463920046356
]
}
],
"framerate": 30,
"mirrorable": true,
"invalid": false
}