{
"label": "g",
"gestures": [
{
"l_hand_position": null,
"l_wrist": null,
"l_thumb_cmc": null,
"l_thumb_mcp": null,
"l_thumb_ip": null,
"l_thumb_tip": null,
"l_index_mcp": null,
"l_index_pip": null,
"l_index_dip": null,
"l_index_tip": null,
"l_middle_mcp": null,
"l_middle_pip": null,
"l_middle_dip": null,
"l_middle_tip": null,
"l_ring_mcp": null,
"l_ring_pip": null,
"l_ring_dip": null,
"l_ring_tip": null,
"l_pinky_mcp": null,
"l_pinky_pip": null,
"l_pinky_dip": null,
"l_pinky_tip": null,
"r_hand_position": [
-0.1317175030708313,
0.03432649374008179,
0.508170916698873
],
"r_wrist": [
-0.31580244157945425,
0.9457290579082845,
-0.07658568352090328
],
"r_thumb_cmc": [
0.03242563475956807,
0.7654533669861324,
0.025449718464344025
],
"r_thumb_mcp": [
0.28893061859012853,
0.38113082157558337,
0.06854813372244484
],
"r_thumb_ip": [
0.42230813739146833,
0.005020833555896593,
0.12491024817481848
],
"r_thumb_tip": [
0.4618764623715925,
-0.2945106881969267,
0.17791949528729936
],
"r_index_mcp": [
0.2148622897625266,
0.021334771540289205,
-0.031900482393118684
],
"r_index_pip": [
0.34464304363309284,
-0.4669900363714948,
0.10563998157506256
],
"r_index_dip": [
0.3992537568954598,
-0.7723764969988921,
0.1895621571649447
],
"r_index_tip": [
0.4461932711419131,
-1.0414841250214983,
0.24404704580759243
],
"r_middle_mcp": [
-0.0,
0.0,
-0.0
],
"r_middle_pip": [
0.06524960648646165,
-0.24390401567063527,
0.2738748656975909
],
"r_middle_dip": [
0.04724175870553198,
0.10612579519801502,
0.35302310821334
],
"r_middle_tip": [
0.03756993601501436,
0.4158481509213635,
0.330898855709584
],
"r_ring_mcp": [
-0.21498910952631747,
0.023677864444865852,
0.048761605582879196
],
"r_ring_pip": [
-0.1687669370274742,
-0.0763561126721993,
0.3096629351470734
],
"r_ring_dip": [
-0.15384689909003407,
0.33780762596797714,
0.28684030100907143
],
"r_ring_tip": [
-0.1286633991235101,
0.634691575647651,
0.189508978062452
],
"r_pinky_mcp": [
-0.4268535365024926,
0.09968983185497186,
0.10504352364414968
],
"r_pinky_pip": [
-0.3781167571453995,
0.020464352192332502,
0.2692715038090631
],
"r_pinky_dip": [
-0.33154205922386004,
0.3197651401898887,
0.23596535859147902
],
"r_pinky_tip": [
-0.28705457996982137,
0.5489010781686835,
0.1604909959427183
],
"l_hand_velocity": null,
"r_hand_velocity": null,
"m_nose_point": null,
"m_top_nose": null,
"m_eyebrows": null,
"m_forehead": null,
"m_top_chin": null,
"m_bot_up_lip": null,
"m_top_low_lip": null,
"m_bot_nose": null,
"m_chin": null,
"m_nose": null,
"l_eye_exterior": null,
"l_temple": null,
"l_mid_chin": null,
"l_up_lip": null,
"l_ext_nostril": null,
"l_mid_cheek": null,
"l_mid_eyebrow": null,
"l_ext_eyebrow": null,
"l_ext_lips": null,
"l_jaw_angle": null,
"l_mid_ext_face": null,
"l_int_eyebrow": null,
"l_mid_jaw": null,
"l_mid_bot_eyelid": null,
"l_ext_mouth": null,
"l_top_eyelid": null,
"l_eye_int": null,
"l_pupil": null,
"r_eye_exterior": null,
"r_temple": null,
"r_mid_chin": null,
"r_up_lip": null,
"r_ext_nostril": null,
"r_mid_cheek": null,
"r_mid_eyebrow": null,
"r_ext_eyebrow": null,
"r_ext_lips": null,
"r_jaw_angle": null,
"r_mid_ext_face": null,
"r_int_eyebrow": null,
"r_mid_jaw": null,
"r_mid_bot_eyelid": null,
"r_ext_mouth": null,
"r_top_eyelid": null,
"r_eye_int": null,
"r_pupil": null,
"l_shoulder": null,
"l_elbow": null,
"l_hip": null,
"l_knee": null,
"l_ankle": null,
"l_body_wrist": null,
"r_shoulder": null,
"r_elbow": null,
"r_hip": null,
"r_knee": null,
"r_ankle": null,
"r_body_wrist": null,
"m_face_position": null,
"m_body_position": null,
"m_face_scale": null,
"m_body_scale": null,
"l_hand_scale": null,
"r_hand_scale": [
-0.10668884690816624,
0.10668884690816624,
-0.10668884690816624
]
}
],
"framerate": 30,
"mirrorable": true,
"invalid": false
}