{
"label": "g",
"gestures": [
{
"l_hand_position": [
0.16075176000595093,
0.360249400138855,
-0.5367196314036846
],
"l_wrist": [
0.464378443021585,
0.8494819838523451,
0.2504656079527339
],
"l_thumb_cmc": [
0.0887768805023877,
0.8724211442783725,
0.1704404781336382
],
"l_thumb_mcp": [
-0.2504028034885167,
0.7402057774131554,
0.07512391066001836
],
"l_thumb_ip": [
-0.511028842809657,
0.6627604461607599,
-0.019515956968103633
],
"l_thumb_tip": [
-0.7503346886996201,
0.7065689124244717,
-0.11655751761352635
],
"l_index_mcp": [
-0.20030711833772233,
0.09468842749011282,
0.05991510672552842
],
"l_index_pip": [
-0.5151689585576629,
0.15422266582660446,
-0.1475099700535071
],
"l_index_dip": [
-0.684404676933699,
0.4341226251271187,
-0.30809951733513824
],
"l_index_tip": [
-0.7879962031815287,
0.6967457427703846,
-0.4035810638270602
],
"l_middle_mcp": [
0.0,
0.0,
0.0
],
"l_middle_pip": [
-0.29210888945831326,
0.17420727247272827,
-0.19241483211278013
],
"l_middle_dip": [
-0.40743121799203247,
0.5340781840633099,
-0.28687507144973884
],
"l_middle_tip": [
-0.4422186798153285,
0.804585939308567,
-0.3387157607044751
],
"l_ring_mcp": [
0.23689894367762934,
0.018548190173796934,
-0.07536147536423192
],
"l_ring_pip": [
-0.010892858796088806,
0.0692614571591411,
-0.25679814493591896
],
"l_ring_dip": [
-0.1478394961080842,
0.354437492474766,
-0.2997228267935394
],
"l_ring_tip": [
-0.21667771252346865,
0.6066763720428264,
-0.308898938192402
],
"l_pinky_mcp": [
0.5036101359399857,
0.11354642500948378,
-0.1548656075472175
],
"l_pinky_pip": [
0.3288251256220335,
0.20632559358251565,
-0.3152991839063476
],
"l_pinky_dip": [
0.2054063358287848,
0.42779068339487447,
-0.34552425484476523
],
"l_pinky_tip": [
0.12445473351571933,
0.6366191300211614,
-0.3450657948604438
],
"r_hand_position": [
-0.16188788414001465,
0.03446853160858154,
-0.5250849016010761
],
"r_wrist": [
-0.04792836610004072,
0.9886467368508908,
0.1424096255070769
],
"r_thumb_cmc": [
0.2037828583711898,
0.7103096198708506,
0.020006725950108602
],
"r_thumb_mcp": [
0.36138492227975527,
0.2549390463028338,
-0.03240904509196776
],
"r_thumb_ip": [
0.40322022057281787,
-0.14668130618949132,
-0.08995131812457291
],
"r_thumb_tip": [
0.3710492692156506,
-0.4556170845444633,
-0.1422715809674701
],
"r_index_mcp": [
0.20649617101996964,
-0.048617310984110776,
0.025252919847912524
],
"r_index_pip": [
0.23566161723945997,
-0.5448603180772033,
-0.1335435358460256
],
"r_index_dip": [
0.21742555746917336,
-0.8523356415600503,
-0.2245373018549519
],
"r_index_tip": [
0.21115602367150635,
-1.1278112347620264,
-0.28307566449631244
],
"r_middle_mcp": [
0.0,
0.0,
0.0
],
"r_middle_pip": [
0.07771609603358057,
-0.18059052369079803,
-0.27056540163244036
],
"r_middle_dip": [
0.1213331425030041,
0.2009252259812234,
-0.34169553479924
],
"r_middle_tip": [
0.16325134428162522,
0.5005776750522956,
-0.33027486060270855
],
"r_ring_mcp": [
-0.1864211765873654,
0.09816314100647708,
-0.042988143165838336
],
"r_ring_pip": [
-0.09649373551258728,
0.027934075672765898,
-0.31366705066740946
],
"r_ring_dip": [
-0.04170129918987411,
0.4130874272621513,
-0.2924563207803501
],
"r_ring_tip": [
-0.004186118448345127,
0.6852825802978125,
-0.20564156720672103
],
"r_pinky_mcp": [
-0.37356006049256607,
0.2251936140660075,
-0.09609835779255751
],
"r_pinky_pip": [
-0.28118510549515596,
0.1624515794321657,
-0.29235831701706483
],
"r_pinky_dip": [
-0.19559977677420248,
0.44706736651236306,
-0.28185190753499645
],
"r_pinky_tip": [
-0.1329411531982798,
0.6669656473314096,
-0.2259728856814093
],
"l_hand_velocity": null,
"r_hand_velocity": null,
"m_nose_point": null,
"m_top_nose": null,
"m_eyebrows": null,
"m_forehead": null,
"m_top_chin": null,
"m_bot_up_lip": null,
"m_top_low_lip": null,
"m_bot_nose": null,
"m_chin": null,
"m_nose": null,
"l_eye_exterior": null,
"l_temple": null,
"l_mid_chin": null,
"l_up_lip": null,
"l_ext_nostril": null,
"l_mid_cheek": null,
"l_mid_eyebrow": null,
"l_ext_eyebrow": null,
"l_ext_lips": null,
"l_jaw_angle": null,
"l_mid_ext_face": null,
"l_int_eyebrow": null,
"l_mid_jaw": null,
"l_mid_bot_eyelid": null,
"l_ext_mouth": null,
"l_top_eyelid": null,
"l_eye_int": null,
"l_pupil": null,
"r_eye_exterior": null,
"r_temple": null,
"r_mid_chin": null,
"r_up_lip": null,
"r_ext_nostril": null,
"r_mid_cheek": null,
"r_mid_eyebrow": null,
"r_ext_eyebrow": null,
"r_ext_lips": null,
"r_jaw_angle": null,
"r_mid_ext_face": null,
"r_int_eyebrow": null,
"r_mid_jaw": null,
"r_mid_bot_eyelid": null,
"r_ext_mouth": null,
"r_top_eyelid": null,
"r_eye_int": null,
"r_pupil": null,
"l_shoulder": [
0.46938223443721727,
-0.029025539978192818,
-0.169817066349939
],
"l_elbow": [
0.846255404381565,
0.7488711060306708,
-1.159459750630469
],
"l_hip": [
0.3406976467436908,
1.6360696964485908,
0.3921252478676592
],
"l_knee": [
0.2949981665816897,
3.0708613462443353,
0.3455405553296217
],
"l_ankle": [
0.3020752605428716,
4.306630055347596,
1.7152910594027848
],
"l_body_wrist": [
0.4970621652592014,
0.5557083756006468,
-2.633463664380233
],
"r_shoulder": [
-0.46938223443721727,
0.029025539978192818,
0.169817066349939
],
"r_elbow": [
-0.8781233377343214,
0.87343216185296,
-0.9861407438267675
],
"r_hip": [
-0.3504954601003362,
1.6565175446926093,
0.8453962033263119
],
"r_knee": [
-0.36610585026340114,
3.0661121035970758,
0.9430312069177024
],
"r_ankle": [
-0.30951766425679783,
4.248738856870548,
1.9234962481703053
],
"r_body_wrist": [
-0.6820289191881235,
0.1574988711355646,
-3.2093463915989022
],
"m_face_position": null,
"m_body_position": [
0.08997374773025513,
0.2110205590724945,
-0.7540425732731819
],
"m_face_scale": null,
"m_body_scale": [
0.41418656256962116,
0.41418656256962116,
0.41418656256962116
],
"l_hand_scale": [
0.14660317118915184,
0.14660317118915184,
0.14660317118915184
],
"r_hand_scale": [
0.1761462485152223,
0.1761462485152223,
0.1761462485152223
]
}
],
"framerate": 30,
"mirrorable": true,
"invalid": false
}