{
"label": "g",
"gestures": [
{
"l_hand_position": null,
"l_wrist": null,
"l_thumb_cmc": null,
"l_thumb_mcp": null,
"l_thumb_ip": null,
"l_thumb_tip": null,
"l_index_mcp": null,
"l_index_pip": null,
"l_index_dip": null,
"l_index_tip": null,
"l_middle_mcp": null,
"l_middle_pip": null,
"l_middle_dip": null,
"l_middle_tip": null,
"l_ring_mcp": null,
"l_ring_pip": null,
"l_ring_dip": null,
"l_ring_tip": null,
"l_pinky_mcp": null,
"l_pinky_pip": null,
"l_pinky_dip": null,
"l_pinky_tip": null,
"r_hand_position": [
-0.13414782285690308,
0.03085470199584961,
0.507869659923017
],
"r_wrist": [
-0.1846594423674286,
0.9798977414636548,
-0.0755069971524397
],
"r_thumb_cmc": [
0.12779126549563832,
0.7875028361910206,
0.01503291616091157
],
"r_thumb_mcp": [
0.342381447668393,
0.36456242717293236,
0.05601657931161798
],
"r_thumb_ip": [
0.4170138526018051,
-0.04068180938650015,
0.11191417748438438
],
"r_thumb_tip": [
0.39945436324490485,
-0.3537676075612801,
0.16817453632653256
],
"r_index_mcp": [
0.21269034424793634,
-0.012880237731113466,
-0.03684465202076033
],
"r_index_pip": [
0.2806024013624019,
-0.5310453045901798,
0.09711331698962651
],
"r_index_dip": [
0.28922087141869707,
-0.8560093790137489,
0.18019156879943632
],
"r_index_tip": [
0.29711017430035547,
-1.126326805890921,
0.23548090214894873
],
"r_middle_mcp": [
-0.0,
0.0,
-0.0
],
"r_middle_pip": [
0.10729680677384708,
-0.24068864806651916,
0.2650535279384569
],
"r_middle_dip": [
0.1299753356446092,
0.12913236120114677,
0.3361822131107613
],
"r_middle_tip": [
0.13573890175126765,
0.44528781020719177,
0.313045845890003
],
"r_ring_mcp": [
-0.21032955828958289,
0.061270059023303486,
0.05345697913183691
],
"r_ring_pip": [
-0.10153438445883513,
-0.06016344060532531,
0.31502814404383545
],
"r_ring_dip": [
-0.03663793402033803,
0.3554492672295307,
0.28670800585072176
],
"r_ring_tip": [
0.009699925058050594,
0.6531616478317627,
0.18885539734321258
],
"r_pinky_mcp": [
-0.4163178553849165,
0.170144154477659,
0.1127246968398777
],
"r_pinky_pip": [
-0.3087110810748709,
0.07893191773256453,
0.29061548406304005
],
"r_pinky_dip": [
-0.2180112629874035,
0.39059741263031666,
0.258033685425575
],
"r_pinky_tip": [
-0.15123556287372486,
0.6306609785620295,
0.18233197827665137
],
"l_hand_velocity": null,
"r_hand_velocity": null,
"m_nose_point": null,
"m_top_nose": null,
"m_eyebrows": null,
"m_forehead": null,
"m_top_chin": null,
"m_bot_up_lip": null,
"m_top_low_lip": null,
"m_bot_nose": null,
"m_chin": null,
"m_nose": null,
"l_eye_exterior": null,
"l_temple": null,
"l_mid_chin": null,
"l_up_lip": null,
"l_ext_nostril": null,
"l_mid_cheek": null,
"l_mid_eyebrow": null,
"l_ext_eyebrow": null,
"l_ext_lips": null,
"l_jaw_angle": null,
"l_mid_ext_face": null,
"l_int_eyebrow": null,
"l_mid_jaw": null,
"l_mid_bot_eyelid": null,
"l_ext_mouth": null,
"l_top_eyelid": null,
"l_eye_int": null,
"l_pupil": null,
"r_eye_exterior": null,
"r_temple": null,
"r_mid_chin": null,
"r_up_lip": null,
"r_ext_nostril": null,
"r_mid_cheek": null,
"r_mid_eyebrow": null,
"r_ext_eyebrow": null,
"r_ext_lips": null,
"r_jaw_angle": null,
"r_mid_ext_face": null,
"r_int_eyebrow": null,
"r_mid_jaw": null,
"r_mid_bot_eyelid": null,
"r_ext_mouth": null,
"r_top_eyelid": null,
"r_eye_int": null,
"r_pupil": null,
"l_shoulder": null,
"l_elbow": null,
"l_hip": null,
"l_knee": null,
"l_ankle": null,
"l_body_wrist": null,
"r_shoulder": null,
"r_elbow": null,
"r_hip": null,
"r_knee": null,
"r_ankle": null,
"r_body_wrist": null,
"m_face_position": null,
"m_body_position": null,
"m_face_scale": null,
"m_body_scale": null,
"l_hand_scale": null,
"r_hand_scale": [
-0.10422290625805856,
0.10422290625805856,
-0.10422290625805856
]
}
],
"framerate": 30,
"mirrorable": true,
"invalid": false
}