{
"label": "g",
"gestures": [
{
"l_hand_position": [
0.30161088705062866,
0.053629934787750244,
-0.5226356070488691
],
"l_wrist": [
0.025631003612382602,
0.9930783932774535,
0.1146226699187096
],
"l_thumb_cmc": [
-0.2436173801038077,
0.7494975348938594,
0.001968211341304498
],
"l_thumb_mcp": [
-0.420072524064403,
0.3074217308141584,
-0.052227446448025225
],
"l_thumb_ip": [
-0.46773035061916346,
-0.03786608171633631,
-0.11075580456235389
],
"l_thumb_tip": [
-0.4950078499651426,
-0.32159517658101894,
-0.1661602916752514
],
"l_index_mcp": [
-0.21375830825380465,
-0.03443636017264118,
0.013115259106911376
],
"l_index_pip": [
-0.23865827379711838,
-0.5110662390603826,
-0.11364134115615147
],
"l_index_dip": [
-0.237863850924373,
-0.7817463647586654,
-0.1823145314215272
],
"l_index_tip": [
-0.21803376417798326,
-1.013180129182457,
-0.23054348146774775
],
"l_middle_mcp": [
0.0,
0.0,
0.0
],
"l_middle_pip": [
-0.10801193111832078,
-0.1741364674756295,
-0.21989992787182108
],
"l_middle_dip": [
-0.16893378242338336,
0.19299374840178432,
-0.26786143554848163
],
"l_middle_tip": [
-0.19335504178274032,
0.48426804956315717,
-0.2481294443315912
],
"l_ring_mcp": [
0.19606851504489112,
0.09927841066889555,
-0.030242323537947008
],
"l_ring_pip": [
0.06849452435001262,
0.035973290745596874,
-0.24286695873540026
],
"l_ring_dip": [
-0.030323591911232226,
0.39586798036713994,
-0.21023657498989162
],
"l_ring_tip": [
-0.07813927681038702,
0.6554707061257604,
-0.1314357192911312
],
"l_pinky_mcp": [
0.3802692820147537,
0.250122773787805,
-0.07167541337796526
],
"l_pinky_pip": [
0.2498091699258056,
0.19417210208537017,
-0.22933449179571827
],
"l_pinky_dip": [
0.11423933716333688,
0.4304495219234401,
-0.21793288613106063
],
"l_pinky_tip": [
0.04050379504647376,
0.6176336003196763,
-0.17042010890828482
],
"r_hand_position": null,
"r_wrist": null,
"r_thumb_cmc": null,
"r_thumb_mcp": null,
"r_thumb_ip": null,
"r_thumb_tip": null,
"r_index_mcp": null,
"r_index_pip": null,
"r_index_dip": null,
"r_index_tip": null,
"r_middle_mcp": null,
"r_middle_pip": null,
"r_middle_dip": null,
"r_middle_tip": null,
"r_ring_mcp": null,
"r_ring_pip": null,
"r_ring_dip": null,
"r_ring_tip": null,
"r_pinky_mcp": null,
"r_pinky_pip": null,
"r_pinky_dip": null,
"r_pinky_tip": null,
"l_hand_velocity": null,
"r_hand_velocity": null,
"m_nose_point": [
0.0,
0.0,
0.0
],
"m_top_nose": [
0.019047730657283313,
-0.27595850873041233,
0.23728614063801387
],
"m_eyebrows": [
0.028033961711716914,
-0.48997706878643815,
0.33547980957953255
],
"m_forehead": [
0.03746985052276089,
-0.7475504200077248,
0.4907022641085802
],
"m_top_chin": [
-0.005452914896285956,
0.6661486197303723,
0.07402119158141311
],
"m_bot_up_lip": [
0.003255945748499397,
0.3983346593061731,
0.06341057697245818
],
"m_top_low_lip": [
0.0064780857055145,
0.48610284362259953,
0.07320317034161487
],
"m_bot_nose": [
-0.01565045226245801,
0.08409475740803056,
0.07018133224476104
],
"m_chin": [
-0.009718554103695785,
0.9976740744923428,
0.0674684429343147
],
"m_nose": [
0.015037060431429728,
-0.2304691506000609,
0.17687239107706815
],
"l_eye_exterior": [
-0.3399828084640865,
-0.22539909647480189,
0.4239300091926452
],
"l_temple": [
-0.4890215460536411,
-0.33658267897841315,
0.7383403274093808
],
"l_mid_chin": [
-0.19852043750459344,
0.7872114356719029,
0.08911219363344164
],
"l_up_lip": [
-0.11708086027350403,
0.33018849680357054,
0.07162652983071463
],
"l_ext_nostril": [
-0.14593837994162145,
0.05043661169979702,
0.12133640611018831
],
"l_mid_cheek": [
-0.367591550340748,
0.11171673649220092,
0.29228185025322595
],
"l_mid_eyebrow": [
-0.3147292712772797,
-0.5031465628877069,
0.38180386910395187
],
"l_ext_eyebrow": [
-0.3844233724610397,
-0.46151218505796965,
0.4140468682328939
],
"l_ext_lips": [
-0.25840332413209527,
0.47959889445010606,
0.16822409702067814
],
"l_jaw_angle": [
-0.47556236075727354,
0.6140074630021202,
0.5734368475327336
],
"l_mid_ext_face": [
-0.5232089764128848,
0.2969985409424598,
0.7546709684884506
],
"l_int_eyebrow": [
-0.1034607919935666,
-0.54516441243651,
0.3389233609242604
],
"l_mid_jaw": [
-0.38953680389705864,
0.8057223466523633,
0.3472603451346344
],
"l_mid_bot_eyelid": [
-0.24751826657284504,
-0.20356259166941057,
0.3790847048480229
],
"l_ext_mouth": [
-0.16826975265849975,
0.5347603746331989,
0.12743085463154313
],
"l_top_eyelid": [
-0.2605707641246696,
-0.3228243327923442,
0.38978817083080236
],
"l_eye_int": [
-0.13506757783661158,
-0.27336869999363056,
0.4016637533542434
],
"l_pupil": [
-0.2433715585836691,
-0.25969833032515927,
0.40176052497798403
],
"r_eye_exterior": [
0.4214531367464659,
-0.23250747690708684,
0.46179850331077055
],
"r_temple": [
0.5481047016982584,
-0.3563674166199233,
0.7547907652164062
],
"r_mid_chin": [
0.1872466133432738,
0.7825800422385546,
0.09508774912081498
],
"r_up_lip": [
0.1272291144978737,
0.3299280292896644,
0.07680682189273774
],
"r_ext_nostril": [
0.17430266089302227,
0.0714676833406077,
0.1669050347485835
],
"r_mid_cheek": [
0.40498808709884415,
0.10641370751478509,
0.3051380393812892
],
"r_mid_eyebrow": [
0.42868839072149006,
-0.4469062502926378,
0.42549292882883905
],
"r_ext_eyebrow": [
0.36142423353767344,
-0.48951967235466876,
0.3903378204164416
],
"r_ext_lips": [
0.22754230219516766,
0.5520526479254545,
0.1490130395876695
],
"r_jaw_angle": [
0.5070933890434983,
0.6123424259468455,
0.590780669565769
],
"r_mid_ext_face": [
0.567016801890912,
0.2866325855669052,
0.7696130264998355
],
"r_int_eyebrow": [
0.1581349392909853,
-0.5417363829903947,
0.34152321211943115
],
"r_mid_jaw": [
0.4011350414670197,
0.8026851203017804,
0.3602662388063687
],
"r_mid_bot_eyelid": [
0.2902760760213962,
-0.21287262518444677,
0.3866352971076945
],
"r_ext_mouth": [
0.2622498529848384,
0.48146269326736063,
0.17693575147993293
],
"r_top_eyelid": [
0.3021708270395569,
-0.3162566413744617,
0.39820432372454695
],
"r_eye_int": [
0.18770726816458388,
-0.2566894112337108,
0.4063594872529355
],
"r_pupil": [
0.2891600776037219,
-0.26239362942331973,
0.4094349487682846
],
"l_shoulder": [
0.44235441354611527,
0.043929706725025865,
0.2288946344572665
],
"l_elbow": [
0.7770085215481596,
1.001375780406224,
-1.0335279466738925
],
"l_hip": [
0.34396900030579497,
1.7831140401158792,
0.12216352070783697
],
"l_knee": [
0.29541362759416745,
3.3651492320897014,
-0.03430542979250966
],
"l_ankle": [
0.30756686624297797,
4.722842258949822,
0.955310588169604
],
"l_body_wrist": [
0.7565088989986909,
0.3685109182832776,
-3.1463449181024856
],
"r_shoulder": [
-0.44235441354611527,
-0.043929706725025865,
-0.2288946344572665
],
"r_elbow": [
-0.7402298633242477,
0.8487817435692344,
-1.1811538941098343
],
"r_hip": [
-0.29846232087472685,
1.7827971824284476,
0.001096641860295649
],
"r_knee": [
-0.3618628066303744,
3.3053141032916367,
-0.32042662359081175
],
"r_ankle": [
-0.3312382908815539,
4.665763823497921,
0.22275844698891697
],
"r_body_wrist": [
-0.6474643868600746,
0.829659995710195,
-2.9531372459937155
],
"m_face_position": [
0.018728017807006836,
-0.19873040914535522,
-0.5392525047063828
],
"m_body_position": [
-0.009576857089996338,
0.15540811419487,
-0.5208686590194702
],
"m_face_scale": [
0.14634136043393012,
0.14634136043393012,
0.14634136043393012
],
"m_body_scale": [
0.37885700533495337,
0.37885700533495337,
0.37885700533495337
],
"l_hand_scale": [
0.19747596705855697,
0.19747596705855697,
0.19747596705855697
],
"r_hand_scale": null
}
],
"framerate": 30,
"mirrorable": true,
"invalid": false
}