{
"label": "g",
"gestures": [
{
"l_hand_position": null,
"l_wrist": null,
"l_thumb_cmc": null,
"l_thumb_mcp": null,
"l_thumb_ip": null,
"l_thumb_tip": null,
"l_index_mcp": null,
"l_index_pip": null,
"l_index_dip": null,
"l_index_tip": null,
"l_middle_mcp": null,
"l_middle_pip": null,
"l_middle_dip": null,
"l_middle_tip": null,
"l_ring_mcp": null,
"l_ring_pip": null,
"l_ring_dip": null,
"l_ring_tip": null,
"l_pinky_mcp": null,
"l_pinky_pip": null,
"l_pinky_dip": null,
"l_pinky_tip": null,
"r_hand_position": [
-0.26005667448043823,
0.07124394178390503,
-0.524375120177865
],
"r_wrist": [
-0.030196555821993612,
0.990939970646732,
0.13086688882655934
],
"r_thumb_cmc": [
0.20495253848570147,
0.6816638391265962,
0.021976540963101147
],
"r_thumb_mcp": [
0.32029271267280274,
0.2883783561296241,
-0.04321611445607997
],
"r_thumb_ip": [
0.23423819271439159,
-0.054887061120755185,
-0.11482797204513509
],
"r_thumb_tip": [
0.0660170849626285,
-0.2467428091415574,
-0.18435166013325827
],
"r_index_mcp": [
0.2068607437205052,
-0.07326765684046936,
0.038350969125773765
],
"r_index_pip": [
0.21449356465972003,
-0.5762989414075985,
-0.10335380004508567
],
"r_index_dip": [
0.19935096569807417,
-0.8975620770846847,
-0.19750571195556194
],
"r_index_tip": [
0.18099517056626832,
-1.1644136829136835,
-0.26108345909266634
],
"r_middle_mcp": [
0.0,
0.0,
0.0
],
"r_middle_pip": [
0.035392438992578754,
-0.27397129460420094,
-0.23732789595710005
],
"r_middle_dip": [
0.10067182646777956,
-0.017921704841513855,
-0.327544194572216
],
"r_middle_tip": [
0.13955034809940625,
0.2214807702943539,
-0.3373681874540788
],
"r_ring_mcp": [
-0.1917419053221134,
0.11944443148023809,
-0.05368472261881779
],
"r_ring_pip": [
-0.13497247957911707,
0.013241913905111122,
-0.3060629253497388
],
"r_ring_dip": [
-0.031162178712488366,
0.35893362867188844,
-0.3176667204225574
],
"r_ring_tip": [
0.029234293011150957,
0.6071673531562181,
-0.25794366466252533
],
"r_pinky_mcp": [
-0.37725966309820436,
0.27520876393892946,
-0.11468034854565826
],
"r_pinky_pip": [
-0.3038750434850835,
0.19385195534173225,
-0.28968329706379503
],
"r_pinky_dip": [
-0.19503926348736875,
0.44568128506138877,
-0.28181319049962517
],
"r_pinky_tip": [
-0.12088006551254366,
0.6332844522729831,
-0.2349995207619916
],
"l_hand_velocity": null,
"r_hand_velocity": null,
"m_nose_point": [
0.0,
0.0,
0.0
],
"m_top_nose": [
-0.0012077451265687662,
-0.3073273758303536,
0.24211537976423328
],
"m_eyebrows": [
-0.007772890102623549,
-0.5506261000167827,
0.34323518914860257
],
"m_forehead": [
-0.012654193322505647,
-0.8126258385516197,
0.510359532895789
],
"m_top_chin": [
0.05153964809869415,
0.614896957069242,
0.04701208073630844
],
"m_bot_up_lip": [
0.037243621546157346,
0.3929109960674258,
0.07129088927529065
],
"m_top_low_lip": [
0.04286226191758595,
0.4293676141316506,
0.06058280382968303
],
"m_bot_nose": [
-0.0069493479547241225,
0.08456710142221018,
0.07452427404569725
],
"m_chin": [
0.07579475846846957,
0.9963774769324409,
0.03856265097797992
],
"m_nose": [
-0.00274937051819984,
-0.25387655858662717,
0.17930905213357431
],
"l_eye_exterior": [
-0.34380127865273036,
-0.23335670633293545,
0.4768311087535247
],
"l_temple": [
-0.5126492984128116,
-0.38429049643213425,
0.8258124133649267
],
"l_mid_chin": [
-0.13842640782378152,
0.7781978822289793,
0.08610953361821701
],
"l_up_lip": [
-0.08713749811549457,
0.32927114208471736,
0.08913660893748522
],
"l_ext_nostril": [
-0.14627018731426888,
0.0548331603070709,
0.14349789808193714
],
"l_mid_cheek": [
-0.36880729142728547,
0.11310423713113003,
0.34899838424979746
],
"l_mid_eyebrow": [
-0.34775358082054525,
-0.507605212154131,
0.4280590184581112
],
"l_ext_eyebrow": [
-0.4117001845618496,
-0.45999139210000634,
0.4707231483655199
],
"l_ext_lips": [
-0.21989187973254262,
0.49733719063422666,
0.1925722528506033
],
"l_jaw_angle": [
-0.4302657651723326,
0.6104077334266806,
0.6491345349085027
],
"l_mid_ext_face": [
-0.4961430107608911,
0.2710558578344399,
0.8452583132719222
],
"l_int_eyebrow": [
-0.1479282113304171,
-0.5864431820293842,
0.36012646607159243
],
"l_mid_jaw": [
-0.33769910264186026,
0.8100530351198585,
0.3907802940842829
],
"l_mid_bot_eyelid": [
-0.2554984815256225,
-0.22229686785414476,
0.4212302125469865
],
"l_ext_mouth": [
-0.1281452586394579,
0.5290304356639354,
0.13497622514535157
],
"l_top_eyelid": [
-0.2689451481902354,
-0.31914774366783144,
0.4306620291926871
],
"l_eye_int": [
-0.14887646629029916,
-0.2988720659723373,
0.432801059037946
],
"l_pupil": [
-0.26376103351108315,
-0.2736964875323672,
0.4435159544594711
],
"r_eye_exterior": [
0.44118535643624457,
-0.33205508211922113,
0.4234938868309759
],
"r_temple": [
0.5874835494346078,
-0.466474051584627,
0.7170322647976844
],
"r_mid_chin": [
0.26890182689765196,
0.7606280349646946,
0.049385849630963624
],
"r_up_lip": [
0.15970941496904423,
0.3111420563161736,
0.06057625367212385
],
"r_ext_nostril": [
0.19086048745823891,
0.043870685339389474,
0.1524906217021155
],
"r_mid_cheek": [
0.4421222340869633,
0.052911926619317214,
0.2635563564713407
],
"r_mid_eyebrow": [
0.43753542813888585,
-0.5590100828981212,
0.3894549059400072
],
"r_ext_eyebrow": [
0.3609446956177972,
-0.5990435519277709,
0.3617461668798918
],
"r_ext_lips": [
0.28263642700185987,
0.5195233810915322,
0.10371468882992926
],
"r_jaw_angle": [
0.626033811179292,
0.5378412864333058,
0.5452153416812927
],
"r_mid_ext_face": [
0.6619869833130395,
0.19199384248643206,
0.7284608539001509
],
"r_int_eyebrow": [
0.13576236712430664,
-0.640598298469202,
0.3357821354450428
],
"r_mid_jaw": [
0.5275535734167724,
0.7631713011515125,
0.31153747592686365
],
"r_mid_bot_eyelid": [
0.29146740685667305,
-0.2938844286706595,
0.36072969592630627
],
"r_ext_mouth": [
0.314034299582136,
0.456505122019074,
0.1326240485237359
],
"r_top_eyelid": [
0.31400148042108794,
-0.4045162890028353,
0.3702076918665316
],
"r_eye_int": [
0.18516133074503904,
-0.3465825931543503,
0.3922694361675379
],
"r_pupil": [
0.3096325937023696,
-0.35890421897823555,
0.3838929469946387
],
"l_shoulder": [
0.40648846747999356,
-0.015183324789831792,
-0.29075177119682805
],
"l_elbow": [
0.7219493443873197,
0.6776439559120346,
-1.073710304096442
],
"l_hip": [
0.29446441911564597,
1.4598776990595232,
0.40947785165370865
],
"l_knee": [
0.2468381214409785,
2.7262272510921632,
0.23063701355067542
],
"l_ankle": [
0.2317253108923176,
3.8311773987033457,
1.397966449645974
],
"l_body_wrist": [
0.3480898318980453,
0.6194498052711194,
-2.3833849758432026
],
"r_shoulder": [
-0.40648846747999356,
0.015183324789831792,
0.29075177119682805
],
"r_elbow": [
-0.7555149497718068,
0.7848228048122659,
-0.6251096381508189
],
"r_hip": [
-0.30287818600219324,
1.4782185231300635,
0.8566115479733855
],
"r_knee": [
-0.3319825734396343,
2.7188357817435294,
0.6576456140105262
],
"r_ankle": [
-0.2997834437602904,
3.7695256976508964,
1.7248360093890196
],
"r_body_wrist": [
-0.7296726566797508,
0.17765907283125468,
-2.8456267457314075
],
"m_face_position": [
0.06544637680053711,
-0.14827919006347656,
-0.5367749333381653
],
"m_body_position": [
0.10086911916732788,
0.20408108830451965,
-0.79472216963768
],
"m_face_scale": [
0.13621153665711883,
0.13621153665711883,
0.13621153665711883
],
"m_body_scale": [
0.46871064595093653,
0.46871064595093653,
0.46871064595093653
],
"l_hand_scale": null,
"r_hand_scale": [
0.1862600994448141,
0.1862600994448141,
0.1862600994448141
]
}
],
"framerate": 30,
"mirrorable": true,
"invalid": false
}