{
"label": "g",
"gestures": [
{
"l_hand_position": null,
"l_wrist": null,
"l_thumb_cmc": null,
"l_thumb_mcp": null,
"l_thumb_ip": null,
"l_thumb_tip": null,
"l_index_mcp": null,
"l_index_pip": null,
"l_index_dip": null,
"l_index_tip": null,
"l_middle_mcp": null,
"l_middle_pip": null,
"l_middle_dip": null,
"l_middle_tip": null,
"l_ring_mcp": null,
"l_ring_pip": null,
"l_ring_dip": null,
"l_ring_tip": null,
"l_pinky_mcp": null,
"l_pinky_pip": null,
"l_pinky_dip": null,
"l_pinky_tip": null,
"r_hand_position": [
-0.1351580023765564,
0.023467063903808594,
0.5057140518911183
],
"r_wrist": [
-0.1588111880208136,
0.9859647234470433,
-0.05150311327884136
],
"r_thumb_cmc": [
0.12407233190508613,
0.7121282842948414,
0.1114337801637495
],
"r_thumb_mcp": [
0.26821156173530064,
0.3037122207332789,
0.17726015721239935
],
"r_thumb_ip": [
0.307029125525251,
-0.11155738258066264,
0.24197294149880275
],
"r_thumb_tip": [
0.2617684714907069,
-0.42465192033483584,
0.2957638201819351
],
"r_index_mcp": [
0.20284371695745548,
-0.061085524062456466,
0.003947076073855168
],
"r_index_pip": [
0.17695155199971394,
-0.5614030590249142,
0.16109776767759415
],
"r_index_dip": [
0.11770714110895952,
-0.8822518153270189,
0.26581927219117674
],
"r_index_tip": [
0.058503560273953384,
-1.1502675539660006,
0.32996943442649607
],
"r_middle_mcp": [
-0.0,
0.0,
-0.0
],
"r_middle_pip": [
-0.08437799639169899,
-0.2385839839141671,
0.31000276488657214
],
"r_middle_dip": [
-0.06416550708357344,
0.12174501872743416,
0.4139557510482085
],
"r_middle_tip": [
-0.011163259584125158,
0.44467154135330833,
0.39655083173300437
],
"r_ring_mcp": [
-0.18311312975467478,
0.08970954209230335,
0.019979559044570626
],
"r_ring_pip": [
-0.25631013772225264,
0.025170654893663404,
0.3067308537415595
],
"r_ring_dip": [
-0.19170302135150702,
0.38099008532538226,
0.30637809011845796
],
"r_ring_tip": [
-0.1064380457224342,
0.6402679234154441,
0.21391685074109928
],
"r_pinky_mcp": [
-0.3252264366871687,
0.22092229861515778,
0.052729393768553956
],
"r_pinky_pip": [
-0.36830698063978495,
0.21330588150537663,
0.23348546081482596
],
"r_pinky_dip": [
-0.30943380091379447,
0.4715420159362817,
0.22091928924530052
],
"r_pinky_tip": [
-0.23811443827306186,
0.6543027178413398,
0.15187625257855722
],
"l_hand_velocity": null,
"r_hand_velocity": null,
"m_nose_point": null,
"m_top_nose": null,
"m_eyebrows": null,
"m_forehead": null,
"m_top_chin": null,
"m_bot_up_lip": null,
"m_top_low_lip": null,
"m_bot_nose": null,
"m_chin": null,
"m_nose": null,
"l_eye_exterior": null,
"l_temple": null,
"l_mid_chin": null,
"l_up_lip": null,
"l_ext_nostril": null,
"l_mid_cheek": null,
"l_mid_eyebrow": null,
"l_ext_eyebrow": null,
"l_ext_lips": null,
"l_jaw_angle": null,
"l_mid_ext_face": null,
"l_int_eyebrow": null,
"l_mid_jaw": null,
"l_mid_bot_eyelid": null,
"l_ext_mouth": null,
"l_top_eyelid": null,
"l_eye_int": null,
"l_pupil": null,
"r_eye_exterior": null,
"r_temple": null,
"r_mid_chin": null,
"r_up_lip": null,
"r_ext_nostril": null,
"r_mid_cheek": null,
"r_mid_eyebrow": null,
"r_ext_eyebrow": null,
"r_ext_lips": null,
"r_jaw_angle": null,
"r_mid_ext_face": null,
"r_int_eyebrow": null,
"r_mid_jaw": null,
"r_mid_bot_eyelid": null,
"r_ext_mouth": null,
"r_top_eyelid": null,
"r_eye_int": null,
"r_pupil": null,
"l_shoulder": null,
"l_elbow": null,
"l_hip": null,
"l_knee": null,
"l_ankle": null,
"l_body_wrist": null,
"r_shoulder": null,
"r_elbow": null,
"r_hip": null,
"r_knee": null,
"r_ankle": null,
"r_body_wrist": null,
"m_face_position": null,
"m_body_position": null,
"m_face_scale": null,
"m_body_scale": null,
"l_hand_scale": null,
"r_hand_scale": [
-0.1109465299498276,
0.1109465299498276,
-0.1109465299498276
]
}
],
"framerate": 30,
"mirrorable": true,
"invalid": false
}