{
"label": "g",
"gestures": [
{
"l_hand_position": null,
"l_wrist": null,
"l_thumb_cmc": null,
"l_thumb_mcp": null,
"l_thumb_ip": null,
"l_thumb_tip": null,
"l_index_mcp": null,
"l_index_pip": null,
"l_index_dip": null,
"l_index_tip": null,
"l_middle_mcp": null,
"l_middle_pip": null,
"l_middle_dip": null,
"l_middle_tip": null,
"l_ring_mcp": null,
"l_ring_pip": null,
"l_ring_dip": null,
"l_ring_tip": null,
"l_pinky_mcp": null,
"l_pinky_pip": null,
"l_pinky_dip": null,
"l_pinky_tip": null,
"r_hand_position": [
-0.23277252912521362,
0.04841172695159912,
-0.5301897265017033
],
"r_wrist": [
-0.02183612066684399,
0.9918068340010818,
0.1258665478313191
],
"r_thumb_cmc": [
0.1908488029472088,
0.7961579661086606,
0.017828225789509537
],
"r_thumb_mcp": [
0.3633067171803808,
0.36490011210835255,
-0.026339645049831613
],
"r_thumb_ip": [
0.44762630905537754,
0.007690143393794928,
-0.07055717746397576
],
"r_thumb_tip": [
0.4946623979315623,
-0.29016561575179967,
-0.1091857286883044
],
"r_index_mcp": [
0.17953251813280197,
0.007518677002606455,
0.014562971421946139
],
"r_index_pip": [
0.2473842541462431,
-0.40155179873093744,
-0.10822354441289524
],
"r_index_dip": [
0.2771428675920432,
-0.667760950362537,
-0.16872704474410147
],
"r_index_tip": [
0.3072928717133822,
-0.8929309880242647,
-0.20624146824148137
],
"r_middle_mcp": [
0.0,
0.0,
0.0
],
"r_middle_pip": [
0.18346282602126124,
-0.08550283422520527,
-0.2205523266022892
],
"r_middle_dip": [
0.19230850379045675,
0.2742137743269149,
-0.2543132203329949
],
"r_middle_tip": [
0.16713984683515912,
0.5367491964017974,
-0.2222380710920369
],
"r_ring_mcp": [
-0.1665290288793022,
0.06275172913465699,
-0.0298306634991265
],
"r_ring_pip": [
0.04140789096193527,
0.05706948203188071,
-0.2617069008214451
],
"r_ring_dip": [
0.04517741804590332,
0.4303520641512037,
-0.22309586898925968
],
"r_ring_tip": [
0.02419030451745849,
0.6709221445108103,
-0.13133997853003185
],
"r_pinky_mcp": [
-0.32694347927311773,
0.17398048608652245,
-0.0676381951246322
],
"r_pinky_pip": [
-0.12918209574085132,
0.16222733472760933,
-0.24371678373405942
],
"r_pinky_dip": [
-0.08736951924550965,
0.4462209059026726,
-0.22745739000135634
],
"r_pinky_tip": [
-0.0897959550573387,
0.6396700339475571,
-0.16948774047848816
],
"l_hand_velocity": null,
"r_hand_velocity": null,
"m_nose_point": [
0.0,
0.0,
0.0
],
"m_top_nose": [
0.04977390871712948,
-0.313501426756149,
0.2340059429933354
],
"m_eyebrows": [
0.07983486379100567,
-0.5580307709234428,
0.32508166861747023
],
"m_forehead": [
0.1198927000950312,
-0.8792674324691909,
0.47486943627795075
],
"m_top_chin": [
-0.04765714303094129,
0.6376205274849512,
0.0829931987285986
],
"m_bot_up_lip": [
-0.015801282454644336,
0.41751227017142717,
0.08646547836036496
],
"m_top_low_lip": [
-0.016772977039288182,
0.4333441227927794,
0.08959048635728796
],
"m_bot_nose": [
-0.0186451813918132,
0.08596090684093445,
0.07929793429601069
],
"m_chin": [
-0.08343515599586133,
0.992523786088605,
0.0890792276138901
],
"m_nose": [
0.03976785643696777,
-0.25998660306730753,
0.17316101769630063
],
"l_eye_exterior": [
-0.30786865518188544,
-0.2812169287709406,
0.4669349222141246
],
"l_temple": [
-0.4228797363703329,
-0.4854854725631018,
0.8027863889139585
],
"l_mid_chin": [
-0.2504502395627793,
0.7627942238787715,
0.1240973535777853
],
"l_up_lip": [
-0.13499523588206647,
0.3093434473672078,
0.10387215857863281
],
"l_ext_nostril": [
-0.15029866133603936,
0.024442813507965733,
0.141059169633474
],
"l_mid_cheek": [
-0.3822046010571415,
0.04065460962983039,
0.3495206506190506
],
"l_mid_eyebrow": [
-0.25447589380154195,
-0.5662900657137487,
0.4089233088869267
],
"l_ext_eyebrow": [
-0.3242123397372613,
-0.534395337354066,
0.4520647196940693
],
"l_ext_lips": [
-0.29066136341701154,
0.4325667671250643,
0.22301195913931526
],
"l_jaw_angle": [
-0.49689840758682763,
0.5551566293570664,
0.6741636953456949
],
"l_mid_ext_face": [
-0.5149007420444405,
0.20942638599078423,
0.8526913126312646
],
"l_int_eyebrow": [
-0.04992588611733445,
-0.5962075593624314,
0.33950621542598697
],
"l_mid_jaw": [
-0.424623982739352,
0.757030000587664,
0.4294218339301978
],
"l_mid_bot_eyelid": [
-0.2269747534727848,
-0.24814634078467201,
0.41182827992053206
],
"l_ext_mouth": [
-0.19573204309731482,
0.4928214391396624,
0.1742005125435359
],
"l_top_eyelid": [
-0.21959009298782523,
-0.363313766539997,
0.4202245945651894
],
"l_eye_int": [
-0.10954513538107556,
-0.29914130930344834,
0.4245289695694322
],
"l_pupil": [
-0.2132299698042474,
-0.300304940863351,
0.4343815705306369
],
"r_eye_exterior": [
0.4652464936941391,
-0.18292074130503636,
0.43925753941533807
],
"r_temple": [
0.6308782772175248,
-0.3510819877651668,
0.7249438265589732
],
"r_mid_chin": [
0.13418862019764527,
0.8223617222174429,
0.0978750424773154
],
"r_up_lip": [
0.12258767864866588,
0.34218213880316367,
0.08456494201405174
],
"r_ext_nostril": [
0.18776109048656447,
0.08653955642504821,
0.16209432392903136
],
"r_mid_cheek": [
0.4333124608344034,
0.15259142383913157,
0.288896639556998
],
"r_mid_eyebrow": [
0.48090060263191825,
-0.4180420074888083,
0.3943278420927628
],
"r_ext_eyebrow": [
0.41083902113742704,
-0.4708886546767486,
0.3623857709168704
],
"r_ext_lips": [
0.2101332119167375,
0.5734738365317706,
0.15584961677217168
],
"r_jaw_angle": [
0.5018896423768926,
0.708306613813618,
0.6017164125823611
],
"r_mid_ext_face": [
0.5982861123402348,
0.369013137406017,
0.7707742383603674
],
"r_int_eyebrow": [
0.20447336390910414,
-0.5475652927093282,
0.3224017158466683
],
"r_mid_jaw": [
0.3589313147840864,
0.8879417172725564,
0.37302655675439855
],
"r_mid_bot_eyelid": [
0.3321583994979781,
-0.18039520881829688,
0.36881456097267623
],
"r_ext_mouth": [
0.25788468574780604,
0.5096952977290866,
0.17989338042543257
],
"r_top_eyelid": [
0.3468901628345133,
-0.2815512353797248,
0.37769056793412636
],
"r_eye_int": [
0.22870720849178802,
-0.24975804364517903,
0.39621432162134873
],
"r_pupil": [
0.34035862835903763,
-0.2317816938292679,
0.3922363240889003
],
"l_shoulder": [
0.4992993322343948,
0.020065237300327762,
0.01725001688025162
],
"l_elbow": [
0.8391565873562816,
0.9996164140737623,
-0.44408930675780567
],
"l_hip": [
0.3443172882630771,
2.0090372855404706,
0.12161355790521304
],
"l_knee": [
0.31907741102623355,
3.745440342421271,
0.09379769486810917
],
"l_ankle": [
0.30513179856086303,
5.264141829576353,
1.1877366094756352
],
"l_body_wrist": [
0.908148309104496,
1.709529059944233,
-1.421492229453468
],
"r_shoulder": [
-0.4992993322343948,
-0.020065237300327762,
-0.01725001688025162
],
"r_elbow": [
-0.8399536955930625,
0.9586863101174615,
-1.4146090533431648
],
"r_hip": [
-0.3805392462078884,
2.003915415229838,
0.4105173924798931
],
"r_knee": [
-0.3855250630349825,
3.633331576504687,
0.16467838665917395
],
"r_ankle": [
-0.3758893467356773,
5.1842908664634555,
1.0195668535306317
],
"r_body_wrist": [
-0.7906016202003443,
0.545454759309897,
-4.3687306041823355
],
"m_face_position": [
0.024182796478271484,
-0.17782238125801086,
-0.5385700017213821
],
"m_body_position": [
0.0053434669971466064,
0.16843804717063904,
-0.589268371462822
],
"m_face_scale": [
0.13648355843606277,
0.13648355843606277,
0.13648355843606277
],
"m_body_scale": [
0.34281102786780554,
0.34281102786780554,
0.34281102786780554
],
"l_hand_scale": null,
"r_hand_scale": [
0.2398557793743561,
0.2398557793743561,
0.2398557793743561
]
}
],
"framerate": 30,
"mirrorable": true,
"invalid": false
}