{
"label": "c",
"gestures": [
{
"l_hand_position": [
0.192360520362854,
-0.110298752784729,
-0.5175075195729733
],
"l_wrist": [
0.1731051926828069,
0.9806579293549125,
0.09134887990327976
],
"l_thumb_cmc": [
-0.08749878891472049,
0.8897298337825201,
0.010651692920959748
],
"l_thumb_mcp": [
-0.31648298950996856,
0.6345221820230196,
-0.056152661265763494
],
"l_thumb_ip": [
-0.5106774696124459,
0.5115644182464969,
-0.1313105177924305
],
"l_thumb_tip": [
-0.6813737197569082,
0.4789522623875357,
-0.2103473945669263
],
"l_index_mcp": [
-0.10439559578192192,
0.025412851018861794,
0.03359686768314449
],
"l_index_pip": [
-0.13706497413340252,
-0.3827006090599943,
-0.04352411004854695
],
"l_index_dip": [
-0.12918319777246692,
-0.6308164036487729,
-0.11648324478002275
],
"l_index_tip": [
-0.11295844420056148,
-0.8328778880013452,
-0.17129026393314634
],
"l_middle_mcp": [
0.0,
0.0,
0.0
],
"l_middle_pip": [
-0.04994341828078016,
-0.45726944710387996,
-0.06277859439837975
],
"l_middle_dip": [
-0.05211165316037466,
-0.7539813657168232,
-0.12134107286694558
],
"l_middle_tip": [
-0.038534994826528196,
-0.9935892796888797,
-0.1642850568546974
],
"l_ring_mcp": [
0.10957920722384405,
0.04536608536693741,
-0.05035291674287225
],
"l_ring_pip": [
0.04998353622390519,
-0.3899349004784004,
-0.10452500724768085
],
"l_ring_dip": [
0.01741709616059811,
-0.6637342644541829,
-0.15218889445587527
],
"l_ring_tip": [
0.0023700685624483205,
-0.879037391216327,
-0.1865257525664416
],
"l_pinky_mcp": [
0.22395888398317587,
0.15406409730516313,
-0.11409655759287875
],
"l_pinky_pip": [
0.1629394924900093,
-0.18523822704776674,
-0.16258202684465445
],
"l_pinky_dip": [
0.11203386555784282,
-0.41564366020178517,
-0.19073595965191928
],
"l_pinky_tip": [
0.07290207745335395,
-0.6170065014595484,
-0.21082715774045102
],
"r_hand_position": null,
"r_wrist": null,
"r_thumb_cmc": null,
"r_thumb_mcp": null,
"r_thumb_ip": null,
"r_thumb_tip": null,
"r_index_mcp": null,
"r_index_pip": null,
"r_index_dip": null,
"r_index_tip": null,
"r_middle_mcp": null,
"r_middle_pip": null,
"r_middle_dip": null,
"r_middle_tip": null,
"r_ring_mcp": null,
"r_ring_pip": null,
"r_ring_dip": null,
"r_ring_tip": null,
"r_pinky_mcp": null,
"r_pinky_pip": null,
"r_pinky_dip": null,
"r_pinky_tip": null,
"l_hand_velocity": null,
"r_hand_velocity": null,
"m_nose_point": [
0.0,
0.0,
0.0
],
"m_top_nose": [
0.012551881340678738,
-0.30743522910792614,
0.24420850168230707
],
"m_eyebrows": [
0.02116304526676561,
-0.5435438335943693,
0.34573006218218333
],
"m_forehead": [
0.03229603395948196,
-0.8390017472456669,
0.5059587989755676
],
"m_top_chin": [
-0.022828937016088676,
0.6356215378281587,
0.059897760978767665
],
"m_bot_up_lip": [
-0.019885681300969738,
0.38406061547319753,
0.07409112431496825
],
"m_top_low_lip": [
-0.01750538521650678,
0.45585892724718774,
0.07231307164843859
],
"m_bot_nose": [
-0.021525430809637838,
0.08269624566495547,
0.07410560396119309
],
"m_chin": [
-0.0316298575510676,
0.9979904037537584,
0.05490633958578275
],
"m_nose": [
0.01047943267634231,
-0.254960540460824,
0.18136639338085003
],
"l_eye_exterior": [
-0.3519991855871795,
-0.2595663074631124,
0.4446726681050333
],
"l_temple": [
-0.5447159525051146,
-0.4410894627337088,
0.7718204988516618
],
"l_mid_chin": [
-0.22643236961781016,
0.7753603779663837,
0.08095429351717508
],
"l_up_lip": [
-0.14391596453942934,
0.30645444435507796,
0.07981686659928171
],
"l_ext_nostril": [
-0.16295855857927657,
0.03164247794310792,
0.12787079812071345
],
"l_mid_cheek": [
-0.40911862923340886,
0.06582142932217784,
0.3109373491646545
],
"l_mid_eyebrow": [
-0.3161545678229301,
-0.565371026992257,
0.3984126633369945
],
"l_ext_eyebrow": [
-0.3885579823224252,
-0.522357688502887,
0.4332683550687089
],
"l_ext_lips": [
-0.28924383543837023,
0.4571058670536007,
0.17735499613672873
],
"l_jaw_angle": [
-0.5324313530387185,
0.5740205028227521,
0.6073729030347345
],
"l_mid_ext_face": [
-0.5847751051184022,
0.23153821965469643,
0.7966174845925749
],
"l_int_eyebrow": [
-0.10221300586288924,
-0.6168405915590046,
0.35051428237303744
],
"l_mid_jaw": [
-0.43644200336485867,
0.7838313653951655,
0.365304980414419
],
"l_mid_bot_eyelid": [
-0.2597369081198003,
-0.25367213365199287,
0.39686578498336866
],
"l_ext_mouth": [
-0.19694189388172145,
0.5045758941642827,
0.13206796584543726
],
"l_top_eyelid": [
-0.25944077963513984,
-0.28514468703084356,
0.406536773093034
],
"l_eye_int": [
-0.15092140894252828,
-0.2955763425087475,
0.41915979907678824
],
"l_pupil": [
-0.25662057274241407,
-0.27831795639360135,
0.42012848459217816
],
"r_eye_exterior": [
0.4194040233821311,
-0.22056839460193003,
0.4805874304589711
],
"r_temple": [
0.5582981987102286,
-0.39522177468386105,
0.7885523779863757
],
"r_mid_chin": [
0.1720975253296214,
0.7922656184685442,
0.08524910025710374
],
"r_up_lip": [
0.11317291489333825,
0.3141066838502436,
0.08391798694306468
],
"r_ext_nostril": [
0.17346819005085826,
0.06334602956912529,
0.17464004838431255
],
"r_mid_cheek": [
0.41136077709785895,
0.1027592885469205,
0.319172750073159
],
"r_mid_eyebrow": [
0.44062971988081123,
-0.463689429779923,
0.43997912176882165
],
"r_ext_eyebrow": [
0.3732043739487941,
-0.5147971722141573,
0.4026581998410335
],
"r_ext_lips": [
0.2195172962362857,
0.5499739233389155,
0.1509883139226528
],
"r_jaw_angle": [
0.49642943110225213,
0.6237750462568767,
0.6244228836581075
],
"r_mid_ext_face": [
0.5624304756468611,
0.2831995691076283,
0.8122054153344904
],
"r_int_eyebrow": [
0.16375454473439144,
-0.5924054842916409,
0.3511754655571457
],
"r_mid_jaw": [
0.3881135642312909,
0.8221745954192559,
0.3779492892244824
],
"r_mid_bot_eyelid": [
0.28023310088572084,
-0.23338417735473774,
0.4015941007813566
],
"r_ext_mouth": [
0.260037769251476,
0.4833560571333356,
0.18305152559393098
],
"r_top_eyelid": [
0.2878440987426119,
-0.268084846726189,
0.4117622210638649
],
"r_eye_int": [
0.17743775407582799,
-0.27502944281052205,
0.42174009175341703
],
"r_pupil": [
0.2971588495249469,
-0.25320562987478795,
0.42488651324397086
],
"l_shoulder": [
0.4844430130789671,
0.018016493207577998,
-0.12243517897840087
],
"l_elbow": [
0.9977953140888045,
1.0411199452232263,
-1.4524203559978548
],
"l_hip": [
0.42187334650082464,
1.9339199481676186,
-0.2967578471688348
],
"l_knee": [
0.37803039853775733,
3.699395949624262,
-0.7680117511737156
],
"l_ankle": [
0.37959151796335966,
5.2668837353092535,
0.1747554670438245
],
"l_body_wrist": [
0.6498335444833071,
-0.11976857874530135,
-3.128463854257031
],
"r_shoulder": [
-0.4844430130789671,
-0.018016493207577998,
0.12243517897840087
],
"r_elbow": [
-0.7579368681486747,
0.875955356479839,
-0.6488543590766527
],
"r_hip": [
-0.3016416356592612,
1.9412229655579687,
0.17020006180811048
],
"r_knee": [
-0.3460031942100058,
3.6634015715389863,
-0.2353757958988829
],
"r_ankle": [
-0.28440007877730616,
5.202352765573182,
0.08175574301049202
],
"r_body_wrist": [
-0.8553030474119745,
0.9988414739318379,
-3.000804572195677
],
"m_face_position": [
0.015594422817230225,
-0.20074892044067383,
-0.5369069166481495
],
"m_body_position": [
-0.007663056254386902,
0.11278659105300903,
-0.4752357015386224
],
"m_face_scale": [
0.13224074564230395,
0.13224074564230395,
0.13224074564230395
],
"m_body_scale": [
0.3550805834071583,
0.3550805834071583,
0.3550805834071583
],
"l_hand_scale": [
0.19165985534359697,
0.19165985534359697,
0.19165985534359697
],
"r_hand_scale": null
}
],
"framerate": 30,
"mirrorable": true,
"invalid": false
}