{
"label": "c",
"gestures": [
{
"l_hand_position": null,
"l_wrist": null,
"l_thumb_cmc": null,
"l_thumb_mcp": null,
"l_thumb_ip": null,
"l_thumb_tip": null,
"l_index_mcp": null,
"l_index_pip": null,
"l_index_dip": null,
"l_index_tip": null,
"l_middle_mcp": null,
"l_middle_pip": null,
"l_middle_dip": null,
"l_middle_tip": null,
"l_ring_mcp": null,
"l_ring_pip": null,
"l_ring_dip": null,
"l_ring_tip": null,
"l_pinky_mcp": null,
"l_pinky_pip": null,
"l_pinky_dip": null,
"l_pinky_tip": null,
"r_hand_position": [
-0.042296409606933594,
0.00548243522644043,
0.5018811905756593
],
"r_wrist": [
-0.3211884177646811,
0.9468946934755448,
-0.015114223819797254
],
"r_thumb_cmc": [
-0.04776528177341545,
0.8466879258431216,
-0.01006214705993152
],
"r_thumb_mcp": [
0.13874750057831542,
0.5732360574150781,
-0.004349681266467631
],
"r_thumb_ip": [
0.24107807416256674,
0.39756976994697907,
0.01976179215432011
],
"r_thumb_tip": [
0.3408581651088391,
0.2788894820882483,
0.047610934714599526
],
"r_index_mcp": [
0.0672520992700879,
0.03750732296978286,
-0.05926381217056614
],
"r_index_pip": [
0.19488541442879134,
-0.28163390867447763,
0.0011856993734373088
],
"r_index_dip": [
0.2942527160333555,
-0.48348262915637674,
0.06526124818000595
],
"r_index_tip": [
0.37972261684242825,
-0.6540975148019597,
0.11644573482441596
],
"r_middle_mcp": [
-0.0,
0.0,
-0.0
],
"r_middle_pip": [
0.15145346299541937,
-0.36610607561644015,
0.06158662391790511
],
"r_middle_dip": [
0.26918989030599827,
-0.5956708229251562,
0.12531608154459828
],
"r_middle_tip": [
0.3794115882143082,
-0.8058694289716666,
0.17288275034878695
],
"r_ring_mcp": [
-0.08265460087879145,
0.01787971653289902,
0.07170718331097746
],
"r_ring_pip": [
0.055137546176661036,
-0.3541909735216461,
0.13567430458073684
],
"r_ring_dip": [
0.16551032881502772,
-0.5704863632154394,
0.1855028746110171
],
"r_ring_tip": [
0.27180502092672737,
-0.7550822131601426,
0.2205489201801297
],
"r_pinky_mcp": [
-0.17517687829498327,
0.08551252059029321,
0.14915981392316935
],
"r_pinky_pip": [
-0.07983499108299347,
-0.22242449733245143,
0.20958980013025305
],
"r_pinky_dip": [
0.015181740719460525,
-0.40500213303048493,
0.24252887515971203
],
"r_pinky_tip": [
0.11752141290869149,
-0.5519223358132818,
0.2661100050379824
],
"l_hand_velocity": null,
"r_hand_velocity": null,
"m_nose_point": null,
"m_top_nose": null,
"m_eyebrows": null,
"m_forehead": null,
"m_top_chin": null,
"m_bot_up_lip": null,
"m_top_low_lip": null,
"m_bot_nose": null,
"m_chin": null,
"m_nose": null,
"l_eye_exterior": null,
"l_temple": null,
"l_mid_chin": null,
"l_up_lip": null,
"l_ext_nostril": null,
"l_mid_cheek": null,
"l_mid_eyebrow": null,
"l_ext_eyebrow": null,
"l_ext_lips": null,
"l_jaw_angle": null,
"l_mid_ext_face": null,
"l_int_eyebrow": null,
"l_mid_jaw": null,
"l_mid_bot_eyelid": null,
"l_ext_mouth": null,
"l_top_eyelid": null,
"l_eye_int": null,
"l_pupil": null,
"r_eye_exterior": null,
"r_temple": null,
"r_mid_chin": null,
"r_up_lip": null,
"r_ext_nostril": null,
"r_mid_cheek": null,
"r_mid_eyebrow": null,
"r_ext_eyebrow": null,
"r_ext_lips": null,
"r_jaw_angle": null,
"r_mid_ext_face": null,
"r_int_eyebrow": null,
"r_mid_jaw": null,
"r_mid_bot_eyelid": null,
"r_ext_mouth": null,
"r_top_eyelid": null,
"r_eye_int": null,
"r_pupil": null,
"l_shoulder": null,
"l_elbow": null,
"l_hip": null,
"l_knee": null,
"l_ankle": null,
"l_body_wrist": null,
"r_shoulder": null,
"r_elbow": null,
"r_hip": null,
"r_knee": null,
"r_ankle": null,
"r_body_wrist": null,
"m_face_position": null,
"m_body_position": null,
"m_face_scale": null,
"m_body_scale": null,
"l_hand_scale": null,
"r_hand_scale": [
-0.12446833918669088,
0.12446833918669088,
-0.12446833918669088
]
}
],
"framerate": 30,
"mirrorable": true,
"invalid": false
}