{
"label": "c",
"gestures": [
{
"l_hand_position": null,
"l_wrist": null,
"l_thumb_cmc": null,
"l_thumb_mcp": null,
"l_thumb_ip": null,
"l_thumb_tip": null,
"l_index_mcp": null,
"l_index_pip": null,
"l_index_dip": null,
"l_index_tip": null,
"l_middle_mcp": null,
"l_middle_pip": null,
"l_middle_dip": null,
"l_middle_tip": null,
"l_ring_mcp": null,
"l_ring_pip": null,
"l_ring_dip": null,
"l_ring_tip": null,
"l_pinky_mcp": null,
"l_pinky_pip": null,
"l_pinky_dip": null,
"l_pinky_tip": null,
"r_hand_position": [
0.29110395908355713,
-0.040593892335891724,
-0.5244463551789522
],
"r_wrist": [
0.5729895103146038,
0.8098144873874474,
0.12602982617950556
],
"r_thumb_cmc": [
0.2288349347597217,
0.8824376036404179,
-0.015104174029094508
],
"r_thumb_mcp": [
-0.10662024312467504,
0.857916677706868,
-0.11242784044827188
],
"r_thumb_ip": [
-0.37940724758153005,
0.8742061930651305,
-0.19920462796814528
],
"r_thumb_tip": [
-0.5902073178689221,
0.9267006404684378,
-0.2883334693100799
],
"r_index_mcp": [
-0.13753166650985443,
0.15629309400686933,
-0.019582690306927473
],
"r_index_pip": [
-0.36236151670042965,
-0.20090965621441997,
-0.0832584053046359
],
"r_index_dip": [
-0.4742771121636118,
-0.4077779281586699,
-0.14074941387659273
],
"r_index_tip": [
-0.5684654302078412,
-0.5862394141523816,
-0.18581132050102392
],
"r_middle_mcp": [
0.0,
0.0,
0.0
],
"r_middle_pip": [
-0.2549017852342702,
-0.3751317568116126,
-0.04970475996618441
],
"r_middle_dip": [
-0.40333051435542133,
-0.603261945410575,
-0.09873449348721267
],
"r_middle_tip": [
-0.5197751064017437,
-0.8009814230154446,
-0.14013938670604661
],
"r_ring_mcp": [
0.16766290654985486,
-0.06507893689134704,
0.0056133965066795044
],
"r_ring_pip": [
-0.06862725007703209,
-0.41022786979360965,
-0.03730463834230674
],
"r_ring_dip": [
-0.216850101749869,
-0.6034808822492673,
-0.09028777581555857
],
"r_ring_tip": [
-0.34563197670636714,
-0.7549141929967124,
-0.1314642065227184
],
"r_pinky_mcp": [
0.3602658686444546,
-0.09136272688605951,
-0.002392691572120283
],
"r_pinky_pip": [
0.16963594997616216,
-0.3684063244067554,
-0.04902380878289347
],
"r_pinky_dip": [
0.03138248327811339,
-0.5200132482262864,
-0.08059901409401372
],
"r_pinky_tip": [
-0.09768208907009987,
-0.6555998337692314,
-0.10220719664360545
],
"l_hand_velocity": null,
"r_hand_velocity": null,
"m_nose_point": [
0.0,
0.0,
0.0
],
"m_top_nose": [
-0.041932410895746605,
-0.32237773441238743,
0.21616721720171816
],
"m_eyebrows": [
-0.07275615598530642,
-0.5352021909901186,
0.30855929615071503
],
"m_forehead": [
-0.12428564985809426,
-0.8962527355976746,
0.44534569819403
],
"m_top_chin": [
0.08237903996414002,
0.6184853781291374,
0.0612710124148197
],
"m_bot_up_lip": [
0.06543223023514388,
0.41140542563150373,
0.06463003594126998
],
"m_top_low_lip": [
0.06244598670010737,
0.4167867138846449,
0.06881163321667369
],
"m_bot_nose": [
-0.009248324607985869,
0.08388350527554975,
0.06460904482451002
],
"m_chin": [
0.10127471501817636,
0.9931877665988618,
0.057632389993407265
],
"m_nose": [
-0.0335653239524274,
-0.26427232141898627,
0.1614064449969012
],
"l_eye_exterior": [
-0.3335940526743285,
-0.2291713930150549,
0.38115611426827145
],
"l_temple": [
-0.48257437516172147,
-0.4810067418804063,
0.651741701721737
],
"l_mid_chin": [
-0.09101792711599599,
0.7585699155588971,
0.0703381044471768
],
"l_up_lip": [
-0.045751404005874484,
0.3256898268062671,
0.06890360489116629
],
"l_ext_nostril": [
-0.1361865843572499,
0.015963480169306245,
0.11127880323793135
],
"l_mid_cheek": [
-0.3423699520425991,
0.039025349745521125,
0.25225669601056333
],
"l_mid_eyebrow": [
-0.30780461684828847,
-0.5306996937549224,
0.34914924172125195
],
"l_ext_eyebrow": [
-0.36390845040091846,
-0.4890139493332079,
0.3776751476449879
],
"l_ext_lips": [
-0.17100948472462565,
0.44005254482847694,
0.14183475867338172
],
"l_jaw_angle": [
-0.40440156575702396,
0.6181975635056951,
0.4740817029542901
],
"l_mid_ext_face": [
-0.47354624875868767,
0.2420274094253864,
0.6359156230080965
],
"l_int_eyebrow": [
-0.1423178810418035,
-0.5841989606610994,
0.31335764301961005
],
"l_mid_jaw": [
-0.29784098170785234,
0.8264474579811548,
0.28589831867576015
],
"l_mid_bot_eyelid": [
-0.26589311366089086,
-0.2098244228520815,
0.34142225872649473
],
"l_ext_mouth": [
-0.09606914048413834,
0.500412209142271,
0.10480029123992528
],
"l_top_eyelid": [
-0.26473073404565917,
-0.2881518158451039,
0.3542500483404149
],
"l_eye_int": [
-0.1740873663005109,
-0.2603338874643541,
0.3640872502312274
],
"l_pupil": [
-0.2585545080303982,
-0.2549928576709062,
0.3629497402238656
],
"r_eye_exterior": [
0.4113564926970699,
-0.2510286227144816,
0.4149081479486478
],
"r_temple": [
0.44266511868238273,
-0.4435668192105399,
0.6688419829269118
],
"r_mid_chin": [
0.25761544053412794,
0.7764268778683616,
0.07893606587205176
],
"r_up_lip": [
0.18227562561071753,
0.32078763646571856,
0.07418227299601478
],
"r_ext_nostril": [
0.16830972127845603,
0.05026635689710837,
0.1517526790539072
],
"r_mid_cheek": [
0.3832645398834909,
0.09054883821271935,
0.26575652369955677
],
"r_mid_eyebrow": [
0.42627347533678084,
-0.46690360290930094,
0.38328047088998557
],
"r_ext_eyebrow": [
0.3532682062307206,
-0.5130295662860231,
0.35442255083569585
],
"r_ext_lips": [
0.27761877928580186,
0.524471198468789,
0.1273554825223212
],
"r_jaw_angle": [
0.5227879055242667,
0.6256916424142297,
0.4973502307700768
],
"r_mid_ext_face": [
0.5512637594507217,
0.27738634784724137,
0.6626015602380101
],
"r_int_eyebrow": [
0.1209377474531062,
-0.5901447570396631,
0.31612025470344307
],
"r_mid_jaw": [
0.44013395143758044,
0.8198054793990559,
0.30311710585616636
],
"r_mid_bot_eyelid": [
0.25695840467813974,
-0.23874400952487923,
0.35098861960549654
],
"r_ext_mouth": [
0.3023054447076477,
0.459546536217181,
0.1539286098764024
],
"r_top_eyelid": [
0.28499386219469064,
-0.3329310114127507,
0.3621608634729427
],
"r_eye_int": [
0.15019519379592633,
-0.29548019004385134,
0.37201009007633623
],
"r_pupil": [
0.30475031204990316,
-0.2788656794241465,
0.3721659525936293
],
"l_shoulder": [
0.49482189677991706,
-0.02926402288641848,
0.06553554326949845
],
"l_elbow": [
1.1257967030472182,
0.685535011095084,
-1.0999967436112001
],
"l_hip": [
0.3110600623117879,
1.8904888819350882,
0.245878606042387
],
"l_knee": [
0.24756695332439763,
3.5018604629204435,
-0.0899567734590952
],
"l_ankle": [
0.23473203147184823,
4.927923975322356,
1.0082482382680122
],
"l_body_wrist": [
0.8304079707140245,
0.08132623529654484,
-2.3919348174987807
],
"r_shoulder": [
-0.49482189677991706,
0.02926402288641848,
-0.06553554326949845
],
"r_elbow": [
-0.8861270092029749,
0.8262270078555909,
-0.9999351442195726
],
"r_hip": [
-0.3762562331395825,
1.8993783886715008,
0.5092974440566957
],
"r_knee": [
-0.399863436354948,
3.4925166226671265,
0.23522606942134935
],
"r_ankle": [
-0.3605159800929337,
4.871189230476249,
0.7536231571198925
],
"r_body_wrist": [
-0.6481984934544288,
0.19198920521149251,
-2.6816955086990544
],
"m_face_position": [
0.049636244773864746,
-0.11390560865402222,
-0.5321662276983261
],
"m_body_position": [
0.06414823234081268,
0.1956857144832611,
-0.644604966044426
],
"m_face_scale": [
0.13398973515812224,
0.13398973515812224,
0.13398973515812224
],
"m_body_scale": [
0.3893760400921128,
0.3893760400921128,
0.3893760400921128
],
"l_hand_scale": null,
"r_hand_scale": [
0.1939751649658682,
0.1939751649658682,
0.1939751649658682
]
}
],
"framerate": 30,
"mirrorable": true,
"invalid": false
}