{
"label": "c",
"gestures": [
{
"l_hand_position": null,
"l_wrist": null,
"l_thumb_cmc": null,
"l_thumb_mcp": null,
"l_thumb_ip": null,
"l_thumb_tip": null,
"l_index_mcp": null,
"l_index_pip": null,
"l_index_dip": null,
"l_index_tip": null,
"l_middle_mcp": null,
"l_middle_pip": null,
"l_middle_dip": null,
"l_middle_tip": null,
"l_ring_mcp": null,
"l_ring_pip": null,
"l_ring_dip": null,
"l_ring_tip": null,
"l_pinky_mcp": null,
"l_pinky_pip": null,
"l_pinky_dip": null,
"l_pinky_tip": null,
"r_hand_position": [
-0.13935744762420654,
0.029379606246948242,
0.5012230892898515
],
"r_wrist": [
-0.27579323125092065,
0.9611737261307608,
-0.009119308750412908
],
"r_thumb_cmc": [
0.015289083189342604,
0.8428087665129165,
0.0031601630061451978
],
"r_thumb_mcp": [
0.23146053402579314,
0.5748127321505525,
0.009394491952973273
],
"r_thumb_ip": [
0.3461977639085968,
0.368810745913751,
0.03744656701094217
],
"r_thumb_tip": [
0.44998692053123557,
0.22344779763931966,
0.0661790132564275
],
"r_index_mcp": [
0.13384069556826952,
0.08324090968412655,
-0.0637578724502574
],
"r_index_pip": [
0.28348599147553827,
-0.2049180669885148,
0.020377911538179173
],
"r_index_dip": [
0.40966192473335256,
-0.30579588494960125,
0.10119078683248367
],
"r_index_tip": [
0.5274238181683658,
-0.34337064119519967,
0.15283664061816252
],
"r_middle_mcp": [
-0.0,
0.0,
-0.0
],
"r_middle_pip": [
0.09633148999471795,
-0.40672569903698924,
0.06686769806069268
],
"r_middle_dip": [
0.23056460077259677,
-0.6158152330300317,
0.14021865009974963
],
"r_middle_tip": [
0.35736004343267086,
-0.7402475184113996,
0.19434964513191508
],
"r_ring_mcp": [
-0.1388274351685257,
0.012927925761648007,
0.08240348509288281
],
"r_ring_pip": [
-0.05473414454212204,
-0.37435366630089967,
0.1819295843122335
],
"r_ring_dip": [
0.11484522183743003,
-0.4205151161733005,
0.26048846780614204
],
"r_ring_tip": [
0.2512497264025695,
-0.3961044903143867,
0.30504998131784666
],
"r_pinky_mcp": [
-0.27323386636740976,
0.09472805389475143,
0.16646812507597447
],
"r_pinky_pip": [
-0.16309540498861208,
-0.15187224111151826,
0.2622568360631485
],
"r_pinky_dip": [
-0.004529440335603867,
-0.1301987446704797,
0.30874531712736275
],
"r_pinky_tip": [
0.12126252152798338,
-0.043818068898142666,
0.3351804310513101
],
"l_hand_velocity": null,
"r_hand_velocity": null,
"m_nose_point": null,
"m_top_nose": null,
"m_eyebrows": null,
"m_forehead": null,
"m_top_chin": null,
"m_bot_up_lip": null,
"m_top_low_lip": null,
"m_bot_nose": null,
"m_chin": null,
"m_nose": null,
"l_eye_exterior": null,
"l_temple": null,
"l_mid_chin": null,
"l_up_lip": null,
"l_ext_nostril": null,
"l_mid_cheek": null,
"l_mid_eyebrow": null,
"l_ext_eyebrow": null,
"l_ext_lips": null,
"l_jaw_angle": null,
"l_mid_ext_face": null,
"l_int_eyebrow": null,
"l_mid_jaw": null,
"l_mid_bot_eyelid": null,
"l_ext_mouth": null,
"l_top_eyelid": null,
"l_eye_int": null,
"l_pupil": null,
"r_eye_exterior": null,
"r_temple": null,
"r_mid_chin": null,
"r_up_lip": null,
"r_ext_nostril": null,
"r_mid_cheek": null,
"r_mid_eyebrow": null,
"r_ext_eyebrow": null,
"r_ext_lips": null,
"r_jaw_angle": null,
"r_mid_ext_face": null,
"r_int_eyebrow": null,
"r_mid_jaw": null,
"r_mid_bot_eyelid": null,
"r_ext_mouth": null,
"r_top_eyelid": null,
"r_eye_int": null,
"r_pupil": null,
"l_shoulder": null,
"l_elbow": null,
"l_hip": null,
"l_knee": null,
"l_ankle": null,
"l_body_wrist": null,
"r_shoulder": null,
"r_elbow": null,
"r_hip": null,
"r_knee": null,
"r_ankle": null,
"r_body_wrist": null,
"m_face_position": null,
"m_body_position": null,
"m_face_scale": null,
"m_body_scale": null,
"l_hand_scale": null,
"r_hand_scale": [
-0.13412044193971934,
0.13412044193971934,
-0.13412044193971934
]
}
],
"framerate": 30,
"mirrorable": true,
"invalid": false
}