{
"label": "c",
"gestures": [
{
"l_hand_position": null,
"l_wrist": null,
"l_thumb_cmc": null,
"l_thumb_mcp": null,
"l_thumb_ip": null,
"l_thumb_tip": null,
"l_index_mcp": null,
"l_index_pip": null,
"l_index_dip": null,
"l_index_tip": null,
"l_middle_mcp": null,
"l_middle_pip": null,
"l_middle_dip": null,
"l_middle_tip": null,
"l_ring_mcp": null,
"l_ring_pip": null,
"l_ring_dip": null,
"l_ring_tip": null,
"l_pinky_mcp": null,
"l_pinky_pip": null,
"l_pinky_dip": null,
"l_pinky_tip": null,
"r_hand_position": [
-0.23416638374328613,
0.08717471361160278,
-0.5333960615098476
],
"r_wrist": [
-0.1868286379324281,
0.9720969934771991,
0.14185378148256755
],
"r_thumb_cmc": [
0.10111224895066327,
0.790138947281162,
0.057325738738945635
],
"r_thumb_mcp": [
0.3520814000790692,
0.49659503171951425,
0.014420841265977128
],
"r_thumb_ip": [
0.5292816442579462,
0.2879996236167873,
-0.03231294121132263
],
"r_thumb_tip": [
0.6259545860664041,
0.06034110732280916,
-0.07981746134843629
],
"r_index_mcp": [
0.1446097117716417,
-0.018275478973457663,
0.02865275025815855
],
"r_index_pip": [
0.15452356098744352,
-0.4354664217666997,
-0.07603452771119908
],
"r_index_dip": [
0.27176663860493344,
-0.5303840973048385,
-0.1483016287892078
],
"r_index_tip": [
0.37660132805357754,
-0.5216097913578533,
-0.1903186790748614
],
"r_middle_mcp": [
0.0,
0.0,
0.0
],
"r_middle_pip": [
-0.05326763489724382,
-0.4486172473129738,
-0.10195734902427138
],
"r_middle_dip": [
0.09008138909233328,
-0.4954142208317646,
-0.16621655409510191
],
"r_middle_tip": [
0.20840236172581675,
-0.38220372379319323,
-0.2072808413933362
],
"r_ring_mcp": [
-0.14852367959307508,
0.10826648438506054,
-0.04260397456535463
],
"r_ring_pip": [
-0.2270327928572129,
-0.2833470160515697,
-0.1542065693424729
],
"r_ring_dip": [
-0.07379086993077076,
-0.320484834984292,
-0.21285124206950004
],
"r_ring_tip": [
0.06379872616800569,
-0.20563983642528502,
-0.24337225402236418
],
"r_pinky_mcp": [
-0.30939264334260924,
0.2747767696190628,
-0.09445439588050145
],
"r_pinky_pip": [
-0.3496080645805383,
-0.0014398095022796111,
-0.20110212310127604
],
"r_pinky_dip": [
-0.21005597800226117,
-0.03214747514875298,
-0.25567737820303654
],
"r_pinky_tip": [
-0.07051901866466649,
0.06605654595723191,
-0.28439492558524815
],
"l_hand_velocity": null,
"r_hand_velocity": null,
"m_nose_point": [
0.0,
0.0,
0.0
],
"m_top_nose": [
0.01755474274994776,
-0.30923081771723926,
0.2458516862631522
],
"m_eyebrows": [
0.028105084821261877,
-0.5622262709452173,
0.3472554402989068
],
"m_forehead": [
0.041644515515234876,
-0.8365552273625272,
0.5128458002141927
],
"m_top_chin": [
-0.0030049520446787654,
0.6185736125310894,
0.04818991216022142
],
"m_bot_up_lip": [
-0.0036002969416603823,
0.4088570738576305,
0.07367855297278053
],
"m_top_low_lip": [
-0.004745729325743352,
0.41260550716668243,
0.06522374270566138
],
"m_bot_nose": [
-0.016751307081764102,
0.08767760007514772,
0.0753962349776691
],
"m_chin": [
-0.009665023151233697,
0.9991149446544587,
0.040937937119549475
],
"m_nose": [
0.013600318240255208,
-0.25625118731194174,
0.18187442506501938
],
"l_eye_exterior": [
-0.3459539398364223,
-0.2504531065636733,
0.4710160996593672
],
"l_temple": [
-0.5183615762040521,
-0.43018124562224475,
0.8176452992972666
],
"l_mid_chin": [
-0.20857483885926303,
0.7697870172232972,
0.08121913148354588
],
"l_up_lip": [
-0.1337048524946121,
0.3201922090473628,
0.08894107498190808
],
"l_ext_nostril": [
-0.15689484263150652,
0.038553481077536436,
0.13922355913504686
],
"l_mid_cheek": [
-0.3992074475571808,
0.07810075888749515,
0.3437650646243493
],
"l_mid_eyebrow": [
-0.3194267989349032,
-0.5604421025392159,
0.42463661511751644
],
"l_ext_eyebrow": [
-0.3899268791043114,
-0.5156913890211166,
0.46604183791014986
],
"l_ext_lips": [
-0.27402405211466296,
0.46577363235127506,
0.19339131319251024
],
"l_jaw_angle": [
-0.495590567036977,
0.6026560682478411,
0.6466168183421929
],
"l_mid_ext_face": [
-0.5475411745815434,
0.25909913813574725,
0.8417389212752496
],
"l_int_eyebrow": [
-0.10732444824677696,
-0.6159514821854494,
0.36031792583717803
],
"l_mid_jaw": [
-0.4070645071693833,
0.7965012531904038,
0.3894771846248552
],
"l_mid_bot_eyelid": [
-0.25662141158761176,
-0.22698643968390259,
0.4162802659615189
],
"l_ext_mouth": [
-0.19788475870280314,
0.49467842027083353,
0.13954912379523257
],
"l_top_eyelid": [
-0.2589626660492526,
-0.3123183528706686,
0.4252756281661061
],
"l_eye_int": [
-0.14477168892404427,
-0.29138633422981064,
0.43130126445432343
],
"l_pupil": [
-0.2595246511028689,
-0.26758700205885816,
0.4393737633346931
],
"r_eye_exterior": [
0.4451012606031837,
-0.2192754168685302,
0.4503048566951867
],
"r_temple": [
0.6032455810043743,
-0.3670690876873628,
0.7515420698119732
],
"r_mid_chin": [
0.19972701522767142,
0.7980190094207182,
0.05741858914345039
],
"r_up_lip": [
0.13086133409754744,
0.33854128932639455,
0.07080106235760347
],
"r_ext_nostril": [
0.1822268613123215,
0.07332027000467882,
0.1617476136050063
],
"r_mid_cheek": [
0.4329204853480904,
0.12343072059493833,
0.28921365596528936
],
"r_mid_eyebrow": [
0.4594021355541113,
-0.47245353273535484,
0.41436860696531364
],
"r_ext_eyebrow": [
0.3876227170559229,
-0.5272861508039458,
0.38187913766014553
],
"r_ext_lips": [
0.23811742965826813,
0.5540734051694675,
0.12291240369293012
],
"r_jaw_angle": [
0.5471049304759965,
0.661140772665275,
0.58261062243726
],
"r_mid_ext_face": [
0.6134588253577657,
0.32650958358116455,
0.7701039065745658
],
"r_int_eyebrow": [
0.1704489703194097,
-0.6094479457285319,
0.3441094379374814
],
"r_mid_jaw": [
0.4331719672442292,
0.85014901360548,
0.33982635044298987
],
"r_mid_bot_eyelid": [
0.30207734752874227,
-0.19847940374293094,
0.37807013757253605
],
"r_ext_mouth": [
0.2774071601460216,
0.49516318778491186,
0.153261812801579
],
"r_top_eyelid": [
0.31546420942858283,
-0.2844848125086883,
0.3871847233082415
],
"r_eye_int": [
0.1940922344119606,
-0.2707571203210381,
0.40543712127898845
],
"r_pupil": [
0.31755958084891545,
-0.2387881258098442,
0.40170431810633844
],
"l_shoulder": [
0.49426496433615774,
-0.010916508142987462,
-0.0747193072755683
],
"l_elbow": [
0.7147168331297411,
1.0806357461638587,
-0.9225128516065276
],
"l_hip": [
0.3492326462030029,
2.0362369621496867,
-0.28561717340755755
],
"l_knee": [
0.36667191653244285,
3.5455120911669242,
-1.3389438679937684
],
"l_ankle": [
0.3569621232641058,
5.21680092610149,
-0.061544178340888836
],
"l_body_wrist": [
-0.12712078117586056,
1.0184827488285018,
-2.571121191930351
],
"r_shoulder": [
-0.49426496433615774,
0.010916508142987462,
0.0747193072755683
],
"r_elbow": [
-0.9340608480527658,
1.1421468134996153,
-1.9310652082319424
],
"r_hip": [
-0.4098790775190675,
2.0360683953223533,
0.16051598448282367
],
"r_knee": [
-0.485234125566996,
3.5440878734829235,
0.10331665878224369
],
"r_ankle": [
-0.30229551414421013,
5.208261812248287,
0.9473772911250462
],
"r_body_wrist": [
-0.2698282531475479,
0.29973684601243,
-4.011455756700596
],
"m_face_position": [
-0.06337586045265198,
-0.1277601718902588,
-0.5353957898914814
],
"m_body_position": [
-0.08652306348085403,
0.18813005089759827,
-0.476530994172208
],
"m_face_scale": [
0.12775036305677256,
0.12775036305677256,
0.12775036305677256
],
"m_body_scale": [
0.3465245968256407,
0.3465245968256407,
0.3465245968256407
],
"l_hand_scale": null,
"r_hand_scale": [
0.23542809955133784,
0.23542809955133784,
0.23542809955133784
]
}
],
"framerate": 30,
"mirrorable": true,
"invalid": false
}