{
"label": "c",
"gestures": [
{
"l_hand_position": [
0.09162020683288574,
0.04916083812713623,
-0.5149921383708715
],
"l_wrist": [
0.19046257411990483,
0.9737754143441064,
0.12444054917342488
],
"l_thumb_cmc": [
-0.11024358959133096,
0.8084528254213433,
0.05281890252858182
],
"l_thumb_mcp": [
-0.3314783288486353,
0.4419836386778788,
-0.007447647639728674
],
"l_thumb_ip": [
-0.4787229262906341,
0.17407809563417762,
-0.07705595445100417
],
"l_thumb_tip": [
-0.637465898116991,
-0.01115551592524012,
-0.14797077524531366
],
"l_index_mcp": [
-0.14605819832949543,
-0.00758345521119747,
0.04916183839605836
],
"l_index_pip": [
-0.21218584861189715,
-0.4170744521404464,
-0.09455107418263671
],
"l_index_dip": [
-0.3233917177169141,
-0.5774372199194038,
-0.21483374065738936
],
"l_index_tip": [
-0.4528368652546037,
-0.6598358046523702,
-0.2911772928681682
],
"l_middle_mcp": [
0.0,
0.0,
0.0
],
"l_middle_pip": [
-0.06373258852108865,
-0.43861887622411094,
-0.14936595685384554
],
"l_middle_dip": [
-0.21593948083314946,
-0.5779030225734579,
-0.25786093119778114
],
"l_middle_tip": [
-0.3761558040177361,
-0.6320657536995705,
-0.3181143165041716
],
"l_ring_mcp": [
0.15277634409625238,
0.09198748982011576,
-0.06624093148414945
],
"l_ring_pip": [
0.11082046255429132,
-0.30989704624375247,
-0.20442677429729417
],
"l_ring_dip": [
-0.044969869612590946,
-0.40823632297207274,
-0.2811860980485943
],
"l_ring_tip": [
-0.20126781040725822,
-0.43371248756744046,
-0.3158019699645523
],
"l_pinky_mcp": [
0.3096917269644827,
0.2511109207446857,
-0.13910460020550963
],
"l_pinky_pip": [
0.2627280339893444,
-0.04044591903513859,
-0.25603696006430443
],
"l_pinky_dip": [
0.12752306223657384,
-0.12515422197357715,
-0.30912343473947373
],
"l_pinky_tip": [
-0.008628851927093886,
-0.14115675712533746,
-0.3346154002613034
],
"r_hand_position": null,
"r_wrist": null,
"r_thumb_cmc": null,
"r_thumb_mcp": null,
"r_thumb_ip": null,
"r_thumb_tip": null,
"r_index_mcp": null,
"r_index_pip": null,
"r_index_dip": null,
"r_index_tip": null,
"r_middle_mcp": null,
"r_middle_pip": null,
"r_middle_dip": null,
"r_middle_tip": null,
"r_ring_mcp": null,
"r_ring_pip": null,
"r_ring_dip": null,
"r_ring_tip": null,
"r_pinky_mcp": null,
"r_pinky_pip": null,
"r_pinky_dip": null,
"r_pinky_tip": null,
"l_hand_velocity": null,
"r_hand_velocity": null,
"m_nose_point": null,
"m_top_nose": null,
"m_eyebrows": null,
"m_forehead": null,
"m_top_chin": null,
"m_bot_up_lip": null,
"m_top_low_lip": null,
"m_bot_nose": null,
"m_chin": null,
"m_nose": null,
"l_eye_exterior": null,
"l_temple": null,
"l_mid_chin": null,
"l_up_lip": null,
"l_ext_nostril": null,
"l_mid_cheek": null,
"l_mid_eyebrow": null,
"l_ext_eyebrow": null,
"l_ext_lips": null,
"l_jaw_angle": null,
"l_mid_ext_face": null,
"l_int_eyebrow": null,
"l_mid_jaw": null,
"l_mid_bot_eyelid": null,
"l_ext_mouth": null,
"l_top_eyelid": null,
"l_eye_int": null,
"l_pupil": null,
"r_eye_exterior": null,
"r_temple": null,
"r_mid_chin": null,
"r_up_lip": null,
"r_ext_nostril": null,
"r_mid_cheek": null,
"r_mid_eyebrow": null,
"r_ext_eyebrow": null,
"r_ext_lips": null,
"r_jaw_angle": null,
"r_mid_ext_face": null,
"r_int_eyebrow": null,
"r_mid_jaw": null,
"r_mid_bot_eyelid": null,
"r_ext_mouth": null,
"r_top_eyelid": null,
"r_eye_int": null,
"r_pupil": null,
"l_shoulder": null,
"l_elbow": null,
"l_hip": null,
"l_knee": null,
"l_ankle": null,
"l_body_wrist": null,
"r_shoulder": null,
"r_elbow": null,
"r_hip": null,
"r_knee": null,
"r_ankle": null,
"r_body_wrist": null,
"m_face_position": null,
"m_body_position": null,
"m_face_scale": null,
"m_body_scale": null,
"l_hand_scale": [
0.12047542573577379,
0.12047542573577379,
0.12047542573577379
],
"r_hand_scale": null
}
],
"framerate": 30,
"mirrorable": true,
"invalid": false
}