{
"label": "c",
"gestures": [
{
"l_hand_position": [
0.20375555753707886,
0.049961864948272705,
-0.5044757244177163
],
"l_wrist": [
0.2943663999360243,
0.9554483230918374,
0.021608435614373846
],
"l_thumb_cmc": [
-0.09134872877382913,
0.7527394365270618,
0.22092156841153704
],
"l_thumb_mcp": [
-0.31804784756534354,
0.464909025199234,
0.25603065412340165
],
"l_thumb_ip": [
-0.5144547081292872,
0.32178981039875226,
0.20615354215230405
],
"l_thumb_tip": [
-0.7165140822650076,
0.17031211597846307,
0.1237980388759348
],
"l_index_mcp": [
-0.1137158993701423,
-0.032060647184834264,
0.22492742264833238
],
"l_index_pip": [
-0.20483670885118824,
-0.45334010665229374,
0.17945331500114697
],
"l_index_dip": [
-0.2558270317430742,
-0.7223857379345804,
0.11421837804536289
],
"l_index_tip": [
-0.30971239009632223,
-0.9318910511883212,
0.03975313577654491
],
"l_middle_mcp": [
0.0,
0.0,
0.0
],
"l_middle_pip": [
-0.191751781674978,
-0.39061309128961325,
-0.16060453607432854
],
"l_middle_dip": [
-0.4191855948534564,
-0.4255999977278134,
-0.30867676876984856
],
"l_middle_tip": [
-0.5957283681653143,
-0.3902907811786067,
-0.4008436472272416
],
"l_ring_mcp": [
0.0864821338745155,
0.07883906759038857,
-0.22390408354937283
],
"l_ring_pip": [
-0.11057021024209562,
-0.2486926111028794,
-0.3904344695261551
],
"l_ring_dip": [
-0.3481651374469394,
-0.31023830235334404,
-0.517449222214266
],
"l_ring_tip": [
-0.5381983155657291,
-0.3086453134073828,
-0.5914697176729966
],
"l_pinky_mcp": [
0.13118769737865912,
0.1998472332220534,
-0.43066564205289404
],
"l_pinky_pip": [
-0.06481656332341117,
-0.04822047037542366,
-0.5807424026257336
],
"l_pinky_dip": [
-0.25405662834761694,
-0.15903385208519832,
-0.6806903363835282
],
"l_pinky_tip": [
-0.41411813168853334,
-0.23090382685572536,
-0.7533087468872697
],
"r_hand_position": null,
"r_wrist": null,
"r_thumb_cmc": null,
"r_thumb_mcp": null,
"r_thumb_ip": null,
"r_thumb_tip": null,
"r_index_mcp": null,
"r_index_pip": null,
"r_index_dip": null,
"r_index_tip": null,
"r_middle_mcp": null,
"r_middle_pip": null,
"r_middle_dip": null,
"r_middle_tip": null,
"r_ring_mcp": null,
"r_ring_pip": null,
"r_ring_dip": null,
"r_ring_tip": null,
"r_pinky_mcp": null,
"r_pinky_pip": null,
"r_pinky_dip": null,
"r_pinky_tip": null,
"l_hand_velocity": null,
"r_hand_velocity": null,
"m_nose_point": null,
"m_top_nose": null,
"m_eyebrows": null,
"m_forehead": null,
"m_top_chin": null,
"m_bot_up_lip": null,
"m_top_low_lip": null,
"m_bot_nose": null,
"m_chin": null,
"m_nose": null,
"l_eye_exterior": null,
"l_temple": null,
"l_mid_chin": null,
"l_up_lip": null,
"l_ext_nostril": null,
"l_mid_cheek": null,
"l_mid_eyebrow": null,
"l_ext_eyebrow": null,
"l_ext_lips": null,
"l_jaw_angle": null,
"l_mid_ext_face": null,
"l_int_eyebrow": null,
"l_mid_jaw": null,
"l_mid_bot_eyelid": null,
"l_ext_mouth": null,
"l_top_eyelid": null,
"l_eye_int": null,
"l_pupil": null,
"r_eye_exterior": null,
"r_temple": null,
"r_mid_chin": null,
"r_up_lip": null,
"r_ext_nostril": null,
"r_mid_cheek": null,
"r_mid_eyebrow": null,
"r_ext_eyebrow": null,
"r_ext_lips": null,
"r_jaw_angle": null,
"r_mid_ext_face": null,
"r_int_eyebrow": null,
"r_mid_jaw": null,
"r_mid_bot_eyelid": null,
"r_ext_mouth": null,
"r_top_eyelid": null,
"r_eye_int": null,
"r_pupil": null,
"l_shoulder": null,
"l_elbow": null,
"l_hip": null,
"l_knee": null,
"l_ankle": null,
"l_body_wrist": null,
"r_shoulder": null,
"r_elbow": null,
"r_hip": null,
"r_knee": null,
"r_ankle": null,
"r_body_wrist": null,
"m_face_position": null,
"m_body_position": null,
"m_face_scale": null,
"m_body_scale": null,
"l_hand_scale": [
0.2071210299297346,
0.2071210299297346,
0.2071210299297346
],
"r_hand_scale": null
}
],
"framerate": 30,
"mirrorable": true,
"invalid": false
}