{
"label": "c",
"gestures": [
{
"l_hand_position": null,
"l_wrist": null,
"l_thumb_cmc": null,
"l_thumb_mcp": null,
"l_thumb_ip": null,
"l_thumb_tip": null,
"l_index_mcp": null,
"l_index_pip": null,
"l_index_dip": null,
"l_index_tip": null,
"l_middle_mcp": null,
"l_middle_pip": null,
"l_middle_dip": null,
"l_middle_tip": null,
"l_ring_mcp": null,
"l_ring_pip": null,
"l_ring_dip": null,
"l_ring_tip": null,
"l_pinky_mcp": null,
"l_pinky_pip": null,
"l_pinky_dip": null,
"l_pinky_tip": null,
"r_hand_position": [
0.10417729616165161,
0.14096200466156006,
-0.5289140082895756
],
"r_wrist": [
-0.316030367119863,
0.9424830732973529,
0.10885983467772346
],
"r_thumb_cmc": [
-0.022928938071432023,
0.8131862848130413,
0.01057936480077737
],
"r_thumb_mcp": [
0.2150299859247268,
0.5306272573637401,
-0.07430665232701196
],
"r_thumb_ip": [
0.40641429408650137,
0.32874273516138486,
-0.16969562540618524
],
"r_thumb_tip": [
0.622555742657471,
0.1301483937220446,
-0.27023477653135947
],
"r_index_mcp": [
0.09354126180060507,
-0.0048360855015505445,
0.05950972380645717
],
"r_index_pip": [
0.2542303062854925,
-0.4319815253806019,
-0.036630834372885
],
"r_index_dip": [
0.38894034197661137,
-0.6647029088632723,
-0.1252137957832438
],
"r_index_tip": [
0.5010059812145974,
-0.8725220761037583,
-0.20607936522903103
],
"r_middle_mcp": [
0.0,
0.0,
0.0
],
"r_middle_pip": [
0.19099025841277345,
-0.34339775051332966,
-0.17167344771555793
],
"r_middle_dip": [
0.37486832277950993,
-0.25542412443166895,
-0.3084390048764092
],
"r_middle_tip": [
0.49740275979107196,
-0.12256024323088727,
-0.38808058814462404
],
"r_ring_mcp": [
-0.12904927318069642,
0.04213280448374201,
-0.07855240653637838
],
"r_ring_pip": [
-0.0018726339153839402,
-0.42063778457094664,
-0.21499785437664304
],
"r_ring_dip": [
0.11769565868712537,
-0.6630856443182547,
-0.3134419892964219
],
"r_ring_tip": [
0.213180465405782,
-0.8253015193795679,
-0.37556182284851825
],
"r_pinky_mcp": [
-0.2930659735470972,
0.136786875342033,
-0.1683067739524344
],
"r_pinky_pip": [
-0.19886160411078693,
-0.22350788997783708,
-0.2733029957579389
],
"r_pinky_dip": [
-0.0914264982273782,
-0.45252529558065996,
-0.34090625821331183
],
"r_pinky_tip": [
-0.0036525898431041814,
-0.6482205887811932,
-0.395235811256362
],
"l_hand_velocity": null,
"r_hand_velocity": null,
"m_nose_point": [
0.0,
0.0,
0.0
],
"m_top_nose": [
0.0117899362385403,
-0.41476063527254803,
0.22799290199285271
],
"m_eyebrows": [
0.03172293360568813,
-0.7310571607526931,
0.30939470097973143
],
"m_forehead": [
0.05777634819569072,
-1.0603815863802393,
0.4434242277958269
],
"m_top_chin": [
-0.059933242216997966,
0.618330873902355,
0.11375420029568609
],
"m_bot_up_lip": [
-0.04495665501263892,
0.3973217838325026,
0.12657120956083806
],
"m_top_low_lip": [
-0.046342315736835206,
0.427227677909733,
0.11591224650397053
],
"m_bot_nose": [
-0.03535744642711265,
0.0717637354371355,
0.08977369207392374
],
"m_chin": [
-0.09004777702308685,
0.9842624215076194,
0.15204895087161177
],
"m_nose": [
0.010604674717530335,
-0.33668736128660703,
0.1660453929471832
],
"l_eye_exterior": [
-0.4302967786935961,
-0.45659114946838225,
0.4047412105412982
],
"l_temple": [
-0.6270430340668509,
-0.7403811457572199,
0.711270179363408
],
"l_mid_chin": [
-0.290243327772397,
0.7380685302771597,
0.13853420428335292
],
"l_up_lip": [
-0.1765714342923053,
0.29225447691865963,
0.10791421182793945
],
"l_ext_nostril": [
-0.200435422522821,
-0.015543083653193082,
0.12651132294830578
],
"l_mid_cheek": [
-0.4834537517500387,
-0.07152277925235195,
0.2955567426464712
],
"l_mid_eyebrow": [
-0.35371196762049895,
-0.7563464991599842,
0.3397124654718675
],
"l_ext_eyebrow": [
-0.44143216428796295,
-0.7290234558519593,
0.3723858347262578
],
"l_ext_lips": [
-0.3581901524120477,
0.40418393836585215,
0.20715311314194182
],
"l_jaw_angle": [
-0.6830108011420106,
0.3938785611595741,
0.6623083868666335
],
"l_mid_ext_face": [
-0.730179221386353,
-0.010459580489249335,
0.8168994824193034
],
"l_int_eyebrow": [
-0.10936894955020374,
-0.7721136221821074,
0.30236550543892493
],
"l_mid_jaw": [
-0.5597115043833036,
0.6718101339890301,
0.4313065960258317
],
"l_mid_bot_eyelid": [
-0.3217548011799177,
-0.41125364921678753,
0.36267848322656615
],
"l_ext_mouth": [
-0.2533852730261868,
0.4694659307440848,
0.1642428574194972
],
"l_top_eyelid": [
-0.3265390068326092,
-0.5619247877907888,
0.3664327218300621
],
"l_eye_int": [
-0.195491591530795,
-0.46323924121651006,
0.39239647594052757
],
"l_pupil": [
-0.3304211991887077,
-0.4858999666988898,
0.385356389850047
],
"r_eye_exterior": [
0.4355388227856018,
-0.36321509736726815,
0.5259781807192437
],
"r_temple": [
0.5741352587208641,
-0.5610275459037956,
0.848109869036972
],
"r_mid_chin": [
0.13589386616155594,
0.7865532089242486,
0.17885008058924967
],
"r_up_lip": [
0.10288568831551922,
0.32950704048586105,
0.13767441525068888
],
"r_ext_nostril": [
0.17832818055400348,
0.03712612121281005,
0.20909525984341146
],
"r_mid_cheek": [
0.4144157924878443,
0.05479139772658548,
0.38740036277001877
],
"r_mid_eyebrow": [
0.45729037785698906,
-0.6010883009026597,
0.4613243335706954
],
"r_ext_eyebrow": [
0.38724781999180874,
-0.6509222040551838,
0.41041966239484223
],
"r_ext_lips": [
0.1962912364032495,
0.5410323033295975,
0.232933811852013
],
"r_jaw_angle": [
0.45894649075258503,
0.5488279190864469,
0.7915647614002518
],
"r_mid_ext_face": [
0.5338819122799767,
0.16695205565710766,
0.9602941671332381
],
"r_int_eyebrow": [
0.17030440466538782,
-0.7373150813249203,
0.3273450039829718
],
"r_mid_jaw": [
0.3484744780558385,
0.7842345207410615,
0.5305202644450335
],
"r_mid_bot_eyelid": [
0.291772347666838,
-0.3211204205854156,
0.4288070551526479
],
"r_ext_mouth": [
0.2439055665629069,
0.47861814500302347,
0.2689809438485331
],
"r_top_eyelid": [
0.31655418159852744,
-0.4734066813089066,
0.43409216392731875
],
"r_eye_int": [
0.17493050315452643,
-0.4058292071487216,
0.43642329572985955
],
"r_pupil": [
0.29031099503581054,
-0.392338480270152,
0.4510168959829993
],
"l_shoulder": [
0.459395457743034,
-0.01655724061507793,
-0.19667656491886037
],
"l_elbow": [
0.5782197660507793,
0.8770938742756553,
-1.4977540597635255
],
"l_hip": [
0.32741948394067705,
1.826703257025086,
0.03432955533137032
],
"l_knee": [
0.28494293539780025,
3.3146938215158452,
0.02079475538177611
],
"l_ankle": [
0.29588244235799627,
4.600141309365125,
1.4885660958414924
],
"l_body_wrist": [
0.3666631009003354,
0.43566872273828217,
-3.1673267443734416
],
"r_shoulder": [
-0.459395457743034,
0.01655724061507793,
0.19667656491886037
],
"r_elbow": [
-0.7514419493055676,
0.9374352568800087,
-1.8977334462304132
],
"r_hip": [
-0.3781227146513158,
1.8183542735952234,
0.41329387095711845
],
"r_knee": [
-0.40279383882053366,
3.3252398753054395,
0.9262022604401978
],
"r_ankle": [
-0.29555521756954045,
4.5889319562038535,
2.1031286321903586
],
"r_body_wrist": [
0.01150487827503194,
0.30044400378500924,
-3.6780649393079448
],
"m_face_position": [
-0.023124903440475464,
-0.1200522780418396,
-0.5414500907063484
],
"m_body_position": [
-0.05657970905303955,
0.19173169136047363,
-0.5897872466593981
],
"m_face_scale": [
0.13741245198778834,
0.13741245198778834,
0.13741245198778834
],
"m_body_scale": [
0.4108438022843949,
0.4108438022843949,
0.4108438022843949
],
"l_hand_scale": null,
"r_hand_scale": [
0.2656155891252532,
0.2656155891252532,
0.2656155891252532
]
}
],
"framerate": 30,
"mirrorable": true,
"invalid": false
}